[   16.288528] omarchy-m2 kernel: Booting Linux on physical CPU 0x0000000000 [0x611f0340]
[   16.288541] omarchy-m2 kernel: Linux version 7.1.12-2.5-1-ARCH (linux-aurora@archlinux) (gcc (GCC) 16.1.1 20260430, GNU ld (GNU Binutils) 2.46.0) #1 SMP PREEMPT_DYNAMIC Sun, 20 Sep 2026 02:52:44 +0000
[   16.288547] omarchy-m2 kernel: random: crng init done
[   16.288551] omarchy-m2 kernel: Machine model: Apple MacBook Pro (16-inch, M2 Pro, 2023)
[   16.288555] omarchy-m2 kernel: efi: EFI v2.11 by Das U-Boot
[   16.288558] omarchy-m2 kernel: efi: RTPROP=0x107d4312040 SMBIOS 3.0=0x107d53c2000 INITRD=0x107d42f8040 MEMRESERVE=0x107d42f7040 
[   16.288562] omarchy-m2 kernel: OF: reserved mem: 0x000001000196c000..0x0000010001c7ffff (3152 KiB) nomap non-reusable asc-firmware@1000196c000
[   16.288566] omarchy-m2 kernel: OF: reserved mem: 0x00000100009fc000..0x000001000132ffff (9424 KiB) nomap non-reusable asc-firmware@100009fc000
[   16.288569] omarchy-m2 kernel: OF: reserved mem: 0x00000107d9478000..0x00000107d947bfff (16 KiB) nomap non-reusable sio-firmware-data@107d9478000
[   16.288573] omarchy-m2 kernel: OF: reserved mem: 0x00000107d947c000..0x00000107d947ffff (16 KiB) nomap non-reusable sio-firmware-data@107d947c000
[   16.288576] omarchy-m2 kernel: OF: reserved mem: 0x00000107d9480000..0x00000107d949ffff (128 KiB) nomap non-reusable sio-firmware-data@107d9480000
[   16.288579] omarchy-m2 kernel: OF: reserved mem: 0x00000107d94a0000..0x00000107d94a3fff (16 KiB) nomap non-reusable sio-firmware-data@107d94a0000
[   16.288583] omarchy-m2 kernel: OF: reserved mem: 0x0000010001d48000..0x0000010001e3ffff (992 KiB) nomap non-reusable asc-firmware@10001d48000
[   16.288586] omarchy-m2 kernel: OF: reserved mem: 0x00000100013e4000..0x00000100013fffff (112 KiB) nomap non-reusable asc-firmware@100013e4000
[   16.288591] omarchy-m2 kernel: OF: reserved mem: 0x00000107ddc80000..0x00000107e4f43fff (117520 KiB) nomap non-reusable framebuffer@107ddc80000
[   16.288595] omarchy-m2 kernel: OF: reserved mem: 0x00000107db37c000..0x00000107dc37bfff (16384 KiB) nomap non-reusable asc-firmware@107db37c000
[   16.288598] omarchy-m2 kernel: OF: reserved mem: 0x00000107dc37c000..0x00000107dc67bfff (3072 KiB) nomap non-reusable asc-firmware@107dc37c000
[   16.288601] omarchy-m2 kernel: OF: reserved mem: 0x00000107dc67c000..0x00000107dd67bfff (16384 KiB) nomap non-reusable asc-firmware@107dc67c000
[   16.288605] omarchy-m2 kernel: OF: reserved mem: 0x00000107dd67c000..0x00000107dd97bfff (3072 KiB) nomap non-reusable asc-firmware@107dd67c000
[   16.288608] omarchy-m2 kernel: OF: reserved mem: 0x00000107ddc7c000..0x00000107ddc7ffff (16 KiB) nomap non-reusable region157@107ddc7c000
[   16.288611] omarchy-m2 kernel: OF: reserved mem: 0x00000107e4f44000..0x00000107e5003fff (768 KiB) nomap non-reusable region95@107e4f44000
[   16.288615] omarchy-m2 kernel: OF: reserved mem: 0x00000107e5004000..0x00000107e5363fff (3456 KiB) nomap non-reusable region94@107e5004000
[   16.288618] omarchy-m2 kernel: OF: reserved mem: 0x00000107e5364000..0x00000107e6363fff (16384 KiB) nomap non-reusable region57@107e5364000
[   16.288622] omarchy-m2 kernel: OF: reserved mem: 0x00000107dd97c000..0x00000107ddc7bfff (3072 KiB) nomap non-reusable dcp_data@107dd97c000
[   16.288625] omarchy-m2 kernel: OF: reserved mem: 0x0000010000230000..0x0000010000833fff (6160 KiB) nomap non-reusable asc-firmware@10000230000
[   16.288629] omarchy-m2 kernel: OF: reserved mem: 0x00000107d94c8000..0x00000107d94cbfff (16 KiB) map non-reusable flash@107d94c8000
[   16.288632] omarchy-m2 kernel: OF: reserved mem: 0x00000100039b4000..0x0000010003a2bfff (480 KiB) map non-reusable flash@100039b4000
[   16.288635] omarchy-m2 kernel: OF: reserved mem: 0x00000107d94a4000..0x00000107d94bbfff (96 KiB) map non-reusable globals
[   16.288639] omarchy-m2 kernel: OF: reserved mem: 0x00000107d94c0000..0x00000107d94c7fff (32 KiB) map non-reusable hw-cal-a
[   16.288642] omarchy-m2 kernel: OF: reserved mem: 0x00000107d94bc000..0x00000107d94bffff (16 KiB) map non-reusable hw-cal-b
[   16.288645] omarchy-m2 kernel: OF: reserved mem: 0x00000107fff70000..0x00000107fff73fff (16 KiB) map non-reusable uat-handoff
[   16.288649] omarchy-m2 kernel: OF: reserved mem: 0x00000107fff78000..0x00000107fffb7fff (256 KiB) map non-reusable uat-pagetables
[   16.288652] omarchy-m2 kernel: OF: reserved mem: 0x00000107fffb8000..0x00000107fffbbfff (16 KiB) map non-reusable uat-ttbs
[   16.288656] omarchy-m2 kernel: OF: reserved mem: 0x00000107d94cc000..0x00000107d9783fff (2784 KiB) nomap non-reusable isp-heap
[   16.288659] omarchy-m2 kernel: cma: Reserved 64 MiB at 0x0000010008000000
[   16.288662] omarchy-m2 kernel: Zone ranges:
[   16.288665] omarchy-m2 kernel:   DMA      [mem 0x0000010000230000-0x00000107fffbbfff]
[   16.288669] omarchy-m2 kernel:   DMA32    empty
[   16.288672] omarchy-m2 kernel:   Normal   empty
[   16.288675] omarchy-m2 kernel: Movable zone start for each node
[   16.288679] omarchy-m2 kernel: Early memory node ranges
[   16.288682] omarchy-m2 kernel:   node   0: [mem 0x0000010000230000-0x0000010000833fff]
[   16.288686] omarchy-m2 kernel:   node   0: [mem 0x00000100009fc000-0x000001000132ffff]
[   16.288689] omarchy-m2 kernel:   node   0: [mem 0x00000100013e4000-0x00000100013fffff]
[   16.288692] omarchy-m2 kernel:   node   0: [mem 0x000001000196c000-0x0000010001c7ffff]
[   16.288702] omarchy-m2 kernel:   node   0: [mem 0x0000010001d48000-0x0000010001e3ffff]
[   16.288705] omarchy-m2 kernel:   node   0: [mem 0x0000010001e40000-0x0000010003a83fff]
[   16.288708] omarchy-m2 kernel:   node   0: [mem 0x0000010003a84000-0x0000010003b93fff]
[   16.288712] omarchy-m2 kernel:   node   0: [mem 0x0000010003b94000-0x0000010006913fff]
[   16.288715] omarchy-m2 kernel:   node   0: [mem 0x0000010006914000-0x0000010006923fff]
[   16.288718] omarchy-m2 kernel:   node   0: [mem 0x0000010006924000-0x0000010006927fff]
[   16.288721] omarchy-m2 kernel:   node   0: [mem 0x0000010006928000-0x0000010006937fff]
[   16.288724] omarchy-m2 kernel:   node   0: [mem 0x0000010006938000-0x000001000693bfff]
[   16.288727] omarchy-m2 kernel:   node   0: [mem 0x000001000693c000-0x000001000694bfff]
[   16.288730] omarchy-m2 kernel:   node   0: [mem 0x000001000694c000-0x000001000694ffff]
[   16.288733] omarchy-m2 kernel:   node   0: [mem 0x0000010006950000-0x000001000695ffff]
[   16.288737] omarchy-m2 kernel:   node   0: [mem 0x0000010006960000-0x0000010006963fff]
[   16.288741] omarchy-m2 kernel:   node   0: [mem 0x0000010006964000-0x0000010006973fff]
[   16.288744] omarchy-m2 kernel:   node   0: [mem 0x0000010006974000-0x0000010006977fff]
[   16.288747] omarchy-m2 kernel:   node   0: [mem 0x0000010006978000-0x0000010006987fff]
[   16.288750] omarchy-m2 kernel:   node   0: [mem 0x0000010006988000-0x000001000698bfff]
[   16.288753] omarchy-m2 kernel:   node   0: [mem 0x000001000698c000-0x000001000699bfff]
[   16.288757] omarchy-m2 kernel:   node   0: [mem 0x000001000699c000-0x000001000699ffff]
[   16.288760] omarchy-m2 kernel:   node   0: [mem 0x00000100069a0000-0x00000100069affff]
[   16.288763] omarchy-m2 kernel:   node   0: [mem 0x00000100069b0000-0x00000100069b3fff]
[   16.288766] omarchy-m2 kernel:   node   0: [mem 0x00000100069b4000-0x00000100069c3fff]
[   16.288769] omarchy-m2 kernel:   node   0: [mem 0x00000100069c4000-0x00000100069c7fff]
[   16.288772] omarchy-m2 kernel:   node   0: [mem 0x00000100069c8000-0x00000100069d7fff]
[   16.288775] omarchy-m2 kernel:   node   0: [mem 0x00000100069d8000-0x00000100069dbfff]
[   16.288779] omarchy-m2 kernel:   node   0: [mem 0x00000100069dc000-0x00000100069ebfff]
[   16.288782] omarchy-m2 kernel:   node   0: [mem 0x00000100069ec000-0x00000100069effff]
[   16.288785] omarchy-m2 kernel:   node   0: [mem 0x00000100069f0000-0x0000010006a23fff]
[   16.288788] omarchy-m2 kernel:   node   0: [mem 0x0000010006a24000-0x000001073b3fffff]
[   16.288791] omarchy-m2 kernel:   node   0: [mem 0x000001073b400000-0x000001073b403fff]
[   16.288795] omarchy-m2 kernel:   node   0: [mem 0x000001073b404000-0x00000107d430ffff]
[   16.288798] omarchy-m2 kernel:   node   0: [mem 0x00000107d4310000-0x00000107d4337fff]
[   16.288801] omarchy-m2 kernel:   node   0: [mem 0x00000107d4338000-0x00000107d53bffff]
[   16.288804] omarchy-m2 kernel:   node   0: [mem 0x00000107d53c0000-0x00000107d53c3fff]
[   16.288808] omarchy-m2 kernel:   node   0: [mem 0x00000107d53c4000-0x00000107d938ffff]
[   16.288811] omarchy-m2 kernel:   node   0: [mem 0x00000107d9390000-0x00000107d939ffff]
[   16.288814] omarchy-m2 kernel:   node   0: [mem 0x00000107d93a0000-0x00000107d9473fff]
[   16.288818] omarchy-m2 kernel:   node   0: [mem 0x00000107d9478000-0x00000107d94a3fff]
[   16.288821] omarchy-m2 kernel:   node   0: [mem 0x00000107d94a4000-0x00000107d94cbfff]
[   16.288824] omarchy-m2 kernel:   node   0: [mem 0x00000107d94cc000-0x00000107d9783fff]
[   16.288827] omarchy-m2 kernel:   node   0: [mem 0x00000107db37c000-0x00000107e6363fff]
[   16.288830] omarchy-m2 kernel:   node   0: [mem 0x00000107fff70000-0x00000107fff73fff]
[   16.288833] omarchy-m2 kernel:   node   0: [mem 0x00000107fff78000-0x00000107fffbbfff]
[   16.288837] omarchy-m2 kernel: Initmem setup node 0 [mem 0x0000010000230000-0x00000107fffbbfff]
[   16.288840] omarchy-m2 kernel: On node 0, zone DMA: 140 pages in unavailable ranges
[   16.288843] omarchy-m2 kernel: On node 0, zone DMA: 114 pages in unavailable ranges
[   16.288846] omarchy-m2 kernel: On node 0, zone DMA: 45 pages in unavailable ranges
[   16.288850] omarchy-m2 kernel: On node 0, zone DMA: 347 pages in unavailable ranges
[   16.288853] omarchy-m2 kernel: On node 0, zone DMA: 50 pages in unavailable ranges
[   16.288856] omarchy-m2 kernel: On node 0, zone DMA: 1 pages in unavailable ranges
[   16.288859] omarchy-m2 kernel: On node 0, zone DMA: 1790 pages in unavailable ranges
[   16.288863] omarchy-m2 kernel: On node 0, zone DMA: 9987 pages in unavailable ranges
[   16.288866] omarchy-m2 kernel: On node 0, zone DMA: 1 pages in unavailable ranges
[   16.288869] omarchy-m2 kernel: On node 0, zone DMA: 17 pages in unavailable ranges
[   16.288872] omarchy-m2 kernel: percpu: Embedded 9 pages/cpu s103320 r8192 d35944 u147456
[   16.288875] omarchy-m2 kernel: pcpu-alloc: s103320 r8192 d35944 u147456 alloc=9*16384
[   16.288879] omarchy-m2 kernel: pcpu-alloc: [0] 00 [0] 01 [0] 02 [0] 03 [0] 04 [0] 05 [0] 06 [0] 07 
[   16.288882] omarchy-m2 kernel: pcpu-alloc: [0] 08 [0] 09 [0] 10 [0] 11 
[   16.288885] omarchy-m2 kernel: Detected PIPT I-cache on CPU0
[   16.288889] omarchy-m2 kernel: CPU features: detected: Address authentication (IMP DEF algorithm)
[   16.288892] omarchy-m2 kernel: CPU features: detected: Virtualization Host Extensions
[   16.288902] omarchy-m2 kernel: CPU features: detected: Spectre-v4
[   16.288905] omarchy-m2 kernel: CPU features: detected: Spectre-BHB
[   16.288908] omarchy-m2 kernel: CPU features: detected: Apple IMPDEF PMUv3 Traps
[   16.288911] omarchy-m2 kernel: alternatives: applying boot alternatives
[   16.288915] omarchy-m2 kernel: Kernel command line: BOOT_IMAGE=/vmlinuz-linux-aurora root=UUID=725346d2-f127-47bc-b464-9dd46155e8d6 rw rootflags=subvol=@ cryptdevice=UUID=de26457c-f363-450f-916a-888a0b9b1fd6:root:allow-discards loglevel=3 quiet splash
[   16.288918] omarchy-m2 kernel: Unknown kernel command line parameters "splash cryptdevice=UUID=de26457c-f363-450f-916a-888a0b9b1fd6:root:allow-discards", will be passed to user space.
[   16.288922] omarchy-m2 kernel: printk: log buffer data + meta data: 262144 + 1114112 = 1376256 bytes
[   16.288925] omarchy-m2 kernel: Dentry cache hash table entries: 4194304 (order: 11, 33554432 bytes, linear)
[   16.288928] omarchy-m2 kernel: Inode-cache hash table entries: 2097152 (order: 10, 16777216 bytes, linear)
[   16.288931] omarchy-m2 kernel: software IO TLB: SWIOTLB bounce buffer size adjusted to 31MB
[   16.288935] omarchy-m2 kernel: software IO TLB: area num 16.
[   16.288938] omarchy-m2 kernel: software IO TLB: SWIOTLB bounce buffer size roundup to 32MB
[   16.288941] omarchy-m2 kernel: software IO TLB: mapped [mem 0x00000107d228c000-0x00000107d428c000] (32MB)
[   16.288946] omarchy-m2 kernel: Built 1 zonelists, mobility grouping on.  Total pages: 2068276
[   16.288949] omarchy-m2 kernel: mem auto-init: stack:off, heap alloc:on, heap free:off
[   16.288952] omarchy-m2 kernel: SLUB: HWalign=64, Order=0-3, MinObjects=0, CPUs=12, Nodes=1
[   16.288955] omarchy-m2 kernel: Dynamic Preempt: full
[   16.288959] omarchy-m2 kernel: rcu: Preemptible hierarchical RCU implementation.
[   16.288962] omarchy-m2 kernel: rcu:         RCU restricting CPUs from NR_CPUS=64 to nr_cpu_ids=12.
[   16.288966] omarchy-m2 kernel:         Trampoline variant of Tasks RCU enabled.
[   16.288969] omarchy-m2 kernel:         Tracing variant of Tasks RCU enabled.
[   16.288973] omarchy-m2 kernel: rcu: RCU calculated value of scheduler-enlistment delay is 100 jiffies.
[   16.288976] omarchy-m2 kernel: rcu: Adjusting geometry for rcu_fanout_leaf=16, nr_cpu_ids=12
[   16.288980] omarchy-m2 kernel: RCU Tasks: Setting shift to 4 and lim to 1 rcu_task_cb_adjust=1 rcu_task_cpu_ids=12.
[   16.288983] omarchy-m2 kernel: NR_IRQS: 64, nr_irqs: 64, preallocated irqs: 0
[   16.288986] omarchy-m2 kernel: Root IRQ handler: aic_handle_irq
[   16.288989] omarchy-m2 kernel: Root FIQ handler: aic_handle_fiq
[   16.288992] omarchy-m2 kernel: irq_apple_aic: Using Fast IPIs
[   16.288995] omarchy-m2 kernel: irq_apple_aic: Initialized with 1961/4096 IRQs * 1/8 die(s), 7 FIQs, 32 vIPIs
[   16.288999] omarchy-m2 kernel: rcu: srcu_init: Setting srcu_struct sizes based on contention.
[   16.289005] omarchy-m2 kernel: clocksource: jiffies: mask: 0xffffffff max_cycles: 0xffffffff, max_idle_ns: 1911260446275000 ns
[   16.289008] omarchy-m2 kernel: arch_timer: cp15 timer running at 24.00MHz (phys).
[   16.289012] omarchy-m2 kernel: clocksource: arch_sys_counter: mask: 0xffffffffffffff max_cycles: 0x588fe9dc0, max_idle_ns: 440795202592 ns
[   16.289015] omarchy-m2 kernel: sched_clock: 56 bits at 24MHz, resolution 41ns, wraps every 4398046511097ns
[   16.289018] omarchy-m2 kernel: Console: colour dummy device 80x25
[   16.289022] omarchy-m2 kernel: printk: legacy console [tty0] enabled
[   16.289026] omarchy-m2 kernel: Calibrating delay loop (skipped), value calculated using timer frequency.. 48.00 BogoMIPS (lpj=24000)
[   16.289031] omarchy-m2 kernel: pid_max: default: 32768 minimum: 301
[   16.289034] omarchy-m2 kernel: landlock: Up and running.
[   16.289038] omarchy-m2 kernel: Yama: becoming mindful.
[   16.289041] omarchy-m2 kernel: AppArmor: AppArmor initialized
[   16.289045] omarchy-m2 kernel: Mount-cache hash table entries: 65536 (order: 5, 524288 bytes, linear)
[   16.289048] omarchy-m2 kernel: Mountpoint-cache hash table entries: 65536 (order: 5, 524288 bytes, linear)
[   16.289052] omarchy-m2 kernel: VFS: Finished mounting rootfs on nullfs
[   16.289055] omarchy-m2 kernel: rcu: Hierarchical SRCU implementation.
[   16.289059] omarchy-m2 kernel: rcu:         Max phase no-delay instances is 400.
[   16.289063] omarchy-m2 kernel: Timer migration: 2 hierarchy levels; 8 children per group; 2 crossnode level
[   16.289066] omarchy-m2 kernel: Remapping and enabling EFI services.
[   16.289070] omarchy-m2 kernel: smp: Bringing up secondary CPUs ...
[   16.289074] omarchy-m2 kernel: Detected PIPT I-cache on CPU1
[   16.289077] omarchy-m2 kernel: CPU1: Booted secondary processor 0x0000000001 [0x611f0340]
[   16.289081] omarchy-m2 kernel: Detected PIPT I-cache on CPU2
[   16.289084] omarchy-m2 kernel: CPU2: Booted secondary processor 0x0000000002 [0x611f0340]
[   16.289088] omarchy-m2 kernel: Detected PIPT I-cache on CPU3
[   16.289091] omarchy-m2 kernel: CPU3: Booted secondary processor 0x0000000003 [0x611f0340]
[   16.289095] omarchy-m2 kernel: Detected PIPT I-cache on CPU4
[   16.289098] omarchy-m2 kernel: CPU4: Booted secondary processor 0x0000010100 [0x611f0350]
[   16.289102] omarchy-m2 kernel: Detected PIPT I-cache on CPU5
[   16.289105] omarchy-m2 kernel: CPU5: Booted secondary processor 0x0000010101 [0x611f0350]
[   16.289109] omarchy-m2 kernel: Detected PIPT I-cache on CPU6
[   16.289117] omarchy-m2 kernel: CPU6: Booted secondary processor 0x0000010102 [0x611f0350]
[   16.289121] omarchy-m2 kernel: Detected PIPT I-cache on CPU7
[   16.289125] omarchy-m2 kernel: CPU7: Booted secondary processor 0x0000010103 [0x611f0350]
[   16.289128] omarchy-m2 kernel: Detected PIPT I-cache on CPU8
[   16.289132] omarchy-m2 kernel: CPU8: Booted secondary processor 0x0000010200 [0x611f0350]
[   16.289135] omarchy-m2 kernel: Detected PIPT I-cache on CPU9
[   16.289138] omarchy-m2 kernel: CPU9: Booted secondary processor 0x0000010201 [0x611f0350]
[   16.289142] omarchy-m2 kernel: Detected PIPT I-cache on CPU10
[   16.289146] omarchy-m2 kernel: CPU10: Booted secondary processor 0x0000010202 [0x611f0350]
[   16.289149] omarchy-m2 kernel: Detected PIPT I-cache on CPU11
[   16.289153] omarchy-m2 kernel: CPU11: Booted secondary processor 0x0000010203 [0x611f0350]
[   16.289156] omarchy-m2 kernel: smp: Brought up 1 node, 12 CPUs
[   16.289160] omarchy-m2 kernel: SMP: Total of 12 processors activated.
[   16.289163] omarchy-m2 kernel: CPU: All CPU(s) started at EL2
[   16.289168] omarchy-m2 kernel: CPU features: detected: Branch Target Identification
[   16.289172] omarchy-m2 kernel: CPU features: detected: ARMv8.4 Translation Table Level
[   16.289175] omarchy-m2 kernel: CPU features: detected: Data cache clean to the PoU not required for I/D coherence
[   16.289179] omarchy-m2 kernel: CPU features: detected: Common not Private translations
[   16.289182] omarchy-m2 kernel: CPU features: detected: CRC32 instructions
[   16.289186] omarchy-m2 kernel: CPU features: detected: Data independent timing control (DIT)
[   16.289189] omarchy-m2 kernel: CPU features: detected: E0PD
[   16.289193] omarchy-m2 kernel: CPU features: detected: Enhanced Counter Virtualization
[   16.289196] omarchy-m2 kernel: CPU features: detected: Enhanced Virtualization Traps
[   16.289200] omarchy-m2 kernel: CPU features: detected: Fine Grained Traps
[   16.289204] omarchy-m2 kernel: CPU features: detected: Generic authentication (IMP DEF algorithm)
[   16.289207] omarchy-m2 kernel: CPU features: detected: RCpc load-acquire (LDAPR)
[   16.289211] omarchy-m2 kernel: CPU features: detected: LSE atomic instructions
[   16.289214] omarchy-m2 kernel: CPU features: detected: Privileged Access Never
[   16.289218] omarchy-m2 kernel: CPU features: detected: RAS Extension Support
[   16.289222] omarchy-m2 kernel: CPU features: detected: Speculation barrier (SB)
[   16.289225] omarchy-m2 kernel: CPU features: detected: Stage-2 Force Write-Back
[   16.289229] omarchy-m2 kernel: CPU features: detected: TLB range maintenance instructions
[   16.289232] omarchy-m2 kernel: CPU features: detected: XNX
[   16.289236] omarchy-m2 kernel: CPU features: detected: Speculative Store Bypassing Safe (SSBS)
[   16.289239] omarchy-m2 kernel: alternatives: applying system-wide alternatives
[   16.289243] omarchy-m2 kernel: CPU features: detected: ACTLR virtualization (architectural?)
[   16.289246] omarchy-m2 kernel: CPU features: detected: ICV_DIR_EL1 trapping
[   16.289250] omarchy-m2 kernel: CPU features: detected: TSO memory model (Apple)
[   16.289254] omarchy-m2 kernel: Memory: 32517184K/33092416K available (16192K kernel code, 2850K rwdata, 11904K rodata, 2048K init, 664K bss, 496560K reserved, 65536K cma-reserved)
[   16.289257] omarchy-m2 kernel: devtmpfs: initialized
[   16.289261] omarchy-m2 kernel: posixtimers hash table entries: 8192 (order: 3, 131072 bytes, linear)
[   16.289264] omarchy-m2 kernel: futex hash table entries: 4096 (262144 bytes on 1 NUMA nodes, total 256 KiB, linear).
[   16.289268] omarchy-m2 kernel: 6060 pages in range for non-PLT usage
[   16.289272] omarchy-m2 kernel: 128940 pages in range for PLT usage
[   16.289275] omarchy-m2 kernel: DMI: SMBIOS 3.7.0 present.
[   16.289279] omarchy-m2 kernel: DMI: Apple Inc. Mac14,10/J416s, BIOS 2026.07 07/01/2026
[   16.289282] omarchy-m2 kernel: DMI: Memory slots populated: 1/1
[   16.289286] omarchy-m2 kernel: NET: Registered PF_NETLINK/PF_ROUTE protocol family
[   16.289289] omarchy-m2 kernel: DMA: preallocated 4096 KiB GFP_KERNEL|GFP_DMA pool for atomic allocations
[   16.289293] omarchy-m2 kernel: audit: initializing netlink subsys (disabled)
[   16.289297] omarchy-m2 kernel: audit: type=2000 audit(0.011:1): state=initialized audit_enabled=0 res=1
[   16.289301] omarchy-m2 kernel: thermal_sys: Registered thermal governor 'fair_share'
[   16.289305] omarchy-m2 kernel: thermal_sys: Registered thermal governor 'bang_bang'
[   16.289308] omarchy-m2 kernel: thermal_sys: Registered thermal governor 'step_wise'
[   16.289312] omarchy-m2 kernel: thermal_sys: Registered thermal governor 'user_space'
[   16.289315] omarchy-m2 kernel: thermal_sys: Registered thermal governor 'power_allocator'
[   16.289319] omarchy-m2 kernel: cpuidle: using governor ladder
[   16.289322] omarchy-m2 kernel: cpuidle: using governor menu
[   16.289326] omarchy-m2 kernel: hw-breakpoint: found 6 breakpoint and 4 watchpoint registers.
[   16.289329] omarchy-m2 kernel: ASID allocator initialised with 256 entries
[   16.289337] omarchy-m2 kernel: /soc/i2c@39b040000/usb-pd@38/connector: Fixed dependency cycle(s) with /soc/dcp@289c00000/typec-routes/route@0
[   16.289341] omarchy-m2 kernel: /soc/i2c@39b040000/usb-pd@38/connector: Fixed dependency cycle(s) with /soc/dcp@315c00000/typec-routes/route@0
[   16.289344] omarchy-m2 kernel: /soc/i2c@39b040000/usb-pd@38/connector: Fixed dependency cycle(s) with /soc/cio@701ac0000
[   16.289349] omarchy-m2 kernel: /soc/i2c@39b040000/usb-pd@38/connector: Fixed dependency cycle(s) with /soc/phy@703000000
[   16.289352] omarchy-m2 kernel: /soc/i2c@39b040000/usb-pd@38/connector: Fixed dependency cycle(s) with /soc/usb@702280000
[   16.289356] omarchy-m2 kernel: /soc/i2c@39b040000/usb-pd@3f/connector: Fixed dependency cycle(s) with /soc/dcp@289c00000/typec-routes/route@1
[   16.289360] omarchy-m2 kernel: /soc/i2c@39b040000/usb-pd@3f/connector: Fixed dependency cycle(s) with /soc/dcp@315c00000/typec-routes/route@1
[   16.289363] omarchy-m2 kernel: /soc/i2c@39b040000/usb-pd@3f/connector: Fixed dependency cycle(s) with /soc/cio@b01ac0000
[   16.289367] omarchy-m2 kernel: /soc/i2c@39b040000/usb-pd@3f/connector: Fixed dependency cycle(s) with /soc/phy@b03000000
[   16.289370] omarchy-m2 kernel: /soc/i2c@39b040000/usb-pd@3f/connector: Fixed dependency cycle(s) with /soc/usb@b02280000
[   16.289374] omarchy-m2 kernel: /soc/i2c@39b040000/usb-pd@3b/connector: Fixed dependency cycle(s) with /soc/dcp@289c00000/typec-routes/route@2
[   16.289378] omarchy-m2 kernel: /soc/i2c@39b040000/usb-pd@3b/connector: Fixed dependency cycle(s) with /soc/dcp@315c00000/typec-routes/route@2
[   16.289381] omarchy-m2 kernel: /soc/i2c@39b040000/usb-pd@3b/connector: Fixed dependency cycle(s) with /soc/cio@f01ac0000
[   16.289385] omarchy-m2 kernel: /soc/i2c@39b040000/usb-pd@3b/connector: Fixed dependency cycle(s) with /soc/phy@f03000000
[   16.289388] omarchy-m2 kernel: /soc/i2c@39b040000/usb-pd@3b/connector: Fixed dependency cycle(s) with /soc/usb@f02280000
[   16.289392] omarchy-m2 kernel: /soc/pcie@580000000: Fixed dependency cycle(s) with /soc/pcie@580000000
[   16.289396] omarchy-m2 kernel: /soc/pcie@580000000/pci@0,0: Fixed dependency cycle(s) with /soc/pcie@580000000/pci@0,0
[   16.289399] omarchy-m2 kernel: /soc/pcie@580000000/pci@1,0: Fixed dependency cycle(s) with /soc/pcie@580000000/pci@1,0
[   16.289403] omarchy-m2 kernel: /soc/dcp@289c00000: Fixed dependency cycle(s) with /soc/audio-controller@39b504000
[   16.289407] omarchy-m2 kernel: /soc/dcp@289c00000: Fixed dependency cycle(s) with /soc/phy@1303000000
[   16.289410] omarchy-m2 kernel: /soc/dcp@289c00000/typec-routes/route@0: Fixed dependency cycle(s) with /soc/i2c@39b040000/usb-pd@38/connector
[   16.289414] omarchy-m2 kernel: /soc/dcp@289c00000/typec-routes/route@1: Fixed dependency cycle(s) with /soc/i2c@39b040000/usb-pd@3f/connector
[   16.289418] omarchy-m2 kernel: /soc/dcp@289c00000/typec-routes/route@2: Fixed dependency cycle(s) with /soc/i2c@39b040000/usb-pd@3b/connector
[   16.289422] omarchy-m2 kernel: /soc/dcp@315c00000: Fixed dependency cycle(s) with /soc/audio-controller@39b508000
[   16.289426] omarchy-m2 kernel: /soc/dcp@315c00000/typec-routes/route@0: Fixed dependency cycle(s) with /soc/i2c@39b040000/usb-pd@38/connector
[   16.289432] omarchy-m2 kernel: /soc/dcp@315c00000/typec-routes/route@1: Fixed dependency cycle(s) with /soc/i2c@39b040000/usb-pd@3f/connector
[   16.289435] omarchy-m2 kernel: /soc/dcp@315c00000/typec-routes/route@2: Fixed dependency cycle(s) with /soc/i2c@39b040000/usb-pd@3b/connector
[   16.289439] omarchy-m2 kernel: /soc/audio-controller@39b504000: Fixed dependency cycle(s) with /soc/dcp@289c00000
[   16.289443] omarchy-m2 kernel: /soc/audio-controller@39b508000: Fixed dependency cycle(s) with /soc/dcp@315c00000
[   16.289446] omarchy-m2 kernel: /soc/cio@701ac0000: Fixed dependency cycle(s) with /soc/i2c@39b040000/usb-pd@38/connector
[   16.289450] omarchy-m2 kernel: /soc/usb4-pcie-tunnel-0/pcie@730000000: Fixed dependency cycle(s) with /soc/usb4-pcie-tunnel-0/pcie@730000000
[   16.289454] omarchy-m2 kernel: /soc/usb4-pcie-tunnel-0/pcie@730000000/pci@0,0: Fixed dependency cycle(s) with /soc/usb4-pcie-tunnel-0/pcie@730000000/pci@0,0
[   16.289458] omarchy-m2 kernel: /soc/usb@702280000: Fixed dependency cycle(s) with /soc/i2c@39b040000/usb-pd@38/connector
[   16.289461] omarchy-m2 kernel: /soc/usb@702280000: Fixed dependency cycle(s) with /soc/phy@703000000
[   16.289465] omarchy-m2 kernel: /soc/phy@703000000: Fixed dependency cycle(s) with /soc/usb@702280000
[   16.289469] omarchy-m2 kernel: /soc/phy@703000000: Fixed dependency cycle(s) with /soc/i2c@39b040000/usb-pd@38/connector
[   16.289472] omarchy-m2 kernel: /soc/cio@b01ac0000: Fixed dependency cycle(s) with /soc/i2c@39b040000/usb-pd@3f/connector
[   16.289476] omarchy-m2 kernel: /soc/usb4-pcie-tunnel-1/pcie@b30000000: Fixed dependency cycle(s) with /soc/usb4-pcie-tunnel-1/pcie@b30000000
[   16.289480] omarchy-m2 kernel: /soc/usb4-pcie-tunnel-1/pcie@b30000000/pci@0,0: Fixed dependency cycle(s) with /soc/usb4-pcie-tunnel-1/pcie@b30000000/pci@0,0
[   16.289483] omarchy-m2 kernel: /soc/usb@b02280000: Fixed dependency cycle(s) with /soc/i2c@39b040000/usb-pd@3f/connector
[   16.289487] omarchy-m2 kernel: /soc/usb@b02280000: Fixed dependency cycle(s) with /soc/phy@b03000000
[   16.289490] omarchy-m2 kernel: /soc/phy@b03000000: Fixed dependency cycle(s) with /soc/usb@b02280000
[   16.289494] omarchy-m2 kernel: /soc/phy@b03000000: Fixed dependency cycle(s) with /soc/i2c@39b040000/usb-pd@3f/connector
[   16.289497] omarchy-m2 kernel: /soc/cio@f01ac0000: Fixed dependency cycle(s) with /soc/i2c@39b040000/usb-pd@3b/connector
[   16.289501] omarchy-m2 kernel: /soc/usb4-pcie-tunnel-2/pcie@f30000000: Fixed dependency cycle(s) with /soc/usb4-pcie-tunnel-2/pcie@f30000000
[   16.289504] omarchy-m2 kernel: /soc/usb4-pcie-tunnel-2/pcie@f30000000/pci@0,0: Fixed dependency cycle(s) with /soc/usb4-pcie-tunnel-2/pcie@f30000000/pci@0,0
[   16.289508] omarchy-m2 kernel: /soc/usb@f02280000: Fixed dependency cycle(s) with /soc/i2c@39b040000/usb-pd@3b/connector
[   16.289512] omarchy-m2 kernel: /soc/usb@f02280000: Fixed dependency cycle(s) with /soc/phy@f03000000
[   16.289515] omarchy-m2 kernel: /soc/phy@f03000000: Fixed dependency cycle(s) with /soc/usb@f02280000
[   16.289519] omarchy-m2 kernel: /soc/phy@f03000000: Fixed dependency cycle(s) with /soc/i2c@39b040000/usb-pd@3b/connector
[   16.289522] omarchy-m2 kernel: /soc/usb4-pcie-tunnel-3/pcie@1330000000: Fixed dependency cycle(s) with /soc/usb4-pcie-tunnel-3/pcie@1330000000
[   16.289526] omarchy-m2 kernel: /soc/usb4-pcie-tunnel-3/pcie@1330000000/pci@0,0: Fixed dependency cycle(s) with /soc/usb4-pcie-tunnel-3/pcie@1330000000/pci@0,0
[   16.289529] omarchy-m2 kernel: /soc/phy@1303000000: Fixed dependency cycle(s) with /soc/dcp@289c00000
[   16.289533] omarchy-m2 kernel: /soc/i2c@39b040000/usb-pd@38/connector: Fixed dependency cycle(s) with /soc/dcp@289c00000/typec-routes/route@0
[   16.289537] omarchy-m2 kernel: /soc/i2c@39b040000/usb-pd@38/connector: Fixed dependency cycle(s) with /soc/dcp@315c00000/typec-routes/route@0
[   16.289540] omarchy-m2 kernel: /soc/i2c@39b040000/usb-pd@38/connector: Fixed dependency cycle(s) with /soc/cio@701ac0000
[   16.289544] omarchy-m2 kernel: /soc/i2c@39b040000/usb-pd@38/connector: Fixed dependency cycle(s) with /soc/phy@703000000
[   16.289548] omarchy-m2 kernel: /soc/i2c@39b040000/usb-pd@38/connector: Fixed dependency cycle(s) with /soc/usb@702280000
[   16.289552] omarchy-m2 kernel: /soc/i2c@39b040000/usb-pd@3f/connector: Fixed dependency cycle(s) with /soc/dcp@289c00000/typec-routes/route@1
[   16.289555] omarchy-m2 kernel: /soc/i2c@39b040000/usb-pd@3f/connector: Fixed dependency cycle(s) with /soc/dcp@315c00000/typec-routes/route@1
[   16.289564] omarchy-m2 kernel: /soc/i2c@39b040000/usb-pd@3f/connector: Fixed dependency cycle(s) with /soc/cio@b01ac0000
[   16.289568] omarchy-m2 kernel: /soc/i2c@39b040000/usb-pd@3f/connector: Fixed dependency cycle(s) with /soc/phy@b03000000
[   16.289572] omarchy-m2 kernel: /soc/i2c@39b040000/usb-pd@3f/connector: Fixed dependency cycle(s) with /soc/usb@b02280000
[   16.289575] omarchy-m2 kernel: /soc/i2c@39b040000/usb-pd@3b/connector: Fixed dependency cycle(s) with /soc/dcp@289c00000/typec-routes/route@2
[   16.289579] omarchy-m2 kernel: /soc/i2c@39b040000/usb-pd@3b/connector: Fixed dependency cycle(s) with /soc/dcp@315c00000/typec-routes/route@2
[   16.289583] omarchy-m2 kernel: /soc/i2c@39b040000/usb-pd@3b/connector: Fixed dependency cycle(s) with /soc/cio@f01ac0000
[   16.289587] omarchy-m2 kernel: /soc/i2c@39b040000/usb-pd@3b/connector: Fixed dependency cycle(s) with /soc/phy@f03000000
[   16.289591] omarchy-m2 kernel: /soc/i2c@39b040000/usb-pd@3b/connector: Fixed dependency cycle(s) with /soc/usb@f02280000
[   16.289595] omarchy-m2 kernel: /soc/pcie@580000000: Fixed dependency cycle(s) with /soc/pcie@580000000
[   16.289599] omarchy-m2 kernel: /soc/pcie@580000000/pci@0,0: Fixed dependency cycle(s) with /soc/pcie@580000000/pci@0,0
[   16.289603] omarchy-m2 kernel: /soc/pcie@580000000/pci@1,0: Fixed dependency cycle(s) with /soc/pcie@580000000/pci@1,0
[   16.289606] omarchy-m2 kernel: /soc/dcp@289c00000: Fixed dependency cycle(s) with /soc/audio-controller@39b504000
[   16.289610] omarchy-m2 kernel: /soc/dcp@289c00000: Fixed dependency cycle(s) with /soc/phy@f03000000
[   16.289614] omarchy-m2 kernel: /soc/dcp@289c00000: Fixed dependency cycle(s) with /soc/phy@b03000000
[   16.289618] omarchy-m2 kernel: /soc/dcp@289c00000: Fixed dependency cycle(s) with /soc/phy@703000000
[   16.289622] omarchy-m2 kernel: /soc/dcp@289c00000: Fixed dependency cycle(s) with /soc/phy@1303000000
[   16.289625] omarchy-m2 kernel: /soc/dcp@289c00000/typec-routes/route@0: Fixed dependency cycle(s) with /soc/i2c@39b040000/usb-pd@38/connector
[   16.289629] omarchy-m2 kernel: /soc/dcp@289c00000/typec-routes/route@1: Fixed dependency cycle(s) with /soc/i2c@39b040000/usb-pd@3f/connector
[   16.289633] omarchy-m2 kernel: /soc/dcp@289c00000/typec-routes/route@2: Fixed dependency cycle(s) with /soc/i2c@39b040000/usb-pd@3b/connector
[   16.289637] omarchy-m2 kernel: /soc/dcp@315c00000: Fixed dependency cycle(s) with /soc/audio-controller@39b508000
[   16.289641] omarchy-m2 kernel: /soc/dcp@315c00000: Fixed dependency cycle(s) with /soc/phy@f03000000
[   16.289644] omarchy-m2 kernel: /soc/dcp@315c00000: Fixed dependency cycle(s) with /soc/phy@b03000000
[   16.289648] omarchy-m2 kernel: /soc/dcp@315c00000: Fixed dependency cycle(s) with /soc/phy@703000000
[   16.289652] omarchy-m2 kernel: /soc/dcp@315c00000/typec-routes/route@0: Fixed dependency cycle(s) with /soc/i2c@39b040000/usb-pd@38/connector
[   16.289656] omarchy-m2 kernel: /soc/dcp@315c00000/typec-routes/route@1: Fixed dependency cycle(s) with /soc/i2c@39b040000/usb-pd@3f/connector
[   16.289661] omarchy-m2 kernel: /soc/dcp@315c00000/typec-routes/route@2: Fixed dependency cycle(s) with /soc/i2c@39b040000/usb-pd@3b/connector
[   16.289665] omarchy-m2 kernel: /soc/dcp@289c00000: Fixed dependency cycle(s) with /soc/audio-controller@39b504000
[   16.289668] omarchy-m2 kernel: /soc/audio-controller@39b504000: Fixed dependency cycle(s) with /soc/dcp@289c00000
[   16.289672] omarchy-m2 kernel: /soc/dcp@315c00000: Fixed dependency cycle(s) with /soc/audio-controller@39b508000
[   16.289675] omarchy-m2 kernel: /soc/audio-controller@39b508000: Fixed dependency cycle(s) with /soc/dcp@315c00000
[   16.289679] omarchy-m2 kernel: /soc/i2c@39b040000/usb-pd@38/connector: Fixed dependency cycle(s) with /soc/cio@701ac0000
[   16.289683] omarchy-m2 kernel: /soc/cio@701ac0000: Fixed dependency cycle(s) with /soc/i2c@39b040000/usb-pd@38/connector
[   16.289686] omarchy-m2 kernel: /soc/i2c@39b040000/usb-pd@38/connector: Fixed dependency cycle(s) with /soc/usb@702280000
[   16.289690] omarchy-m2 kernel: /soc/usb@702280000: Fixed dependency cycle(s) with /soc/i2c@39b040000/usb-pd@38/connector
[   16.289694] omarchy-m2 kernel: /soc/usb@702280000: Fixed dependency cycle(s) with /soc/phy@703000000
[   16.289697] omarchy-m2 kernel: /soc/usb@702280000: Fixed dependency cycle(s) with /soc/phy@703000000
[   16.289701] omarchy-m2 kernel: /soc/dcp@315c00000: Fixed dependency cycle(s) with /soc/phy@703000000
[   16.289705] omarchy-m2 kernel: /soc/dcp@289c00000: Fixed dependency cycle(s) with /soc/phy@703000000
[   16.289708] omarchy-m2 kernel: /soc/i2c@39b040000/usb-pd@38/connector: Fixed dependency cycle(s) with /soc/phy@703000000
[   16.289712] omarchy-m2 kernel: /soc/phy@703000000: Fixed dependency cycle(s) with /soc/usb@702280000
[   16.289716] omarchy-m2 kernel: /soc/phy@703000000: Fixed dependency cycle(s) with /soc/i2c@39b040000/usb-pd@38/connector
[   16.289719] omarchy-m2 kernel: /soc/i2c@39b040000/usb-pd@3f/connector: Fixed dependency cycle(s) with /soc/cio@b01ac0000
[   16.289723] omarchy-m2 kernel: /soc/cio@b01ac0000: Fixed dependency cycle(s) with /soc/i2c@39b040000/usb-pd@3f/connector
[   16.289726] omarchy-m2 kernel: /soc/i2c@39b040000/usb-pd@3f/connector: Fixed dependency cycle(s) with /soc/usb@b02280000
[   16.289730] omarchy-m2 kernel: /soc/usb@b02280000: Fixed dependency cycle(s) with /soc/i2c@39b040000/usb-pd@3f/connector
[   16.289734] omarchy-m2 kernel: /soc/usb@b02280000: Fixed dependency cycle(s) with /soc/phy@b03000000
[   16.289737] omarchy-m2 kernel: /soc/usb@b02280000: Fixed dependency cycle(s) with /soc/phy@b03000000
[   16.289741] omarchy-m2 kernel: /soc/dcp@315c00000: Fixed dependency cycle(s) with /soc/phy@b03000000
[   16.289745] omarchy-m2 kernel: /soc/dcp@289c00000: Fixed dependency cycle(s) with /soc/phy@b03000000
[   16.289748] omarchy-m2 kernel: /soc/i2c@39b040000/usb-pd@3f/connector: Fixed dependency cycle(s) with /soc/phy@b03000000
[   16.289752] omarchy-m2 kernel: /soc/phy@b03000000: Fixed dependency cycle(s) with /soc/usb@b02280000
[   16.289755] omarchy-m2 kernel: /soc/phy@b03000000: Fixed dependency cycle(s) with /soc/i2c@39b040000/usb-pd@3f/connector
[   16.289759] omarchy-m2 kernel: /soc/i2c@39b040000/usb-pd@3b/connector: Fixed dependency cycle(s) with /soc/cio@f01ac0000
[   16.289762] omarchy-m2 kernel: /soc/cio@f01ac0000: Fixed dependency cycle(s) with /soc/i2c@39b040000/usb-pd@3b/connector
[   16.289766] omarchy-m2 kernel: /soc/i2c@39b040000/usb-pd@3b/connector: Fixed dependency cycle(s) with /soc/usb@f02280000
[   16.289769] omarchy-m2 kernel: /soc/usb@f02280000: Fixed dependency cycle(s) with /soc/i2c@39b040000/usb-pd@3b/connector
[   16.289773] omarchy-m2 kernel: /soc/usb@f02280000: Fixed dependency cycle(s) with /soc/phy@f03000000
[   16.289776] omarchy-m2 kernel: /soc/usb@f02280000: Fixed dependency cycle(s) with /soc/phy@f03000000
[   16.289780] omarchy-m2 kernel: /soc/dcp@315c00000: Fixed dependency cycle(s) with /soc/phy@f03000000
[   16.289783] omarchy-m2 kernel: /soc/dcp@289c00000: Fixed dependency cycle(s) with /soc/phy@f03000000
[   16.289791] omarchy-m2 kernel: /soc/i2c@39b040000/usb-pd@3b/connector: Fixed dependency cycle(s) with /soc/phy@f03000000
[   16.289795] omarchy-m2 kernel: /soc/phy@f03000000: Fixed dependency cycle(s) with /soc/usb@f02280000
[   16.289798] omarchy-m2 kernel: /soc/phy@f03000000: Fixed dependency cycle(s) with /soc/i2c@39b040000/usb-pd@3b/connector
[   16.289802] omarchy-m2 kernel: /soc/dcp@289c00000: Fixed dependency cycle(s) with /soc/phy@1303000000
[   16.289805] omarchy-m2 kernel: /soc/phy@1303000000: Fixed dependency cycle(s) with /soc/dcp@289c00000
[   16.289809] omarchy-m2 kernel: HugeTLB: registered 1.00 GiB page size, pre-allocated 0 pages
[   16.289813] omarchy-m2 kernel: HugeTLB: 0 KiB vmemmap can be freed for a 1.00 GiB page
[   16.289818] omarchy-m2 kernel: HugeTLB: registered 32.0 MiB page size, pre-allocated 0 pages
[   16.289822] omarchy-m2 kernel: HugeTLB: 0 KiB vmemmap can be freed for a 32.0 MiB page
[   16.289825] omarchy-m2 kernel: HugeTLB: registered 2.00 MiB page size, pre-allocated 0 pages
[   16.289829] omarchy-m2 kernel: HugeTLB: 0 KiB vmemmap can be freed for a 2.00 MiB page
[   16.289832] omarchy-m2 kernel: iommu: Default domain type: Translated
[   16.289835] omarchy-m2 kernel: iommu: DMA domain TLB invalidation policy: strict mode
[   16.289839] omarchy-m2 kernel: SCSI subsystem initialized
[   16.289843] omarchy-m2 kernel: usbcore: registered new interface driver usbfs
[   16.289846] omarchy-m2 kernel: usbcore: registered new interface driver hub
[   16.289852] omarchy-m2 kernel: usbcore: registered new device driver usb
[   16.289856] omarchy-m2 kernel: pps_core: LinuxPPS API ver. 1 registered
[   16.289859] omarchy-m2 kernel: pps_core: Software ver. 5.3.6 - Copyright 2005-2007 Rodolfo Giometti <giometti@linux.it>
[   16.289863] omarchy-m2 kernel: efivars: Registered efivars operations
[   16.289866] omarchy-m2 kernel: Advanced Linux Sound Architecture Driver Initialized.
[   16.289870] omarchy-m2 kernel: NetLabel: Initializing
[   16.289874] omarchy-m2 kernel: NetLabel:  domain hash size = 128
[   16.289877] omarchy-m2 kernel: NetLabel:  protocols = UNLABELED CIPSOv4 CALIPSO
[   16.289881] omarchy-m2 kernel: NetLabel:  unlabeled traffic allowed by default
[   16.289884] omarchy-m2 kernel: vgaarb: loaded
[   16.289888] omarchy-m2 kernel: clocksource: Switched to clocksource arch_sys_counter
[   16.289891] omarchy-m2 kernel: VFS: Disk quotas dquot_6.6.0
[   16.289895] omarchy-m2 kernel: VFS: Dquot-cache hash table entries: 2048 (order 0, 16384 bytes)
[   16.289899] omarchy-m2 kernel: AppArmor: AppArmor Filesystem Enabled
[   16.289902] omarchy-m2 kernel: NET: Registered PF_INET protocol family
[   16.289906] omarchy-m2 kernel: IP idents hash table entries: 262144 (order: 7, 2097152 bytes, linear)
[   16.289910] omarchy-m2 kernel: tcp_listen_portaddr_hash hash table entries: 16384 (order: 4, 262144 bytes, linear)
[   16.289913] omarchy-m2 kernel: Table-perturb hash table entries: 65536 (order: 4, 262144 bytes, linear)
[   16.289917] omarchy-m2 kernel: TCP established hash table entries: 262144 (order: 7, 2097152 bytes, linear)
[   16.289921] omarchy-m2 kernel: TCP bind hash table entries: 65536 (order: 7, 2097152 bytes, linear)
[   16.289924] omarchy-m2 kernel: TCP: Hash tables configured (established 262144 bind 65536)
[   16.289928] omarchy-m2 kernel: MPTCP token hash table entries: 32768 (order: 6, 786432 bytes, linear)
[   16.289932] omarchy-m2 kernel: UDP hash table entries: 16384 (order: 6, 1048576 bytes, linear)
[   16.289935] omarchy-m2 kernel: NET: Registered PF_UNIX/PF_LOCAL protocol family
[   16.289939] omarchy-m2 kernel: RPC: Registered named UNIX socket transport module.
[   16.289942] omarchy-m2 kernel: RPC: Registered udp transport module.
[   16.289946] omarchy-m2 kernel: RPC: Registered tcp transport module.
[   16.289949] omarchy-m2 kernel: RPC: Registered tcp-with-tls transport module.
[   16.289953] omarchy-m2 kernel: RPC: Registered tcp NFSv4.1 backchannel transport module.
[   16.289956] omarchy-m2 kernel: PCI: CLS 0 bytes, default 64
[   16.289960] omarchy-m2 kernel: Trying to unpack rootfs image as initramfs...
[   16.289963] omarchy-m2 kernel: kvm [1]: nv: 570 coarse grained trap handlers
[   16.289967] omarchy-m2 kernel: kvm [1]: nv: 710 fine grained trap handlers
[   16.289970] omarchy-m2 kernel: kvm [1]: IPA Size Limit: 42 bits
[   16.289974] omarchy-m2 kernel: kvm [1]: Non-architectural vgic, tainting kernel
[   16.289977] omarchy-m2 kernel: kvm [1]: GICv3: no GICV resource entry
[   16.289981] omarchy-m2 kernel: kvm [1]: disabling GICv2 emulation
[   16.289985] omarchy-m2 kernel: kvm [1]: GICv3 with broken locally generated SEI
[   16.289988] omarchy-m2 kernel: kvm [1]: GICv3 sysreg trapping enabled ([G0G1D], reduced performance)
[   16.289992] omarchy-m2 kernel: kvm [1]: GIC system register CPU interface enabled
[   16.289995] omarchy-m2 kernel: kvm [1]: vgic interrupt IRQ33
[   16.289999] omarchy-m2 kernel: kvm [1]: VHE mode initialized successfully
[   16.290005] omarchy-m2 kernel: Initialise system trusted keyrings
[   16.290009] omarchy-m2 kernel: workingset: timestamp_bits=46 (anon: 42) max_order=21 bucket_order=0 (anon: 0)
[   16.290021] omarchy-m2 kernel: NFS: Registering the id_resolver key type
[   16.290024] omarchy-m2 kernel: Key type id_resolver registered
[   16.290028] omarchy-m2 kernel: Key type id_legacy registered
[   16.290031] omarchy-m2 kernel: nfs4filelayout_init: NFSv4 File Layout Driver Registering...
[   16.290035] omarchy-m2 kernel: nfs4flexfilelayout_init: NFSv4 Flexfile Layout Driver Registering...
[   16.290039] omarchy-m2 kernel: cryptd: max_cpu_qlen set to 1000
[   16.290042] omarchy-m2 kernel: NET: Registered PF_ALG protocol family
[   16.290045] omarchy-m2 kernel: Key type asymmetric registered
[   16.290049] omarchy-m2 kernel: Asymmetric key parser 'x509' registered
[   16.290052] omarchy-m2 kernel: Asymmetric key parser 'pkcs8' registered
[   16.290056] omarchy-m2 kernel: Block layer SCSI generic (bsg) driver version 0.4 loaded (major 248)
[   16.290060] omarchy-m2 kernel: io scheduler mq-deadline registered
[   16.290063] omarchy-m2 kernel: io scheduler kyber registered
[   16.290066] omarchy-m2 kernel: io scheduler bfq registered
[   16.290070] omarchy-m2 kernel: ledtrig-cpu: registered to indicate activity on CPUs
[   16.290109] omarchy-m2 kernel: apple-pmgr-pwrstate 28e080000.power-management:power-controller@240: always-on domain atc3_common is not on at boot
[   16.290136] omarchy-m2 kernel: apple-pmgr-pwrstate 28e080000.power-management:power-controller@278: always-on domain atc0_pcie is not on at boot
[   16.290161] omarchy-m2 kernel: apple-pmgr-pwrstate 28e080000.power-management:power-controller@288: always-on domain atc1_pcie is not on at boot
[   16.290191] omarchy-m2 kernel: apple-pmgr-pwrstate 28e080000.power-management:power-controller@298: always-on domain atc2_pcie is not on at boot
[   16.290213] omarchy-m2 kernel: apple-pmgr-pwrstate 28e080000.power-management:power-controller@2a8: always-on domain atc3_pcie is not on at boot
[   16.290242] omarchy-m2 kernel: apple-pmgr-pwrstate 29e280000.power-management:power-controller@78: always-on domain msg is not on at boot
[   16.290265] omarchy-m2 kernel: apple-pmgr-pwrstate 29e280000.power-management:power-controller@a8: always-on domain atc3_usb_aon is not on at boot
[   16.290269] omarchy-m2 kernel: 39b200000.serial: ttySAC0 at MMIO 0x39b200000 (irq = 69, base_baud = 0) is a APPLE S5L
[   16.290370] omarchy-m2 kernel: apple-dart 28e300000.iommu: DART [pagesize 4000, 16 streams, bypass support: 1, bypass forced: 0, locked: 1, AS 42 -> 42] initialized
[   16.290458] omarchy-m2 kernel: platform 2a6980000.dma-controller: Adding to iommu group 0
[   16.290536] omarchy-m2 kernel: platform 2a6c00000.aop: Adding to iommu group 1
[   16.290612] omarchy-m2 kernel: apple-dart 2a6808000.iommu: DART [pagesize 4000, 16 streams, bypass support: 1, bypass forced: 0, locked: 0, AS 42 -> 42] initialized
[   16.290697] omarchy-m2 kernel: apple-dart 2a9808000.iommu: Limiting DMA range to 0x0000010000000000..0x00000100ffffffff
[   16.290783] omarchy-m2 kernel: platform 2a9400000.mtp: Adding to iommu group 2
[   16.290863] omarchy-m2 kernel: platform 2a9b30000.input: Adding to iommu group 2
[   16.290945] omarchy-m2 kernel: apple-dart 2a9808000.iommu: DART [pagesize 4000, 16 streams, bypass support: 1, bypass forced: 0, locked: 0, AS 42 -> 42] initialized
[   16.291114] omarchy-m2 kernel: apple-dart 3860e8000.iommu: Limiting DMA range to 0x0000010000000000..0x00000100ffffffff
[   16.291192] omarchy-m2 kernel: apple-dart 3860e8000.iommu: DART [pagesize 4000, 16 streams, bypass support: 1, bypass forced: 0, locked: 0, AS 42 -> 42] initialized
[   16.291267] omarchy-m2 kernel: apple-dart 3860f4000.iommu: Limiting DMA range to 0x0000010000000000..0x00000100ffffffff
[   16.291338] omarchy-m2 kernel: apple-dart 3860f4000.iommu: DART [pagesize 4000, 16 streams, bypass support: 1, bypass forced: 0, locked: 0, AS 42 -> 42] initialized
[   16.291411] omarchy-m2 kernel: apple-dart 3860fc000.iommu: Limiting DMA range to 0x0000010000000000..0x00000100ffffffff
[   16.291488] omarchy-m2 kernel: platform 384000000.isp: Adding to iommu group 3
[   16.291562] omarchy-m2 kernel: apple-dart 3860fc000.iommu: DART [pagesize 4000, 16 streams, bypass support: 1, bypass forced: 0, locked: 0, AS 42 -> 42] initialized
[   16.291634] omarchy-m2 kernel: apple-dart 389304000.iommu: Limiting DMA range to 0x0000010000000000..0x0000010fffffffff
[   16.291718] omarchy-m2 kernel: apple-dart 389304000.iommu: DART [pagesize 4000, 16 streams, bypass support: 1, bypass forced: 0, locked: 1, AS 42 -> 42] initialized
[   16.291790] omarchy-m2 kernel: apple-dart 38930c000.iommu: Limiting DMA range to 0x0000010000000000..0x0000010fffffffff
[   16.291875] omarchy-m2 kernel: platform 389c00000.dcp: Adding to iommu group 4
[   16.291949] omarchy-m2 kernel: apple-dart 38930c000.iommu: Limited to ias=36 due to lock
[   16.292023] omarchy-m2 kernel: apple-dart 38930c000.iommu: DART [pagesize 4000, 16 streams, bypass support: 1, bypass forced: 0, locked: 1, AS 42 -> 42] initialized
[   16.292103] omarchy-m2 kernel: apple-dart 594000000.iommu: DART [pagesize 4000, 16 streams, bypass support: 1, bypass forced: 0, locked: 0, AS 42 -> 42] initialized
[   16.292181] omarchy-m2 kernel: apple-dart 595000000.iommu: DART [pagesize 4000, 16 streams, bypass support: 1, bypass forced: 0, locked: 0, AS 42 -> 42] initialized
[   16.292258] omarchy-m2 kernel: platform 287080000.avd: Adding to iommu group 5
[   16.292337] omarchy-m2 kernel: apple-dart 287010000.iommu: DART [pagesize 4000, 16 streams, bypass support: 1, bypass forced: 0, locked: 0, AS 42 -> 42] initialized
[   16.292416] omarchy-m2 kernel: apple-dart 315304000.iommu: Limiting DMA range to 0x0000010000000000..0x0000010fffffffff
[   16.292485] omarchy-m2 kernel: apple-dart 315304000.iommu: DART [pagesize 4000, 16 streams, bypass support: 1, bypass forced: 0, locked: 1, AS 42 -> 42] initialized
[   16.292567] omarchy-m2 kernel: apple-dart 31530c000.iommu: Limiting DMA range to 0x0000010000000000..0x0000010fffffffff
[   16.292641] omarchy-m2 kernel: platform 315c00000.dcp: Adding to iommu group 6
[   16.292718] omarchy-m2 kernel: apple-dart 31530c000.iommu: Limited to ias=36 due to lock
[   16.292794] omarchy-m2 kernel: apple-dart 31530c000.iommu: DART [pagesize 4000, 16 streams, bypass support: 1, bypass forced: 0, locked: 1, AS 42 -> 42] initialized
[   16.292874] omarchy-m2 kernel: platform 39b400000.dma-controller: Adding to iommu group 7
[   16.292947] omarchy-m2 kernel: platform 39bc00000.sio: Adding to iommu group 8
[   16.293037] omarchy-m2 kernel: apple-dart 39b008000.iommu: DART [pagesize 4000, 16 streams, bypass support: 1, bypass forced: 0, locked: 0, AS 42 -> 42] initialized
[   16.293113] omarchy-m2 kernel: apple-dart 702f00000.iommu: DART [pagesize 4000, 16 streams, bypass support: 1, bypass forced: 0, locked: 0, AS 42 -> 42] initialized
[   16.293187] omarchy-m2 kernel: platform 702280000.usb: Adding to iommu group 9
[   16.293265] omarchy-m2 kernel: apple-dart 702f80000.iommu: DART [pagesize 4000, 16 streams, bypass support: 1, bypass forced: 0, locked: 0, AS 42 -> 42] initialized
[   16.293338] omarchy-m2 kernel: apple-dart b02f00000.iommu: DART [pagesize 4000, 16 streams, bypass support: 1, bypass forced: 0, locked: 0, AS 42 -> 42] initialized
[   16.293412] omarchy-m2 kernel: platform b02280000.usb: Adding to iommu group 10
[   16.293494] omarchy-m2 kernel: apple-dart b02f80000.iommu: DART [pagesize 4000, 16 streams, bypass support: 1, bypass forced: 0, locked: 0, AS 42 -> 42] initialized
[   16.293570] omarchy-m2 kernel: apple-dart f02f00000.iommu: DART [pagesize 4000, 16 streams, bypass support: 1, bypass forced: 0, locked: 0, AS 42 -> 42] initialized
[   16.293645] omarchy-m2 kernel: platform f02280000.usb: Adding to iommu group 11
[   16.293722] omarchy-m2 kernel: apple-dart f02f80000.iommu: DART [pagesize 4000, 16 streams, bypass support: 1, bypass forced: 0, locked: 0, AS 42 -> 42] initialized
[   16.293726] omarchy-m2 kernel: [drm] Initialized simpledrm 1.0.0 for 107ddd79c00.framebuffer on minor 0
[   16.293730] omarchy-m2 kernel: Console: switching to colour frame buffer device 216x67
[   16.293805] omarchy-m2 kernel: simple-framebuffer 107ddd79c00.framebuffer: [drm] fb0: simpledrmdrmfb frame buffer device
[   16.293886] omarchy-m2 kernel: asahi 406400000.gpu: Probing...
[   16.293957] omarchy-m2 kernel: asahi 406400000.gpu: MMU: Initializing...
[   16.294068] omarchy-m2 kernel: asahi 406400000.gpu: MMU: Initializing kernel page table
[   16.294138] omarchy-m2 kernel: asahi 406400000.gpu: MMU: Creating kernel page tables
[   16.294217] omarchy-m2 kernel: asahi 406400000.gpu: MMU: Kernel page tables created
[   16.294284] omarchy-m2 kernel: asahi 406400000.gpu: MMU: Initializing TTBs
[   16.294358] omarchy-m2 kernel: asahi 406400000.gpu: MMU: initialized
[   16.294428] omarchy-m2 kernel: asahi 406400000.gpu: GPU ID registers: 0x6031100 0x60602 0x21020a 0x40404 0x1320311 0x400c1802
[   16.294500] omarchy-m2 kernel: asahi 406400000.gpu: Core masks: [
                                      0x7ffff,
                                      0x0,
                                      0x0,
                                  ]
[   16.294578] omarchy-m2 kernel: asahi 406400000.gpu: GPU Information:
[   16.294645] omarchy-m2 kernel: asahi 406400000.gpu:   Type: G14S
[   16.294718] omarchy-m2 kernel: asahi 406400000.gpu:   Clusters: 2
[   16.294795] omarchy-m2 kernel: asahi 406400000.gpu:   Cores: 10 (20)
[   16.294866] omarchy-m2 kernel: asahi 406400000.gpu:   Frags: 10 (20)
[   16.294946] omarchy-m2 kernel: asahi 406400000.gpu:   GPs: 4 (8)
[   16.295017] omarchy-m2 kernel: asahi 406400000.gpu:   Core masks: [
                                      0x3ff,
                                      0x1ff,
                                  ]
[   16.295094] omarchy-m2 kernel: asahi 406400000.gpu:   Active cores: 19
[   16.295174] omarchy-m2 kernel: asahi 406400000.gpu: Getting configuration from device tree...
[   16.295247] omarchy-m2 kernel: asahi 406400000.gpu: Dynamic configuration fetched
[   16.295320] omarchy-m2 kernel: asahi 406400000.gpu: !!! Hwdata A match
[   16.295397] omarchy-m2 kernel: asahi 406400000.gpu: !!! Hwdata B match
[   16.295481] omarchy-m2 kernel: asahi 406400000.gpu: !!! Globals match
[   16.295552] omarchy-m2 kernel: asahi 406400000.gpu: MMU: IO map: 0x404d00000:0x144000 -> 0xffffffaf00000000
[   16.295628] omarchy-m2 kernel: asahi 406400000.gpu: MMU: IO map: 0x20e100000:0x4000 -> 0xffffffaf00148000
[   16.295707] omarchy-m2 kernel: asahi 406400000.gpu: MMU: IO map: 0x28e104000:0x8000 -> 0xffffffaf00150000
[   16.295783] omarchy-m2 kernel: asahi 406400000.gpu: MMU: IO map: 0x404000000:0x20000 -> 0xffffffaf0015c000
[   16.295860] omarchy-m2 kernel: asahi 406400000.gpu: MMU: IO map: 0x28e460000:0x4000 -> 0xffffffaf00180000
[   16.295937] omarchy-m2 kernel: asahi 406400000.gpu: MMU: IO map: 0x404e08000:0x8000 -> 0xffffffaf00188000
[   16.296016] omarchy-m2 kernel: asahi 406400000.gpu: MMU: IO map: 0x200000000:0xd8000 -> 0xffffffaf00194000
[   16.296092] omarchy-m2 kernel: asahi 406400000.gpu: MMU: IO map: 0x201000000:0xd8000 -> 0xffffffaf0026c000
[   16.296167] omarchy-m2 kernel: asahi 406400000.gpu: MMU: IO map: 0x202000000:0xd8000 -> 0xffffffaf00344000
[   16.296254] omarchy-m2 kernel: asahi 406400000.gpu: MMU: IO map: 0x203000000:0xd8000 -> 0xffffffaf0041c000
[   16.296330] omarchy-m2 kernel: asahi 406400000.gpu: MMU: IO map: 0x28e118000:0x4000 -> 0xffffffaf004f8000
[   16.296411] omarchy-m2 kernel: asahi 406400000.gpu: MMU: IO map: 0x28e3d0000:0x4000 -> 0xffffffaf00500000
[   16.296493] omarchy-m2 kernel: asahi 406400000.gpu: MMU: IO map: 0x28e3c0000:0x4000 -> 0xffffffaf00508000
[   16.296571] omarchy-m2 kernel: asahi 406400000.gpu: MMU: IO map: 0x28e3d8000:0x4000 -> 0xffffffaf00510000
[   16.296638] omarchy-m2 kernel: asahi 406400000.gpu: MMU: IO map: 0x404eac000:0x4000 -> 0xffffffaf00518000
[   16.296718] omarchy-m2 kernel: asahi 406400000.gpu: MMU: IO map: 0x404d60000:0x20000 -> 0xffffffaf00520000
[   16.296789] omarchy-m2 kernel: asahi 406400000.gpu: RTKit: Initializing (protocol version 12)
[   16.296794] omarchy-m2 kernel: [drm] Initialized asahi 0.0.0 for 406400000.gpu on minor 1
[   16.296873] omarchy-m2 kernel: macsmc 2a2400000.smc: RTKit: Initializing (protocol version 12)
[   16.296960] omarchy-m2 kernel: macsmc-gpio macsmc-gpio: First GPIO key: gP01 (0x67503031)
[   16.296965] omarchy-m2 kernel: macsmc-low-gpio: Failed to locate of_node [id: -1]
[   16.296969] omarchy-m2 kernel: mousedev: PS/2 mouse device common for all mice
[   16.296973] omarchy-m2 kernel: input: Apple SMC power/lid events as /devices/platform/soc/2a2400000.smc/macsmc-input/input/input0
[   16.297067] omarchy-m2 kernel: hwmon hwmon2: temp1_input not attached to any thermal zone
[   16.297145] omarchy-m2 kernel: hwmon hwmon2: temp2_input not attached to any thermal zone
[   16.297226] omarchy-m2 kernel: hwmon hwmon2: temp3_input not attached to any thermal zone
[   16.297302] omarchy-m2 kernel: hwmon hwmon2: temp4_input not attached to any thermal zone
[   16.297306] omarchy-m2 kernel: device-mapper: uevent: version 1.0.3
[   16.297310] omarchy-m2 kernel: device-mapper: ioctl: 4.50.0-ioctl (2025-04-28) initialised: dm-devel@lists.linux.dev
[   16.297314] omarchy-m2 kernel: hid: raw HID events driver (C) Jiri Kosina
[   16.297318] omarchy-m2 kernel: watchdog: NMI not fully supported
[   16.297322] omarchy-m2 kernel: watchdog: Hard watchdog permanently disabled
[   16.297325] omarchy-m2 kernel: hw perfevents: enabled with apple_blizzard_pmu PMU driver, 10 (0,000003ff) counters available
[   16.297329] omarchy-m2 kernel: hw perfevents: enabled with apple_avalanche_pmu PMU driver, 10 (0,000003ff) counters available
[   16.297334] omarchy-m2 kernel: Initializing XFRM netlink socket
[   16.297338] omarchy-m2 kernel: NET: Registered PF_INET6 protocol family
[   16.297341] omarchy-m2 kernel: Segment Routing with IPv6
[   16.297345] omarchy-m2 kernel: In-situ OAM (IOAM) with IPv6
[   16.297349] omarchy-m2 kernel: mip6: Mobile IPv6
[   16.297353] omarchy-m2 kernel: NET: Registered PF_PACKET protocol family
[   16.297357] omarchy-m2 kernel: Key type dns_resolver registered
[   16.297361] omarchy-m2 kernel: registered taskstats version 1
[   16.297365] omarchy-m2 kernel: Loading compiled-in X.509 certificates
[   16.297369] omarchy-m2 kernel: Key type .fscrypt registered
[   16.297373] omarchy-m2 kernel: Key type fscrypt-provisioning registered
[   16.297377] omarchy-m2 kernel: Key type encrypted registered
[   16.297381] omarchy-m2 kernel: AppArmor: AppArmor sha256 policy hashing enabled
[   16.297464] omarchy-m2 kernel: leds_pwm led-controller: failed to read period for kbd_backlight, default to off
[   16.297541] omarchy-m2 kernel: apple-admac 2a6980000.dma-controller: Audio DMA Controller
[   16.297611] omarchy-m2 kernel: rtkit-helper 2a9400000.mtp: RTKit: Initializing (protocol version 12)
[   16.297690] omarchy-m2 kernel: rtkit-helper 2a9400000.mtp: RTKit: Unknown oslog message: 300006e69620420
[   16.297774] omarchy-m2 kernel: rtkit-helper 2a9400000.mtp: RTKit: Unknown oslog message: 400002000000105
[   16.297844] omarchy-m2 kernel: rtkit-helper 2a9400000.mtp: RTKit: Unknown oslog message: 400004001050000
[   16.297922] omarchy-m2 kernel: rtkit-helper 2a9400000.mtp: RTKit: Unknown oslog message: 400006000000000
[   16.297999] omarchy-m2 kernel: rtkit-helper 2a9400000.mtp: RTKit: Unknown oslog message: 50672694670744d
[   16.298083] omarchy-m2 kernel: rtkit-helper 2a9400000.mtp: RTKit: Unknown oslog message: 56500657261776d
[   16.298156] omarchy-m2 kernel: apple-dart 289304000.iommu: Limiting DMA range to 0x0000010000000000..0x0000010fffffffff
[   16.298233] omarchy-m2 kernel: platform soc:display-subsystem: Adding to iommu group 12
[   16.298311] omarchy-m2 kernel: apple-dart 389304000.iommu: Limited to ias=36 due to lock
[   16.298378] omarchy-m2 kernel: apple-dart 289304000.iommu: DART [pagesize 4000, 16 streams, bypass support: 1, bypass forced: 0, locked: 1, AS 42 -> 42] initialized
[   16.298454] omarchy-m2 kernel: apple-dart 28930c000.iommu: Limiting DMA range to 0x0000010000000000..0x0000010fffffffff
[   16.298528] omarchy-m2 kernel: platform 289c00000.dcp: Adding to iommu group 13
[   16.298599] omarchy-m2 kernel: apple-dart 28930c000.iommu: Limited to ias=36 due to lock
[   16.298685] omarchy-m2 kernel: apple-dart 28930c000.iommu: DART [pagesize 4000, 16 streams, bypass support: 1, bypass forced: 0, locked: 1, AS 42 -> 42] initialized
[   16.298761] omarchy-m2 kernel: nvme-apple 34bcc0000.nvme: RTKit: Initializing (protocol version 12)
[   16.298844] omarchy-m2 kernel: macsmc-rtc macsmc-rtc: registered as rtc0
[   16.298921] omarchy-m2 kernel: macsmc-rtc macsmc-rtc: setting system clock to 2026-09-22T07:40:21 UTC (1790062821)
[   16.298997] omarchy-m2 kernel: nvme-apple 34bcc0000.nvme: RTKit: syslog message: apcie.c:423: APCIe 1 is configured as unused.
[   16.299094] omarchy-m2 kernel: nvme-apple 34bcc0000.nvme: RTKit: syslog message: apcie.c:1110: power up done[0]: PMU=Ocarina, PWR=0
[   16.299203] omarchy-m2 kernel: nvme-apple 34bcc0000.nvme: RTKit: syslog message: apcie.c:1110: power up done[1]: PMU=Undefined, PWR=0
[   16.299276] omarchy-m2 kernel: nvme-apple 34bcc0000.nvme: RTKit: syslog message: pre_nand_eng.c:6158: enabled 1p0v 1, enabled prog-no-exec 1
[   16.299355] omarchy-m2 kernel: nvme-apple 34bcc0000.nvme: RTKit: syslog message: pre_nand_eng.c:6158: enabled 1p0v 1, enabled prog-no-exec 1
[   16.299427] omarchy-m2 kernel: nvme-apple 34bcc0000.nvme: RTKit: syslog message: cmd.c:6546:  boot mode normal
[   16.299497] omarchy-m2 kernel: nvme nvme0: passthrough uses implicit buffer lengths
[   16.299503] omarchy-m2 kernel:  nvme0n1: p1 p2 p3 p4 p5 p6
[   16.299585] omarchy-m2 kernel: macsmc-reboot macsmc-reboot: Handling reboot and poweroff requests via SMC
[   16.299658] omarchy-m2 kernel: pcie-apple 580000000.pcie: host bridge /soc/pcie@580000000 ranges:
[   16.299730] omarchy-m2 kernel: pcie-apple 580000000.pcie:      MEM 0x05a0000000..0x05bfffffff -> 0x05a0000000
[   16.299806] omarchy-m2 kernel: pcie-apple 580000000.pcie:      MEM 0x05c0000000..0x05ffffffff -> 0x00c0000000
[   16.299873] omarchy-m2 kernel: pcie-apple 580000000.pcie: Using 0 auxiliary PERST#
[   16.299877] omarchy-m2 kernel: Freeing initrd memory: 24912K
[   16.299952] omarchy-m2 kernel: pcie-apple 580000000.pcie: Using 0 auxiliary PERST#
[   16.300020] omarchy-m2 kernel: pcie-apple 580000000.pcie: ECAM at [mem 0x580000000-0x580ffffff] for [bus 00-04]
[   16.300099] omarchy-m2 kernel: pcie-apple 580000000.pcie: PCI host bridge to bus 0000:00
[   16.300186] omarchy-m2 kernel: pci_bus 0000:00: root bus resource [bus 00-04]
[   16.300263] omarchy-m2 kernel: pci_bus 0000:00: root bus resource [mem 0x5a0000000-0x5bfffffff pref]
[   16.300337] omarchy-m2 kernel: pci_bus 0000:00: root bus resource [mem 0x5c0000000-0x5ffffffff] (bus address [0xc0000000-0xffffffff])
[   16.300428] omarchy-m2 kernel: pci 0000:00:00.0: [106b:100c] type 01 class 0x060400 PCIe Root Port
[   16.300505] omarchy-m2 kernel: pci 0000:00:00.0: PCI bridge to [bus 01]
[   16.300588] omarchy-m2 kernel: pci 0000:00:00.0: PME# supported from D0 D3hot D3cold
[   16.300593] omarchy-m2 kernel: OF: /soc/pcie@580000000: no iommu-map translation for id 0x0 on (null)
[   16.300597] omarchy-m2 kernel: /soc/pcie@580000000/pci@0,0: Fixed dependency cycle(s) with /soc/pcie@580000000/pci@0,0
[   16.300682] omarchy-m2 kernel: pci 0000:00:01.0: [106b:100c] type 01 class 0x060400 PCIe Root Port
[   16.300768] omarchy-m2 kernel: pci 0000:00:01.0: PCI bridge to [bus 02]
[   16.300842] omarchy-m2 kernel: pci 0000:00:01.0: PME# supported from D0 D3hot D3cold
[   16.300846] omarchy-m2 kernel: OF: /soc/pcie@580000000: no iommu-map translation for id 0x8 on (null)
[   16.300850] omarchy-m2 kernel: /soc/pcie@580000000/pci@1,0: Fixed dependency cycle(s) with /soc/pcie@580000000/pci@1,0
[   16.300939] omarchy-m2 kernel: pci 0000:01:00.0: [14e4:4434] type 00 class 0x028000 PCIe Endpoint
[   16.301029] omarchy-m2 kernel: pci 0000:01:00.0: BAR 0 [mem 0x00000000-0x0000ffff 64bit]
[   16.301117] omarchy-m2 kernel: pci 0000:01:00.0: BAR 2 [mem 0x00000000-0x00ffffff 64bit]
[   16.301209] omarchy-m2 kernel: pci 0000:01:00.0: supports D1 D2
[   16.301309] omarchy-m2 kernel: pci 0000:01:00.0: PME# supported from D0 D1 D2 D3hot D3cold
[   16.301397] omarchy-m2 kernel: pci 0000:01:00.0: Adding to iommu group 14
[   16.301493] omarchy-m2 kernel: pci 0000:01:00.1: [14e4:5f72] type 00 class 0x028000 PCIe Endpoint
[   16.301581] omarchy-m2 kernel: pci 0000:01:00.1: BAR 0 [mem 0x00000000-0x00007fff 64bit]
[   16.301664] omarchy-m2 kernel: pci 0000:01:00.1: BAR 2 [mem 0x00000000-0x00ffffff 64bit]
[   16.301745] omarchy-m2 kernel: pci 0000:01:00.1: supports D1 D2
[   16.301832] omarchy-m2 kernel: pci 0000:01:00.1: PME# supported from D0 D1 D2 D3hot D3cold
[   16.301916] omarchy-m2 kernel: pci 0000:01:00.1: Adding to iommu group 14
[   16.302006] omarchy-m2 kernel: pci 0000:01:00.0: ASPM: default states L1
[   16.302095] omarchy-m2 kernel: pci_bus 0000:01: busn_res: [bus 01-04] end is updated to 01
[   16.302192] omarchy-m2 kernel: pci 0000:02:00.0: [17a0:9755] type 00 class 0x080501 PCIe Endpoint
[   16.302282] omarchy-m2 kernel: pci 0000:02:00.0: BAR 0 [mem 0x00000000-0x00000fff]
[   16.302361] omarchy-m2 kernel: pci 0000:02:00.0: supports D1 D2
[   16.302445] omarchy-m2 kernel: pci 0000:02:00.0: PME# supported from D1 D2 D3hot D3cold
[   16.302536] omarchy-m2 kernel: pci 0000:02:00.0: Adding to iommu group 15
[   16.302624] omarchy-m2 kernel: pci 0000:02:00.0: ASPM: default states L1
[   16.302708] omarchy-m2 kernel: pci_bus 0000:02: busn_res: [bus 02-04] end is updated to 02
[   16.302789] omarchy-m2 kernel: pci 0000:00:00.0: bridge window [mem 0x5c0000000-0x5c20fffff]: assigned
[   16.302866] omarchy-m2 kernel: pci 0000:00:01.0: bridge window [mem 0x5c2100000-0x5c21fffff]: assigned
[   16.302951] omarchy-m2 kernel: pci 0000:01:00.0: BAR 2 [mem 0x5c0000000-0x5c0ffffff 64bit]: assigned
[   16.303021] omarchy-m2 kernel: pci 0000:01:00.1: BAR 2 [mem 0x5c1000000-0x5c1ffffff 64bit]: assigned
[   16.303103] omarchy-m2 kernel: pci 0000:01:00.0: BAR 0 [mem 0x5c2000000-0x5c200ffff 64bit]: assigned
[   16.303188] omarchy-m2 kernel: pci 0000:01:00.1: BAR 0 [mem 0x5c2010000-0x5c2017fff 64bit]: assigned
[   16.303271] omarchy-m2 kernel: pci 0000:00:00.0: PCI bridge to [bus 01]
[   16.303355] omarchy-m2 kernel: pci 0000:00:00.0:   bridge window [mem 0x5c0000000-0x5c20fffff]
[   16.303442] omarchy-m2 kernel: pci 0000:02:00.0: BAR 0 [mem 0x5c2100000-0x5c2100fff]: assigned
[   16.303525] omarchy-m2 kernel: pci 0000:00:01.0: PCI bridge to [bus 02]
[   16.303605] omarchy-m2 kernel: pci 0000:00:01.0:   bridge window [mem 0x5c2100000-0x5c21fffff]
[   16.303684] omarchy-m2 kernel: pci_bus 0000:00: resource 4 [mem 0x5a0000000-0x5bfffffff pref]
[   16.303763] omarchy-m2 kernel: pci_bus 0000:00: resource 5 [mem 0x5c0000000-0x5ffffffff]
[   16.303845] omarchy-m2 kernel: pci_bus 0000:01: resource 1 [mem 0x5c0000000-0x5c20fffff]
[   16.303925] omarchy-m2 kernel: pci_bus 0000:02: resource 1 [mem 0x5c2100000-0x5c21fffff]
[   16.303929] omarchy-m2 kernel: OF: /soc/pcie@580000000: no iommu-map translation for id 0x0 on (null)
[   16.304019] omarchy-m2 kernel: pcieport 0000:00:00.0: PME: Signaling with IRQ 116
[   16.304103] omarchy-m2 kernel: pcieport 0000:00:00.0: AER: enabled with IRQ 116
[   16.304108] omarchy-m2 kernel: OF: /soc/pcie@580000000: no iommu-map translation for id 0x8 on (null)
[   16.304191] omarchy-m2 kernel: pcieport 0000:00:01.0: PME: Signaling with IRQ 118
[   16.304274] omarchy-m2 kernel: pcieport 0000:00:01.0: AER: enabled with IRQ 118
[   16.304363] omarchy-m2 kernel: pcieport 0000:00:01.0: mask Replay Timer Timeout Correctable Errors due to 0000:02:00.0 hardware defect
[   16.304438] omarchy-m2 kernel: apple-admac 39b400000.dma-controller: Audio DMA Controller
[   16.304444] omarchy-m2 kernel: /soc/i2c@39b040000/usb-pd@38/connector: Fixed dependency cycle(s) with /soc/dcp@289c00000/typec-routes/route@0
[   16.304448] omarchy-m2 kernel: /soc/i2c@39b040000/usb-pd@38/connector: Fixed dependency cycle(s) with /soc/dcp@315c00000/typec-routes/route@0
[   16.304452] omarchy-m2 kernel: /soc/i2c@39b040000/usb-pd@38/connector: Fixed dependency cycle(s) with /soc/cio@701ac0000
[   16.304457] omarchy-m2 kernel: /soc/i2c@39b040000/usb-pd@38/connector: Fixed dependency cycle(s) with /soc/phy@703000000
[   16.304461] omarchy-m2 kernel: /soc/i2c@39b040000/usb-pd@38/connector: Fixed dependency cycle(s) with /soc/usb@702280000
[   16.304465] omarchy-m2 kernel: /soc/i2c@39b040000/usb-pd@3f/connector: Fixed dependency cycle(s) with /soc/dcp@289c00000/typec-routes/route@1
[   16.304469] omarchy-m2 kernel: /soc/i2c@39b040000/usb-pd@3f/connector: Fixed dependency cycle(s) with /soc/dcp@315c00000/typec-routes/route@1
[   16.304473] omarchy-m2 kernel: /soc/i2c@39b040000/usb-pd@3f/connector: Fixed dependency cycle(s) with /soc/cio@b01ac0000
[   16.304477] omarchy-m2 kernel: /soc/i2c@39b040000/usb-pd@3f/connector: Fixed dependency cycle(s) with /soc/phy@b03000000
[   16.304481] omarchy-m2 kernel: /soc/i2c@39b040000/usb-pd@3f/connector: Fixed dependency cycle(s) with /soc/usb@b02280000
[   16.304485] omarchy-m2 kernel: /soc/i2c@39b040000/usb-pd@3b/connector: Fixed dependency cycle(s) with /soc/dcp@289c00000/typec-routes/route@2
[   16.304489] omarchy-m2 kernel: /soc/i2c@39b040000/usb-pd@3b/connector: Fixed dependency cycle(s) with /soc/dcp@315c00000/typec-routes/route@2
[   16.304493] omarchy-m2 kernel: /soc/i2c@39b040000/usb-pd@3b/connector: Fixed dependency cycle(s) with /soc/cio@f01ac0000
[   16.304497] omarchy-m2 kernel: /soc/i2c@39b040000/usb-pd@3b/connector: Fixed dependency cycle(s) with /soc/phy@f03000000
[   16.304501] omarchy-m2 kernel: /soc/i2c@39b040000/usb-pd@3b/connector: Fixed dependency cycle(s) with /soc/usb@f02280000
[   16.304505] omarchy-m2 kernel: clk: Disabling unused clocks
[   16.304509] omarchy-m2 kernel: PM: genpd: Disabling unused power domains
[   16.304513] omarchy-m2 kernel: ALSA device list:
[   16.304517] omarchy-m2 kernel:   No soundcards found.
[   16.304522] omarchy-m2 kernel: Freeing unused kernel memory: 2048K
[   16.304525] omarchy-m2 kernel: Checked W+X mappings: passed, no W+X pages found
[   16.304530] omarchy-m2 kernel: Run /init as init process
[   16.304533] omarchy-m2 kernel:   with arguments:
[   16.304538] omarchy-m2 kernel:     /init
[   16.304542] omarchy-m2 kernel:     splash
[   16.304545] omarchy-m2 kernel:   with environment:
[   16.304549] omarchy-m2 kernel:     HOME=/
[   16.304552] omarchy-m2 kernel:     TERM=linux
[   16.304556] omarchy-m2 kernel:     cryptdevice=UUID=de26457c-f363-450f-916a-888a0b9b1fd6:root:allow-discards
[   16.304560] omarchy-m2 kernel: raid6: neonx8   gen() 12855 MB/s
[   16.304564] omarchy-m2 kernel: raid6: neonx4   gen() 12890 MB/s
[   16.304568] omarchy-m2 kernel: raid6: neonx2   gen() 11882 MB/s
[   16.304572] omarchy-m2 kernel: raid6: neonx1   gen() 26689 MB/s
[   16.304576] omarchy-m2 kernel: raid6: int64x8  gen() 13505 MB/s
[   16.304580] omarchy-m2 kernel: raid6: int64x4  gen() 13037 MB/s
[   16.304584] omarchy-m2 kernel: raid6: int64x2  gen() 12000 MB/s
[   16.304588] omarchy-m2 kernel: raid6: int64x1  gen() 10464 MB/s
[   16.304592] omarchy-m2 kernel: raid6: using algorithm neonx1 gen() 26689 MB/s
[   16.304595] omarchy-m2 kernel: raid6: .... xor() 23645 MB/s, rmw enabled
[   16.304599] omarchy-m2 kernel: raid6: using neon recovery algorithm
[   16.304603] omarchy-m2 kernel: xor: measuring software checksum speed
[   16.304607] omarchy-m2 kernel:    eor3            : 51701 MB/sec
[   16.304611] omarchy-m2 kernel:    32regs          : 48605 MB/sec
[   16.304615] omarchy-m2 kernel:    8regs           : 30638 MB/sec
[   16.304619] omarchy-m2 kernel: xor: using function: eor3 (51701 MB/sec)
[   16.304623] omarchy-m2 kernel: Btrfs loaded, zoned=yes, fsverity=no
[   16.304627] omarchy-m2 kernel: thunderbolt: loading out-of-tree module taints kernel.
[   16.304711] omarchy-m2 kernel: dockchannel-hid 2a9b30000.input: Initialized, awaiting packets
[   16.304790] omarchy-m2 kernel: dockchannel-hid 2a9b30000.input: Product name for stm: Apple Internal Keyboard / Trackpad
[   16.304872] omarchy-m2 kernel: dockchannel-hid 2a9b30000.input: Product name for multi-touch: Apple Internal Keyboard / Trackpad
[   16.304955] omarchy-m2 kernel: dockchannel-hid 2a9b30000.input: Product name for keyboard: Apple Internal Keyboard / Trackpad
[   16.305030] omarchy-m2 kernel: dockchannel-hid 2a9b30000.input: Product name for tp_accel: Apple Internal Keyboard / Trackpad
[   16.305103] omarchy-m2 kernel: dockchannel-hid 2a9b30000.input: Product name for actuator: Apple Internal Keyboard / Trackpad
[   16.305185] omarchy-m2 kernel: dockchannel-hid 2a9b30000.input: Product name for stm: Apple Internal Keyboard / Trackpad
[   16.305272] omarchy-m2 kernel: dockchannel-hid 2a9b30000.input: New interface stm
[   16.305361] omarchy-m2 kernel: rtkit-helper 2a9400000.mtp: RTKit: syslog message: stm_cr.c:98: ST management interface configuration completed
[   16.305434] omarchy-m2 kernel: rtkit-helper 2a9400000.mtp: RTKit: syslog message: stm.c:97: ST management ready
[   16.305513] omarchy-m2 kernel: dockchannel-hid 2a9b30000.input: Interface stm is now ready
[   16.305518] omarchy-m2 kernel: /soc/i2c@39b040000/usb-pd@38/connector: Fixed dependency cycle(s) with /soc/phy@703000000
[   16.305608] omarchy-m2 kernel: hid-generic 0019:0000:0000.0001: hidraw0: HOST HID v0.00 Device [Apple MTP stm] on 2a9b30000.input.3 (stm)
[   16.305694] omarchy-m2 kernel: apple-dcp 289c00000.dcp: Failed to get dp-phy: -517
[   16.305699] omarchy-m2 kernel: /soc/i2c@39b040000/usb-pd@3f/connector: Fixed dependency cycle(s) with /soc/phy@b03000000
[   16.305768] omarchy-m2 kernel: apple-dcp 289c00000.dcp: Failed to get dp-phy: -517
[   16.305773] omarchy-m2 kernel: /soc/i2c@39b040000/usb-pd@3b/connector: Fixed dependency cycle(s) with /soc/phy@f03000000
[   16.305864] omarchy-m2 kernel: apple-dcp 289c00000.dcp: Failed to get dp-phy: -517
[   16.305939] omarchy-m2 kernel: apple-dcp 289c00000.dcp: Failed to get dp-phy: -517
[   16.306029] omarchy-m2 kernel: dockchannel-hid 2a9b30000.input: New interface multi-touch
[   16.306119] omarchy-m2 kernel: dockchannel-hid 2a9b30000.input: New interface keyboard
[   16.306199] omarchy-m2 kernel: dockchannel-hid 2a9b30000.input: New interface actuator
[   16.306274] omarchy-m2 kernel: dockchannel-hid 2a9b30000.input: New interface tp_accel
[   16.306356] omarchy-m2 kernel: rtkit-helper 2a9400000.mtp: RTKit: syslog message: touch_iface.c:212: Grape interface configuration completed
[   16.306438] omarchy-m2 kernel: rtkit-helper 2a9400000.mtp: RTKit: syslog message: keyboard_cr.c:78: Keyboard interface configuration completed
[   16.306517] omarchy-m2 kernel: rtkit-helper 2a9400000.mtp: RTKit: syslog message: keyboard.c:75: Keyboard ready
[   16.306598] omarchy-m2 kernel: dockchannel-hid 2a9b30000.input: Interface keyboard is now ready
[   16.306603] omarchy-m2 kernel: input: Apple MTP keyboard as /devices/platform/soc/2a9b14000.fifo/2a9b30000.input/0019:05AC:0353.0003/input/input1
[   16.306680] omarchy-m2 kernel: rtkit-helper 2a9400000.mtp: RTKit: syslog message: actuator_cr.c:88: Actuator interface configuration completed
[   16.306755] omarchy-m2 kernel: rtkit-helper 2a9400000.mtp: RTKit: syslog message: actuator.c:72: Actuator ready
[   16.306828] omarchy-m2 kernel: dockchannel-hid 2a9b30000.input: Interface actuator is now ready
[   16.306910] omarchy-m2 kernel: rtkit-helper 2a9400000.mtp: RTKit: syslog message: accel_cr.c:78: Accel interface configuration completed
[   16.306994] omarchy-m2 kernel: dockchannel-hid 2a9b30000.input: Interface tp_accel is now ready
[   16.307075] omarchy-m2 kernel: rtkit-helper 2a9400000.mtp: RTKit: syslog message: accel.c:72: Accel ready
[   16.307081] omarchy-m2 kernel: input: Apple MTP multi-touch as /devices/platform/soc/2a9b14000.fifo/2a9b30000.input/0019:05AC:0353.0002/input/input2
[   16.307154] omarchy-m2 kernel: apple-dcp 289c00000.dcp: Failed to get dp-xbar: -517
[   16.307244] omarchy-m2 kernel: sdhci-pci 0000:02:00.0: SDHCI controller found [17a0:9755] (rev 1)
[   16.307333] omarchy-m2 kernel: sdhci-pci 0000:02:00.0: enabling device (0000 -> 0002)
[   16.307418] omarchy-m2 kernel: apple 0019:05AC:0353.0003: input,hidraw1: HOST HID v2.70 Keyboard [Apple MTP keyboard] on 2a9b30000.input.2 (keyboard)
[   16.307502] omarchy-m2 kernel: magicmouse 0019:05AC:0353.0002: input,hidraw2: HOST HID v2.70 Mouse [Apple MTP multi-touch] on 2a9b30000.input.1 (multi-touch)
[   16.307507] omarchy-m2 kernel: mmc0: SDHCI controller on PCI [0000:02:00.0] using ADMA 64-bit
[   16.307582] omarchy-m2 kernel: apple-dcp 289c00000.dcp: Failed to get dp-xbar: -517
[   16.307656] omarchy-m2 kernel: dockchannel-hid 2a9b30000.input: Starting interface multi-touch
[   16.307732] omarchy-m2 kernel: dockchannel-hid 2a9b30000.input: Requesting GPIO multi-touch#167: afe-reset
[   16.307806] omarchy-m2 kernel: dockchannel-hid 2a9b30000.input: Sending firmware for multi-touch
[   16.307880] omarchy-m2 kernel: rtkit-helper 2a9400000.mtp: RTKit: syslog message: afe_transport.c:143: Z2 AFE transport initialized
[   16.307959] omarchy-m2 kernel: rtkit-helper 2a9400000.mtp: RTKit: syslog message: boot.c:151: [Touch]: AFE transport initialization complete
[   16.308104] omarchy-m2 kernel: rtkit-helper 2a9400000.mtp: RTKit: syslog message: boot.c:153: [Touch]: Touch initialized
[   16.308184] omarchy-m2 kernel: dockchannel-hid 2a9b30000.input: Resetting multi-touch
[   16.308266] omarchy-m2 kernel: rtkit-helper 2a9400000.mtp: RTKit: syslog message: touch.c:88: Touch Reset Ext Request: OK
[   16.308341] omarchy-m2 kernel: dockchannel-hid 2a9b30000.input: GPIO command: multi-touch#167: 3
[   16.308413] omarchy-m2 kernel: apple-dcp 289c00000.dcp: Failed to get dp-xbar: -517
[   16.308486] omarchy-m2 kernel: rtkit-helper 2a9400000.mtp: RTKit: syslog message: boot.c:382: Calibration blob 'TCAL' updated
[   16.308564] omarchy-m2 kernel: rtkit-helper 2a9400000.mtp: RTKit: syslog message: boot.c:382: Calibration blob 'FCAL' updated
[   16.308636] omarchy-m2 kernel: rtkit-helper 2a9400000.mtp: RTKit: syslog message: afe_transport.c:177: afe_transport_start() Z2 running
[   16.308709] omarchy-m2 kernel: rtkit-helper 2a9400000.mtp: RTKit: syslog message: touch_pwr_mgr.c:216: [TPM] Mac Power Manager State Machine Started
[   16.308788] omarchy-m2 kernel: rtkit-helper 2a9400000.mtp: RTKit: syslog message: touch.c:128: Touch interface ready
[   16.308860] omarchy-m2 kernel: rtkit-helper 2a9400000.mtp: RTKit: syslog message: touch.c:143: Touch MT ready
[   16.308935] omarchy-m2 kernel: dockchannel-hid 2a9b30000.input: Interface multi-touch is now ready
[   16.309015] omarchy-m2 kernel: rtkit-helper 2a9400000.mtp: RTKit: syslog message: touch_pwr_mgr_fsm.c:286: Sending Cumulus Report to enter Dependent Mode (9A)
[   16.309085] omarchy-m2 kernel: apple-dcp 289c00000.dcp: Failed to get dp-xbar: -517
[   16.309170] omarchy-m2 kernel: i2c 0-0038: deferred probe pending: (reason unknown)
[   16.309245] omarchy-m2 kernel: i2c 0-003f: deferred probe pending: (reason unknown)
[   16.309332] omarchy-m2 kernel: i2c 0-003b: deferred probe pending: (reason unknown)
[   16.309406] omarchy-m2 kernel: platform 315c00000.dcp: deferred probe pending: apple-dcp: /soc/dcp@315c00000/typec-routes/route@0: failed to get display crossbar
[   16.309480] omarchy-m2 kernel: platform 289c00000.dcp: deferred probe pending: (reason unknown)
[   16.309509] omarchy-m2 kernel: apple-pmgr-pwrstate 28e080000.power-management:power-controller@268: sync_state() pending due to 287080000.avd
[   16.309535] omarchy-m2 kernel: apple-pmgr-pwrstate 28e080000.power-management:power-controller@2d8: sync_state() pending due to 289c00000.dcp
[   16.309564] omarchy-m2 kernel: apple-pmgr-pwrstate 290280000.power-management:power-controller@270: sync_state() pending due to 39b600000.mca
[   16.309590] omarchy-m2 kernel: apple-pmgr-pwrstate 290280000.power-management:power-controller@398: sync_state() pending due to 39b600000.mca
[   16.309613] omarchy-m2 kernel: apple-pmgr-pwrstate 290280000.power-management:power-controller@3a0: sync_state() pending due to 39b600000.mca
[   16.309643] omarchy-m2 kernel: apple-pmgr-pwrstate 290280000.power-management:power-controller@3a8: sync_state() pending due to 39b600000.mca
[   16.309666] omarchy-m2 kernel: apple-pmgr-pwrstate 290280000.power-management:power-controller@3b0: sync_state() pending due to 39b600000.mca
[   16.309695] omarchy-m2 kernel: apple-pmgr-pwrstate 290280000.power-management:power-controller@4000: sync_state() pending due to 384000000.isp
[   16.309719] omarchy-m2 kernel: apple-pmgr-pwrstate 290280000.power-management:power-controller@4008: sync_state() pending due to 384000000.isp
[   16.309748] omarchy-m2 kernel: apple-pmgr-pwrstate 290280000.power-management:power-controller@4010: sync_state() pending due to 384000000.isp
[   16.309771] omarchy-m2 kernel: apple-pmgr-pwrstate 290280000.power-management:power-controller@4018: sync_state() pending due to 384000000.isp
[   16.309796] omarchy-m2 kernel: apple-pmgr-pwrstate 290280000.power-management:power-controller@4020: sync_state() pending due to 384000000.isp
[   16.309824] omarchy-m2 kernel: apple-pmgr-pwrstate 290280000.power-management:power-controller@4028: sync_state() pending due to 384000000.isp
[   16.309850] omarchy-m2 kernel: apple-pmgr-pwrstate 290280000.power-management:power-controller@4030: sync_state() pending due to 384000000.isp
[   16.309876] omarchy-m2 kernel: apple-pmgr-pwrstate 28e080000.power-management:power-controller@2b8: sync_state() pending due to 315c00000.dcp
[   16.309905] omarchy-m2 kernel: apple-pmgr-pwrstate 290280000.power-management:power-controller@1e0: sync_state() pending due to 39bc00000.sio
[   16.309930] omarchy-m2 kernel: apple-pmgr-pwrstate 28e080000.power-management:power-controller@278: sync_state() pending due to 701ac0000.cio
[   16.309957] omarchy-m2 kernel: apple-pmgr-pwrstate 28e080000.power-management:power-controller@2f0: sync_state() pending due to 701ac0000.cio
[   16.309984] omarchy-m2 kernel: apple-pmgr-pwrstate 28e080000.power-management:power-controller@2e8: sync_state() pending due to 701ac0000.cio
[   16.310009] omarchy-m2 kernel: apple-pmgr-pwrstate 28e080000.power-management:power-controller@270: sync_state() pending due to 701ac0000.cio
[   16.310033] omarchy-m2 kernel: apple-pmgr-pwrstate 29e280000.power-management:power-controller@c8: sync_state() pending due to 702280000.usb
[   16.310063] omarchy-m2 kernel: apple-pmgr-pwrstate 29e280000.power-management:power-controller@c8: sync_state() pending due to 70304c000.mux
[   16.310088] omarchy-m2 kernel: apple-pmgr-pwrstate 28e080000.power-management:power-controller@288: sync_state() pending due to b01ac0000.cio
[   16.310113] omarchy-m2 kernel: apple-pmgr-pwrstate 28e080000.power-management:power-controller@300: sync_state() pending due to b01ac0000.cio
[   16.310139] omarchy-m2 kernel: apple-pmgr-pwrstate 28e080000.power-management:power-controller@2f8: sync_state() pending due to b01ac0000.cio
[   16.310167] omarchy-m2 kernel: apple-pmgr-pwrstate 28e080000.power-management:power-controller@280: sync_state() pending due to b01ac0000.cio
[   16.310193] omarchy-m2 kernel: apple-pmgr-pwrstate 29e280000.power-management:power-controller@d0: sync_state() pending due to b02280000.usb
[   16.310216] omarchy-m2 kernel: apple-pmgr-pwrstate 29e280000.power-management:power-controller@d0: sync_state() pending due to b0304c000.mux
[   16.310245] omarchy-m2 kernel: apple-pmgr-pwrstate 28e080000.power-management:power-controller@298: sync_state() pending due to f01ac0000.cio
[   16.310272] omarchy-m2 kernel: apple-pmgr-pwrstate 28e080000.power-management:power-controller@310: sync_state() pending due to f01ac0000.cio
[   16.310301] omarchy-m2 kernel: apple-pmgr-pwrstate 28e080000.power-management:power-controller@308: sync_state() pending due to f01ac0000.cio
[   16.310326] omarchy-m2 kernel: apple-pmgr-pwrstate 28e080000.power-management:power-controller@290: sync_state() pending due to f01ac0000.cio
[   16.310353] omarchy-m2 kernel: apple-pmgr-pwrstate 29e280000.power-management:power-controller@d8: sync_state() pending due to f02280000.usb
[   16.310380] omarchy-m2 kernel: apple-pmgr-pwrstate 29e280000.power-management:power-controller@d8: sync_state() pending due to f0304c000.mux
[   16.310410] omarchy-m2 kernel: apple-pmgr-pwrstate 29e280000.power-management:power-controller@e0: sync_state() pending due to 130304c000.mux
[   16.310415] omarchy-m2 kernel: BTRFS: device label asahi-root devid 1 transid 5993 /dev/mapper/root (252:0) scanned by mount (493)
[   16.310419] omarchy-m2 kernel: BTRFS info (device dm-0): first mount of filesystem 725346d2-f127-47bc-b464-9dd46155e8d6
[   16.310423] omarchy-m2 kernel: BTRFS info (device dm-0): using crc32c checksum algorithm
[   16.310427] omarchy-m2 kernel: BTRFS info (device dm-0): enabling ssd optimizations
[   16.310431] omarchy-m2 kernel: BTRFS info (device dm-0): turning on async discard
[   16.310435] omarchy-m2 kernel: BTRFS info (device dm-0): enabling free space tree
[   16.310440] omarchy-m2 systemd[1]: systemd 261.3-1-arch running in system mode (+PAM +AUDIT -SELINUX +APPARMOR -IMA +IPE +SMACK +SECCOMP +GCRYPT +GNUTLS +OPENSSL +ACL +BLKID +CURL +ELFUTILS +FIDO2 +IDN2 +KMOD +LIBCRYPTSETUP +LIBCRYPTSETUP_PLUGINS +LIBFDISK +PCRE2 +PWQUALITY +P11KIT +QRENCODE +TPM2 +BZIP2 +LZ4 +XZ +ZLIB +ZSTD +BPF_FRAMEWORK -BTF +XKBCOMMON +UTMP +LIBARCHIVE)
[   16.310446] omarchy-m2 systemd[1]: Detected architecture arm64.
[   16.310451] omarchy-m2 systemd[1]: Hostname set to <omarchy-m2>.
[   16.310455] omarchy-m2 systemd[1]: bpf-restrict-fs: BPF LSM hook not enabled in the kernel, BPF LSM not supported.
[   16.310459] omarchy-m2 kernel: zram: Added device: zram0
[   16.310463] omarchy-m2 systemd[1]: Queued start job for default target Graphical Interface.
[   16.310468] omarchy-m2 systemd[1]: Created slice CUPS Slice.
[   16.310472] omarchy-m2 systemd[1]: Created slice Slice /system/dirmngr.
[   16.310476] omarchy-m2 systemd[1]: Created slice Slice /system/getty.
[   16.310480] omarchy-m2 systemd[1]: Created slice Slice /system/gpg-agent.
[   16.310485] omarchy-m2 systemd[1]: Created slice Slice /system/gpg-agent-browser.
[   16.310489] omarchy-m2 systemd[1]: Created slice Slice /system/gpg-agent-extra.
[   16.310493] omarchy-m2 systemd[1]: Created slice Slice /system/gpg-agent-ssh.
[   16.310497] omarchy-m2 systemd[1]: Created slice Slice /system/keyboxd.
[   16.310501] omarchy-m2 systemd[1]: Created slice Slice /system/modprobe.
[   16.310506] omarchy-m2 systemd[1]: Created slice Slice /system/systemd-fsck.
[   16.310510] omarchy-m2 systemd[1]: Created slice Slice /system/systemd-growfs.
[   16.310514] omarchy-m2 systemd[1]: Created slice Slice /system/systemd-zram-setup.
[   16.310519] omarchy-m2 systemd[1]: Created slice User and Session Slice.
[   16.310523] omarchy-m2 systemd[1]: Started Forward Password Requests to Wall Directory Watch.
[   16.310527] omarchy-m2 systemd[1]: Set up automount Arbitrary Executable File Formats File System Automount Point.
[   16.310531] omarchy-m2 systemd[1]: Expecting device /dev/disk/by-uuid/530E-CC8F...
[   16.310535] omarchy-m2 systemd[1]: Expecting device /dev/disk/by-uuid/725346d2-f127-47bc-b464-9dd46155e8d6...
[   16.310539] omarchy-m2 systemd[1]: Expecting device /dev/zram0...
[   16.310544] omarchy-m2 systemd[1]: Reached target Login Prompts.
[   16.310548] omarchy-m2 systemd[1]: Reached target Image Downloads.
[   16.310552] omarchy-m2 systemd[1]: Reached target Local Integrity Protected Volumes.
[   16.310556] omarchy-m2 systemd[1]: Reached target Preparation for Network.
[   16.310560] omarchy-m2 systemd[1]: Reached target Remote Encrypted Volumes.
[   16.310564] omarchy-m2 systemd[1]: Reached target Remote File Systems.
[   16.310568] omarchy-m2 systemd[1]: Reached target Remote Integrity Protected Volumes.
[   16.310572] omarchy-m2 systemd[1]: Reached target Remote Verity Protected Volumes.
[   16.310580] omarchy-m2 systemd[1]: Reached target Slice Units.
[   16.310584] omarchy-m2 systemd[1]: Reached target Local Verity Protected Volumes.
[   16.310588] omarchy-m2 systemd[1]: Listening on Device-mapper event daemon FIFOs.
[   16.310592] omarchy-m2 systemd[1]: Listening on Query the User Interactively for a Password.
[   16.310596] omarchy-m2 systemd[1]: Listening on Process Core Dump Socket.
[   16.310601] omarchy-m2 systemd[1]: Listening on Credential Encryption/Decryption.
[   16.310605] omarchy-m2 systemd[1]: Listening on Factory Reset Management.
[   16.310609] omarchy-m2 systemd[1]: Listening on Hostname Service Socket.
[   16.310613] omarchy-m2 systemd[1]: Listening on Journal Audit Socket.
[   16.310618] omarchy-m2 systemd[1]: Listening on Journal Socket (/dev/log).
[   16.310622] omarchy-m2 systemd[1]: Listening on Journal Sockets.
[   16.310626] omarchy-m2 systemd[1]: Listening on DDI File System Mounter Socket.
[   16.310630] omarchy-m2 systemd[1]: Listening on Console Output Muting Service Socket.
[   16.310635] omarchy-m2 systemd[1]: Listening on Namespace Resource Manager Socket.
[   16.310640] omarchy-m2 systemd[1]: Listening on Userspace Out-Of-Memory (OOM) Killer Socket.
[   16.310645] omarchy-m2 systemd[1]: TPM PCR Measurements skipped, unmet condition check ConditionSecurity=measured-os
[   16.310649] omarchy-m2 systemd[1]: Make TPM PCR Policy skipped, unmet condition check ConditionSecurity=measured-uki
[   16.310653] omarchy-m2 systemd[1]: Listening on Disk Repartitioning Service Socket.
[   16.310657] omarchy-m2 systemd[1]: Listening on Report System Basic Metrics Socket.
[   16.310661] omarchy-m2 systemd[1]: Listening on CGroup Report Varlink Socket.
[   16.310665] omarchy-m2 systemd[1]: Listening on Resolve Monitor Varlink Socket.
[   16.310669] omarchy-m2 systemd[1]: Listening on Resolve Service Varlink Socket.
[   16.310673] omarchy-m2 systemd[1]: Listening on Simple Block Device Backed Storage Provider.
[   16.310677] omarchy-m2 systemd[1]: Listening on Simple File System Backed Storage Provider.
[   16.310681] omarchy-m2 systemd[1]: Listening on udev Control Socket.
[   16.310686] omarchy-m2 systemd[1]: Listening on udev Kernel Socket.
[   16.310690] omarchy-m2 systemd[1]: Listening on udev Varlink Socket.
[   16.310694] omarchy-m2 systemd[1]: Listening on User Database Manager Socket.
[   16.310700] omarchy-m2 systemd[1]: Mounting Huge Pages File System...
[   16.310704] omarchy-m2 systemd[1]: Mounting POSIX Message Queue File System...
[   16.310709] omarchy-m2 systemd[1]: Mounting Kernel Debug File System...
[   16.310713] omarchy-m2 systemd[1]: Mounting Kernel Trace File System...
[   16.310717] omarchy-m2 systemd[1]: Starting Create List of Static Device Nodes...
[   16.310722] omarchy-m2 systemd[1]: Load Kernel Module configfs skipped, unmet condition check ConditionKernelModuleLoaded=!configfs
[   16.310725] omarchy-m2 systemd[1]: Mounting Kernel Configuration File System...
[   16.310730] omarchy-m2 systemd[1]: Load Kernel Module drm skipped, unmet condition check ConditionKernelModuleLoaded=!drm
[   16.310734] omarchy-m2 systemd[1]: Load Kernel Module efi_pstore skipped, unmet condition check ConditionKernelModuleLoaded=!efi_pstore
[   16.310738] omarchy-m2 systemd[1]: Starting Load Kernel Module fuse...
[   16.310743] omarchy-m2 systemd[1]: Clear SysFail Entry If The Boot Is Successful skipped, unmet condition check ConditionPathExists=/sys/firmware/efi/efivars/LoaderEntrySysFail-4a67b082-0a4c-41cf-b6c7-440b29bb8c4f
[   16.310747] omarchy-m2 systemd[1]: Clear Stale Hibernate Storage Info skipped, unmet condition check ConditionPathExists=/sys/firmware/efi/efivars/HibernateLocation-8cf2644b-4b0b-428f-9387-6d876050dc67
[   16.310752] omarchy-m2 systemd[1]: Starting Journal Service...
[   16.310756] omarchy-m2 systemd[1]: Starting Load Kernel Modules...
[   16.310760] omarchy-m2 systemd[1]: TPM PCR Machine ID Measurement skipped, unmet condition check ConditionSecurity=measured-os
[   16.310764] omarchy-m2 systemd[1]: TPM PCR OS Separator skipped, unmet condition check ConditionSecurity=measured-os
[   16.310768] omarchy-m2 systemd[1]: Starting Remount Root and Kernel File Systems...
[   16.310772] omarchy-m2 systemd[1]: Early TPM SRK Setup skipped, unmet condition check ConditionSecurity=measured-os
[   16.310776] omarchy-m2 systemd[1]: TPM PCR NvPCR Initialization Separator skipped, unmet condition check ConditionPathExists=/etc/initrd-release
[   16.310781] omarchy-m2 systemd[1]: TPM NvPCR Product ID Measurement skipped, unmet condition check ConditionSecurity=measured-os
[   16.310784] omarchy-m2 systemd[1]: Starting Load udev Rules from Credentials...
[   16.310794] omarchy-m2 systemd[1]: Starting Coldplug All udev Devices...
[   16.310798] omarchy-m2 systemd[1]: Starting Virtual Console Setup...
[   16.310802] omarchy-m2 systemd[1]: Mounted Huge Pages File System.
[   16.310806] omarchy-m2 systemd[1]: Mounted POSIX Message Queue File System.
[   16.310810] omarchy-m2 systemd[1]: Mounted Kernel Debug File System.
[   16.310814] omarchy-m2 systemd[1]: Mounted Kernel Trace File System.
[   16.310818] omarchy-m2 systemd[1]: Finished Create List of Static Device Nodes.
[   16.310822] omarchy-m2 kernel: fuse: init (API version 7.45)
[   16.310826] omarchy-m2 systemd[1]: Mounted Kernel Configuration File System.
[   16.310830] omarchy-m2 systemd[1]: Finished Load udev Rules from Credentials.
[   16.310835] omarchy-m2 systemd[1]: modprobe@fuse.service: Deactivated successfully.
[   16.310839] omarchy-m2 systemd[1]: Finished Load Kernel Module fuse.
[   16.310843] omarchy-m2 kernel: i2c_dev: i2c /dev entries driver
[   16.310847] omarchy-m2 systemd[1]: Finished Virtual Console Setup.
[   16.310851] omarchy-m2 systemd[1]: Finished Load Kernel Modules.
[   16.310855] omarchy-m2 systemd[1]: Mounting FUSE Control File System...
[   16.310859] omarchy-m2 systemd[1]: Starting Apply Kernel Variables...
[   16.310863] omarchy-m2 systemd[1]: Starting Create Static Device Nodes in /dev gracefully...
[   16.310875] omarchy-m2 systemd-journald[594]: Collecting audit messages is enabled.
[   16.310886] omarchy-m2 systemd[1]: Mounted FUSE Control File System.
[   16.310891] omarchy-m2 systemd[1]: Finished Apply Kernel Variables.
[   16.310895] omarchy-m2 kernel: audit: type=1130 audit(1790062837.609:2): pid=1 uid=0 auid=4294967295 ses=4294967295 subj=unconfined msg='unit=systemd-sysctl comm="systemd" exe="/usr/lib/systemd/systemd" hostname=? addr=? terminal=? res=success'
[   16.310899] omarchy-m2 systemd[1]: Starting CLI Netfilter Manager...
[   16.310904] omarchy-m2 systemd[1]: Starting Load Kernel Module tun...
[   16.310907] omarchy-m2 kernel: audit: type=1334 audit(1790062837.620:3): prog-id=19 op=LOAD
[   16.310911] omarchy-m2 kernel: audit: type=1334 audit(1790062837.620:4): prog-id=20 op=LOAD
[   16.310915] omarchy-m2 kernel: audit: type=1334 audit(1790062837.620:5): prog-id=21 op=LOAD
[   16.310919] omarchy-m2 systemd[1]: Starting User Database Manager...
[   16.310923] omarchy-m2 kernel: audit: type=1325 audit(1790062837.623:6): table=filter:2 family=2 entries=40 op=nft_register_chain pid=619 subj=unconfined comm="iptables-restor"
[   16.310931] omarchy-m2 kernel: audit: type=1300 audit(1790062837.623:6): arch=c00000b7 syscall=211 success=yes exit=5928 a0=3 a1=ffffc6dc91a0 a2=0 a3=0 items=0 ppid=609 pid=619 auid=4294967295 uid=0 gid=0 euid=0 suid=0 fsuid=0 egid=0 sgid=0 fsgid=0 tty=(none) ses=4294967295 comm="iptables-restor" exe="/usr/bin/xtables-nft-multi" subj=unconfined key=(null)
[   16.310936] omarchy-m2 kernel: audit: type=1327 audit(1790062837.623:6): proctitle=69707461626C65732D726573746F7265002D6E
[   16.310940] omarchy-m2 kernel: tun: Universal TUN/TAP device driver, 1.6
[   16.310944] omarchy-m2 systemd[1]: modprobe@tun.service: Deactivated successfully.
[   16.310948] omarchy-m2 systemd[1]: Finished Load Kernel Module tun.
[   16.310952] omarchy-m2 kernel: audit: type=1130 audit(1790062837.624:7): pid=1 uid=0 auid=4294967295 ses=4294967295 subj=unconfined msg='unit=modprobe@tun comm="systemd" exe="/usr/lib/systemd/systemd" hostname=? addr=? terminal=? res=success'
[   16.310956] omarchy-m2 kernel: audit: type=1131 audit(1790062837.624:8): pid=1 uid=0 auid=4294967295 ses=4294967295 subj=unconfined msg='unit=modprobe@tun comm="systemd" exe="/usr/lib/systemd/systemd" hostname=? addr=? terminal=? res=success'
[   16.310960] omarchy-m2 kernel: audit: type=1334 audit(1790062837.624:9): prog-id=22 op=LOAD
[   16.310964] omarchy-m2 systemd[1]: Starting Namespace Resource Manager...
[   16.312045] omarchy-m2 systemd[1]: Started Journal Service.
[   16.404640] omarchy-m2 kernel: BTRFS info (device dm-0 state M): use zstd compression, level 1
[   16.544041] omarchy-m2 kernel: zram0: detected capacity change from 0 to 65245184
[   16.558007] omarchy-m2 kernel: apple-display-crossbar 70304c000.mux: Switched dpphy to disconnected state
[   16.558632] omarchy-m2 kernel: apple-display-crossbar 70304c000.mux: t602x idle: 000=00000000 004=000001ff 008=00000000 00c=00000000 014=000001ff 018=00000000 01c=00000000 024=00000111 028=00000000 02c=00000000 030=00000000 034=00000000 040=0005ad6b 044=02b5ad6b 048=00000000 04c=00000000 050=00000000 060=00000000 070=00000000
[   16.558796] omarchy-m2 kernel: apple-display-crossbar 70304c000.mux: t602x idle clk: 000=00000000 800=00000000 020=00000000 820=00000000 024=00000111 81c=00000111
[   16.558879] omarchy-m2 kernel: apple-display-crossbar 70304c000.mux: Switched dpin0 to disconnected state
[   16.558996] omarchy-m2 kernel: apple-display-crossbar 70304c000.mux: t602x idle: 000=00000000 004=000001ff 008=00000000 00c=00000000 014=000001ff 018=00000000 01c=00000000 024=00000111 028=00000000 02c=00000000 030=00000000 034=00000000 040=0005ad6b 044=02b5ad6b 048=00000000 04c=00000000 050=00000000 060=00000000 070=00000000
[   16.559083] omarchy-m2 kernel: apple-display-crossbar 70304c000.mux: t602x idle clk: 000=00000000 800=00000000 020=00000000 820=00000000 024=00000111 81c=00000111
[   16.559602] omarchy-m2 kernel: apple-display-crossbar 70304c000.mux: Switched dpin1 to disconnected state
[   16.562180] omarchy-m2 kernel: apple-display-crossbar 70304c000.mux: t602x idle: 000=00000000 004=000001ff 008=00000000 00c=00000000 014=000001ff 018=00000000 01c=00000000 024=00000111 028=00000000 02c=00000000 030=00000000 034=00000000 040=0005ad6b 044=02b5ad6b 048=00000000 04c=00000000 050=00000000 060=00000000 070=00000000
[   16.562287] omarchy-m2 kernel: apple-display-crossbar 70304c000.mux: t602x idle clk: 000=00000000 800=00000000 020=00000000 820=00000000 024=00000111 81c=00000111
[   16.565011] omarchy-m2 kernel: apple-display-crossbar b0304c000.mux: Switched dpphy to disconnected state
[   16.570892] omarchy-m2 kernel: apple-display-crossbar b0304c000.mux: t602x idle: 000=00000000 004=000001ff 008=00000000 00c=00000000 014=000001ff 018=00000000 01c=00000000 024=00000111 028=00000000 02c=00000000 030=00000000 034=00000000 040=0005ad6b 044=02b5ad6b 048=00000000 04c=00000000 050=00000000 060=00000000 070=00000000
[   16.574304] omarchy-m2 kernel: apple-display-crossbar b0304c000.mux: t602x idle clk: 000=00000000 800=00000000 020=00000000 820=00000000 024=00000111 81c=00000111
[   16.577244] omarchy-m2 kernel: apple-display-crossbar b0304c000.mux: Switched dpin0 to disconnected state
[   16.577394] omarchy-m2 kernel: apple-display-crossbar b0304c000.mux: t602x idle: 000=00000000 004=000001ff 008=00000000 00c=00000000 014=000001ff 018=00000000 01c=00000000 024=00000111 028=00000000 02c=00000000 030=00000000 034=00000000 040=0005ad6b 044=02b5ad6b 048=00000000 04c=00000000 050=00000000 060=00000000 070=00000000
[   16.577547] omarchy-m2 kernel: apple-display-crossbar b0304c000.mux: t602x idle clk: 000=00000000 800=00000000 020=00000000 820=00000000 024=00000111 81c=00000111
[   16.577718] omarchy-m2 kernel: apple-display-crossbar b0304c000.mux: Switched dpin1 to disconnected state
[   16.577908] omarchy-m2 kernel: apple-display-crossbar b0304c000.mux: t602x idle: 000=00000000 004=000001ff 008=00000000 00c=00000000 014=000001ff 018=00000000 01c=00000000 024=00000111 028=00000000 02c=00000000 030=00000000 034=00000000 040=0005ad6b 044=02b5ad6b 048=00000000 04c=00000000 050=00000000 060=00000000 070=00000000
[   16.578063] omarchy-m2 kernel: apple-display-crossbar b0304c000.mux: t602x idle clk: 000=00000000 800=00000000 020=00000000 820=00000000 024=00000111 81c=00000111
[   16.579100] omarchy-m2 kernel: apple-display-crossbar f0304c000.mux: Switched dpphy to disconnected state
[   16.579210] omarchy-m2 kernel: apple-display-crossbar f0304c000.mux: t602x idle: 000=00000000 004=000001ff 008=00000000 00c=00000000 014=000001ff 018=00000000 01c=00000000 024=00000111 028=00000000 02c=00000000 030=00000000 034=00000000 040=0005ad6b 044=02b5ad6b 048=00000000 04c=00000000 050=00000000 060=00000000 070=00000000
[   16.579289] omarchy-m2 kernel: apple-display-crossbar f0304c000.mux: t602x idle clk: 000=00000000 800=00000000 020=00000000 820=00000000 024=00000111 81c=00000111
[   16.579382] omarchy-m2 kernel: apple-display-crossbar f0304c000.mux: Switched dpin0 to disconnected state
[   16.579462] omarchy-m2 kernel: apple-display-crossbar f0304c000.mux: t602x idle: 000=00000000 004=000001ff 008=00000000 00c=00000000 014=000001ff 018=00000000 01c=00000000 024=00000111 028=00000000 02c=00000000 030=00000000 034=00000000 040=0005ad6b 044=02b5ad6b 048=00000000 04c=00000000 050=00000000 060=00000000 070=00000000
[   16.580626] omarchy-m2 kernel: apple-display-crossbar f0304c000.mux: t602x idle clk: 000=00000000 800=00000000 020=00000000 820=00000000 024=00000111 81c=00000111
[   16.583724] omarchy-m2 kernel: apple-display-crossbar f0304c000.mux: Switched dpin1 to disconnected state
[   16.584926] omarchy-m2 kernel: apple-display-crossbar f0304c000.mux: t602x idle: 000=00000000 004=000001ff 008=00000000 00c=00000000 014=000001ff 018=00000000 01c=00000000 024=00000111 028=00000000 02c=00000000 030=00000000 034=00000000 040=0005ad6b 044=02b5ad6b 048=00000000 04c=00000000 050=00000000 060=00000000 070=00000000
[   16.585061] omarchy-m2 kernel: apple-display-crossbar f0304c000.mux: t602x idle clk: 000=00000000 800=00000000 020=00000000 820=00000000 024=00000111 81c=00000111
[   16.585153] omarchy-m2 kernel: apple-display-crossbar 130304c000.mux: Switched dpphy to disconnected state
[   16.585229] omarchy-m2 kernel: apple-display-crossbar 130304c000.mux: t602x idle: 000=00000000 004=000001ff 008=00000000 00c=00000000 014=000001ff 018=00000000 01c=00000000 024=00000111 028=00000000 02c=00000000 030=00000000 034=00000000 040=0005ad6b 044=02b5ad6b 048=00000000 04c=00000000 050=00000000 060=00000000 070=00000000
[   16.585314] omarchy-m2 kernel: apple-display-crossbar 130304c000.mux: t602x idle clk: 000=00000000 800=00000000 020=00000000 820=00000000 024=00000111 81c=00000111
[   16.585407] omarchy-m2 kernel: apple-display-crossbar 130304c000.mux: Switched dpin0 to disconnected state
[   16.585480] omarchy-m2 kernel: apple-display-crossbar 130304c000.mux: t602x idle: 000=00000000 004=000001ff 008=00000000 00c=00000000 014=000001ff 018=00000000 01c=00000000 024=00000111 028=00000000 02c=00000000 030=00000000 034=00000000 040=0005ad6b 044=02b5ad6b 048=00000000 04c=00000000 050=00000000 060=00000000 070=00000000
[   16.585563] omarchy-m2 kernel: apple-display-crossbar 130304c000.mux: t602x idle clk: 000=00000000 800=00000000 020=00000000 820=00000000 024=00000111 81c=00000111
[   16.585651] omarchy-m2 kernel: apple-display-crossbar 130304c000.mux: Switched dpin1 to disconnected state
[   16.586995] omarchy-m2 kernel: apple-display-crossbar 130304c000.mux: t602x idle: 000=00000000 004=000001ff 008=00000000 00c=00000000 014=000001ff 018=00000000 01c=00000000 024=00000111 028=00000000 02c=00000000 030=00000000 034=00000000 040=0005ad6b 044=02b5ad6b 048=00000000 04c=00000000 050=00000000 060=00000000 070=00000000
[   16.587206] omarchy-m2 kernel: apple-display-crossbar 130304c000.mux: t602x idle clk: 000=00000000 800=00000000 020=00000000 820=00000000 024=00000111 81c=00000111
[   16.587359] omarchy-m2 kernel: mc: Linux media interface: v0.10
[   16.587371] omarchy-m2 kernel: Adding 32622576k swap on /dev/zram0.  Priority:100 extents:1 across:32622576k SSDsc
[   16.600007] omarchy-m2 kernel: apple-dcp 315c00000.dcp: typec0 USB4 DP IN using crossbar mux 1
[   16.603004] omarchy-m2 kernel: apple-dcp 315c00000.dcp: typec1 USB4 DP IN using crossbar mux 1
[   16.606075] omarchy-m2 kernel: apple_aop 2a6c00000.aop: RTKit: Initializing (protocol version 12)
[   16.607723] omarchy-m2 kernel: apple-sio 39bc00000.sio: RTKit: Initializing (protocol version 12)
[   16.608636] omarchy-m2 kernel: apple-sio 39bc00000.sio: SIO protocol v9
[   16.608821] omarchy-m2 kernel: apple_aop 2a6c00000.aop: RTKit: syslog message: AOP_oslog_init.cpp:96: Start AOP OSLog init
[   16.609013] omarchy-m2 kernel: apple_aop 2a6c00000.aop: RTKit: syslog message: P_os_log_support.cpp:60: AOP os log initialized
[   16.609136] omarchy-m2 kernel: videodev: Linux video capture interface: v2.00
[   16.609142] omarchy-m2 kernel: apple-dcp 315c00000.dcp: typec2 USB4 DP IN using crossbar mux 1
[   16.610008] omarchy-m2 kernel: tas2764 1-003a: supply SDZ not found, using dummy regulator
[   16.610154] omarchy-m2 kernel: tas2764 1-0038: supply SDZ not found, using dummy regulator
[   16.610275] omarchy-m2 kernel: tas2764 1-0039: supply SDZ not found, using dummy regulator
[   16.610419] omarchy-m2 kernel: tas2764 3-003d: supply SDZ not found, using dummy regulator
[   16.610550] omarchy-m2 kernel: tas2764 3-003b: supply SDZ not found, using dummy regulator
[   16.610697] omarchy-m2 kernel: tas2764 3-003c: supply SDZ not found, using dummy regulator
[   16.610818] omarchy-m2 kernel: tas2764 3-003c: tas2764_i2c_probe: Failed to parse devicetree
[   16.612004] omarchy-m2 kernel: apple-isp 384000000.isp: ISP firmware-compat: 13.5 (FW: 13.5)
[   16.612123] omarchy-m2 kernel: apple-display-crossbar 130304c000.mux: Switched dpphy to dispext0,0 (t602x atc=0x100 mux=0x0)
[   16.612239] omarchy-m2 kernel: apple-display-crossbar 130304c000.mux: t602x dpphy: 000=00000001 004=000001fe 008=00000001 00c=00000001 014=000001fb 018=00000001 01c=00000100 024=00000011 028=00000100 02c=00000001 030=00000000 034=00000100 040=0005ad6b 044=02b5ad6b 048=00000000 04c=00000000 050=00000000 060=00000000 070=00000000
[   16.612343] omarchy-m2 kernel: apple-display-crossbar 130304c000.mux: t602x dpphy clk: 000=00000001 800=00000000 020=00000000 820=00000000 024=00000011 81c=00000011
[   16.612456] omarchy-m2 kernel: apple-isp 384000000.isp: IPC surface iova: 0x10000f00000
[   16.612576] omarchy-m2 kernel: apple-isp 384000000.isp: Data surface iova: 0x10000f1c000
[   16.612697] omarchy-m2 kernel: apple-dcp 289c00000.dcp: typec_mux_set() returned: 0
[   16.612811] omarchy-m2 kernel: apple-dcp 289c00000.dcp: typec0 USB4 DP IN using crossbar mux 1
[   16.612902] omarchy-m2 kernel: apple-dcp 289c00000.dcp: typec1 USB4 DP IN using crossbar mux 1
[   16.613042] omarchy-m2 kernel: apple-dcp 289c00000.dcp: typec2 USB4 DP IN using crossbar mux 1
[   16.613179] omarchy-m2 kernel: apple-dcp 389c00000.dcp: Detected display with notch of 74 pixel
[   16.613286] omarchy-m2 kernel: platform 389c00000.dcp:piodma: Adding to iommu group 16
[   16.613381] omarchy-m2 kernel: apple-dart 389304000.iommu: Limited to ias=36 due to lock
[   16.613486] omarchy-m2 kernel: apple-dcp 389c00000.dcp: RTKit: Initializing (protocol version 12)
[   16.613581] omarchy-m2 kernel: apple-dcp 389c00000.dcp: shmem_setup: iova: 10080238000 -> pa: 107ddbb4000 -> iomem: ffff80008ef30000
[   16.613667] omarchy-m2 kernel: apple-dcp 389c00000.dcp: shmem_setup: iova: 10fffffc000, buffer: ffff800083e6c000
[   16.614005] omarchy-m2 kernel: avd 287080000.avd: booting hw version: 30010
[   16.614121] omarchy-m2 kernel: apple-dcp 389c00000.dcp: shmem_setup: iova: 10fffff8000, buffer: ffff80008bb04000
[   16.614226] omarchy-m2 kernel: apple-drm soc:display-subsystem: bound 389c00000.dcp (ops dcp_comp_ops [appledrm])
[   16.614309] omarchy-m2 kernel: apple-dcp 289c00000.dcp: DCP index:1 dptx target phy: 3 dptx die: 0
[   16.614401] omarchy-m2 kernel: apple-dcp 389c00000.dcp: RTKit: syslog message: ck_PCC2DBlm_v5.cpp:2611: IOMFB LACS_ERROR: DCP took too long to respond to LAS stats
[   16.614485] omarchy-m2 kernel: platform 289c00000.dcp:piodma: Adding to iommu group 17
[   16.614558] omarchy-m2 kernel: apple-dart 289304000.iommu: Limited to ias=36 due to lock
[   16.614640] omarchy-m2 kernel: apple-dcp 389c00000.dcp: RTKit: syslog message: ck_PCC2DBlm_v5.cpp:2646: IOMFB: BLM LTS data hasn't been read in more than 10 secs
[   16.614705] omarchy-m2 kernel: apple-dcp 289c00000.dcp: RTKit: Initializing (protocol version 12)
[   16.614784] omarchy-m2 kernel: apple-dcp 289c00000.dcp: shmem_setup: iova: 10080238000 -> pa: 107dd8b4000 -> iomem: ffff80008ef70000
[   16.614852] omarchy-m2 kernel: apple-dcp 289c00000.dcp: shmem_setup: iova: 10fffffc000, buffer: ffff80008ef24000
[   16.616004] omarchy-m2 kernel: apple-dcp 289c00000.dcp: shmem_setup: iova: 10fffff8000, buffer: ffff80008ef44000
[   16.616076] omarchy-m2 kernel: apple-drm soc:display-subsystem: bound 289c00000.dcp (ops dcp_comp_ops [appledrm])
[   16.616138] omarchy-m2 kernel: apple-drm soc:display-subsystem: bound 39b540000.audio-controller (ops dcpaud_comp_ops [appledrm])
[   16.616194] omarchy-m2 kernel: apple-dcp 315c00000.dcp: DCP index:2 dptx target phy: 1 dptx die: 0
[   16.616255] omarchy-m2 kernel: platform 315c00000.dcp:piodma: Adding to iommu group 18
[   16.616322] omarchy-m2 kernel: apple-dart 315304000.iommu: Limited to ias=36 due to lock
[   16.616386] omarchy-m2 kernel: apple-dcp 315c00000.dcp: RTKit: Initializing (protocol version 12)
[   16.616446] omarchy-m2 kernel: apple-dcp 315c00000.dcp: shmem_setup: iova: 10080238000 -> pa: 107dc5b4000 -> iomem: ffff80008efb0000
[   16.616506] omarchy-m2 kernel: apple-dcp 315c00000.dcp: shmem_setup: iova: 10fffffc000, buffer: ffff80008ef94000
[   16.617003] omarchy-m2 kernel: apple-dcp 315c00000.dcp: shmem_setup: iova: 10fffff8000, buffer: ffff80008efc4000
[   16.617091] omarchy-m2 kernel: apple-drm soc:display-subsystem: bound 315c00000.dcp (ops dcp_comp_ops [appledrm])
[   16.617165] omarchy-m2 kernel: apple-drm soc:display-subsystem: bound 39b580000.audio-controller (ops dcpaud_comp_ops [appledrm])
[   16.619025] omarchy-m2 kernel: apple-dcp 389c00000.dcp: RTKit: syslog message: ap_link.c:299: shared memory dva: 0x10fffe00000 0xffffffff00680000
[   16.619138] omarchy-m2 kernel: apple-dcp 389c00000.dcp: RTKit: syslog message: ap_link.c:276: ap_link: IOMFB: DCP heap size: 0x1030000 [iBoot:0x1030000] [LinkService:0x0]
[   16.619791] omarchy-m2 kernel: apple-dcp 389c00000.dcp: RTKit: syslog message: nifiedPipeline.cpp:4191: IOMFB: Could not find Backlight service
[   16.619897] omarchy-m2 kernel: apple-dcp 389c00000.dcp: RTKit: syslog message: nifiedPipeline.cpp:4199: IOMFB: Could not find nvram service
[   16.619997] omarchy-m2 kernel: apple-dcp 389c00000.dcp: RTKit: syslog message: nifiedPipeline.cpp:1838: virtual bool UnifiedPipeline::start_ios_gated(): Created AP Services
[   16.620088] omarchy-m2 kernel: apple-dcp 389c00000.dcp: RTKit: syslog message: nifiedPipeline.cpp:1864: start_ios_gated: trigger pending HPD notification
[   16.620763] omarchy-m2 kernel: apple-dcp 389c00000.dcp: cb_hotplug() connected:1, valid_mode:0 nr_modes:0
[   16.623078] omarchy-m2 kernel: apple-dcp 389c00000.dcp: dcp_hotplug() connected:1 valid_mode:0 nr_modes:0
[   16.625720] omarchy-m2 kernel: apple-dcp 389c00000.dcp: RTKit: syslog message: nifiedPipeline.cpp:1871: virtual bool UnifiedPipeline::start_ios_gated(): Flushed RTPs
[   16.627523] omarchy-m2 kernel: apple-dcp 389c00000.dcp: RTKit: syslog message: ableCompensator.cpp:903: IOMFB setup_table: Could not find table 'display-backlight-compensation-v1' in registry. Using default table.
[   16.629274] omarchy-m2 kernel: apple-dcp 389c00000.dcp: RTKit: syslog message: PPipeDCP_H13P.cpp:11092: IOMFB updateFrequencies: minimum-frequency property not found, using getClockFrequency(0) instead.
[   16.630697] omarchy-m2 kernel: apple-dcp 389c00000.dcp: RTKit: syslog message: PPipeDCP_H13P.cpp:11109: IOMFB updateFrequencies EDT ERROR: getClockFrequency(0) (257142848) < videoClock 521064960! Giving up on frequencies.
[   16.630928] omarchy-m2 kernel: apple-dcp 389c00000.dcp: RTKit: syslog message: UPPipeDCP_H13P.cpp:1532: IOMFB: videoClock is zero, defaulting to 521065000
[   16.631058] omarchy-m2 kernel: apple-dcp 389c00000.dcp: RTKit: syslog message: nifiedPipeline.cpp:1356: set_device_enabled_gated: current state: 1, requested state: 1
[   16.631156] omarchy-m2 kernel: apple-dcp 389c00000.dcp: RTKit: syslog message: PPipeDCP_H13P.cpp:11092: IOMFB updateFrequencies: minimum-frequency property not found, using getClockFrequency(0) instead.
[   16.631244] omarchy-m2 kernel: apple-dcp 389c00000.dcp: RTKit: syslog message: PPipeDCP_H13P.cpp:11109: IOMFB updateFrequencies EDT ERROR: getClockFrequency(0) (257142848) < videoClock 521064960! Giving up on frequencies.
[   16.631317] omarchy-m2 kernel: apple-dcp 389c00000.dcp: RTKit: syslog message: PPipeDCP_H13P.cpp:10490: set_run_mode_safe: deferring: 2 -> 4
[   16.631396] omarchy-m2 kernel: apple-dcp 389c00000.dcp: RTKit: syslog message: PPipeDCP_H13P.cpp:10395: virtual IOMFBStatus IOMFB::UPPipeDCP_H13P::ready_for_run_mode_change(IOMFB::AppleRegisterStream *): initiating deferred run mod
[   16.631459] omarchy-m2 kernel: apple-dcp 389c00000.dcp: RTKit: syslog message: M3Hal_v1.cpp:197: IOMFB: load APT M3 IMem : size 0x7b40
[   16.631519] omarchy-m2 kernel: apple-dcp 389c00000.dcp: RTKit: syslog message: M3Hal_v1.cpp:197: IOMFB: load APT M3 DMem : size 0x6fd4
[   16.631581] omarchy-m2 kernel: apple-dcp 389c00000.dcp: RTKit: syslog message: CAHandler.cpp:188: IOMFB load_ca_data: Unrecognized data version 0 (expected 1 or 2)
[   16.631639] omarchy-m2 kernel: spi-nor spi0.0: supply vcc not found, using dummy regulator
[   16.631708] omarchy-m2 kernel: apple-dcp 289c00000.dcp: AFK[ep:20]: new service system on channel 1
[   16.631777] omarchy-m2 kernel: apple-dcp 289c00000.dcp: AFK[ep:20]: new service powerlog-service on channel 3
[   16.632044] omarchy-m2 kernel: apple-dcp 389c00000.dcp: RTKit: syslog message: PPipeDCP_H13P.cpp:14085: IOMFB Int RTBandwidth: program_M3_rt_config: Using Dashboard 28e3d1208
[   16.632249] omarchy-m2 kernel: apple_aop 2a6c00000.aop: RTKit: syslog message: ALSVD6286.cpp:80: [ALS1] VD6286 device found. Calibration Override:0
[   16.632324] omarchy-m2 kernel: thunderbolt-apple-acio 701ac0000.cio: PCIe-C tunnel disabled: m1n1 handoff is not initialized
[   16.632397] omarchy-m2 kernel: apple-dcp 389c00000.dcp: AFK[ep:20]: new service system on channel 5
[   16.632498] omarchy-m2 kernel: apple-dcp 389c00000.dcp: AFK[ep:20]: new service powerlog-service on channel 7
[   16.632589] omarchy-m2 kernel: apple-dcp 389c00000.dcp: RTKit: syslog message: dpointInterface.cpp:606: [AFK][AFKMailboxSharedMemoryEndpointInterface:#62] if:1 inCmd:0 inResp:0 outRepErr:0 outCmdErr:0 t:1180374040
[   16.632674] omarchy-m2 kernel: apple-dcp 389c00000.dcp: RTKit: syslog message: dpointInterface.cpp:606: [AFK][AFKMailboxSharedMemoryEndpointInterface:#65] if:3 inCmd:0 inResp:0 outRepErr:0 outCmdErr:0 t:1180381254
[   16.632760] omarchy-m2 kernel: cs42l84 2-004b: Cirrus Logic CS42L84, Revision: 36
[   16.632856] omarchy-m2 kernel: apple-dcp 389c00000.dcp: RTKit: syslog message: UPTSQManager.cpp:133: IOMFB: clearing M3 reset
[   16.632941] omarchy-m2 kernel: apple-dcp 389c00000.dcp: RTKit: syslog message: UPTSQ_Hal_v1.cpp:349: IOMFB: timebase_offset = 4
[   16.633022] omarchy-m2 kernel: 1 fixed-partitions partitions found on MTD device spi0.0
[   16.633028] omarchy-m2 kernel: Creating 1 MTD partitions on "spi0.0":
[   16.633033] omarchy-m2 kernel: 0x000000700000-0x000000800000 : "nvram"
[   16.633037] omarchy-m2 kernel: thunderbolt-apple-acio b01ac0000.cio: PCIe-C tunnel disabled: m1n1 handoff is not initialized
[   16.633123] omarchy-m2 kernel: thunderbolt-apple-acio f01ac0000.cio: PCIe-C tunnel disabled: m1n1 handoff is not initialized
[   16.641018] omarchy-m2 kernel: apple-dcp 389c00000.dcp: RTKit: syslog message: UPTSQManager.cpp:105: IOMFB: switch to normal mode succeeded
[   16.643005] omarchy-m2 kernel: cfg80211: Loading compiled-in X.509 certificates for regulatory database
[   16.644006] omarchy-m2 kernel: apple-dcp 389c00000.dcp: RTKit: syslog message: ck_PCC2DBlm_v5.cpp:2611: IOMFB LACS_ERROR: DCP took too long to respond to LAS stats
[   16.644081] omarchy-m2 kernel: apple-dcp 389c00000.dcp: DCP booted
[   16.644145] omarchy-m2 kernel: apple-dcp 389c00000.dcp: DCP is_main_display: 1
[   16.644204] omarchy-m2 kernel: apple-dcp 389c00000.dcp: dcp_hotplug() connected:1 valid_mode:0 nr_modes:6
[   16.646144] omarchy-m2 kernel: Loaded X.509 cert 'sforshee: 00b28ddf47aef9cea7'
[   16.646154] omarchy-m2 kernel: Loaded X.509 cert 'wens: 61c038651aabdcf94bd0ac7ff06c7248db18c600'
[   16.655006] omarchy-m2 kernel: Bluetooth: Core ver 2.22
[   16.655021] omarchy-m2 kernel: NET: Registered PF_BLUETOOTH protocol family
[   16.655026] omarchy-m2 kernel: Bluetooth: HCI device and connection manager initialized
[   16.655032] omarchy-m2 kernel: Bluetooth: HCI socket layer initialized
[   16.655037] omarchy-m2 kernel: Bluetooth: L2CAP socket layer initialized
[   16.655042] omarchy-m2 kernel: Bluetooth: SCO socket layer initialized
[   16.657007] omarchy-m2 kernel: usbcore: registered new interface driver brcmfmac
[   16.657017] omarchy-m2 kernel: brcmfmac 0000:01:00.0: enabling device (0000 -> 0002)
[   16.659005] omarchy-m2 kernel: hci_bcm4377 0000:01:00.1: resetting
[   16.666003] omarchy-m2 kernel: apple_aop 2a6c00000.aop: RTKit: syslog message: iggerController.cpp:129: VoiceTrig ready!! <AppleAOPVoiceTriggerController v240.2 built: Jun 30 202317:4
[   16.666094] omarchy-m2 kernel: apple_aop 2a6c00000.aop: RTKit: syslog message: SPU_init.cpp:320: ===( AOP IS READY )===
[   16.671012] omarchy-m2 kernel: brcmfmac: brcmf_fw_alloc_request: using brcm/brcmfmac4388c0-pcie for chip BCM4388/4
[   16.765024] omarchy-m2 kernel: hci_bcm4377 0000:01:00.1: reset done
[   16.872052] omarchy-m2 kernel: hci_bcm4377 0000:01:00.1: enabling device (0000 -> 0002)
[   17.349738] omarchy-m2 systemd-journald[594]: Received client request to flush runtime journal.
[   17.478004] omarchy-m2 kernel: input: keyd virtual keyboard as /devices/virtual/input/input3
[   17.511012] omarchy-m2 kernel: input: keyd virtual pointer as /devices/virtual/input/input4
[   17.573007] omarchy-m2 kernel: apple-isp: CISP_CMD_CONFIG_GET: 
[   17.573027] omarchy-m2 kernel: apple-isp: 00000000 00000003 016e3600 00000001 0000000a 00000000 00000001
[   17.573034] omarchy-m2 kernel: apple-isp 384000000.isp: found sensor 558 CC2248101BGPNTV7H on ch 0
[   17.573194] omarchy-m2 kernel: apple-isp: ch: CISP_CMD_CH_INFO_GET: 0
[   17.573233] omarchy-m2 kernel: apple-isp: ch: 00000000 0000010d 00000000 07dc0001 00010090 00010007 00000006 00000001
[   17.573272] omarchy-m2 kernel: apple-isp: ch: 00000558 00000009 00001410 00000002 00000000 00000000 00000000 00000000
[   17.573284] omarchy-m2 kernel: apple-isp: ch: 00000000 00000000 00000000 00050000 00000001 00000000 00000004 00000020
[   17.573297] omarchy-m2 kernel: apple-isp: ch: 00000006 00000000 00004680 00000040 00000001 00000002 00004000 00000040
[   17.573306] omarchy-m2 kernel: apple-isp: ch: 00000001 00000000 00000000 00000036 00000000 00000000 000f4240 434300a0
[   17.573330] omarchy-m2 kernel: apple-isp: ch: 38343232 42313031 544e5047 00483756 00000000 00000008 00000000 00000000
[   17.573349] omarchy-m2 kernel: apple-isp: ch: 00000001 00000000 00000100 00000000 00000000 00000000 00000000 00ff0000
[   17.573354] omarchy-m2 kernel: apple-isp: ch: 00000c00 00000000 0000001c 00000680 00000004 00000004 00000000 00000000
[   17.573361] omarchy-m2 kernel: apple-isp: ch: 00000000 00000000 00000000 00000000 07800000 00000780
[   17.573368] omarchy-m2 kernel: apple-isp: ps: CISP_CMD_CH_CAMERA_CONFIG_GET: 0
[   17.573373] omarchy-m2 kernel: apple-isp: ps: 00000000 00000106 00000000 00000000 07800780 07800780 00000000 00001df8
[   17.573380] omarchy-m2 kernel: apple-isp: ps: 00000100 00000001 00000040 00000040 00000040 00000040 00000040 00000040
[   17.573390] omarchy-m2 kernel: apple-isp: ps: 00000003 00000040 00000040 00000005 00000000 0100041e 00000001 00000000
[   17.573395] omarchy-m2 kernel: apple-isp: ps: 0bdebefc 00000006 00000007 00000000 00000009 000f4240 00000012 00000000
[   17.573403] omarchy-m2 kernel: apple-isp: ps: 00008000 00000014 00000015 00000000 00000000 00000000 00000780 00000780
[   17.573410] omarchy-m2 kernel: apple-isp: ps: 00010000 00000000 93f00000 00000040 0000001f 00000000 00000000 00000000
[   17.573417] omarchy-m2 kernel: apple-isp: ps: 00000780 00000780 00000100 00000000 00000000 00000780 00000780
[   17.573424] omarchy-m2 kernel: apple-isp: ps: CISP_CMD_CH_CAMERA_CONFIG_GET: 1
[   17.573442] omarchy-m2 kernel: apple-isp: ps: 00000000 00000106 00000000 00000001 08700780 08700780 00000000 00001df8
[   17.573448] omarchy-m2 kernel: apple-isp: ps: 00000100 00000001 00000040 00000040 00000040 00000040 00000040 00000040
[   17.573456] omarchy-m2 kernel: apple-isp: ps: 00000003 00000040 00000040 00000005 00000000 0100041e 00000001 00000000
[   17.573461] omarchy-m2 kernel: apple-isp: ps: 0bdebefc 00000006 00000007 00000000 00000009 000f4240 00000012 00000000
[   17.573468] omarchy-m2 kernel: apple-isp: ps: 00008000 00000014 00000015 00000000 00000000 00000000 00000780 00000438
[   17.573475] omarchy-m2 kernel: apple-isp: ps: 00010001 00000000 93f00000 00000040 0000001f 00000000 00000000 00000000
[   17.573483] omarchy-m2 kernel: apple-isp: ps: 00000780 00000870 00000100 00000000 00000000 00000780 00000438
[   17.573490] omarchy-m2 kernel: apple-isp: ps: CISP_CMD_CH_CAMERA_CONFIG_GET: 2
[   17.573495] omarchy-m2 kernel: apple-isp: ps: 00000000 00000106 00000000 00000002 0f000438 0f000438 00000000 00001df8
[   17.573499] omarchy-m2 kernel: apple-isp: ps: 00000100 00000001 00000040 00000040 00000040 00000040 00000040 00000040
[   17.573504] omarchy-m2 kernel: apple-isp: ps: 00000003 00000040 00000040 00000005 00000000 0100041e 00000001 00000000
[   17.573508] omarchy-m2 kernel: apple-isp: ps: 0bdebefc 00000006 00000007 00000000 00000009 000f4240 0000000d 00000000
[   17.573512] omarchy-m2 kernel: apple-isp: ps: 00008000 00000014 00000015 00000000 00000000 00000000 00000438 00000780
[   17.573517] omarchy-m2 kernel: apple-isp: ps: 00010001 00000000 93f00000 00000040 0000001f 00000000 00000000 00000000
[   17.573524] omarchy-m2 kernel: apple-isp: ps: 00000438 00000f00 00000100 00000000 00000000 00000438 00000780
[   17.573533] omarchy-m2 kernel: apple-isp: ps: CISP_CMD_CH_CAMERA_CONFIG_GET: 3
[   17.573537] omarchy-m2 kernel: apple-isp: ps: 00000000 00000106 00000000 00000003 0a6006e0 0a6006e0 00000000 00001df8
[   17.573542] omarchy-m2 kernel: apple-isp: ps: 00000100 00000001 00000040 00000040 00000040 00000040 00000040 00000040
[   17.573548] omarchy-m2 kernel: apple-isp: ps: 00000003 00000040 00000040 00000005 00000000 0100041e 00000001 00000000
[   17.573554] omarchy-m2 kernel: apple-isp: ps: 0bdebefc 00000006 00000007 00000000 00000009 000f4240 00000010 00000000
[   17.573560] omarchy-m2 kernel: apple-isp: ps: 00008000 00000014 00000015 00000000 00000000 00000000 000006e0 00000530
[   17.573564] omarchy-m2 kernel: apple-isp: ps: 00010001 00000000 93f00000 00000040 0000001f 00000000 00000000 00000000
[   17.573569] omarchy-m2 kernel: apple-isp: ps: 000006e0 00000a60 00000100 00000000 00000000 000006e0 00000530
[   17.573573] omarchy-m2 kernel: apple-isp: ps: CISP_CMD_CH_CAMERA_CONFIG_GET: 4
[   17.573583] omarchy-m2 kernel: apple-isp: ps: 00000000 00000106 00000000 00000004 0dc00530 0dc00530 00000000 00001df8
[   17.573587] omarchy-m2 kernel: apple-isp: ps: 00000100 00000001 00000040 00000040 00000040 00000040 00000040 00000040
[   17.573592] omarchy-m2 kernel: apple-isp: ps: 00000003 00000040 00000040 00000005 00000000 0100041e 00000001 00000000
[   17.573600] omarchy-m2 kernel: apple-isp: ps: 0bdebefc 00000006 00000007 00000000 00000009 000f4240 0000000e 00000000
[   17.573605] omarchy-m2 kernel: apple-isp: ps: 00008000 00000014 00000015 00000000 00000000 00000000 00000530 000006e0
[   17.573612] omarchy-m2 kernel: apple-isp: ps: 00010001 00000000 93f00000 00000040 0000001f 00000000 00000000 00000000
[   17.573633] omarchy-m2 kernel: apple-isp: ps: 00000530 00000dc0 00000100 00000000 00000000 00000530 000006e0
[   17.573640] omarchy-m2 kernel: apple-isp: ps: CISP_CMD_CH_CAMERA_CONFIG_GET: 5
[   17.573644] omarchy-m2 kernel: apple-isp: ps: 00000000 00000106 00000000 00000005 0c200610 0c200610 00000000 00001df8
[   17.573649] omarchy-m2 kernel: apple-isp: ps: 00000100 00000001 00000040 00000040 00000040 00000040 00000040 00000040
[   17.573657] omarchy-m2 kernel: apple-isp: ps: 00000003 00000040 00000040 00000005 00000000 0100041e 00000001 00000000
[   17.573661] omarchy-m2 kernel: apple-isp: ps: 0bdebefc 00000006 00000007 00000000 00000009 000f4240 0000000f 00000000
[   17.573668] omarchy-m2 kernel: apple-isp: ps: 00008000 00000014 00000015 00000000 00000000 00000000 00000610 00000610
[   17.573672] omarchy-m2 kernel: apple-isp: ps: 00010001 00000000 93f00000 00000040 0000001f 00000000 00000000 00000000
[   17.573678] omarchy-m2 kernel: apple-isp: ps: 00000610 00000c20 00000100 00000000 00000000 00000610 00000610
[   17.581007] omarchy-m2 kernel: apple-isp 384000000.isp: apple-isp probe!
[   17.637008] omarchy-m2 kernel: apple-dcp 289c00000.dcp: AFK[ep:23]: new service disp0-service on channel 1
[   17.643008] omarchy-m2 kernel: apple-dcp 289c00000.dcp: AFK[ep:2a]: new service AppleDCPDPTXRemotePort on channel 1
[   17.643120] omarchy-m2 kernel: apple-dcp 289c00000.dcp: AFK[ep:2a]: new service AppleDCPDPTXRemotePort on channel 3
[   17.643202] omarchy-m2 kernel: apple-dcp 289c00000.dcp: RTKit: syslog message: ap_link.c:299: shared memory dva: 0x10fffe00000 0xffffffff00027000
[   17.643270] omarchy-m2 kernel: apple-dcp 289c00000.dcp: RTKit: syslog message: ap_link.c:276: ap_link: IOMFB: DCP heap size: 0x1030000 [iBoot:0x1030000] [LinkService:0x0]
[   17.644006] omarchy-m2 kernel: apple-dcp 289c00000.dcp: RTKit: syslog message: nifiedPipeline.cpp:4191: IOMFB: Could not find Backlight service
[   17.644075] omarchy-m2 kernel: apple-dcp 289c00000.dcp: RTKit: syslog message: nifiedPipeline.cpp:4199: IOMFB: Could not find nvram service
[   17.644138] omarchy-m2 kernel: apple-dcp 289c00000.dcp: RTKit: syslog message: nifiedPipeline.cpp:1838: virtual bool UnifiedPipeline::start_ios_gated(): Created AP Services
[   17.647004] omarchy-m2 kernel: apple-dcp 289c00000.dcp: RTKit: syslog message: nifiedPipeline.cpp:1871: virtual bool UnifiedPipeline::start_ios_gated(): Flushed RTPs
[   17.647073] omarchy-m2 kernel: apple-dcp 289c00000.dcp: RTKit: syslog message: PPipeDCP_H13P.cpp:11122: IOMFB setup_video_limits called on secondary display with no timing set
[   17.647133] omarchy-m2 kernel: apple-dcp 289c00000.dcp: read_edt_data key=initial-vbi-advance-lines count=1 default0=0x2 ret=0
[   17.648004] omarchy-m2 kernel: apple-dcp 289c00000.dcp: RTKit: syslog message: nifiedPipeline.cpp:1356: set_device_enabled_gated: current state: 1, requested state: 1
[   17.648072] omarchy-m2 kernel: apple-dcp 289c00000.dcp: RTKit: syslog message: PPipeDCP_H13P.cpp:11122: IOMFB setup_video_limits called on secondary display with no timing set
[   17.650004] omarchy-m2 kernel: apple-dcp 289c00000.dcp: RTKit: syslog message: PPipeDCP_H13P.cpp:10468: set_run_mode_safe: no need to defer: 2 -> 1
[   17.650076] omarchy-m2 kernel: apple-dcp 289c00000.dcp: RTKit: syslog message: PPipeDCP_H13P.cpp:10468: set_run_mode_safe: no need to defer: 1 -> 0
[   17.650141] omarchy-m2 kernel: apple-dcp 289c00000.dcp: RTKit: syslog message: nifiedPipeline.cpp:1356: set_device_enabled_gated: current state: 1, requested state: 0
[   17.650212] omarchy-m2 kernel: apple-dcp 315c00000.dcp: AFK[ep:20]: new service system on channel 1
[   17.650286] omarchy-m2 kernel: apple-dcp 315c00000.dcp: AFK[ep:20]: new service powerlog-service on channel 3
[   17.650356] omarchy-m2 kernel: apple-dcp 289c00000.dcp: DCP booted
[   17.651006] omarchy-m2 kernel: apple-dcp 289c00000.dcp: DCP is_main_display: 0
[   17.651068] omarchy-m2 kernel: apple-dcp 289c00000.dcp: dcp_hotplug() connected:0 valid_mode:0 nr_modes:0
[   17.997071] omarchy-m2 kernel: brcmfmac: brcmf_c_process_txcap_blob: TxCap blob found, loading
[   17.999020] omarchy-m2 kernel: brcmfmac: brcmf_c_process_cal_blob: Calibration blob provided by platform, loading
[   18.012021] omarchy-m2 kernel: brcmfmac: brcmf_c_preinit_dcmds: Firmware: BCM4388/4 wl0: Jun 11 2023 05:20:59 version 23.20.95.0.40.50.92 FWID 01-ec505a98
[   18.016028] omarchy-m2 kernel: ieee80211 phy0: brcmf_c_set_joinpref_default: Set join_pref error (-52)
[   18.279009] omarchy-m2 kernel: ieee80211 phy0: brcmf_c_set_joinpref_default: Set join_pref error (-52)
[   18.369018] omarchy-m2 kernel: ieee80211 phy0: brcmf_dongle_roam: WLC_SET_ROAM_DELTA error (-52)
[   18.475004] omarchy-m2 kernel: Bluetooth: BNEP (Ethernet Emulation) ver 1.3
[   18.475012] omarchy-m2 kernel: Bluetooth: BNEP filters: protocol multicast
[   18.475018] omarchy-m2 kernel: Bluetooth: BNEP socket layer initialized
[   18.660032] omarchy-m2 kernel: apple-dcp 315c00000.dcp: AFK[ep:23]: new service disp0-service on channel 1
[   18.666017] omarchy-m2 kernel: apple-dcp 315c00000.dcp: AFK[ep:2a]: new service AppleDCPDPTXRemotePort on channel 1
[   18.666176] omarchy-m2 kernel: apple-dcp 315c00000.dcp: AFK[ep:2a]: new service AppleDCPDPTXRemotePort on channel 3
[   18.666311] omarchy-m2 kernel: apple-dcp 289c00000.dcp: dcp_enable_dp2hdmi_hpd: DP2HDMI HPD connected:0
[   18.666462] omarchy-m2 kernel: apple-dcp 315c00000.dcp: RTKit: syslog message: ap_link.c:299: shared memory dva: 0x10fffe00000 0xffffffff00027000
[   18.666583] omarchy-m2 kernel: apple-dcp 315c00000.dcp: RTKit: syslog message: ap_link.c:276: ap_link: IOMFB: DCP heap size: 0x1030000 [iBoot:0x1030000] [LinkService:0x0]
[   18.666703] omarchy-m2 kernel: apple-dcp 289c00000.dcp: RTKit: syslog message: FramebufferDCP.cpp:1962: IOMFB: swap_submit_dcp: swallowed swap ID 2 as fControllerPowerState is 0 for External Display
[   18.666834] omarchy-m2 kernel: apple-dcp 289c00000.dcp: RTKit: syslog message: FramebufferDCP.cpp:1967: IOMFB: swap_submit_dcp: swallowed swap ID 2 as timinsg are not enabled for External Display
[   18.666964] omarchy-m2 kernel: apple-dcp 289c00000.dcp: dcp_poweroff() done
[   18.667092] omarchy-m2 kernel: apple-dcp 315c00000.dcp: RTKit: syslog message: nifiedPipeline.cpp:4191: IOMFB: Could not find Backlight service
[   18.667215] omarchy-m2 kernel: apple-dcp 315c00000.dcp: RTKit: syslog message: nifiedPipeline.cpp:4199: IOMFB: Could not find nvram service
[   18.667342] omarchy-m2 kernel: apple-dcp 315c00000.dcp: RTKit: syslog message: nifiedPipeline.cpp:1838: virtual bool UnifiedPipeline::start_ios_gated(): Created AP Services
[   18.670005] omarchy-m2 kernel: apple-dcp 315c00000.dcp: RTKit: syslog message: nifiedPipeline.cpp:1871: virtual bool UnifiedPipeline::start_ios_gated(): Flushed RTPs
[   18.671005] omarchy-m2 kernel: apple-dcp 315c00000.dcp: RTKit: syslog message: PPipeDCP_H13P.cpp:11122: IOMFB setup_video_limits called on secondary display with no timing set
[   18.671137] omarchy-m2 kernel: apple-dcp 315c00000.dcp: read_edt_data key=initial-vbi-advance-lines count=1 default0=0x2 ret=0
[   18.671271] omarchy-m2 kernel: apple-dcp 315c00000.dcp: RTKit: syslog message: nifiedPipeline.cpp:1356: set_device_enabled_gated: current state: 1, requested state: 1
[   18.671391] omarchy-m2 kernel: apple-dcp 315c00000.dcp: RTKit: syslog message: PPipeDCP_H13P.cpp:11122: IOMFB setup_video_limits called on secondary display with no timing set
[   18.673005] omarchy-m2 kernel: apple-dcp 315c00000.dcp: RTKit: syslog message: PPipeDCP_H13P.cpp:10468: set_run_mode_safe: no need to defer: 2 -> 1
[   18.673137] omarchy-m2 kernel: apple-dcp 315c00000.dcp: RTKit: syslog message: PPipeDCP_H13P.cpp:10468: set_run_mode_safe: no need to defer: 1 -> 0
[   18.674007] omarchy-m2 kernel: apple-dcp 315c00000.dcp: RTKit: syslog message: nifiedPipeline.cpp:1356: set_device_enabled_gated: current state: 1, requested state: 0
[   18.674139] omarchy-m2 kernel: apple-dcp 315c00000.dcp: DCP booted
[   18.674268] omarchy-m2 kernel: apple-dcp 315c00000.dcp: DCP is_main_display: 0
[   18.780028] omarchy-m2 kernel: Console: switching to colour dummy device 80x25
[   18.783009] omarchy-m2 kernel: [drm] Initialized apple 1.0.0 for soc:display-subsystem on minor 2
[   18.785015] omarchy-m2 kernel: apple-dcp 389c00000.dcp: dcp_poweron() starting
[   18.785496] omarchy-m2 kernel: apple-dcp 389c00000.dcp: dcp_set_power_state_req returned, 9999 ms remaining
[   18.785867] omarchy-m2 kernel: apple-dcp 389c00000.dcp: set_digital_out_mode(color:1 timing:2) "3456x2160": 120 1042130 3456 3464 3496 3536 2160 2278 2360 2456 0x48 0x0
[   18.786222] omarchy-m2 kernel: apple-dcp 389c00000.dcp: set_digital_out_mode() color mode depth:8 format:0 colorimetry:16 eotf:0 range:0 vrr:1
[   18.786538] omarchy-m2 kernel: apple-dcp 389c00000.dcp: RTKit: syslog message: FramebufferDCP.cpp:5931: IOMFBParameter_adaptive_sync Req minRR = 0x0, mediaTargetRate = 0x0, Fractional Rate = 0
[   18.786841] omarchy-m2 kernel: apple-dcp 389c00000.dcp: RTKit: syslog message: nifiedPipeline.cpp:7462: set_digital_out_mode: Modeset requested for colorID: 1, timingID: 2
[   18.787188] omarchy-m2 kernel: apple-dcp 389c00000.dcp: RTKit: syslog message: PPipeDCP_H13P.cpp:18011: Dual pipe disabled offset 0
[   18.787464] omarchy-m2 kernel: apple-dcp 389c00000.dcp: RTKit: syslog message: PPipeDCP_H13P.cpp:10490: set_run_mode_safe: deferring: 4 -> 1
[   18.787769] omarchy-m2 kernel: apple-dcp 389c00000.dcp: RTKit: syslog message: PPipeDCP_H13P.cpp:10395: virtual IOMFBStatus IOMFB::UPPipeDCP_H13P::ready_for_run_mode_change(IOMFB::AppleRegisterStream *): initiating deferred run mod
[   18.788085] omarchy-m2 kernel: apple-dcp 389c00000.dcp: RTKit: syslog message: UPTSQManager.cpp:150: IOMFBStatus IOMFB::UPTSQManager::power_down_M3(IOMFB::AppleRegisterStream *, UPTSQManager::ModeChangeWaiter *): request mode ch
[   18.788400] omarchy-m2 kernel: apple-dcp 389c00000.dcp: RTKit: syslog message: UPTSQManager.cpp:162: IOMFBStatus IOMFB::UPTSQManager::power_down_M3(IOMFB::AppleRegisterStream *, UPTSQManager::ModeChangeWaiter *): disabling M3
[   18.788694] omarchy-m2 kernel: apple-dcp 389c00000.dcp: RTKit: syslog message: PPipeDCP_H13P.cpp:10468: set_run_mode_safe: no need to defer: 1 -> 0
[   18.788994] omarchy-m2 kernel: apple-dcp 389c00000.dcp: RTKit: syslog message: ck_PCC2DBlm_v5.cpp:3300: Quiescing callback
[   18.866033] omarchy-m2 kernel: apple-dcp 389c00000.dcp: RTKit: syslog message: nifiedPipeline.cpp:1356: set_device_enabled_gated: current state: 1, requested state: 0
[   18.866343] omarchy-m2 kernel: apple-dcp 389c00000.dcp: RTKit: syslog message: nifiedPipeline.cpp:7700: set_mode: timingID: 2 colorID: 1
[   18.868025] omarchy-m2 kernel: apple-dcp 389c00000.dcp: RTKit: syslog message: PPipeDCP_H13P.cpp:11092: IOMFB updateFrequencies: minimum-frequency property not found, using getClockFrequency(0) instead.
[   18.868347] omarchy-m2 kernel: apple-dcp 389c00000.dcp: RTKit: syslog message: PPipeDCP_H13P.cpp:11109: IOMFB updateFrequencies EDT ERROR: getClockFrequency(0) (257142848) < videoClock 521064960! Giving up on frequencies.
[   18.868632] omarchy-m2 kernel: apple-dcp 389c00000.dcp: RTKit: syslog message: nifiedPipeline.cpp:7356: IOMFBStatus UnifiedPipeline::mode_set_gated(uint32_t, uint32_t): 3456x2234@120 Hz link: 1
[   18.868906] omarchy-m2 kernel: apple-dcp 389c00000.dcp: RTKit: syslog message: nifiedPipeline.cpp:1356: set_device_enabled_gated: current state: 0, requested state: 1
[   18.869186] omarchy-m2 kernel: apple-dcp 389c00000.dcp: RTKit: syslog message: PPipeDCP_H13P.cpp:10468: set_run_mode_safe: no need to defer: 0 -> 1
[   18.869458] omarchy-m2 kernel: apple-dcp 389c00000.dcp: RTKit: syslog message: ock_Tunables_v1.cpp:651: IOMFB: Writing tunables with target 4
[   18.869731] omarchy-m2 kernel: apple-dcp 389c00000.dcp: RTKit: syslog message: ck_Config_H13P.cpp:1771: program_frame_size: pixel_clock 1042130000, vid0 521065000, 00020910 0000007e
[   18.870021] omarchy-m2 kernel: apple-dcp 389c00000.dcp: RTKit: syslog message: M3Hal_v1.cpp:197: IOMFB: load LED M3 IMem : size 0x7b74
[   18.870287] omarchy-m2 kernel: apple-dcp 389c00000.dcp: RTKit: syslog message: M3Hal_v1.cpp:197: IOMFB: load LED M3 DMem : size 0x102e0
[   18.873026] omarchy-m2 kernel: apple-dcp 389c00000.dcp: RTKit: syslog message: ock_PCC2DLTM_v4.cpp:324: IOMFBStatus IOMFB::UPBlock_PCC2DLTM_v4::set_mcpu_power(IOMFB::AppleRegisterStream *, bool) Loading M3 Hal
[   18.873316] omarchy-m2 kernel: apple-dcp 389c00000.dcp: RTKit: syslog message: M3Hal_v1.cpp:197: IOMFB: load LTM M3 IMem : size 0x7308
[   18.873582] omarchy-m2 kernel: apple-dcp 389c00000.dcp: RTKit: syslog message: M3Hal_v1.cpp:197: IOMFB: load LTM M3 DMem : size 0xd190
[   18.873871] omarchy-m2 kernel: apple-dcp 389c00000.dcp: RTKit: syslog message: ck_PCC2DBlm_v5.cpp:4938: [set_lts_buffer] buffer 0x10001cc4000 Add_lo = 0x1cc4000, Add_hi = 0x100, size 0x2900 stride 0x100
[   18.875018] omarchy-m2 kernel: Bluetooth: hci0: HCI LE Coded PHY feature bit is set, but its usage is not supported.
[   18.881015] omarchy-m2 kernel: apple-dcp 389c00000.dcp: RTKit: syslog message: PPipeDCP_H13P.cpp:10468: set_run_mode_safe: no need to defer: 1 -> 2
[   18.881341] omarchy-m2 kernel: apple-dcp 389c00000.dcp: RTKit: syslog message: UPPipeDCP_H13P.cpp:1532: IOMFB: videoClock is zero, defaulting to 521065000
[   18.881602] omarchy-m2 kernel: apple-dcp 389c00000.dcp: RTKit: syslog message: M3Hal_v1.cpp:197: IOMFB: load BLM M3 IMem : size 0x764c
[   18.881894] omarchy-m2 kernel: apple-dcp 389c00000.dcp: RTKit: syslog message: M3Hal_v1.cpp:197: IOMFB: load BLM M3 DMem : size 0xaf6c
[   18.883016] omarchy-m2 kernel: apple-dcp 389c00000.dcp: RTKit: syslog message: FBPropertyManager.h:189: value_t<P> IOMFB::PropMgr::getVal(IOMFB::RuntimeProperty) [P = IOMFB::RuntimePropertyType::boolean]: WARNING - type mismatch on
[   18.883312] omarchy-m2 kernel: apple-dcp 389c00000.dcp: RTKit: syslog message: PPipeDCP_H13P.cpp:10490: set_run_mode_safe: deferring: 2 -> 4
[   18.883606] omarchy-m2 kernel: apple-dcp 389c00000.dcp: RTKit: syslog message: PPipeDCP_H13P.cpp:10395: virtual IOMFBStatus IOMFB::UPPipeDCP_H13P::ready_for_run_mode_change(IOMFB::AppleRegisterStream *): initiating deferred run mod
[   18.883903] omarchy-m2 kernel: apple-dcp 389c00000.dcp: RTKit: syslog message: M3Hal_v1.cpp:197: IOMFB: load APT M3 IMem : size 0x7b40
[   18.884186] omarchy-m2 kernel: apple-dcp 389c00000.dcp: RTKit: syslog message: M3Hal_v1.cpp:197: IOMFB: load APT M3 DMem : size 0x6fd4
[   18.884471] omarchy-m2 kernel: apple-dcp 389c00000.dcp: RTKit: syslog message: CAHandler.cpp:188: IOMFB load_ca_data: Unrecognized data version 0 (expected 1 or 2)
[   18.884732] omarchy-m2 kernel: apple-dcp 389c00000.dcp: RTKit: syslog message: PPipeDCP_H13P.cpp:14085: IOMFB Int RTBandwidth: program_M3_rt_config: Using Dashboard 28e3d1208
[   18.884998] omarchy-m2 kernel: apple-dcp 389c00000.dcp: RTKit: syslog message: UPTSQManager.cpp:133: IOMFB: clearing M3 reset
[   18.885291] omarchy-m2 kernel: apple-dcp 389c00000.dcp: RTKit: syslog message: UPTSQ_Hal_v1.cpp:349: IOMFB: timebase_offset = 4
[   18.898013] omarchy-m2 kernel: apple-dcp 389c00000.dcp: RTKit: syslog message: UPTSQManager.cpp:105: IOMFB: switch to normal mode succeeded
[   18.898178] omarchy-m2 kernel: apple-dcp 389c00000.dcp: RTKit: syslog message: eoInterfaceIOAV.cpp:296: IOMFB: VideoInterfaceIOAV::power_on: m_power_ctrl->setPower( 1 )
[   18.904010] omarchy-m2 kernel: apple-dcp 389c00000.dcp: RTKit: syslog message: MMailboxHandler.cpp:214: pcc firmware: MailBox Printf is enabled in BLM Pipe Line Init
[   18.904134] omarchy-m2 kernel: apple-dcp 389c00000.dcp: set_digital_out_mode finished:8382
[   18.904247] omarchy-m2 kernel: Console: switching to colour frame buffer device 216x67
[   18.909005] omarchy-m2 kernel: apple-dcp 389c00000.dcp: RTKit: syslog message: PPipeDCP_H13P.cpp:17179: handle_stage1_enable blm_en 1 ltm_en 0
[   18.922008] omarchy-m2 kernel: Bluetooth: hci0: Failed to read codec capabilities (-22)
[   18.923017] omarchy-m2 kernel: Bluetooth: hci0: Failed to read codec capabilities (-22)
[   18.924004] omarchy-m2 kernel: Bluetooth: hci0: Failed to read codec capabilities (-22)
[   18.924991] omarchy-m2 kernel: apple-drm soc:display-subsystem: [drm] fb0: appledrmfb frame buffer device
[   18.925351] omarchy-m2 kernel: Bluetooth: hci0: Failed to read codec capabilities (-22)
[   18.927031] omarchy-m2 kernel: Bluetooth: hci0: Failed to read codec capabilities (-22)
[   18.927060] omarchy-m2 kernel: Bluetooth: hci0: Failed to read codec capabilities (-22)
[   18.929007] omarchy-m2 kernel: Bluetooth: hci0: Failed to read codec capabilities (-22)
[   18.930004] omarchy-m2 kernel: Bluetooth: hci0: Failed to read codec capabilities (-22)
[   18.931006] omarchy-m2 kernel: Bluetooth: hci0: Failed to read codec capabilities (-22)
[   18.932002] omarchy-m2 kernel: Bluetooth: hci0: Failed to read codec capabilities (-22)
[   18.934627] omarchy-m2 kernel: apple-dcp 315c00000.dcp: typec mux set typec0 alt=0000000000000000 svid=0000 mode=0 dp=0 usb4=0 tbt=0 usb4_xbar=yes
[   18.936016] omarchy-m2 kernel: Bluetooth: MGMT ver 1.23
[   18.943731] omarchy-m2 kernel: apple-dcp 315c00000.dcp: typec mux set typec1 alt=0000000000000000 svid=0000 mode=0 dp=0 usb4=0 tbt=0 usb4_xbar=yes
[   18.952923] omarchy-m2 kernel: apple-dcp 315c00000.dcp: typec mux set typec2 alt=0000000000000000 svid=0000 mode=0 dp=0 usb4=0 tbt=0 usb4_xbar=yes
[   18.953009] omarchy-m2 kernel: tas2764 3-003c: supply SDZ not found, using dummy regulator
[   18.959005] omarchy-m2 kernel: Bluetooth: hci0: Bad flag given (0x1) vs supported (0xe)
[   19.064017] omarchy-m2 kernel: ieee80211 phy0: brcmf_p2p_set_firmware: failed to update device address ret -52
[   19.064540] omarchy-m2 kernel: ieee80211 phy0: brcmf_p2p_create_p2pdev: set p2p_disc error
[   19.064932] omarchy-m2 kernel: ieee80211 phy0: brcmf_cfg80211_add_iface: add iface p2p-dev-wlan0 type 10 failed: err=-52
[   19.107028] omarchy-m2 kernel: input: MacBook Pro J416 Headphone Jack as /devices/platform/sound/sound/card1/input5
[   19.548013] omarchy-m2 kernel: Bluetooth: RFCOMM TTY layer initialized
[   19.548056] omarchy-m2 kernel: Bluetooth: RFCOMM socket layer initialized
[   19.548068] omarchy-m2 kernel: Bluetooth: RFCOMM ver 1.11
[   19.865020] omarchy-m2 kernel: snd-soc-macaudio sound: Speaker volumes unlocked
[   22.015015] omarchy-m2 kernel: kauditd_printk_skb: 260 callbacks suppressed
[   22.015044] omarchy-m2 kernel: audit: type=1130 audit(1790062843.332:160): pid=1 uid=0 auid=4294967295 ses=4294967295 subj=unconfined msg='unit=udisks2 comm="systemd" exe="/usr/lib/systemd/systemd" hostname=? addr=? terminal=? res=success'
[   23.448013] omarchy-m2 kernel: audit: type=1131 audit(1790062844.765:161): pid=1 uid=0 auid=4294967295 ses=4294967295 subj=unconfined msg='unit=systemd-rfkill comm="systemd" exe="/usr/lib/systemd/systemd" hostname=? addr=? terminal=? res=success'
[   24.019020] omarchy-m2 kernel: ieee80211 phy0: brcmf_set_key_mgmt: get okc_enable failed (-52)
[   24.024017] omarchy-m2 kernel: ieee80211 phy0: brcmf_c_set_joinpref_default: Set join_pref error (-52)
[   24.497027] omarchy-m2 kernel: audit: type=1334 audit(1790062845.814:162): prog-id=57 op=LOAD
[   24.497065] omarchy-m2 kernel: audit: type=1300 audit(1790062845.814:162): arch=c00000b7 syscall=280 success=yes exit=26 a0=5 a1=fffffa250ee0 a2=a8 a3=ffff2383c540 items=0 ppid=1 pid=859 auid=4294967295 uid=0 gid=0 euid=0 suid=0 fsuid=0 egid=0 sgid=0 fsgid=0 tty=(none) ses=4294967295 comm="NetworkManager" exe="/usr/bin/NetworkManager" subj=unconfined key=(null)
[   24.497110] omarchy-m2 kernel: audit: type=1327 audit(1790062845.814:162): proctitle=2F7573722F62696E2F4E6574776F726B4D616E61676572002D2D6E6F2D6461656D6F6E
[   24.666019] omarchy-m2 kernel: audit: type=1334 audit(1790062845.983:163): prog-id=58 op=LOAD
[   24.666054] omarchy-m2 kernel: audit: type=1300 audit(1790062845.983:163): arch=c00000b7 syscall=280 success=yes exit=26 a0=5 a1=fffffa250ee0 a2=a8 a3=ffff2383c540 items=0 ppid=1 pid=859 auid=4294967295 uid=0 gid=0 euid=0 suid=0 fsuid=0 egid=0 sgid=0 fsgid=0 tty=(none) ses=4294967295 comm="NetworkManager" exe="/usr/bin/NetworkManager" subj=unconfined key=(null)
[   24.666082] omarchy-m2 kernel: audit: type=1327 audit(1790062845.983:163): proctitle=2F7573722F62696E2F4E6574776F726B4D616E61676572002D2D6E6F2D6461656D6F6E
[   24.670019] omarchy-m2 kernel: audit: type=1334 audit(1790062845.987:164): prog-id=57 op=UNLOAD
[   25.460034] omarchy-m2 kernel: [UFW BLOCK] IN=wlan0 OUT= MAC=5c:e9:1e:be:44:b9:a6:da:85:b7:04:0e:08:00 SRC=192.168.11.147 DST=192.168.11.177 LEN=152 TOS=0x00 PREC=0x00 TTL=64 ID=61782 PROTO=UDP SPT=41641 DPT=41641 LEN=132 
[   26.435044] omarchy-m2 kernel: audit: type=1325 audit(1790062847.751:165): table=filter:36 family=2 entries=1 op=nft_register_chain pid=3828 subj=unconfined comm="iptables"
[   27.597027] omarchy-m2 kernel: kauditd_printk_skb: 98 callbacks suppressed
[   27.597121] omarchy-m2 kernel: audit: type=1131 audit(1790062848.914:198): pid=1 uid=0 auid=4294967295 ses=4294967295 subj=unconfined msg='unit=NetworkManager-dispatcher comm="systemd" exe="/usr/lib/systemd/systemd" hostname=? addr=? terminal=? res=success'
[   46.714029] omarchy-m2 kernel: audit: type=1101 audit(1790062868.031:199): pid=4426 uid=1001 auid=1001 ses=1 subj=unconfined msg='op=PAM:accounting grantors=pam_unix,pam_permit,pam_time acct="oliver" exe="/usr/bin/sudo" hostname=? addr=? terminal=? res=success'
[   46.715011] omarchy-m2 kernel: audit: type=1110 audit(1790062868.032:200): pid=4426 uid=1001 auid=1001 ses=1 subj=unconfined msg='op=PAM:setcred grantors=pam_faillock,pam_permit,pam_env,pam_faillock acct="root" exe="/usr/bin/sudo" hostname=? addr=? terminal=? res=success'
[   46.716011] omarchy-m2 kernel: audit: type=1105 audit(1790062868.033:201): pid=4426 uid=1001 auid=1001 ses=1 subj=unconfined msg='op=PAM:session_open grantors=pam_systemd_home,pam_limits,pam_unix,pam_permit,pam_systemd acct="root" exe="/usr/bin/sudo" hostname=? addr=? terminal=? res=success'
[   46.760008] omarchy-m2 kernel: audit: type=1106 audit(1790062868.077:202): pid=4426 uid=1001 auid=1001 ses=1 subj=unconfined msg='op=PAM:session_close grantors=pam_systemd_home,pam_limits,pam_unix,pam_permit,pam_systemd acct="root" exe="/usr/bin/sudo" hostname=? addr=? terminal=? res=success'
[   46.760044] omarchy-m2 kernel: audit: type=1104 audit(1790062868.077:203): pid=4426 uid=1001 auid=1001 ses=1 subj=unconfined msg='op=PAM:setcred grantors=pam_faillock,pam_permit,pam_env,pam_faillock acct="root" exe="/usr/bin/sudo" hostname=? addr=? terminal=? res=success'
[   48.494150] omarchy-m2 kernel: audit: type=1131 audit(1790062869.811:204): pid=1 uid=0 auid=4294967295 ses=4294967295 subj=unconfined msg='unit=systemd-hostnamed comm="systemd" exe="/usr/lib/systemd/systemd" hostname=? addr=? terminal=? res=success'
[   48.522022] omarchy-m2 kernel: audit: type=1334 audit(1790062869.839:205): prog-id=38 op=UNLOAD
[  104.145009] omarchy-m2 kernel: audit: type=1101 audit(1790062925.462:206): pid=5352 uid=1001 auid=1001 ses=1 subj=unconfined msg='op=PAM:accounting grantors=pam_unix,pam_permit,pam_time acct="oliver" exe="/usr/bin/sudo" hostname=? addr=? terminal=? res=success'
[  104.145039] omarchy-m2 kernel: audit: type=1110 audit(1790062925.462:207): pid=5352 uid=1001 auid=1001 ses=1 subj=unconfined msg='op=PAM:setcred grantors=pam_faillock,pam_permit,pam_env,pam_faillock acct="root" exe="/usr/bin/sudo" hostname=? addr=? terminal=? res=success'
[  104.146018] omarchy-m2 kernel: audit: type=1105 audit(1790062925.463:208): pid=5352 uid=1001 auid=1001 ses=1 subj=unconfined msg='op=PAM:session_open grantors=pam_systemd_home,pam_limits,pam_unix,pam_permit,pam_systemd acct="root" exe="/usr/bin/sudo" hostname=? addr=? terminal=? res=success'
[  104.153008] omarchy-m2 kernel: audit: type=1106 audit(1790062925.470:209): pid=5352 uid=1001 auid=1001 ses=1 subj=unconfined msg='op=PAM:session_close grantors=pam_systemd_home,pam_limits,pam_unix,pam_permit,pam_systemd acct="root" exe="/usr/bin/sudo" hostname=? addr=? terminal=? res=success'
[  104.153022] omarchy-m2 kernel: audit: type=1104 audit(1790062925.470:210): pid=5352 uid=1001 auid=1001 ses=1 subj=unconfined msg='op=PAM:setcred grantors=pam_faillock,pam_permit,pam_env,pam_faillock acct="root" exe="/usr/bin/sudo" hostname=? addr=? terminal=? res=success'
[  191.399270] omarchy-m2 kernel: audit: type=1101 audit(1790063012.715:211): pid=6606 uid=1001 auid=1001 ses=1 subj=unconfined msg='op=PAM:accounting grantors=pam_unix,pam_permit,pam_time acct="oliver" exe="/usr/bin/sudo" hostname=? addr=? terminal=? res=success'
[  191.400084] omarchy-m2 kernel: audit: type=1110 audit(1790063012.716:212): pid=6606 uid=1001 auid=1001 ses=1 subj=unconfined msg='op=PAM:setcred grantors=pam_faillock,pam_permit,pam_env,pam_faillock acct="root" exe="/usr/bin/sudo" hostname=? addr=? terminal=? res=success'
[  191.401061] omarchy-m2 kernel: audit: type=1105 audit(1790063012.717:213): pid=6606 uid=1001 auid=1001 ses=1 subj=unconfined msg='op=PAM:session_open grantors=pam_systemd_home,pam_limits,pam_unix,pam_permit,pam_systemd acct="root" exe="/usr/bin/sudo" hostname=? addr=? terminal=? res=success'
[  199.268359] omarchy-m2 kernel: audit: type=1106 audit(1790063020.585:214): pid=6606 uid=1001 auid=1001 ses=1 subj=unconfined msg='op=PAM:session_close grantors=pam_systemd_home,pam_limits,pam_unix,pam_permit,pam_systemd acct="root" exe="/usr/bin/sudo" hostname=? addr=? terminal=? res=success'
[  199.268392] omarchy-m2 kernel: audit: type=1104 audit(1790063020.585:215): pid=6606 uid=1001 auid=1001 ses=1 subj=unconfined msg='op=PAM:setcred grantors=pam_faillock,pam_permit,pam_env,pam_faillock acct="root" exe="/usr/bin/sudo" hostname=? addr=? terminal=? res=success'
[  283.666049] omarchy-m2 kernel: macsmc 2a2400000.smc: RTKit: syslog message: aceElec.cpp:1151:         Elec: Elec Cause 0x0
[  283.861011] omarchy-m2 kernel: macsmc 2a2400000.smc: RTKit: syslog message: aceElec.cpp:1151:         Elec: Elec Cause 0x200000
[  284.170013] omarchy-m2 kernel: macsmc 2a2400000.smc: RTKit: syslog message: aceElec.cpp:1151:         Elec: Elec Cause 0x8020
[  284.175014] omarchy-m2 kernel: macsmc 2a2400000.smc: RTKit: syslog message: aceElec.cpp:1151:         Elec: Elec Cause 0x0
[  284.457100] omarchy-m2 kernel: apple-dcp 315c00000.dcp: typec mux set typec2 alt=0000000000000000 svid=0000 mode=4 dp=0 usb4=1 tbt=0 usb4_xbar=yes
[  284.457564] omarchy-m2 kernel: apple-dcp 315c00000.dcp: dcp_dptx_disconnect(port=0)
[  284.457910] omarchy-m2 kernel: apple-display-crossbar f0304c000.mux: Switched dpin0 to dispext1,0 (t602x atc=0x1 mux=0x2002)
[  284.458309] omarchy-m2 kernel: apple-display-crossbar f0304c000.mux: t602x dpin0: 000=00000004 004=000001fb 008=00000004 00c=00000004 014=000001fb 018=00000010 01c=00000001 024=00000110 028=00000001 02c=00000004 030=00002002 034=00000001 040=0005ad6b 044=02b5ad6b 048=00000000 04c=00000000 050=00000000 060=00000000 070=00000000
[  284.458688] omarchy-m2 kernel: apple-display-crossbar f0304c000.mux: t602x dpin0 clk: 000=00000004 800=00000000 020=00000000 820=00000000 024=00000110 81c=00000110
[  284.459074] omarchy-m2 kernel: apple-dcp 315c00000.dcp: allocated Type-C DPTX PHY 4 (USB4 DP IN, ACIO AUX)
[  284.459463] omarchy-m2 kernel: apple-dcp 315c00000.dcp: USB4 dpin mux typec2; waiting for DP IN HPD
[  284.459801] omarchy-m2 kernel: thunderbolt-apple-acio f01ac0000.cio: RTKit: Initializing (protocol version 12)
[  284.460211] omarchy-m2 kernel: thunderbolt-apple-acio f01ac0000.cio: RTKit: syslog message: main.c:60: #ACIO FW IS READY# FW_VERSION_STRING=AppleCIOFirmware-475~290__2026-04-18-18:18
[  284.460569] omarchy-m2 kernel: thunderbolt-apple-acio f01ac0000.cio: RTKit: syslog message: main.c:61: FW state=1
[  284.460936] omarchy-m2 kernel: apple-dart f01a80000.iommu: DART [pagesize 4000, 16 streams, bypass support: 1, bypass forced: 0, locked: 0, AS 42 -> 42] initialized
[  284.462021] omarchy-m2 kernel: thunderbolt-apple-nhi f01f00000.nhi: device links to tunneled native ports are missing!
[  284.476008] omarchy-m2 kernel: thunderbolt-apple-acio f01ac0000.cio: RTKit: syslog message: lane_init.c:181: Entering Phase 1. action=0
[  284.476191] omarchy-m2 kernel: thunderbolt-apple-acio f01ac0000.cio: RTKit: syslog message: lane_init.c:78: Lane init parmas = 0x00000011
[  284.498004] omarchy-m2 kernel: phy-apple-atc f03000000.phy: ATCPHY_PIPEHANDLER_STATE_USB4 not implemented; falling back to USB2
[  284.498095] omarchy-m2 kernel: xhci-hcd xhci-hcd.3.auto: xHCI Host Controller
[  284.498169] omarchy-m2 kernel: xhci-hcd xhci-hcd.3.auto: new USB bus registered, assigned bus number 1
[  284.498235] omarchy-m2 kernel: xhci-hcd xhci-hcd.3.auto: hcc params 0x0238ffcd hci version 0x110 quirks 0x0000808000000010
[  284.498299] omarchy-m2 kernel: xhci-hcd xhci-hcd.3.auto: irq 167, io mem 0xf02280000
[  284.498361] omarchy-m2 kernel: phy-apple-atc f03000000.phy: ATCPHY_PIPEHANDLER_STATE_USB4 not implemented; falling back to USB2
[  284.498450] omarchy-m2 kernel: xhci-hcd xhci-hcd.3.auto: xHCI Host Controller
[  284.498548] omarchy-m2 kernel: xhci-hcd xhci-hcd.3.auto: new USB bus registered, assigned bus number 2
[  284.498654] omarchy-m2 kernel: xhci-hcd xhci-hcd.3.auto: Host supports USB 3.1 Enhanced SuperSpeed
[  284.498767] omarchy-m2 kernel: usb usb1: New USB device found, idVendor=1d6b, idProduct=0002, bcdDevice= 7.01
[  284.498879] omarchy-m2 kernel: usb usb1: New USB device strings: Mfr=3, Product=2, SerialNumber=1
[  284.498962] omarchy-m2 kernel: usb usb1: Product: xHCI Host Controller
[  284.499047] omarchy-m2 kernel: usb usb1: Manufacturer: Linux 7.1.12-2.5-1-ARCH xhci-hcd
[  284.499120] omarchy-m2 kernel: usb usb1: SerialNumber: xhci-hcd.3.auto
[  284.499373] omarchy-m2 kernel: hub 1-0:1.0: USB hub found
[  284.499784] omarchy-m2 kernel: hub 1-0:1.0: 1 port detected
[  284.500196] omarchy-m2 kernel: usb usb2: We don't know the algorithms for LPM for this host, disabling LPM.
[  284.500818] omarchy-m2 kernel: usb usb2: New USB device found, idVendor=1d6b, idProduct=0003, bcdDevice= 7.01
[  284.501383] omarchy-m2 kernel: usb usb2: New USB device strings: Mfr=3, Product=2, SerialNumber=1
[  284.501879] omarchy-m2 kernel: usb usb2: Product: xHCI Host Controller
[  284.502318] omarchy-m2 kernel: usb usb2: Manufacturer: Linux 7.1.12-2.5-1-ARCH xhci-hcd
[  284.502478] omarchy-m2 kernel: usb usb2: SerialNumber: xhci-hcd.3.auto
[  284.502600] omarchy-m2 kernel: hub 2-0:1.0: USB hub found
[  284.502721] omarchy-m2 kernel: hub 2-0:1.0: 1 port detected
[  284.502830] omarchy-m2 kernel: audit: type=1130 audit(1790063105.819:216): pid=1 uid=0 auid=4294967295 ses=4294967295 subj=unconfined msg='unit=bolt comm="systemd" exe="/usr/lib/systemd/systemd" hostname=? addr=? terminal=? res=success'
[  284.526027] omarchy-m2 kernel: thunderbolt-apple-acio f01ac0000.cio: RTKit: syslog message: lane_init.c:343: Entering Phase 2
[  284.542030] omarchy-m2 kernel: thunderbolt-apple-acio f01ac0000.cio: RTKit: syslog message: lane_init.c:396: Entering Phase 3
[  284.542342] omarchy-m2 kernel: thunderbolt-apple-acio f01ac0000.cio: RTKit: syslog message: lane_init.c:882: Got AT register 12. 3 bytes. 0x00 0xf3 0x5f
[  284.543022] omarchy-m2 kernel: thunderbolt-apple-acio f01ac0000.cio: RTKit: syslog message: lane_init.c:1024: Entering Connected
[  284.543315] omarchy-m2 kernel: thunderbolt-apple-acio f01ac0000.cio: RTKit: syslog message: high_speed_lane.c:2212: RT Broadcast LOCAL: gen=2, legacy=0, rs_fec=1, usb4=1, l0_en=1, l1_en=1
[  284.543607] omarchy-m2 kernel: thunderbolt-apple-acio f01ac0000.cio: RTKit: syslog message: high_speed_lane.c:2212: RT Broadcast LOCAL: gen=2, legacy=0, rs_fec=1, usb4=1, l0_en=1, l1_en=1
[  284.577013] omarchy-m2 kernel: thunderbolt-apple-acio f01ac0000.cio: RTKit: syslog message: high_speed_lane.c:2219: RT Broadcast REMOTE: gen=2, legacy=0, rs_fec=1, usb4=1, l0_en=1, l1_en=1
[  284.577248] omarchy-m2 kernel: thunderbolt-apple-acio f01ac0000.cio: RTKit: syslog message: high_speed_lane.c:2219: RT Broadcast REMOTE: gen=2, legacy=0, rs_fec=1, usb4=1, l0_en=1, l1_en=1
[  284.711083] omarchy-m2 kernel: macsmc 2a2400000.smc: RTKit: syslog message: charger.cpp:3180: Not charging:0
[  284.808026] omarchy-m2 kernel: thunderbolt-apple-acio f01ac0000.cio: RTKit: syslog message: high_speed_lane.c:289: Gen2/3 link error. lane=0, error=84
[  284.808381] omarchy-m2 kernel: thunderbolt-apple-acio f01ac0000.cio: RTKit: syslog message: high_speed_lane.c:289: Gen2/3 link error. lane=1, error=84
[  284.808673] omarchy-m2 kernel: thunderbolt-apple-acio f01ac0000.cio: RTKit: syslog message: lane_training_cl0.c:24: Gen2/3 lane=0 entered CL0!
[  284.808954] omarchy-m2 kernel: thunderbolt-apple-acio f01ac0000.cio: RTKit: syslog message: lane_training_cl0.c:24: Gen2/3 lane=1 entered CL0!
[  284.828022] omarchy-m2 kernel: thunderbolt 0-1: new device found, vendor=0x5a device=0xde81
[  284.828475] omarchy-m2 kernel: thunderbolt 0-1: Other World Computing Thunderbolt 5 Hub
[  284.936011] omarchy-m2 kernel: usb 1-1: new high-speed USB device number 2 using xhci-hcd
[  285.049014] omarchy-m2 kernel: thunderbolt 0-0:1.1: new retimer found, vendor=0x5ac device=0x2200
[  285.061003] omarchy-m2 kernel: usb 1-1: New USB device found, idVendor=1d5c, idProduct=5801, bcdDevice= 1.01
[  285.061078] omarchy-m2 kernel: usb 1-1: New USB device strings: Mfr=1, Product=2, SerialNumber=0
[  285.061138] omarchy-m2 kernel: usb 1-1: Product: USB2.0 Hub
[  285.061197] omarchy-m2 kernel: usb 1-1: Manufacturer: Fresco Logic, Inc.
[  285.066003] omarchy-m2 kernel: hub 1-1:1.0: USB hub found
[  285.066074] omarchy-m2 kernel: hub 1-1:1.0: 5 ports detected
[  285.150003] omarchy-m2 kernel: thunderbolt-apple-acio f01ac0000.cio: RTKit: syslog message: clx.c:776: CLX CFG: clx_en changed 0x0 --> 0x0
[  285.150091] omarchy-m2 kernel: thunderbolt-apple-acio f01ac0000.cio: RTKit: syslog message: clx.c:776: CLX CFG: clx_en changed 0x0 --> 0x3
[  285.482008] omarchy-m2 kernel: thunderbolt-apple-acio f01ac0000.cio: RTKit: syslog message: iguration_space_tx.c:57: TX path: src port=14, null port=0, hopid=8
[  285.482089] omarchy-m2 kernel: thunderbolt-apple-acio f01ac0000.cio: RTKit: syslog message: ration_space_null.c:140: RX path: null port=0, queue=1, target port=14, hopid=8
[  285.484008] omarchy-m2 kernel: thunderbolt-apple-acio f01ac0000.cio: RTKit: syslog message: iguration_space_tx.c:57: TX path: src port=13, null port=0, hopid=9
[  285.484360] omarchy-m2 kernel: thunderbolt-apple-acio f01ac0000.cio: RTKit: syslog message: ration_space_null.c:140: RX path: null port=0, queue=2, target port=13, hopid=8
[  285.484728] omarchy-m2 kernel: thunderbolt-apple-acio f01ac0000.cio: error -ENODEV: PCIe-C requires a successful m1n1 preinit handoff
[  285.485054] omarchy-m2 kernel: thunderbolt-apple-acio f01ac0000.cio: deferred PCIe-C activation failed: -19
[  285.609024] omarchy-m2 kernel: usb 1-1.1: new full-speed USB device number 3 using xhci-hcd
[  285.695023] omarchy-m2 kernel: usb 1-1.1: New USB device found, idVendor=1e91, idProduct=de81, bcdDevice= 0.04
[  285.695382] omarchy-m2 kernel: usb 1-1.1: New USB device strings: Mfr=1, Product=2, SerialNumber=3
[  285.695693] omarchy-m2 kernel: usb 1-1.1: Product: Thunderbolt 5 Hub
[  285.696015] omarchy-m2 kernel: usb 1-1.1: Manufacturer: Other World Computing
[  285.696318] omarchy-m2 kernel: usb 1-1.1: SerialNumber: 0052
[  285.776083] omarchy-m2 kernel: usb 1-1.2: new high-speed USB device number 4 using xhci-hcd
[  286.252024] omarchy-m2 kernel: usb 1-1.2: New USB device found, idVendor=06cb, idProduct=7100, bcdDevice= 1.c4
[  286.252420] omarchy-m2 kernel: usb 1-1.2: New USB device strings: Mfr=1, Product=2, SerialNumber=3
[  286.252724] omarchy-m2 kernel: usb 1-1.2: Product: VMM7100
[  286.253055] omarchy-m2 kernel: usb 1-1.2: Manufacturer: Synaptics
[  286.253371] omarchy-m2 kernel: usb 1-1.2: SerialNumber: 000000000000
[  286.276024] omarchy-m2 kernel: usbhid 1-1.2:1.0: couldn't find an input interrupt endpoint
[  286.276617] omarchy-m2 kernel: usbcore: registered new interface driver usbhid
[  286.276664] omarchy-m2 kernel: usbhid: USB HID core driver
[  286.746016] omarchy-m2 kernel: thunderbolt-apple-acio f01ac0000.cio: RTKit: syslog message: iguration_space_tx.c:57: TX path: src port=15, null port=0, hopid=10
[  286.746437] omarchy-m2 kernel: thunderbolt-apple-acio f01ac0000.cio: RTKit: syslog message: iguration_space_tx.c:57: TX path: src port=16, null port=0, hopid=11
[  286.746769] omarchy-m2 kernel: thunderbolt-apple-acio f01ac0000.cio: RTKit: syslog message: ration_space_null.c:140: RX path: null port=0, queue=3, target port=16, hopid=8
[  286.747085] omarchy-m2 kernel: thunderbolt-apple-nhi f01f00000.nhi: 0:5: USB4 DPTX Discovery closed (CS13 writable, CS9 static); AE=0 VE=0
[  286.748015] omarchy-m2 kernel: thunderbolt-apple-nhi f01f00000.nhi: 0:5: DP IN CS0=c0090400 CS1=00004008 CS2=241021c2 CS3=00000000 LOCAL=15402334 REMOTE=0547a135 STAT=00000000 COMMON=15402134 CS8=00000000 VE=1 AE=1 HPD=1 DPRX=0
[  286.749021] omarchy-m2 kernel: thunderbolt-apple-nhi f01f00000.nhi: 1:19: DP OUT CS0=c0090400 CS1=00004008 CS2=00000040 CS3=00000000 LOCAL=05c7a335 REMOTE=15402334 STAT=04000000 COMMON=05402334 CS8=00000000 VE=1 AE=1 HPD=1 DPRX=0
[  286.749320] omarchy-m2 kernel: thunderbolt-apple-nhi f01f00000.nhi: 0:5 <-> 1:19 (DP): Apple: DP IN HPD=1 typec=2 (DPTX should use this adapter, not ATC)
[  286.749605] omarchy-m2 kernel: thunderbolt-apple-nhi f01f00000.nhi: DP IN analog/AUX serializer: tunnel 0:5 <-> 1:19
[  286.749887] omarchy-m2 kernel: thunderbolt-apple-acio f01ac0000.cio: ACIO RC ctrl 0x0: 000=00003010 004=00000011 018=00040000 01c=00000001 024=09600258 028=00000001 030=000007af 034=00000001 038=00000001 03c=30e76d15 040=00000072 044=00000001 048=00000001 060=00000001 064=00000001 068=00000001 070=00000001 074=00000001 078=00000003 0a8=01000000 0ac=04000001 0d0=00000062
[  286.751034] omarchy-m2 kernel: thunderbolt-apple-nhi f01f00000.nhi: 0: Apple VSE cap=53: 00=ca0005ff 01=00000011 02=00000000 03=00000000 04=00000000 05=00000000 06=00000000 07=00000000 08=00000000 09=00000000 0a=00000000 0b=00000000 0c=00000fff 0d=00000fff 0e=00000000 0f=00000000
[  286.751669] omarchy-m2 kernel: thunderbolt-apple-nhi f01f00000.nhi: DP IN analog block 0x4000 (port 5) dpin_aux=0 (0=hands-off)
[  286.752315] omarchy-m2 kernel: thunderbolt-apple-nhi f01f00000.nhi: DP IN analog: leaving PHY alone until DPRX timeout
[  286.752853] omarchy-m2 kernel: thunderbolt-apple-nhi f01f00000.nhi: 0:5: host DP IN type=0e0101 cap=9 CS0=c0090400 CS1=00004008 CS2=241021c2 CS3=00000000 LOCAL=15402334 REMOTE=0547a135 STAT=00000000 COMMON=15402134 CS8=00000000 CS9=41000553 CS10=00000000 ADP_CS4=0b300000 VE=1 AE=1 HPD=1 DPRX=0 LCK=0
[  286.753387] omarchy-m2 kernel: thunderbolt-apple-nhi f01f00000.nhi: 0:5: host DP IN CS11=00000000 CS12=00000000 CS13=00000000 CS14=00000000 CS15=00000000 CS16=00000000 disc=0
[  286.753905] omarchy-m2 kernel: thunderbolt-apple-nhi f01f00000.nhi: 0:6: host DP IN type=0e0101 cap=9 CS0=00090400 CS1=00004008 CS2=00000000 CS3=00000000 LOCAL=15402334 REMOTE=00000000 STAT=00000000 COMMON=00000000 CS8=00000000 CS9=41000553 CS10=00000000 ADP_CS4=0b300000 VE=0 AE=0 HPD=0 DPRX=0 LCK=0
[  286.754453] omarchy-m2 kernel: thunderbolt-apple-nhi f01f00000.nhi: 0:6: host DP IN CS11=00000000 CS12=00000000 CS13=00000000 CS14=00000000 CS15=00000000 CS16=00000000 disc=0
[  286.754779] omarchy-m2 kernel: thunderbolt-apple-nhi f01f00000.nhi: 0:5: DP IN hop 8 enable=1 out=1 next=11 credits=1
[  286.755114] omarchy-m2 kernel: thunderbolt-apple-nhi f01f00000.nhi: 0:5: DP IN hop 9 enable=1 out=1 next=10 credits=0
[  286.755430] omarchy-m2 kernel: thunderbolt-apple-nhi f01f00000.nhi: 1:19: hub DP OUT type=0e0102 cap=57 CS0=c0090400 CS1=00004008 CS2=00000040 CS3=00000000 LOCAL=05c7a335 REMOTE=15402334 STAT=04000000 COMMON=05402334 CS8=00000000 CS9=00000000 CS10=00000000 ADP_CS4=40800000 VE=1 AE=1 HPD=1 DPRX=0 LCK=0
[  286.755737] omarchy-m2 kernel: thunderbolt-apple-nhi f01f00000.nhi: 1:19: hub DP OUT CS11=00000000 CS12=00000000 CS13=00000000 CS14=00000000 CS15=00000000 CS16=00000000 disc=0
[  286.756072] omarchy-m2 kernel: thunderbolt-apple-nhi f01f00000.nhi: 0:5 <-> 1:19 (DP): Apple: DP tunnel paths up, not waiting for DPRX
[  286.784018] omarchy-m2 kernel: appledrm: DP IN HPD=1 typec2, dpin mux only (ACIO AUX, no DPTX PHY)
[  286.784085] omarchy-m2 kernel: apple-dcp 315c00000.dcp: USB4 DP IN armed typec2; DPTX HPD in 200 ms (no PHY connect)
[  286.992030] omarchy-m2 kernel: apple-dcp 315c00000.dcp: dcp_dptx_connect(port=0) target=0:4 typec=1 route=borrowed conn_type=20 connected=0
[  286.992383] omarchy-m2 kernel: apple-dcp 315c00000.dcp: USB4 protocol probe: target=0x8021 typec2, PHY absent, one attempt
[  286.992664] omarchy-m2 kernel: apple-dcp 315c00000.dcp: DPTX validate target=0x8021 core=1 atc=2 die=0 or=0x0
[  286.992936] omarchy-m2 kernel: apple-dcp 315c00000.dcp: USB4 protocol probe: validate=0
[  286.993249] omarchy-m2 kernel: apple-dcp 315c00000.dcp: DPTX connect target=0x8021 unk=0x100
[  286.993519] omarchy-m2 kernel: apple-dcp 315c00000.dcp: USB4 protocol probe: connect=0
[  286.993807] omarchy-m2 kernel: apple-dcp 315c00000.dcp: RTKit: syslog message: AppleDCPDPTX.cpp:355: [AFK]powering nub 0x854e10
[  286.994125] omarchy-m2 kernel: apple-dcp 315c00000.dcp: DPTXPort: APCALL 18 (32 bytes)
[  286.994430] omarchy-m2 kernel: apple-dcp 315c00000.dcp: DPTXPort: GET_SUPPORTS_HPD 1 usb4=1
[  286.994719] omarchy-m2 kernel: apple-dcp 315c00000.dcp: DPTXPort: APCALL 10 (32 bytes)
[  286.994997] omarchy-m2 kernel: apple-dcp 315c00000.dcp: get_max_lane_count: USB4 DP IN, 4 lanes
[  286.995320] omarchy-m2 kernel: apple-dcp 315c00000.dcp: DPTXPort: APCALL 0 (16 bytes)
[  286.995627] omarchy-m2 kernel: apple-display-crossbar f0304c000.mux: Switched dpin0 to disconnected state
[  286.995967] omarchy-m2 kernel: apple-display-crossbar f0304c000.mux: t602x idle: 000=00000000 004=000001ff 008=00000000 00c=00000000 014=000001ff 018=00000000 01c=00000000 024=00000111 028=00000000 02c=00000000 030=00000000 034=00000000 040=0005ad6b 044=02b5ad6b 048=00000000 04c=00000000 050=00000000 060=00000000 070=00000000
[  286.996368] omarchy-m2 kernel: apple-display-crossbar f0304c000.mux: t602x idle clk: 000=00000000 800=00000000 020=00000000 820=00000000 024=00000111 81c=00000111
[  286.996710] omarchy-m2 kernel: apple-display-crossbar f0304c000.mux: Switched dpin0 to dispext1,0 (t602x atc=0x1 mux=0x2002)
[  286.997033] omarchy-m2 kernel: apple-display-crossbar f0304c000.mux: t602x dpin0: 000=00000004 004=000001fb 008=00000004 00c=00000004 014=000001fb 018=00000010 01c=00000001 024=00000110 028=00000001 02c=00000004 030=00002002 034=00000001 040=0005ad6b 044=02b5ad6b 048=00000000 04c=00000000 050=00000000 060=00000000 070=00000000
[  286.997333] omarchy-m2 kernel: apple-display-crossbar f0304c000.mux: t602x dpin0 clk: 000=00000004 800=00000000 020=00000000 820=00000000 024=00000110 81c=00000110
[  286.997630] omarchy-m2 kernel: thunderbolt-apple-acio f01ac0000.cio: native DPIN0: active=1 base=0x0000000f01e50000, CONTROL=0x0c ACK=0x10
[  286.997958] omarchy-m2 kernel: thunderbolt-apple-acio f01ac0000.cio: native DPIN0: active=1 handshake=0
[  286.998267] omarchy-m2 kernel: apple-dcp 315c00000.dcp: native DPIN0: DCP active=1 result=0
[  286.998589] omarchy-m2 kernel: apple-dcp 315c00000.dcp: USB4 protocol probe: request_display=0 modes=0
[  287.005014] omarchy-m2 kernel: apple-dcp 315c00000.dcp: RTKit: syslog message: DCPDP13Service.cpp:60: [AFK]version: 14
[  287.005314] omarchy-m2 kernel: apple-dcp 315c00000.dcp: RTKit: syslog message: DCPDPService.cpp:76: [AFK]version: 14
[  287.010025] omarchy-m2 kernel: apple-dcp 315c00000.dcp: AFK[ep:28]: new service DCPDP13Service on channel 1
[  287.014017] omarchy-m2 kernel: apple-dcp 315c00000.dcp: AFK[ep:28]: new service DCPDP13Service on channel 3
[  287.014318] omarchy-m2 kernel: apple-dcp 315c00000.dcp: USB4 protocol probe: HPD=0 cached_lanes=4 modes=0
[  287.014587] omarchy-m2 kernel: apple-dcp 315c00000.dcp: USB4 protocol probe finished: 0; no automatic retry
[  287.047012] omarchy-m2 kernel: apple-dcp 315c00000.dcp: DPTXPort: APCALL 21 (144 bytes)
[  287.049011] omarchy-m2 kernel: apple-dcp 315c00000.dcp: DPTXPort: APCALL 7 (32 bytes)
[  287.049109] omarchy-m2 kernel: apple-dcp 315c00000.dcp: DPTXPort: APCALL 13 (32 bytes)
[  287.049203] omarchy-m2 kernel: apple-dcp 315c00000.dcp: DPTXPort: APCALL 7 (32 bytes)
[  287.049288] omarchy-m2 kernel: apple-dcp 315c00000.dcp: DPTXPort: APCALL 15 (32 bytes)
[  287.050017] omarchy-m2 kernel: apple-dcp 315c00000.dcp: DPTXPort: APCALL 5 (16 bytes)
[  287.050136] omarchy-m2 kernel: apple-dcp 315c00000.dcp: DPTXPort: APCALL 12 (32 bytes)
[  287.050232] omarchy-m2 kernel: apple-dcp 315c00000.dcp: DPTXPort: APCALL 9 (32 bytes)
[  287.050319] omarchy-m2 kernel: apple-dcp 315c00000.dcp: DPTXPort: SET_LINK_RATE 0xa
[  287.050412] omarchy-m2 kernel: apple-dcp 315c00000.dcp: DPTXPort: APCALL 6 (16 bytes)
[  287.050500] omarchy-m2 kernel: apple-display-crossbar f0304c000.mux: Switched dpin0 to disconnected state
[  287.050586] omarchy-m2 kernel: apple-display-crossbar f0304c000.mux: t602x idle: 000=00000000 004=000001ff 008=00000000 00c=00000000 014=000001ff 018=00000000 01c=00000000 024=00000111 028=00000000 02c=00000000 030=00000000 034=00000000 040=0005ad6b 044=02b5ad6b 048=00000000 04c=00000000 050=00000000 060=00000000 070=00000000
[  287.050674] omarchy-m2 kernel: apple-display-crossbar f0304c000.mux: t602x idle clk: 000=00000000 800=00000000 020=00000000 820=00000000 024=00000111 81c=00000111
[  287.050761] omarchy-m2 kernel: apple-display-crossbar f0304c000.mux: Switched dpin0 to dispext1,0 (t602x atc=0x1 mux=0x2002)
[  287.050843] omarchy-m2 kernel: apple-display-crossbar f0304c000.mux: t602x dpin0: 000=00000004 004=000001fb 008=00000004 00c=00000004 014=000001fb 018=00000010 01c=00000001 024=00000110 028=00000001 02c=00000004 030=00002002 034=00000001 040=0005ad6b 044=02b5ad6b 048=00000000 04c=00000000 050=00000000 060=00000000 070=00000000
[  287.050926] omarchy-m2 kernel: apple-display-crossbar f0304c000.mux: t602x dpin0 clk: 000=00000004 800=00000000 020=00000000 820=00000000 024=00000110 81c=00000110
[  287.051017] omarchy-m2 kernel: apple-dcp 315c00000.dcp: native DPIN0: DCP active=1 result=0
[  287.051106] omarchy-m2 kernel: apple-dcp 315c00000.dcp: native DPIN0: link-config up rate=0xa result=0
[  287.061009] omarchy-m2 kernel: apple-dcp 315c00000.dcp: DPTXPort: APCALL 13 (32 bytes)
[  287.062008] omarchy-m2 kernel: apple-dcp 315c00000.dcp: DPTXPort: APCALL 12 (32 bytes)
[  287.062098] omarchy-m2 kernel: apple-dcp 315c00000.dcp: set_active_lane_count: unexpected lane count:4 phy: 0
[  287.062192] omarchy-m2 kernel: apple-dcp 315c00000.dcp: USB4/DPTX: SET_ACTIVE_LANE_COUNT 4
[  287.062278] omarchy-m2 kernel: apple-dcp 315c00000.dcp: DPTXPort: APCALL 3 (64 bytes)
[  287.062365] omarchy-m2 kernel: apple-dcp 315c00000.dcp: set_drive_settings: 4:0:14:0:0:0:0
[  287.062454] omarchy-m2 kernel: apple-dcp 315c00000.dcp: DPTXPort: APCALL 2 (32 bytes)
[  287.064008] omarchy-m2 kernel: apple-dcp 315c00000.dcp: DPTXPort: APCALL 3 (64 bytes)
[  287.064119] omarchy-m2 kernel: apple-dcp 315c00000.dcp: set_drive_settings: 4:0:0:0:0:0:0
[  287.064228] omarchy-m2 kernel: apple-dcp 315c00000.dcp: DPTXPort: APCALL 2 (32 bytes)
[  287.065007] omarchy-m2 kernel: apple-dcp 315c00000.dcp: DPTXPort: APCALL 3 (64 bytes)
[  287.065100] omarchy-m2 kernel: apple-dcp 315c00000.dcp: set_drive_settings: 4:0:0:0:0:0:0
[  287.065186] omarchy-m2 kernel: apple-dcp 315c00000.dcp: DPTXPort: APCALL 2 (32 bytes)
[  287.066008] omarchy-m2 kernel: apple-dcp 315c00000.dcp: DPTXPort: APCALL 3 (64 bytes)
[  287.066286] omarchy-m2 kernel: apple-dcp 315c00000.dcp: set_drive_settings: 4:0:0:0:0:0:0
[  287.066555] omarchy-m2 kernel: apple-dcp 315c00000.dcp: DPTXPort: APCALL 2 (32 bytes)
[  287.184018] omarchy-m2 kernel: apple-dcp 315c00000.dcp: RTKit: syslog message: eoInterfaceIOAV.cpp:135: IOMFB: IOAVVideoInterface published
[  287.184305] omarchy-m2 kernel: apple-dcp 315c00000.dcp: RTKit: syslog message: eoInterfaceIOAV.cpp:714: IOMFBStatus VideoInterfaceIOAV::plug_gated(IOAVVideoInterface *, bool): display HPD asserted
[  287.189017] omarchy-m2 kernel: apple-dcp 315c00000.dcp: RTKit: syslog message: oInterfaceIOAV.cpp:1701: Got peer ID 1
[  287.189305] omarchy-m2 kernel: apple-dcp 315c00000.dcp: RTKit: syslog message: oInterfaceIOAV.cpp:1701: Got peer ID 1
[  287.189568] omarchy-m2 kernel: apple-dcp 315c00000.dcp: RTKit: syslog message: oInterfaceIOAV.cpp:1701: Got peer ID 1
[  287.189862] omarchy-m2 kernel: apple-dcp 315c00000.dcp: RTKit: syslog message: oInterfaceIOAV.cpp:1701: Got peer ID 1
[  287.190154] omarchy-m2 kernel: apple-dcp 315c00000.dcp: RTKit: syslog message: oInterfaceIOAV.cpp:1701: Got peer ID 1
[  287.190441] omarchy-m2 kernel: apple-dcp 315c00000.dcp: RTKit: syslog message: oInterfaceIOAV.cpp:1701: Got peer ID 1
[  287.190727] omarchy-m2 kernel: apple-dcp 315c00000.dcp: RTKit: syslog message: oInterfaceIOAV.cpp:1701: Got peer ID 1
[  287.191013] omarchy-m2 kernel: apple-dcp 315c00000.dcp: RTKit: syslog message: oInterfaceIOAV.cpp:1701: Got peer ID 1
[  287.191279] omarchy-m2 kernel: apple-dcp 315c00000.dcp: RTKit: syslog message: oInterfaceIOAV.cpp:1701: Got peer ID 1
[  287.191541] omarchy-m2 kernel: apple-dcp 315c00000.dcp: RTKit: syslog message: oInterfaceIOAV.cpp:1701: Got peer ID 1
[  287.191803] omarchy-m2 kernel: apple-dcp 315c00000.dcp: RTKit: syslog message: oInterfaceIOAV.cpp:1701: Got peer ID 1
[  287.192091] omarchy-m2 kernel: apple-dcp 315c00000.dcp: RTKit: syslog message: oInterfaceIOAV.cpp:1701: Got peer ID 1
[  287.192367] omarchy-m2 kernel: apple-dcp 315c00000.dcp: RTKit: syslog message: oInterfaceIOAV.cpp:1701: Got peer ID 1
[  287.192633] omarchy-m2 kernel: apple-dcp 315c00000.dcp: RTKit: syslog message: oInterfaceIOAV.cpp:1701: Got peer ID 1
[  287.192894] omarchy-m2 kernel: apple-dcp 315c00000.dcp: RTKit: syslog message: oInterfaceIOAV.cpp:1701: Got peer ID 1
[  287.193188] omarchy-m2 kernel: apple-dcp 315c00000.dcp: RTKit: syslog message: oInterfaceIOAV.cpp:1701: Got peer ID 1
[  287.193454] omarchy-m2 kernel: apple-dcp 315c00000.dcp: RTKit: syslog message: oInterfaceIOAV.cpp:1701: Got peer ID 1
[  287.193726] omarchy-m2 kernel: apple-dcp 315c00000.dcp: RTKit: syslog message: oInterfaceIOAV.cpp:1701: Got peer ID 1
[  287.193991] omarchy-m2 kernel: apple-dcp 315c00000.dcp: RTKit: syslog message: oInterfaceIOAV.cpp:1701: Got peer ID 1
[  287.194266] omarchy-m2 kernel: apple-dcp 315c00000.dcp: RTKit: syslog message: oInterfaceIOAV.cpp:1701: Got peer ID 1
[  287.194529] omarchy-m2 kernel: apple-dcp 315c00000.dcp: RTKit: syslog message: oInterfaceIOAV.cpp:1701: Got peer ID 1
[  287.194793] omarchy-m2 kernel: apple-dcp 315c00000.dcp: RTKit: syslog message: oInterfaceIOAV.cpp:1701: Got peer ID 1
[  287.195062] omarchy-m2 kernel: apple-dcp 315c00000.dcp: RTKit: syslog message: oInterfaceIOAV.cpp:1701: Got peer ID 1
[  287.195326] omarchy-m2 kernel: apple-dcp 315c00000.dcp: RTKit: syslog message: oInterfaceIOAV.cpp:1701: Got peer ID 1
[  287.195587] omarchy-m2 kernel: apple-dcp 315c00000.dcp: RTKit: syslog message: oInterfaceIOAV.cpp:1701: Got peer ID 1
[  287.195864] omarchy-m2 kernel: apple-dcp 315c00000.dcp: RTKit: syslog message: oInterfaceIOAV.cpp:1701: Got peer ID 1
[  287.196148] omarchy-m2 kernel: apple-dcp 315c00000.dcp: RTKit: syslog message: oInterfaceIOAV.cpp:1701: Got peer ID 1
[  287.196431] omarchy-m2 kernel: apple-dcp 315c00000.dcp: RTKit: syslog message: oInterfaceIOAV.cpp:1701: Got peer ID 1
[  287.196696] omarchy-m2 kernel: apple-dcp 315c00000.dcp: RTKit: syslog message: oInterfaceIOAV.cpp:1701: Got peer ID 1
[  287.196958] omarchy-m2 kernel: apple-dcp 315c00000.dcp: RTKit: syslog message: oInterfaceIOAV.cpp:1701: Got peer ID 1
[  287.197233] omarchy-m2 kernel: apple-dcp 315c00000.dcp: RTKit: syslog message: oInterfaceIOAV.cpp:1701: Got peer ID 1
[  287.197493] omarchy-m2 kernel: apple-dcp 315c00000.dcp: RTKit: syslog message: oInterfaceIOAV.cpp:1701: Got peer ID 1
[  287.197757] omarchy-m2 kernel: apple-dcp 315c00000.dcp: RTKit: syslog message: oInterfaceIOAV.cpp:1701: Got peer ID 1
[  287.198029] omarchy-m2 kernel: apple-dcp 315c00000.dcp: RTKit: syslog message: oInterfaceIOAV.cpp:1701: Got peer ID 1
[  287.198295] omarchy-m2 kernel: apple-dcp 315c00000.dcp: RTKit: syslog message: oInterfaceIOAV.cpp:1701: Got peer ID 1
[  287.198556] omarchy-m2 kernel: apple-dcp 315c00000.dcp: RTKit: syslog message: oInterfaceIOAV.cpp:1701: Got peer ID 1
[  287.198831] omarchy-m2 kernel: apple-dcp 315c00000.dcp: DCP property key=ColorElements bytes=5049 accepted=1 nr_modes=0
[  287.250084] omarchy-m2 kernel: apple-dcp 315c00000.dcp: DCP property key=TimingElements bytes=205757 accepted=1 nr_modes=22
[  287.250542] omarchy-m2 kernel: apple-dcp 315c00000.dcp: DCP property key=DisplayAttributes bytes=1285 accepted=1 nr_modes=22
[  287.250841] omarchy-m2 kernel: apple-dcp 315c00000.dcp: DCP property key=Transport bytes=53 accepted=1 nr_modes=22
[  287.251140] omarchy-m2 kernel: apple-dcp 315c00000.dcp: RTKit: syslog message: oInterfaceIOAV.cpp:1701: Got peer ID 1
[  287.251437] omarchy-m2 kernel: apple-dcp 315c00000.dcp: cb_hotplug() connected:1, valid_mode:0 nr_modes:22
[  287.251729] omarchy-m2 kernel: apple-dcp 315c00000.dcp: dcp_hotplug() connected:1 valid_mode:0 nr_modes:22
[  287.258015] omarchy-m2 kernel: thunderbolt-apple-nhi f01f00000.nhi: 0:5: DP IN CS changed CS0=c0090400 CS2=241021c2 CS9=41000553 CS13=00000000 COMMON=b7402134 VE=1 AE=1 HPD=1 DPRX=1 disc=0
[  287.258388] omarchy-m2 kernel: thunderbolt-apple-nhi f01f00000.nhi: 0:5: DP IN DPRX_DONE=1 (ACIO AUX completed)
[  287.258690] omarchy-m2 kernel: thunderbolt-apple-acio f01ac0000.cio: ACIO RC dpin0 analog DPRX done 0x4000: 000=80000000 004=00400040 008=00000004 00c=80000000 010=00000040 014=00000004 018=00001017 01c=00000010 020=00000000 024=00000004 028=80000000 02c=00000010 030=00000004 034=80000000 038=01010101 03c=00000101 040=00000001 044=01010101 048=00000001 04c=00000004 050=00000000 054=00000000 058=00000000
[  287.259017] omarchy-m2 kernel: thunderbolt-apple-acio f01ac0000.cio: ACIO RC dpin0 analog DPRX done 0x4000: 05c=00000000 060=00000000 064=00000000 068=00000000 06c=00000000 070=00000000 074=00000000 078=00000000 07c=00000000
[  287.259314] omarchy-m2 kernel: thunderbolt-apple-acio f01ac0000.cio: ACIO RC dpin1 analog 0x8000: 000=80000000 004=00040004 008=00000004 00c=00001006 010=00040004 014=00000000 018=00000004 01c=00000000 020=00040004 024=00000000 028=00000004 02c=80010000 030=00000004 034=80000000 038=00000004 03c=80000000 040=00000004 044=80000000 048=00000004 04c=80000000 050=00000004 054=80000000 058=00000004
[  287.259607] omarchy-m2 kernel: thunderbolt-apple-acio f01ac0000.cio: ACIO RC dpin1 analog 0x8000: 05c=80000000 060=00000004 064=00000000 068=00000000 06c=00000000 070=00000000 074=00000000 078=00000000 07c=00000000
[  287.268025] omarchy-m2 kernel: apple-dcp 315c00000.dcp: dcp_dptx_connect(port=0) target=0:4 typec=1 route=borrowed conn_type=20 connected=1
[  287.268353] omarchy-m2 kernel: apple-dcp 315c00000.dcp: dcp_poweron() starting
[  287.268665] omarchy-m2 kernel: apple-dcp 315c00000.dcp: RTKit: syslog message: FramebufferDCP.cpp:5931: IOMFBParameter_adaptive_sync Req minRR = 0x0, mediaTargetRate = 0x0, Fractional Rate = 0
[  287.268972] omarchy-m2 kernel: apple-dcp 315c00000.dcp: RTKit: syslog message: nifiedPipeline.cpp:1356: set_device_enabled_gated: current state: 0, requested state: 1
[  287.269329] omarchy-m2 kernel: apple-dcp 315c00000.dcp: RTKit: syslog message: PPipeDCP_H13P.cpp:10468: set_run_mode_safe: no need to defer: 0 -> 1
[  287.269640] omarchy-m2 kernel: apple-dcp 315c00000.dcp: RTKit: syslog message: PPipeDCP_H13P.cpp:10468: set_run_mode_safe: no need to defer: 1 -> 2
[  287.269936] omarchy-m2 kernel: apple-dcp 315c00000.dcp: read_edt_data key=initial-vbi-advance-lines count=1 default0=0x2 ret=0
[  287.270251] omarchy-m2 kernel: apple-dcp 315c00000.dcp: dcp_set_power_state_req returned, 9999 ms remaining
[  287.270540] omarchy-m2 kernel: apple-dcp 315c00000.dcp: set_digital_out_mode(color:88 timing:50) "2560x1440": 60 241500 2560 2608 2640 2720 1440 1443 1448 1481 0x48 0x0
[  287.270822] omarchy-m2 kernel: apple-dcp 315c00000.dcp: set_digital_out_mode() color mode depth:8 format:0 colorimetry:10 eotf:0 range:0 vrr:0
[  287.271105] omarchy-m2 kernel: apple-dcp 315c00000.dcp: RTKit: syslog message: nifiedPipeline.cpp:7462: set_digital_out_mode: Modeset requested for colorID: 88, timingID: 50
[  287.271383] omarchy-m2 kernel: apple-dcp 315c00000.dcp: RTKit: syslog message: PPipeDCP_H13P.cpp:18011: Dual pipe disabled offset 0
[  287.271671] omarchy-m2 kernel: apple-dcp 315c00000.dcp: RTKit: syslog message: PPipeDCP_H13P.cpp:10468: set_run_mode_safe: no need to defer: 2 -> 1
[  287.271961] omarchy-m2 kernel: apple-dcp 315c00000.dcp: RTKit: syslog message: PPipeDCP_H13P.cpp:10468: set_run_mode_safe: no need to defer: 1 -> 0
[  287.272270] omarchy-m2 kernel: apple-dcp 315c00000.dcp: RTKit: syslog message: nifiedPipeline.cpp:1356: set_device_enabled_gated: current state: 1, requested state: 0
[  287.470023] omarchy-m2 kernel: apple-dcp 315c00000.dcp: RTKit: syslog message: nifiedPipeline.cpp:7700: set_mode: timingID: 50 colorID: 88
[  287.471023] omarchy-m2 kernel: apple-dcp 315c00000.dcp: DPTXPort: APCALL 7 (32 bytes)
[  287.471348] omarchy-m2 kernel: apple-dcp 315c00000.dcp: DPTXPort: APCALL 13 (32 bytes)
[  287.471627] omarchy-m2 kernel: apple-dcp 315c00000.dcp: DPTXPort: APCALL 7 (32 bytes)
[  287.471912] omarchy-m2 kernel: apple-dcp 315c00000.dcp: DPTXPort: APCALL 14 (32 bytes)
[  287.472223] omarchy-m2 kernel: apple-dcp 315c00000.dcp: DPTXPort: APCALL 4 (64 bytes)
[  287.476012] omarchy-m2 kernel: apple-dcp 315c00000.dcp: RTKit: syslog message: PPipeDCP_H13P.cpp:11092: IOMFB updateFrequencies: minimum-frequency property not found, using getClockFrequency(0) instead.
[  287.476336] omarchy-m2 kernel: apple-dcp 315c00000.dcp: RTKit: syslog message: PPipeDCP_H13P.cpp:11109: IOMFB updateFrequencies EDT ERROR: getClockFrequency(0) (0) < videoClock 120749992! Giving up on frequencies.
[  287.476644] omarchy-m2 kernel: apple-dcp 315c00000.dcp: RTKit: syslog message: nifiedPipeline.cpp:7356: IOMFBStatus UnifiedPipeline::mode_set_gated(uint32_t, uint32_t): 2560x1440@59 Hz link: 1
[  287.476942] omarchy-m2 kernel: apple-dcp 315c00000.dcp: RTKit: syslog message: nifiedPipeline.cpp:1356: set_device_enabled_gated: current state: 0, requested state: 1
[  287.477257] omarchy-m2 kernel: apple-dcp 315c00000.dcp: RTKit: syslog message: PPipeDCP_H13P.cpp:10468: set_run_mode_safe: no need to defer: 0 -> 1
[  287.477544] omarchy-m2 kernel: apple-dcp 315c00000.dcp: RTKit: syslog message: ck_Config_H13P.cpp:1771: program_frame_size: pixel_clock 241500000, vid0 120750000, 000078c0 0000021f
[  287.477846] omarchy-m2 kernel: apple-dcp 315c00000.dcp: RTKit: syslog message: PPipeDCP_H13P.cpp:10468: set_run_mode_safe: no need to defer: 1 -> 2
[  287.478149] omarchy-m2 kernel: apple-dcp 315c00000.dcp: RTKit: syslog message: PPipeDCP_H13P.cpp:12351: IOMFB: Ext XPan M3 pixel_clock 241500000, htot 2720 vtot 1481
[  287.478476] omarchy-m2 kernel: apple-dcp 315c00000.dcp: RTKit: syslog message: PPipeDCP_H13P.cpp:12353: IOMFB: Ext XPan M3 SFM lines 1481, piodma_duration_lines 89, TSQ 1381
[  287.478802] omarchy-m2 kernel: apple-dcp 315c00000.dcp: RTKit: syslog message: PPipeDCP_H13P.cpp:12355: IOMFB: Ext XPan M3 SFM dur 400329, DisplayLead 27570
[  287.479161] omarchy-m2 kernel: apple-dcp 315c00000.dcp: read_edt_data key=initial-vbi-advance-lines count=1 default0=0x2 ret=0
[  287.479484] omarchy-m2 kernel: apple-dcp 315c00000.dcp: RTKit: syslog message: oTimingElement.cpp:1349: [AFK]SPLIT is 0
[  287.479814] omarchy-m2 kernel: apple-dcp 315c00000.dcp: RTKit: syslog message: PPipeDCP_H13P.cpp:10490: set_run_mode_safe: deferring: 2 -> 4
[  287.480139] omarchy-m2 kernel: apple-dcp 315c00000.dcp: RTKit: syslog message: PPipeDCP_H13P.cpp:10395: virtual IOMFBStatus IOMFB::UPPipeDCP_H13P::ready_for_run_mode_change(IOMFB::AppleRegisterStream *): initiating deferred run mod
[  287.480441] omarchy-m2 kernel: apple-dcp 315c00000.dcp: RTKit: syslog message: M3Hal_v1.cpp:197: IOMFB: load APT M3 IMem : size 0x7b40
[  287.480748] omarchy-m2 kernel: apple-dcp 315c00000.dcp: RTKit: syslog message: M3Hal_v1.cpp:197: IOMFB: load APT M3 DMem : size 0x6fd4
[  287.481063] omarchy-m2 kernel: apple-dcp 315c00000.dcp: RTKit: syslog message: CAHandler.cpp:188: IOMFB load_ca_data: Unrecognized data version 0 (expected 1 or 2)
[  287.481332] omarchy-m2 kernel: apple-dcp 315c00000.dcp: RTKit: syslog message: UPPipe.cpp:3767: IOMFB read_pmu_data_sync: pmu ram read error (e00002d8)
[  287.481619] omarchy-m2 kernel: apple-dcp 315c00000.dcp: RTKit: syslog message: PPipeDCP_H13P.cpp:14085: IOMFB Ext RTBandwidth: program_M3_rt_config: Using Dashboard 28e3d1218
[  287.481900] omarchy-m2 kernel: apple-dcp 315c00000.dcp: RTKit: syslog message: UPTSQManager.cpp:133: IOMFB: clearing M3 reset
[  287.482185] omarchy-m2 kernel: apple-dcp 315c00000.dcp: RTKit: syslog message: UPTSQ_Hal_v1.cpp:349: IOMFB: timebase_offset = 4
[  287.493027] omarchy-m2 kernel: apple-dcp 315c00000.dcp: RTKit: syslog message: UPTSQManager.cpp:105: IOMFB: switch to normal mode succeeded
[  287.493364] omarchy-m2 kernel: apple-dcp 315c00000.dcp: set_digital_out_mode finished:8275
[  287.493685] omarchy-m2 kernel: apple-dcp 315c00000.dcp: USB4 frame: flush entry valid=1 connected=1 busy=0
[  287.493979] omarchy-m2 kernel: apple-dcp 315c00000.dcp: USB4 frame: flush surface=1 enabled=0x80000007 ctm=1
[  287.494277] omarchy-m2 kernel: apple-dcp 315c00000.dcp: USB4 frame: start request connected=1
[  287.494570] omarchy-m2 kernel: apple-dcp 315c00000.dcp: USB4 frame: start ack; submit id=2
[  287.496026] omarchy-m2 kernel: apple-dcp 315c00000.dcp: USB4 frame: submit ack ret=0
[  287.511100] omarchy-m2 kernel: apple-dcp 315c00000.dcp: USB4 frame: complete id=2
[  287.511545] omarchy-m2 kernel: apple-display-crossbar f0304c000.mux: t602x after-frame: 000=00000004 004=000001fb 008=00000004 00c=00000004 014=000001fb 018=00000010 01c=00000001 024=00000110 028=00000001 02c=00000004 030=00002002 034=00000001 040=0005ad6b 044=02b5ad6b 048=00000000 04c=00000000 050=00000000 060=00000000 070=00000000
[  287.511925] omarchy-m2 kernel: apple-display-crossbar f0304c000.mux: t602x after-frame clk: 000=00000004 800=00000000 020=00000000 820=00000000 024=00000110 81c=00000110
[  287.512250] omarchy-m2 kernel: apple-dcp 315c00000.dcp: USB4 frame: crossbar snapshot result=0
[  290.620022] omarchy-m2 kernel: macsmc 2a2400000.smc: RTKit: syslog message: aceElec.cpp:1151:         Elec: Elec Cause 0x1000
[  309.093013] omarchy-m2 kernel: audit: type=1101 audit(1790063130.409:217): pid=12576 uid=1001 auid=1001 ses=1 subj=unconfined msg='op=PAM:accounting grantors=pam_unix,pam_permit,pam_time acct="oliver" exe="/usr/bin/sudo" hostname=? addr=? terminal=? res=success'
[  309.094087] omarchy-m2 kernel: audit: type=1110 audit(1790063130.410:218): pid=12576 uid=1001 auid=1001 ses=1 subj=unconfined msg='op=PAM:setcred grantors=pam_faillock,pam_permit,pam_env,pam_faillock acct="root" exe="/usr/bin/sudo" hostname=? addr=? terminal=? res=success'
[  309.095006] omarchy-m2 kernel: audit: type=1105 audit(1790063130.411:219): pid=12576 uid=1001 auid=1001 ses=1 subj=unconfined msg='op=PAM:session_open grantors=pam_systemd_home,pam_limits,pam_unix,pam_permit,pam_systemd acct="root" exe="/usr/bin/sudo" hostname=? addr=? terminal=? res=success'
