[    8.723609] omarchy-m2 kernel: Booting Linux on physical CPU 0x0000000000 [0x611f0340]
[    8.723622] omarchy-m2 kernel: Linux version 7.1.12-2.5-1-ARCH (linux-aurora@archlinux) (gcc (GCC) 16.1.1 20260430, GNU ld (GNU Binutils) 2.46.0) #1 SMP PREEMPT_DYNAMIC Sun, 20 Sep 2026 02:52:44 +0000
[    8.723627] omarchy-m2 kernel: random: crng init done
[    8.723630] omarchy-m2 kernel: Machine model: Apple MacBook Pro (16-inch, M2 Pro, 2023)
[    8.723634] omarchy-m2 kernel: efi: EFI v2.11 by Das U-Boot
[    8.723637] omarchy-m2 kernel: efi: RTPROP=0x107d4312040 SMBIOS 3.0=0x107d53c2000 INITRD=0x107d42f8040 MEMRESERVE=0x107d42f7040 
[    8.723641] omarchy-m2 kernel: OF: reserved mem: 0x000001000196c000..0x0000010001c7ffff (3152 KiB) nomap non-reusable asc-firmware@1000196c000
[    8.723645] omarchy-m2 kernel: OF: reserved mem: 0x00000100009fc000..0x000001000132ffff (9424 KiB) nomap non-reusable asc-firmware@100009fc000
[    8.723648] omarchy-m2 kernel: OF: reserved mem: 0x00000107d9478000..0x00000107d947bfff (16 KiB) nomap non-reusable sio-firmware-data@107d9478000
[    8.723651] omarchy-m2 kernel: OF: reserved mem: 0x00000107d947c000..0x00000107d947ffff (16 KiB) nomap non-reusable sio-firmware-data@107d947c000
[    8.723655] omarchy-m2 kernel: OF: reserved mem: 0x00000107d9480000..0x00000107d949ffff (128 KiB) nomap non-reusable sio-firmware-data@107d9480000
[    8.723658] omarchy-m2 kernel: OF: reserved mem: 0x00000107d94a0000..0x00000107d94a3fff (16 KiB) nomap non-reusable sio-firmware-data@107d94a0000
[    8.723662] omarchy-m2 kernel: OF: reserved mem: 0x0000010001d48000..0x0000010001e3ffff (992 KiB) nomap non-reusable asc-firmware@10001d48000
[    8.723665] omarchy-m2 kernel: OF: reserved mem: 0x00000100013e4000..0x00000100013fffff (112 KiB) nomap non-reusable asc-firmware@100013e4000
[    8.723670] omarchy-m2 kernel: OF: reserved mem: 0x00000107ddc80000..0x00000107e4f43fff (117520 KiB) nomap non-reusable framebuffer@107ddc80000
[    8.723674] omarchy-m2 kernel: OF: reserved mem: 0x00000107db37c000..0x00000107dc37bfff (16384 KiB) nomap non-reusable asc-firmware@107db37c000
[    8.723677] omarchy-m2 kernel: OF: reserved mem: 0x00000107dc37c000..0x00000107dc67bfff (3072 KiB) nomap non-reusable asc-firmware@107dc37c000
[    8.723681] omarchy-m2 kernel: OF: reserved mem: 0x00000107dc67c000..0x00000107dd67bfff (16384 KiB) nomap non-reusable asc-firmware@107dc67c000
[    8.723684] omarchy-m2 kernel: OF: reserved mem: 0x00000107dd67c000..0x00000107dd97bfff (3072 KiB) nomap non-reusable asc-firmware@107dd67c000
[    8.723688] omarchy-m2 kernel: OF: reserved mem: 0x00000107ddc7c000..0x00000107ddc7ffff (16 KiB) nomap non-reusable region157@107ddc7c000
[    8.723691] omarchy-m2 kernel: OF: reserved mem: 0x00000107e4f44000..0x00000107e5003fff (768 KiB) nomap non-reusable region95@107e4f44000
[    8.723695] omarchy-m2 kernel: OF: reserved mem: 0x00000107e5004000..0x00000107e5363fff (3456 KiB) nomap non-reusable region94@107e5004000
[    8.723698] omarchy-m2 kernel: OF: reserved mem: 0x00000107e5364000..0x00000107e6363fff (16384 KiB) nomap non-reusable region57@107e5364000
[    8.723702] omarchy-m2 kernel: OF: reserved mem: 0x00000107dd97c000..0x00000107ddc7bfff (3072 KiB) nomap non-reusable dcp_data@107dd97c000
[    8.723706] omarchy-m2 kernel: OF: reserved mem: 0x0000010000230000..0x0000010000833fff (6160 KiB) nomap non-reusable asc-firmware@10000230000
[    8.723709] omarchy-m2 kernel: OF: reserved mem: 0x00000107d94c8000..0x00000107d94cbfff (16 KiB) map non-reusable flash@107d94c8000
[    8.723713] omarchy-m2 kernel: OF: reserved mem: 0x0000010002b38000..0x0000010002baffff (480 KiB) map non-reusable flash@10002b38000
[    8.723716] omarchy-m2 kernel: OF: reserved mem: 0x00000107d94a4000..0x00000107d94bbfff (96 KiB) map non-reusable globals
[    8.723719] omarchy-m2 kernel: OF: reserved mem: 0x00000107d94c0000..0x00000107d94c7fff (32 KiB) map non-reusable hw-cal-a
[    8.723723] omarchy-m2 kernel: OF: reserved mem: 0x00000107d94bc000..0x00000107d94bffff (16 KiB) map non-reusable hw-cal-b
[    8.723726] omarchy-m2 kernel: OF: reserved mem: 0x00000107fff70000..0x00000107fff73fff (16 KiB) map non-reusable uat-handoff
[    8.723729] omarchy-m2 kernel: OF: reserved mem: 0x00000107fff78000..0x00000107fffb7fff (256 KiB) map non-reusable uat-pagetables
[    8.723733] omarchy-m2 kernel: OF: reserved mem: 0x00000107fffb8000..0x00000107fffbbfff (16 KiB) map non-reusable uat-ttbs
[    8.723736] omarchy-m2 kernel: OF: reserved mem: 0x00000107d94cc000..0x00000107d9783fff (2784 KiB) nomap non-reusable isp-heap
[    8.723739] omarchy-m2 kernel: cma: Reserved 64 MiB at 0x0000010006000000
[    8.723743] omarchy-m2 kernel: Zone ranges:
[    8.723746] omarchy-m2 kernel:   DMA      [mem 0x0000010000230000-0x00000107fffbbfff]
[    8.723749] omarchy-m2 kernel:   DMA32    empty
[    8.723753] omarchy-m2 kernel:   Normal   empty
[    8.723756] omarchy-m2 kernel: Movable zone start for each node
[    8.723760] omarchy-m2 kernel: Early memory node ranges
[    8.723764] omarchy-m2 kernel:   node   0: [mem 0x0000010000230000-0x0000010000833fff]
[    8.723767] omarchy-m2 kernel:   node   0: [mem 0x00000100009fc000-0x000001000132ffff]
[    8.723770] omarchy-m2 kernel:   node   0: [mem 0x00000100013e4000-0x00000100013fffff]
[    8.723773] omarchy-m2 kernel:   node   0: [mem 0x000001000196c000-0x0000010001c7ffff]
[    8.723777] omarchy-m2 kernel:   node   0: [mem 0x0000010001d48000-0x0000010001e3ffff]
[    8.723786] omarchy-m2 kernel:   node   0: [mem 0x0000010001e40000-0x0000010002c07fff]
[    8.723789] omarchy-m2 kernel:   node   0: [mem 0x0000010002c08000-0x0000010002d17fff]
[    8.723792] omarchy-m2 kernel:   node   0: [mem 0x0000010002d18000-0x0000010005913fff]
[    8.723796] omarchy-m2 kernel:   node   0: [mem 0x0000010005914000-0x0000010005923fff]
[    8.723799] omarchy-m2 kernel:   node   0: [mem 0x0000010005924000-0x0000010005927fff]
[    8.723802] omarchy-m2 kernel:   node   0: [mem 0x0000010005928000-0x0000010005937fff]
[    8.723806] omarchy-m2 kernel:   node   0: [mem 0x0000010005938000-0x000001000593bfff]
[    8.723809] omarchy-m2 kernel:   node   0: [mem 0x000001000593c000-0x000001000594bfff]
[    8.723812] omarchy-m2 kernel:   node   0: [mem 0x000001000594c000-0x000001000594ffff]
[    8.723815] omarchy-m2 kernel:   node   0: [mem 0x0000010005950000-0x000001000595ffff]
[    8.723819] omarchy-m2 kernel:   node   0: [mem 0x0000010005960000-0x0000010005963fff]
[    8.723823] omarchy-m2 kernel:   node   0: [mem 0x0000010005964000-0x0000010005973fff]
[    8.723826] omarchy-m2 kernel:   node   0: [mem 0x0000010005974000-0x0000010005977fff]
[    8.723829] omarchy-m2 kernel:   node   0: [mem 0x0000010005978000-0x0000010005987fff]
[    8.723832] omarchy-m2 kernel:   node   0: [mem 0x0000010005988000-0x000001000598bfff]
[    8.723835] omarchy-m2 kernel:   node   0: [mem 0x000001000598c000-0x000001000599bfff]
[    8.723838] omarchy-m2 kernel:   node   0: [mem 0x000001000599c000-0x000001000599ffff]
[    8.723842] omarchy-m2 kernel:   node   0: [mem 0x00000100059a0000-0x00000100059affff]
[    8.723845] omarchy-m2 kernel:   node   0: [mem 0x00000100059b0000-0x00000100059b3fff]
[    8.723848] omarchy-m2 kernel:   node   0: [mem 0x00000100059b4000-0x00000100059c3fff]
[    8.723851] omarchy-m2 kernel:   node   0: [mem 0x00000100059c4000-0x00000100059c7fff]
[    8.723854] omarchy-m2 kernel:   node   0: [mem 0x00000100059c8000-0x00000100059d7fff]
[    8.723857] omarchy-m2 kernel:   node   0: [mem 0x00000100059d8000-0x00000100059dbfff]
[    8.723860] omarchy-m2 kernel:   node   0: [mem 0x00000100059dc000-0x00000100059ebfff]
[    8.723863] omarchy-m2 kernel:   node   0: [mem 0x00000100059ec000-0x00000100059effff]
[    8.723866] omarchy-m2 kernel:   node   0: [mem 0x00000100059f0000-0x0000010005a23fff]
[    8.723869] omarchy-m2 kernel:   node   0: [mem 0x0000010005a24000-0x000001073b3fffff]
[    8.723872] omarchy-m2 kernel:   node   0: [mem 0x000001073b400000-0x000001073b403fff]
[    8.723875] omarchy-m2 kernel:   node   0: [mem 0x000001073b404000-0x00000107d430ffff]
[    8.723879] omarchy-m2 kernel:   node   0: [mem 0x00000107d4310000-0x00000107d4337fff]
[    8.723882] omarchy-m2 kernel:   node   0: [mem 0x00000107d4338000-0x00000107d53bffff]
[    8.723885] omarchy-m2 kernel:   node   0: [mem 0x00000107d53c0000-0x00000107d53c3fff]
[    8.723888] omarchy-m2 kernel:   node   0: [mem 0x00000107d53c4000-0x00000107d938ffff]
[    8.723891] omarchy-m2 kernel:   node   0: [mem 0x00000107d9390000-0x00000107d939ffff]
[    8.723894] omarchy-m2 kernel:   node   0: [mem 0x00000107d93a0000-0x00000107d9473fff]
[    8.723897] omarchy-m2 kernel:   node   0: [mem 0x00000107d9478000-0x00000107d94a3fff]
[    8.723900] omarchy-m2 kernel:   node   0: [mem 0x00000107d94a4000-0x00000107d94cbfff]
[    8.723903] omarchy-m2 kernel:   node   0: [mem 0x00000107d94cc000-0x00000107d9783fff]
[    8.723906] omarchy-m2 kernel:   node   0: [mem 0x00000107db37c000-0x00000107e6363fff]
[    8.723909] omarchy-m2 kernel:   node   0: [mem 0x00000107fff70000-0x00000107fff73fff]
[    8.723913] omarchy-m2 kernel:   node   0: [mem 0x00000107fff78000-0x00000107fffbbfff]
[    8.723916] omarchy-m2 kernel: Initmem setup node 0 [mem 0x0000010000230000-0x00000107fffbbfff]
[    8.723920] omarchy-m2 kernel: On node 0, zone DMA: 140 pages in unavailable ranges
[    8.723923] omarchy-m2 kernel: On node 0, zone DMA: 114 pages in unavailable ranges
[    8.723927] omarchy-m2 kernel: On node 0, zone DMA: 45 pages in unavailable ranges
[    8.723930] omarchy-m2 kernel: On node 0, zone DMA: 347 pages in unavailable ranges
[    8.723933] omarchy-m2 kernel: On node 0, zone DMA: 50 pages in unavailable ranges
[    8.723936] omarchy-m2 kernel: On node 0, zone DMA: 1 pages in unavailable ranges
[    8.723939] omarchy-m2 kernel: On node 0, zone DMA: 1790 pages in unavailable ranges
[    8.723942] omarchy-m2 kernel: On node 0, zone DMA: 9987 pages in unavailable ranges
[    8.723946] omarchy-m2 kernel: On node 0, zone DMA: 1 pages in unavailable ranges
[    8.723949] omarchy-m2 kernel: On node 0, zone DMA: 17 pages in unavailable ranges
[    8.723952] omarchy-m2 kernel: percpu: Embedded 9 pages/cpu s103320 r8192 d35944 u147456
[    8.723955] omarchy-m2 kernel: pcpu-alloc: s103320 r8192 d35944 u147456 alloc=9*16384
[    8.723959] omarchy-m2 kernel: pcpu-alloc: [0] 00 [0] 01 [0] 02 [0] 03 [0] 04 [0] 05 [0] 06 [0] 07 
[    8.723962] omarchy-m2 kernel: pcpu-alloc: [0] 08 [0] 09 [0] 10 [0] 11 
[    8.723965] omarchy-m2 kernel: Detected PIPT I-cache on CPU0
[    8.723968] omarchy-m2 kernel: CPU features: detected: Address authentication (IMP DEF algorithm)
[    8.723972] omarchy-m2 kernel: CPU features: detected: Virtualization Host Extensions
[    8.723975] omarchy-m2 kernel: CPU features: detected: Spectre-v4
[    8.723985] omarchy-m2 kernel: CPU features: detected: Spectre-BHB
[    8.723988] omarchy-m2 kernel: CPU features: detected: Apple IMPDEF PMUv3 Traps
[    8.723991] omarchy-m2 kernel: alternatives: applying boot alternatives
[    8.723995] omarchy-m2 kernel: Kernel command line: BOOT_IMAGE=/vmlinuz-linux-aurora root=UUID=725346d2-f127-47bc-b464-9dd46155e8d6 rw rootflags=subvol=@ cryptdevice=UUID=de26457c-f363-450f-916a-888a0b9b1fd6:root:allow-discards loglevel=3 quiet splash
[    8.723999] omarchy-m2 kernel: Unknown kernel command line parameters "splash cryptdevice=UUID=de26457c-f363-450f-916a-888a0b9b1fd6:root:allow-discards", will be passed to user space.
[    8.724006] omarchy-m2 kernel: printk: log buffer data + meta data: 262144 + 1114112 = 1376256 bytes
[    8.724009] omarchy-m2 kernel: Dentry cache hash table entries: 4194304 (order: 11, 33554432 bytes, linear)
[    8.724013] omarchy-m2 kernel: Inode-cache hash table entries: 2097152 (order: 10, 16777216 bytes, linear)
[    8.724016] omarchy-m2 kernel: software IO TLB: SWIOTLB bounce buffer size adjusted to 31MB
[    8.724020] omarchy-m2 kernel: software IO TLB: area num 16.
[    8.724023] omarchy-m2 kernel: software IO TLB: SWIOTLB bounce buffer size roundup to 32MB
[    8.724026] omarchy-m2 kernel: software IO TLB: mapped [mem 0x00000107d228c000-0x00000107d428c000] (32MB)
[    8.724031] omarchy-m2 kernel: Built 1 zonelists, mobility grouping on.  Total pages: 2068276
[    8.724034] omarchy-m2 kernel: mem auto-init: stack:off, heap alloc:on, heap free:off
[    8.724037] omarchy-m2 kernel: SLUB: HWalign=64, Order=0-3, MinObjects=0, CPUs=12, Nodes=1
[    8.724040] omarchy-m2 kernel: Dynamic Preempt: full
[    8.724043] omarchy-m2 kernel: rcu: Preemptible hierarchical RCU implementation.
[    8.724047] omarchy-m2 kernel: rcu:         RCU restricting CPUs from NR_CPUS=64 to nr_cpu_ids=12.
[    8.724051] omarchy-m2 kernel:         Trampoline variant of Tasks RCU enabled.
[    8.724054] omarchy-m2 kernel:         Tracing variant of Tasks RCU enabled.
[    8.724058] omarchy-m2 kernel: rcu: RCU calculated value of scheduler-enlistment delay is 100 jiffies.
[    8.724061] omarchy-m2 kernel: rcu: Adjusting geometry for rcu_fanout_leaf=16, nr_cpu_ids=12
[    8.724064] omarchy-m2 kernel: RCU Tasks: Setting shift to 4 and lim to 1 rcu_task_cb_adjust=1 rcu_task_cpu_ids=12.
[    8.724067] omarchy-m2 kernel: NR_IRQS: 64, nr_irqs: 64, preallocated irqs: 0
[    8.724070] omarchy-m2 kernel: Root IRQ handler: aic_handle_irq
[    8.724073] omarchy-m2 kernel: Root FIQ handler: aic_handle_fiq
[    8.724076] omarchy-m2 kernel: irq_apple_aic: Using Fast IPIs
[    8.724080] omarchy-m2 kernel: irq_apple_aic: Initialized with 1961/4096 IRQs * 1/8 die(s), 7 FIQs, 32 vIPIs
[    8.724083] omarchy-m2 kernel: rcu: srcu_init: Setting srcu_struct sizes based on contention.
[    8.724086] omarchy-m2 kernel: clocksource: jiffies: mask: 0xffffffff max_cycles: 0xffffffff, max_idle_ns: 1911260446275000 ns
[    8.724089] omarchy-m2 kernel: arch_timer: cp15 timer running at 24.00MHz (phys).
[    8.724092] omarchy-m2 kernel: clocksource: arch_sys_counter: mask: 0xffffffffffffff max_cycles: 0x588fe9dc0, max_idle_ns: 440795202592 ns
[    8.724096] omarchy-m2 kernel: sched_clock: 56 bits at 24MHz, resolution 41ns, wraps every 4398046511097ns
[    8.724099] omarchy-m2 kernel: Console: colour dummy device 80x25
[    8.724103] omarchy-m2 kernel: printk: legacy console [tty0] enabled
[    8.724107] omarchy-m2 kernel: Calibrating delay loop (skipped), value calculated using timer frequency.. 48.00 BogoMIPS (lpj=24000)
[    8.724111] omarchy-m2 kernel: pid_max: default: 32768 minimum: 301
[    8.724115] omarchy-m2 kernel: landlock: Up and running.
[    8.724118] omarchy-m2 kernel: Yama: becoming mindful.
[    8.724122] omarchy-m2 kernel: AppArmor: AppArmor initialized
[    8.724125] omarchy-m2 kernel: Mount-cache hash table entries: 65536 (order: 5, 524288 bytes, linear)
[    8.724129] omarchy-m2 kernel: Mountpoint-cache hash table entries: 65536 (order: 5, 524288 bytes, linear)
[    8.724132] omarchy-m2 kernel: VFS: Finished mounting rootfs on nullfs
[    8.724136] omarchy-m2 kernel: rcu: Hierarchical SRCU implementation.
[    8.724140] omarchy-m2 kernel: rcu:         Max phase no-delay instances is 400.
[    8.724144] omarchy-m2 kernel: Timer migration: 2 hierarchy levels; 8 children per group; 2 crossnode level
[    8.724147] omarchy-m2 kernel: Remapping and enabling EFI services.
[    8.724150] omarchy-m2 kernel: smp: Bringing up secondary CPUs ...
[    8.724154] omarchy-m2 kernel: Detected PIPT I-cache on CPU1
[    8.724157] omarchy-m2 kernel: CPU1: Booted secondary processor 0x0000000001 [0x611f0340]
[    8.724161] omarchy-m2 kernel: Detected PIPT I-cache on CPU2
[    8.724164] omarchy-m2 kernel: CPU2: Booted secondary processor 0x0000000002 [0x611f0340]
[    8.724168] omarchy-m2 kernel: Detected PIPT I-cache on CPU3
[    8.724171] omarchy-m2 kernel: CPU3: Booted secondary processor 0x0000000003 [0x611f0340]
[    8.724175] omarchy-m2 kernel: Detected PIPT I-cache on CPU4
[    8.724178] omarchy-m2 kernel: CPU4: Booted secondary processor 0x0000010100 [0x611f0350]
[    8.724181] omarchy-m2 kernel: Detected PIPT I-cache on CPU5
[    8.724185] omarchy-m2 kernel: CPU5: Booted secondary processor 0x0000010101 [0x611f0350]
[    8.724188] omarchy-m2 kernel: Detected PIPT I-cache on CPU6
[    8.724191] omarchy-m2 kernel: CPU6: Booted secondary processor 0x0000010102 [0x611f0350]
[    8.724200] omarchy-m2 kernel: Detected PIPT I-cache on CPU7
[    8.724204] omarchy-m2 kernel: CPU7: Booted secondary processor 0x0000010103 [0x611f0350]
[    8.724207] omarchy-m2 kernel: Detected PIPT I-cache on CPU8
[    8.724211] omarchy-m2 kernel: CPU8: Booted secondary processor 0x0000010200 [0x611f0350]
[    8.724215] omarchy-m2 kernel: Detected PIPT I-cache on CPU9
[    8.724218] omarchy-m2 kernel: CPU9: Booted secondary processor 0x0000010201 [0x611f0350]
[    8.724222] omarchy-m2 kernel: Detected PIPT I-cache on CPU10
[    8.724225] omarchy-m2 kernel: CPU10: Booted secondary processor 0x0000010202 [0x611f0350]
[    8.724229] omarchy-m2 kernel: Detected PIPT I-cache on CPU11
[    8.724232] omarchy-m2 kernel: CPU11: Booted secondary processor 0x0000010203 [0x611f0350]
[    8.724236] omarchy-m2 kernel: smp: Brought up 1 node, 12 CPUs
[    8.724239] omarchy-m2 kernel: SMP: Total of 12 processors activated.
[    8.724243] omarchy-m2 kernel: CPU: All CPU(s) started at EL2
[    8.724247] omarchy-m2 kernel: CPU features: detected: Branch Target Identification
[    8.724250] omarchy-m2 kernel: CPU features: detected: ARMv8.4 Translation Table Level
[    8.724254] omarchy-m2 kernel: CPU features: detected: Data cache clean to the PoU not required for I/D coherence
[    8.724258] omarchy-m2 kernel: CPU features: detected: Common not Private translations
[    8.724261] omarchy-m2 kernel: CPU features: detected: CRC32 instructions
[    8.724265] omarchy-m2 kernel: CPU features: detected: Data independent timing control (DIT)
[    8.724268] omarchy-m2 kernel: CPU features: detected: E0PD
[    8.724272] omarchy-m2 kernel: CPU features: detected: Enhanced Counter Virtualization
[    8.724276] omarchy-m2 kernel: CPU features: detected: Enhanced Virtualization Traps
[    8.724280] omarchy-m2 kernel: CPU features: detected: Fine Grained Traps
[    8.724283] omarchy-m2 kernel: CPU features: detected: Generic authentication (IMP DEF algorithm)
[    8.724287] omarchy-m2 kernel: CPU features: detected: RCpc load-acquire (LDAPR)
[    8.724290] omarchy-m2 kernel: CPU features: detected: LSE atomic instructions
[    8.724294] omarchy-m2 kernel: CPU features: detected: Privileged Access Never
[    8.724297] omarchy-m2 kernel: CPU features: detected: RAS Extension Support
[    8.724301] omarchy-m2 kernel: CPU features: detected: Speculation barrier (SB)
[    8.724304] omarchy-m2 kernel: CPU features: detected: Stage-2 Force Write-Back
[    8.724308] omarchy-m2 kernel: CPU features: detected: TLB range maintenance instructions
[    8.724312] omarchy-m2 kernel: CPU features: detected: XNX
[    8.724315] omarchy-m2 kernel: CPU features: detected: Speculative Store Bypassing Safe (SSBS)
[    8.724318] omarchy-m2 kernel: alternatives: applying system-wide alternatives
[    8.724322] omarchy-m2 kernel: CPU features: detected: ACTLR virtualization (architectural?)
[    8.724326] omarchy-m2 kernel: CPU features: detected: ICV_DIR_EL1 trapping
[    8.724330] omarchy-m2 kernel: CPU features: detected: TSO memory model (Apple)
[    8.724334] omarchy-m2 kernel: Memory: 32517184K/33092416K available (16192K kernel code, 2850K rwdata, 11904K rodata, 2048K init, 664K bss, 496560K reserved, 65536K cma-reserved)
[    8.724337] omarchy-m2 kernel: devtmpfs: initialized
[    8.724341] omarchy-m2 kernel: posixtimers hash table entries: 8192 (order: 3, 131072 bytes, linear)
[    8.724345] omarchy-m2 kernel: futex hash table entries: 4096 (262144 bytes on 1 NUMA nodes, total 256 KiB, linear).
[    8.724348] omarchy-m2 kernel: 6060 pages in range for non-PLT usage
[    8.724352] omarchy-m2 kernel: 128940 pages in range for PLT usage
[    8.724356] omarchy-m2 kernel: DMI: SMBIOS 3.7.0 present.
[    8.724359] omarchy-m2 kernel: DMI: Apple Inc. Mac14,10/J416s, BIOS 2026.07 07/01/2026
[    8.724363] omarchy-m2 kernel: DMI: Memory slots populated: 1/1
[    8.724366] omarchy-m2 kernel: NET: Registered PF_NETLINK/PF_ROUTE protocol family
[    8.724370] omarchy-m2 kernel: DMA: preallocated 4096 KiB GFP_KERNEL|GFP_DMA pool for atomic allocations
[    8.724374] omarchy-m2 kernel: audit: initializing netlink subsys (disabled)
[    8.724379] omarchy-m2 kernel: audit: type=2000 audit(0.011:1): state=initialized audit_enabled=0 res=1
[    8.724382] omarchy-m2 kernel: thermal_sys: Registered thermal governor 'fair_share'
[    8.724386] omarchy-m2 kernel: thermal_sys: Registered thermal governor 'bang_bang'
[    8.724390] omarchy-m2 kernel: thermal_sys: Registered thermal governor 'step_wise'
[    8.724393] omarchy-m2 kernel: thermal_sys: Registered thermal governor 'user_space'
[    8.724397] omarchy-m2 kernel: thermal_sys: Registered thermal governor 'power_allocator'
[    8.724400] omarchy-m2 kernel: cpuidle: using governor ladder
[    8.724404] omarchy-m2 kernel: cpuidle: using governor menu
[    8.724407] omarchy-m2 kernel: hw-breakpoint: found 6 breakpoint and 4 watchpoint registers.
[    8.724411] omarchy-m2 kernel: ASID allocator initialised with 256 entries
[    8.724414] omarchy-m2 kernel: /soc/i2c@39b040000/usb-pd@38/connector: Fixed dependency cycle(s) with /soc/dcp@289c00000/typec-routes/route@0
[    8.724423] omarchy-m2 kernel: /soc/i2c@39b040000/usb-pd@38/connector: Fixed dependency cycle(s) with /soc/dcp@315c00000/typec-routes/route@0
[    8.724427] omarchy-m2 kernel: /soc/i2c@39b040000/usb-pd@38/connector: Fixed dependency cycle(s) with /soc/cio@701ac0000
[    8.724431] omarchy-m2 kernel: /soc/i2c@39b040000/usb-pd@38/connector: Fixed dependency cycle(s) with /soc/phy@703000000
[    8.724434] omarchy-m2 kernel: /soc/i2c@39b040000/usb-pd@38/connector: Fixed dependency cycle(s) with /soc/usb@702280000
[    8.724438] omarchy-m2 kernel: /soc/i2c@39b040000/usb-pd@3f/connector: Fixed dependency cycle(s) with /soc/dcp@289c00000/typec-routes/route@1
[    8.724442] omarchy-m2 kernel: /soc/i2c@39b040000/usb-pd@3f/connector: Fixed dependency cycle(s) with /soc/dcp@315c00000/typec-routes/route@1
[    8.724446] omarchy-m2 kernel: /soc/i2c@39b040000/usb-pd@3f/connector: Fixed dependency cycle(s) with /soc/cio@b01ac0000
[    8.724449] omarchy-m2 kernel: /soc/i2c@39b040000/usb-pd@3f/connector: Fixed dependency cycle(s) with /soc/phy@b03000000
[    8.724453] omarchy-m2 kernel: /soc/i2c@39b040000/usb-pd@3f/connector: Fixed dependency cycle(s) with /soc/usb@b02280000
[    8.724457] omarchy-m2 kernel: /soc/i2c@39b040000/usb-pd@3b/connector: Fixed dependency cycle(s) with /soc/dcp@289c00000/typec-routes/route@2
[    8.724460] omarchy-m2 kernel: /soc/i2c@39b040000/usb-pd@3b/connector: Fixed dependency cycle(s) with /soc/dcp@315c00000/typec-routes/route@2
[    8.724464] omarchy-m2 kernel: /soc/i2c@39b040000/usb-pd@3b/connector: Fixed dependency cycle(s) with /soc/cio@f01ac0000
[    8.724467] omarchy-m2 kernel: /soc/i2c@39b040000/usb-pd@3b/connector: Fixed dependency cycle(s) with /soc/phy@f03000000
[    8.724471] omarchy-m2 kernel: /soc/i2c@39b040000/usb-pd@3b/connector: Fixed dependency cycle(s) with /soc/usb@f02280000
[    8.724475] omarchy-m2 kernel: /soc/pcie@580000000: Fixed dependency cycle(s) with /soc/pcie@580000000
[    8.724478] omarchy-m2 kernel: /soc/pcie@580000000/pci@0,0: Fixed dependency cycle(s) with /soc/pcie@580000000/pci@0,0
[    8.724482] omarchy-m2 kernel: /soc/pcie@580000000/pci@1,0: Fixed dependency cycle(s) with /soc/pcie@580000000/pci@1,0
[    8.724485] omarchy-m2 kernel: /soc/dcp@289c00000: Fixed dependency cycle(s) with /soc/audio-controller@39b504000
[    8.724489] omarchy-m2 kernel: /soc/dcp@289c00000: Fixed dependency cycle(s) with /soc/phy@1303000000
[    8.724493] omarchy-m2 kernel: /soc/dcp@289c00000/typec-routes/route@0: Fixed dependency cycle(s) with /soc/i2c@39b040000/usb-pd@38/connector
[    8.724496] omarchy-m2 kernel: /soc/dcp@289c00000/typec-routes/route@1: Fixed dependency cycle(s) with /soc/i2c@39b040000/usb-pd@3f/connector
[    8.724500] omarchy-m2 kernel: /soc/dcp@289c00000/typec-routes/route@2: Fixed dependency cycle(s) with /soc/i2c@39b040000/usb-pd@3b/connector
[    8.724504] omarchy-m2 kernel: /soc/dcp@315c00000: Fixed dependency cycle(s) with /soc/audio-controller@39b508000
[    8.724508] omarchy-m2 kernel: /soc/dcp@315c00000/typec-routes/route@0: Fixed dependency cycle(s) with /soc/i2c@39b040000/usb-pd@38/connector
[    8.724512] omarchy-m2 kernel: /soc/dcp@315c00000/typec-routes/route@1: Fixed dependency cycle(s) with /soc/i2c@39b040000/usb-pd@3f/connector
[    8.724516] omarchy-m2 kernel: /soc/dcp@315c00000/typec-routes/route@2: Fixed dependency cycle(s) with /soc/i2c@39b040000/usb-pd@3b/connector
[    8.724519] omarchy-m2 kernel: /soc/audio-controller@39b504000: Fixed dependency cycle(s) with /soc/dcp@289c00000
[    8.724523] omarchy-m2 kernel: /soc/audio-controller@39b508000: Fixed dependency cycle(s) with /soc/dcp@315c00000
[    8.724526] omarchy-m2 kernel: /soc/cio@701ac0000: Fixed dependency cycle(s) with /soc/i2c@39b040000/usb-pd@38/connector
[    8.724530] omarchy-m2 kernel: /soc/usb4-pcie-tunnel-0/pcie@730000000: Fixed dependency cycle(s) with /soc/usb4-pcie-tunnel-0/pcie@730000000
[    8.724534] omarchy-m2 kernel: /soc/usb4-pcie-tunnel-0/pcie@730000000/pci@0,0: Fixed dependency cycle(s) with /soc/usb4-pcie-tunnel-0/pcie@730000000/pci@0,0
[    8.724538] omarchy-m2 kernel: /soc/usb@702280000: Fixed dependency cycle(s) with /soc/i2c@39b040000/usb-pd@38/connector
[    8.724544] omarchy-m2 kernel: /soc/usb@702280000: Fixed dependency cycle(s) with /soc/phy@703000000
[    8.724548] omarchy-m2 kernel: /soc/phy@703000000: Fixed dependency cycle(s) with /soc/usb@702280000
[    8.724551] omarchy-m2 kernel: /soc/phy@703000000: Fixed dependency cycle(s) with /soc/i2c@39b040000/usb-pd@38/connector
[    8.724555] omarchy-m2 kernel: /soc/cio@b01ac0000: Fixed dependency cycle(s) with /soc/i2c@39b040000/usb-pd@3f/connector
[    8.724558] omarchy-m2 kernel: /soc/usb4-pcie-tunnel-1/pcie@b30000000: Fixed dependency cycle(s) with /soc/usb4-pcie-tunnel-1/pcie@b30000000
[    8.724562] omarchy-m2 kernel: /soc/usb4-pcie-tunnel-1/pcie@b30000000/pci@0,0: Fixed dependency cycle(s) with /soc/usb4-pcie-tunnel-1/pcie@b30000000/pci@0,0
[    8.724566] omarchy-m2 kernel: /soc/usb@b02280000: Fixed dependency cycle(s) with /soc/i2c@39b040000/usb-pd@3f/connector
[    8.724570] omarchy-m2 kernel: /soc/usb@b02280000: Fixed dependency cycle(s) with /soc/phy@b03000000
[    8.724573] omarchy-m2 kernel: /soc/phy@b03000000: Fixed dependency cycle(s) with /soc/usb@b02280000
[    8.724577] omarchy-m2 kernel: /soc/phy@b03000000: Fixed dependency cycle(s) with /soc/i2c@39b040000/usb-pd@3f/connector
[    8.724581] omarchy-m2 kernel: /soc/cio@f01ac0000: Fixed dependency cycle(s) with /soc/i2c@39b040000/usb-pd@3b/connector
[    8.724584] omarchy-m2 kernel: /soc/usb4-pcie-tunnel-2/pcie@f30000000: Fixed dependency cycle(s) with /soc/usb4-pcie-tunnel-2/pcie@f30000000
[    8.724588] omarchy-m2 kernel: /soc/usb4-pcie-tunnel-2/pcie@f30000000/pci@0,0: Fixed dependency cycle(s) with /soc/usb4-pcie-tunnel-2/pcie@f30000000/pci@0,0
[    8.724592] omarchy-m2 kernel: /soc/usb@f02280000: Fixed dependency cycle(s) with /soc/i2c@39b040000/usb-pd@3b/connector
[    8.724595] omarchy-m2 kernel: /soc/usb@f02280000: Fixed dependency cycle(s) with /soc/phy@f03000000
[    8.724599] omarchy-m2 kernel: /soc/phy@f03000000: Fixed dependency cycle(s) with /soc/usb@f02280000
[    8.724602] omarchy-m2 kernel: /soc/phy@f03000000: Fixed dependency cycle(s) with /soc/i2c@39b040000/usb-pd@3b/connector
[    8.724606] omarchy-m2 kernel: /soc/usb4-pcie-tunnel-3/pcie@1330000000: Fixed dependency cycle(s) with /soc/usb4-pcie-tunnel-3/pcie@1330000000
[    8.724610] omarchy-m2 kernel: /soc/usb4-pcie-tunnel-3/pcie@1330000000/pci@0,0: Fixed dependency cycle(s) with /soc/usb4-pcie-tunnel-3/pcie@1330000000/pci@0,0
[    8.724613] omarchy-m2 kernel: /soc/phy@1303000000: Fixed dependency cycle(s) with /soc/dcp@289c00000
[    8.724617] omarchy-m2 kernel: /soc/i2c@39b040000/usb-pd@38/connector: Fixed dependency cycle(s) with /soc/dcp@289c00000/typec-routes/route@0
[    8.724620] omarchy-m2 kernel: /soc/i2c@39b040000/usb-pd@38/connector: Fixed dependency cycle(s) with /soc/dcp@315c00000/typec-routes/route@0
[    8.724624] omarchy-m2 kernel: /soc/i2c@39b040000/usb-pd@38/connector: Fixed dependency cycle(s) with /soc/cio@701ac0000
[    8.724628] omarchy-m2 kernel: /soc/i2c@39b040000/usb-pd@38/connector: Fixed dependency cycle(s) with /soc/phy@703000000
[    8.724632] omarchy-m2 kernel: /soc/i2c@39b040000/usb-pd@38/connector: Fixed dependency cycle(s) with /soc/usb@702280000
[    8.724636] omarchy-m2 kernel: /soc/i2c@39b040000/usb-pd@3f/connector: Fixed dependency cycle(s) with /soc/dcp@289c00000/typec-routes/route@1
[    8.724639] omarchy-m2 kernel: /soc/i2c@39b040000/usb-pd@3f/connector: Fixed dependency cycle(s) with /soc/dcp@315c00000/typec-routes/route@1
[    8.724643] omarchy-m2 kernel: /soc/i2c@39b040000/usb-pd@3f/connector: Fixed dependency cycle(s) with /soc/cio@b01ac0000
[    8.724653] omarchy-m2 kernel: /soc/i2c@39b040000/usb-pd@3f/connector: Fixed dependency cycle(s) with /soc/phy@b03000000
[    8.724657] omarchy-m2 kernel: /soc/i2c@39b040000/usb-pd@3f/connector: Fixed dependency cycle(s) with /soc/usb@b02280000
[    8.724660] omarchy-m2 kernel: /soc/i2c@39b040000/usb-pd@3b/connector: Fixed dependency cycle(s) with /soc/dcp@289c00000/typec-routes/route@2
[    8.724664] omarchy-m2 kernel: /soc/i2c@39b040000/usb-pd@3b/connector: Fixed dependency cycle(s) with /soc/dcp@315c00000/typec-routes/route@2
[    8.724668] omarchy-m2 kernel: /soc/i2c@39b040000/usb-pd@3b/connector: Fixed dependency cycle(s) with /soc/cio@f01ac0000
[    8.724671] omarchy-m2 kernel: /soc/i2c@39b040000/usb-pd@3b/connector: Fixed dependency cycle(s) with /soc/phy@f03000000
[    8.724675] omarchy-m2 kernel: /soc/i2c@39b040000/usb-pd@3b/connector: Fixed dependency cycle(s) with /soc/usb@f02280000
[    8.724678] omarchy-m2 kernel: /soc/pcie@580000000: Fixed dependency cycle(s) with /soc/pcie@580000000
[    8.724682] omarchy-m2 kernel: /soc/pcie@580000000/pci@0,0: Fixed dependency cycle(s) with /soc/pcie@580000000/pci@0,0
[    8.724685] omarchy-m2 kernel: /soc/pcie@580000000/pci@1,0: Fixed dependency cycle(s) with /soc/pcie@580000000/pci@1,0
[    8.724689] omarchy-m2 kernel: /soc/dcp@289c00000: Fixed dependency cycle(s) with /soc/audio-controller@39b504000
[    8.724693] omarchy-m2 kernel: /soc/dcp@289c00000: Fixed dependency cycle(s) with /soc/phy@f03000000
[    8.724696] omarchy-m2 kernel: /soc/dcp@289c00000: Fixed dependency cycle(s) with /soc/phy@b03000000
[    8.724700] omarchy-m2 kernel: /soc/dcp@289c00000: Fixed dependency cycle(s) with /soc/phy@703000000
[    8.724703] omarchy-m2 kernel: /soc/dcp@289c00000: Fixed dependency cycle(s) with /soc/phy@1303000000
[    8.724707] omarchy-m2 kernel: /soc/dcp@289c00000/typec-routes/route@0: Fixed dependency cycle(s) with /soc/i2c@39b040000/usb-pd@38/connector
[    8.724710] omarchy-m2 kernel: /soc/dcp@289c00000/typec-routes/route@1: Fixed dependency cycle(s) with /soc/i2c@39b040000/usb-pd@3f/connector
[    8.724714] omarchy-m2 kernel: /soc/dcp@289c00000/typec-routes/route@2: Fixed dependency cycle(s) with /soc/i2c@39b040000/usb-pd@3b/connector
[    8.724717] omarchy-m2 kernel: /soc/dcp@315c00000: Fixed dependency cycle(s) with /soc/audio-controller@39b508000
[    8.724721] omarchy-m2 kernel: /soc/dcp@315c00000: Fixed dependency cycle(s) with /soc/phy@f03000000
[    8.724724] omarchy-m2 kernel: /soc/dcp@315c00000: Fixed dependency cycle(s) with /soc/phy@b03000000
[    8.724728] omarchy-m2 kernel: /soc/dcp@315c00000: Fixed dependency cycle(s) with /soc/phy@703000000
[    8.724732] omarchy-m2 kernel: /soc/dcp@315c00000/typec-routes/route@0: Fixed dependency cycle(s) with /soc/i2c@39b040000/usb-pd@38/connector
[    8.724735] omarchy-m2 kernel: /soc/dcp@315c00000/typec-routes/route@1: Fixed dependency cycle(s) with /soc/i2c@39b040000/usb-pd@3f/connector
[    8.724739] omarchy-m2 kernel: /soc/dcp@315c00000/typec-routes/route@2: Fixed dependency cycle(s) with /soc/i2c@39b040000/usb-pd@3b/connector
[    8.724742] omarchy-m2 kernel: /soc/dcp@289c00000: Fixed dependency cycle(s) with /soc/audio-controller@39b504000
[    8.724746] omarchy-m2 kernel: /soc/audio-controller@39b504000: Fixed dependency cycle(s) with /soc/dcp@289c00000
[    8.724749] omarchy-m2 kernel: /soc/dcp@315c00000: Fixed dependency cycle(s) with /soc/audio-controller@39b508000
[    8.724752] omarchy-m2 kernel: /soc/audio-controller@39b508000: Fixed dependency cycle(s) with /soc/dcp@315c00000
[    8.724756] omarchy-m2 kernel: /soc/i2c@39b040000/usb-pd@38/connector: Fixed dependency cycle(s) with /soc/cio@701ac0000
[    8.724760] omarchy-m2 kernel: /soc/cio@701ac0000: Fixed dependency cycle(s) with /soc/i2c@39b040000/usb-pd@38/connector
[    8.724763] omarchy-m2 kernel: /soc/i2c@39b040000/usb-pd@38/connector: Fixed dependency cycle(s) with /soc/usb@702280000
[    8.724767] omarchy-m2 kernel: /soc/usb@702280000: Fixed dependency cycle(s) with /soc/i2c@39b040000/usb-pd@38/connector
[    8.724770] omarchy-m2 kernel: /soc/usb@702280000: Fixed dependency cycle(s) with /soc/phy@703000000
[    8.724774] omarchy-m2 kernel: /soc/usb@702280000: Fixed dependency cycle(s) with /soc/phy@703000000
[    8.724777] omarchy-m2 kernel: /soc/dcp@315c00000: Fixed dependency cycle(s) with /soc/phy@703000000
[    8.724781] omarchy-m2 kernel: /soc/dcp@289c00000: Fixed dependency cycle(s) with /soc/phy@703000000
[    8.724784] omarchy-m2 kernel: /soc/i2c@39b040000/usb-pd@38/connector: Fixed dependency cycle(s) with /soc/phy@703000000
[    8.724788] omarchy-m2 kernel: /soc/phy@703000000: Fixed dependency cycle(s) with /soc/usb@702280000
[    8.724792] omarchy-m2 kernel: /soc/phy@703000000: Fixed dependency cycle(s) with /soc/i2c@39b040000/usb-pd@38/connector
[    8.724796] omarchy-m2 kernel: /soc/i2c@39b040000/usb-pd@3f/connector: Fixed dependency cycle(s) with /soc/cio@b01ac0000
[    8.724799] omarchy-m2 kernel: /soc/cio@b01ac0000: Fixed dependency cycle(s) with /soc/i2c@39b040000/usb-pd@3f/connector
[    8.724803] omarchy-m2 kernel: /soc/i2c@39b040000/usb-pd@3f/connector: Fixed dependency cycle(s) with /soc/usb@b02280000
[    8.724806] omarchy-m2 kernel: /soc/usb@b02280000: Fixed dependency cycle(s) with /soc/i2c@39b040000/usb-pd@3f/connector
[    8.724809] omarchy-m2 kernel: /soc/usb@b02280000: Fixed dependency cycle(s) with /soc/phy@b03000000
[    8.724813] omarchy-m2 kernel: /soc/usb@b02280000: Fixed dependency cycle(s) with /soc/phy@b03000000
[    8.724816] omarchy-m2 kernel: /soc/dcp@315c00000: Fixed dependency cycle(s) with /soc/phy@b03000000
[    8.724819] omarchy-m2 kernel: /soc/dcp@289c00000: Fixed dependency cycle(s) with /soc/phy@b03000000
[    8.724823] omarchy-m2 kernel: /soc/i2c@39b040000/usb-pd@3f/connector: Fixed dependency cycle(s) with /soc/phy@b03000000
[    8.724826] omarchy-m2 kernel: /soc/phy@b03000000: Fixed dependency cycle(s) with /soc/usb@b02280000
[    8.724830] omarchy-m2 kernel: /soc/phy@b03000000: Fixed dependency cycle(s) with /soc/i2c@39b040000/usb-pd@3f/connector
[    8.724833] omarchy-m2 kernel: /soc/i2c@39b040000/usb-pd@3b/connector: Fixed dependency cycle(s) with /soc/cio@f01ac0000
[    8.724837] omarchy-m2 kernel: /soc/cio@f01ac0000: Fixed dependency cycle(s) with /soc/i2c@39b040000/usb-pd@3b/connector
[    8.724840] omarchy-m2 kernel: /soc/i2c@39b040000/usb-pd@3b/connector: Fixed dependency cycle(s) with /soc/usb@f02280000
[    8.724844] omarchy-m2 kernel: /soc/usb@f02280000: Fixed dependency cycle(s) with /soc/i2c@39b040000/usb-pd@3b/connector
[    8.724847] omarchy-m2 kernel: /soc/usb@f02280000: Fixed dependency cycle(s) with /soc/phy@f03000000
[    8.724851] omarchy-m2 kernel: /soc/usb@f02280000: Fixed dependency cycle(s) with /soc/phy@f03000000
[    8.724854] omarchy-m2 kernel: /soc/dcp@315c00000: Fixed dependency cycle(s) with /soc/phy@f03000000
[    8.724857] omarchy-m2 kernel: /soc/dcp@289c00000: Fixed dependency cycle(s) with /soc/phy@f03000000
[    8.724861] omarchy-m2 kernel: /soc/i2c@39b040000/usb-pd@3b/connector: Fixed dependency cycle(s) with /soc/phy@f03000000
[    8.724869] omarchy-m2 kernel: /soc/phy@f03000000: Fixed dependency cycle(s) with /soc/usb@f02280000
[    8.724873] omarchy-m2 kernel: /soc/phy@f03000000: Fixed dependency cycle(s) with /soc/i2c@39b040000/usb-pd@3b/connector
[    8.724876] omarchy-m2 kernel: /soc/dcp@289c00000: Fixed dependency cycle(s) with /soc/phy@1303000000
[    8.724879] omarchy-m2 kernel: /soc/phy@1303000000: Fixed dependency cycle(s) with /soc/dcp@289c00000
[    8.724883] omarchy-m2 kernel: HugeTLB: registered 1.00 GiB page size, pre-allocated 0 pages
[    8.724886] omarchy-m2 kernel: HugeTLB: 0 KiB vmemmap can be freed for a 1.00 GiB page
[    8.724891] omarchy-m2 kernel: HugeTLB: registered 32.0 MiB page size, pre-allocated 0 pages
[    8.724896] omarchy-m2 kernel: HugeTLB: 0 KiB vmemmap can be freed for a 32.0 MiB page
[    8.724899] omarchy-m2 kernel: HugeTLB: registered 2.00 MiB page size, pre-allocated 0 pages
[    8.724903] omarchy-m2 kernel: HugeTLB: 0 KiB vmemmap can be freed for a 2.00 MiB page
[    8.724906] omarchy-m2 kernel: iommu: Default domain type: Translated
[    8.724910] omarchy-m2 kernel: iommu: DMA domain TLB invalidation policy: strict mode
[    8.724913] omarchy-m2 kernel: SCSI subsystem initialized
[    8.724917] omarchy-m2 kernel: usbcore: registered new interface driver usbfs
[    8.724921] omarchy-m2 kernel: usbcore: registered new interface driver hub
[    8.724924] omarchy-m2 kernel: usbcore: registered new device driver usb
[    8.724928] omarchy-m2 kernel: pps_core: LinuxPPS API ver. 1 registered
[    8.724931] omarchy-m2 kernel: pps_core: Software ver. 5.3.6 - Copyright 2005-2007 Rodolfo Giometti <giometti@linux.it>
[    8.724935] omarchy-m2 kernel: efivars: Registered efivars operations
[    8.724938] omarchy-m2 kernel: Advanced Linux Sound Architecture Driver Initialized.
[    8.724942] omarchy-m2 kernel: NetLabel: Initializing
[    8.724945] omarchy-m2 kernel: NetLabel:  domain hash size = 128
[    8.724949] omarchy-m2 kernel: NetLabel:  protocols = UNLABELED CIPSOv4 CALIPSO
[    8.724952] omarchy-m2 kernel: NetLabel:  unlabeled traffic allowed by default
[    8.724955] omarchy-m2 kernel: vgaarb: loaded
[    8.724960] omarchy-m2 kernel: clocksource: Switched to clocksource arch_sys_counter
[    8.724964] omarchy-m2 kernel: VFS: Disk quotas dquot_6.6.0
[    8.724967] omarchy-m2 kernel: VFS: Dquot-cache hash table entries: 2048 (order 0, 16384 bytes)
[    8.724971] omarchy-m2 kernel: AppArmor: AppArmor Filesystem Enabled
[    8.724974] omarchy-m2 kernel: NET: Registered PF_INET protocol family
[    8.724977] omarchy-m2 kernel: IP idents hash table entries: 262144 (order: 7, 2097152 bytes, linear)
[    8.724981] omarchy-m2 kernel: tcp_listen_portaddr_hash hash table entries: 16384 (order: 4, 262144 bytes, linear)
[    8.724985] omarchy-m2 kernel: Table-perturb hash table entries: 65536 (order: 4, 262144 bytes, linear)
[    8.724988] omarchy-m2 kernel: TCP established hash table entries: 262144 (order: 7, 2097152 bytes, linear)
[    8.724991] omarchy-m2 kernel: TCP bind hash table entries: 65536 (order: 7, 2097152 bytes, linear)
[    8.724995] omarchy-m2 kernel: TCP: Hash tables configured (established 262144 bind 65536)
[    8.724998] omarchy-m2 kernel: MPTCP token hash table entries: 32768 (order: 6, 786432 bytes, linear)
[    8.725005] omarchy-m2 kernel: UDP hash table entries: 16384 (order: 6, 1048576 bytes, linear)
[    8.725009] omarchy-m2 kernel: NET: Registered PF_UNIX/PF_LOCAL protocol family
[    8.725012] omarchy-m2 kernel: RPC: Registered named UNIX socket transport module.
[    8.725016] omarchy-m2 kernel: RPC: Registered udp transport module.
[    8.725019] omarchy-m2 kernel: RPC: Registered tcp transport module.
[    8.725023] omarchy-m2 kernel: RPC: Registered tcp-with-tls transport module.
[    8.725026] omarchy-m2 kernel: RPC: Registered tcp NFSv4.1 backchannel transport module.
[    8.725030] omarchy-m2 kernel: PCI: CLS 0 bytes, default 64
[    8.725034] omarchy-m2 kernel: Trying to unpack rootfs image as initramfs...
[    8.725038] omarchy-m2 kernel: kvm [1]: nv: 570 coarse grained trap handlers
[    8.725042] omarchy-m2 kernel: kvm [1]: nv: 710 fine grained trap handlers
[    8.725046] omarchy-m2 kernel: kvm [1]: IPA Size Limit: 42 bits
[    8.725049] omarchy-m2 kernel: kvm [1]: Non-architectural vgic, tainting kernel
[    8.725052] omarchy-m2 kernel: kvm [1]: GICv3: no GICV resource entry
[    8.725056] omarchy-m2 kernel: kvm [1]: disabling GICv2 emulation
[    8.725060] omarchy-m2 kernel: kvm [1]: GICv3 with broken locally generated SEI
[    8.725063] omarchy-m2 kernel: kvm [1]: GICv3 sysreg trapping enabled ([G0G1D], reduced performance)
[    8.725067] omarchy-m2 kernel: kvm [1]: GIC system register CPU interface enabled
[    8.725070] omarchy-m2 kernel: kvm [1]: vgic interrupt IRQ33
[    8.725074] omarchy-m2 kernel: kvm [1]: VHE mode initialized successfully
[    8.725077] omarchy-m2 kernel: Initialise system trusted keyrings
[    8.725082] omarchy-m2 kernel: workingset: timestamp_bits=46 (anon: 42) max_order=21 bucket_order=0 (anon: 0)
[    8.725086] omarchy-m2 kernel: NFS: Registering the id_resolver key type
[    8.725090] omarchy-m2 kernel: Key type id_resolver registered
[    8.725094] omarchy-m2 kernel: Key type id_legacy registered
[    8.725098] omarchy-m2 kernel: nfs4filelayout_init: NFSv4 File Layout Driver Registering...
[    8.725101] omarchy-m2 kernel: nfs4flexfilelayout_init: NFSv4 Flexfile Layout Driver Registering...
[    8.725105] omarchy-m2 kernel: cryptd: max_cpu_qlen set to 1000
[    8.725108] omarchy-m2 kernel: NET: Registered PF_ALG protocol family
[    8.725112] omarchy-m2 kernel: Key type asymmetric registered
[    8.725116] omarchy-m2 kernel: Asymmetric key parser 'x509' registered
[    8.725119] omarchy-m2 kernel: Asymmetric key parser 'pkcs8' registered
[    8.725123] omarchy-m2 kernel: Block layer SCSI generic (bsg) driver version 0.4 loaded (major 248)
[    8.725126] omarchy-m2 kernel: io scheduler mq-deadline registered
[    8.725130] omarchy-m2 kernel: io scheduler kyber registered
[    8.725134] omarchy-m2 kernel: io scheduler bfq registered
[    8.725138] omarchy-m2 kernel: ledtrig-cpu: registered to indicate activity on CPUs
[    8.725170] omarchy-m2 kernel: apple-pmgr-pwrstate 28e080000.power-management:power-controller@240: always-on domain atc3_common is not on at boot
[    8.725192] omarchy-m2 kernel: apple-pmgr-pwrstate 28e080000.power-management:power-controller@278: always-on domain atc0_pcie is not on at boot
[    8.725214] omarchy-m2 kernel: apple-pmgr-pwrstate 28e080000.power-management:power-controller@288: always-on domain atc1_pcie is not on at boot
[    8.725236] omarchy-m2 kernel: apple-pmgr-pwrstate 28e080000.power-management:power-controller@298: always-on domain atc2_pcie is not on at boot
[    8.725258] omarchy-m2 kernel: apple-pmgr-pwrstate 28e080000.power-management:power-controller@2a8: always-on domain atc3_pcie is not on at boot
[    8.725281] omarchy-m2 kernel: apple-pmgr-pwrstate 29e280000.power-management:power-controller@78: always-on domain msg is not on at boot
[    8.725304] omarchy-m2 kernel: apple-pmgr-pwrstate 29e280000.power-management:power-controller@a8: always-on domain atc3_usb_aon is not on at boot
[    8.725309] omarchy-m2 kernel: 39b200000.serial: ttySAC0 at MMIO 0x39b200000 (irq = 69, base_baud = 0) is a APPLE S5L
[    8.725392] omarchy-m2 kernel: apple-dart 28e300000.iommu: DART [pagesize 4000, 16 streams, bypass support: 1, bypass forced: 0, locked: 1, AS 42 -> 42] initialized
[    8.725465] omarchy-m2 kernel: platform 2a6980000.dma-controller: Adding to iommu group 0
[    8.725527] omarchy-m2 kernel: platform 2a6c00000.aop: Adding to iommu group 1
[    8.725588] omarchy-m2 kernel: apple-dart 2a6808000.iommu: DART [pagesize 4000, 16 streams, bypass support: 1, bypass forced: 0, locked: 0, AS 42 -> 42] initialized
[    8.725647] omarchy-m2 kernel: apple-dart 2a9808000.iommu: Limiting DMA range to 0x0000010000000000..0x00000100ffffffff
[    8.725710] omarchy-m2 kernel: platform 2a9400000.mtp: Adding to iommu group 2
[    8.725779] omarchy-m2 kernel: platform 2a9b30000.input: Adding to iommu group 2
[    8.725835] omarchy-m2 kernel: apple-dart 2a9808000.iommu: DART [pagesize 4000, 16 streams, bypass support: 1, bypass forced: 0, locked: 0, AS 42 -> 42] initialized
[    8.725898] omarchy-m2 kernel: apple-dart 3860e8000.iommu: Limiting DMA range to 0x0000010000000000..0x00000100ffffffff
[    8.725959] omarchy-m2 kernel: apple-dart 3860e8000.iommu: DART [pagesize 4000, 16 streams, bypass support: 1, bypass forced: 0, locked: 0, AS 42 -> 42] initialized
[    8.726063] omarchy-m2 kernel: apple-dart 3860f4000.iommu: Limiting DMA range to 0x0000010000000000..0x00000100ffffffff
[    8.726174] omarchy-m2 kernel: apple-dart 3860f4000.iommu: DART [pagesize 4000, 16 streams, bypass support: 1, bypass forced: 0, locked: 0, AS 42 -> 42] initialized
[    8.726284] omarchy-m2 kernel: apple-dart 3860fc000.iommu: Limiting DMA range to 0x0000010000000000..0x00000100ffffffff
[    8.726389] omarchy-m2 kernel: platform 384000000.isp: Adding to iommu group 3
[    8.726498] omarchy-m2 kernel: apple-dart 3860fc000.iommu: DART [pagesize 4000, 16 streams, bypass support: 1, bypass forced: 0, locked: 0, AS 42 -> 42] initialized
[    8.726606] omarchy-m2 kernel: apple-dart 389304000.iommu: Limiting DMA range to 0x0000010000000000..0x0000010fffffffff
[    8.726719] omarchy-m2 kernel: apple-dart 389304000.iommu: DART [pagesize 4000, 16 streams, bypass support: 1, bypass forced: 0, locked: 1, AS 42 -> 42] initialized
[    8.726832] omarchy-m2 kernel: apple-dart 38930c000.iommu: Limiting DMA range to 0x0000010000000000..0x0000010fffffffff
[    8.726941] omarchy-m2 kernel: platform 389c00000.dcp: Adding to iommu group 4
[    8.727048] omarchy-m2 kernel: apple-dart 38930c000.iommu: Limited to ias=36 due to lock
[    8.727132] omarchy-m2 kernel: apple-dart 38930c000.iommu: DART [pagesize 4000, 16 streams, bypass support: 1, bypass forced: 0, locked: 1, AS 42 -> 42] initialized
[    8.727218] omarchy-m2 kernel: apple-dart 594000000.iommu: DART [pagesize 4000, 16 streams, bypass support: 1, bypass forced: 0, locked: 0, AS 42 -> 42] initialized
[    8.727301] omarchy-m2 kernel: apple-dart 595000000.iommu: DART [pagesize 4000, 16 streams, bypass support: 1, bypass forced: 0, locked: 0, AS 42 -> 42] initialized
[    8.727383] omarchy-m2 kernel: platform 287080000.avd: Adding to iommu group 5
[    8.727466] omarchy-m2 kernel: apple-dart 287010000.iommu: DART [pagesize 4000, 16 streams, bypass support: 1, bypass forced: 0, locked: 0, AS 42 -> 42] initialized
[    8.727550] omarchy-m2 kernel: apple-dart 315304000.iommu: Limiting DMA range to 0x0000010000000000..0x0000010fffffffff
[    8.727631] omarchy-m2 kernel: apple-dart 315304000.iommu: DART [pagesize 4000, 16 streams, bypass support: 1, bypass forced: 0, locked: 1, AS 42 -> 42] initialized
[    8.727714] omarchy-m2 kernel: apple-dart 31530c000.iommu: Limiting DMA range to 0x0000010000000000..0x0000010fffffffff
[    8.727800] omarchy-m2 kernel: platform 315c00000.dcp: Adding to iommu group 6
[    8.727880] omarchy-m2 kernel: apple-dart 31530c000.iommu: Limited to ias=36 due to lock
[    8.727967] omarchy-m2 kernel: apple-dart 31530c000.iommu: DART [pagesize 4000, 16 streams, bypass support: 1, bypass forced: 0, locked: 1, AS 42 -> 42] initialized
[    8.728076] omarchy-m2 kernel: platform 39b400000.dma-controller: Adding to iommu group 7
[    8.728182] omarchy-m2 kernel: platform 39bc00000.sio: Adding to iommu group 8
[    8.728291] omarchy-m2 kernel: apple-dart 39b008000.iommu: DART [pagesize 4000, 16 streams, bypass support: 1, bypass forced: 0, locked: 0, AS 42 -> 42] initialized
[    8.728406] omarchy-m2 kernel: apple-dart 702f00000.iommu: DART [pagesize 4000, 16 streams, bypass support: 1, bypass forced: 0, locked: 0, AS 42 -> 42] initialized
[    8.728519] omarchy-m2 kernel: platform 702280000.usb: Adding to iommu group 9
[    8.728625] omarchy-m2 kernel: apple-dart 702f80000.iommu: DART [pagesize 4000, 16 streams, bypass support: 1, bypass forced: 0, locked: 0, AS 42 -> 42] initialized
[    8.728710] omarchy-m2 kernel: apple-dart b02f00000.iommu: DART [pagesize 4000, 16 streams, bypass support: 1, bypass forced: 0, locked: 0, AS 42 -> 42] initialized
[    8.728799] omarchy-m2 kernel: platform b02280000.usb: Adding to iommu group 10
[    8.728895] omarchy-m2 kernel: apple-dart b02f80000.iommu: DART [pagesize 4000, 16 streams, bypass support: 1, bypass forced: 0, locked: 0, AS 42 -> 42] initialized
[    8.728986] omarchy-m2 kernel: apple-dart f02f00000.iommu: DART [pagesize 4000, 16 streams, bypass support: 1, bypass forced: 0, locked: 0, AS 42 -> 42] initialized
[    8.729096] omarchy-m2 kernel: platform f02280000.usb: Adding to iommu group 11
[    8.729205] omarchy-m2 kernel: apple-dart f02f80000.iommu: DART [pagesize 4000, 16 streams, bypass support: 1, bypass forced: 0, locked: 0, AS 42 -> 42] initialized
[    8.729214] omarchy-m2 kernel: [drm] Initialized simpledrm 1.0.0 for 107ddd79c00.framebuffer on minor 0
[    8.729221] omarchy-m2 kernel: Console: switching to colour frame buffer device 216x67
[    8.729338] omarchy-m2 kernel: simple-framebuffer 107ddd79c00.framebuffer: [drm] fb0: simpledrmdrmfb frame buffer device
[    8.729457] omarchy-m2 kernel: asahi 406400000.gpu: Probing...
[    8.729571] omarchy-m2 kernel: asahi 406400000.gpu: MMU: Initializing...
[    8.729684] omarchy-m2 kernel: asahi 406400000.gpu: MMU: Initializing kernel page table
[    8.729790] omarchy-m2 kernel: asahi 406400000.gpu: MMU: Creating kernel page tables
[    8.729903] omarchy-m2 kernel: asahi 406400000.gpu: MMU: Kernel page tables created
[    8.730018] omarchy-m2 kernel: asahi 406400000.gpu: MMU: Initializing TTBs
[    8.730115] omarchy-m2 kernel: asahi 406400000.gpu: MMU: initialized
[    8.730211] omarchy-m2 kernel: asahi 406400000.gpu: GPU ID registers: 0x6031100 0x60602 0x21020a 0x40404 0x1320311 0x400c1802
[    8.730312] omarchy-m2 kernel: asahi 406400000.gpu: Core masks: [
                                      0x7ffff,
                                      0x0,
                                      0x0,
                                  ]
[    8.730412] omarchy-m2 kernel: asahi 406400000.gpu: GPU Information:
[    8.730515] omarchy-m2 kernel: asahi 406400000.gpu:   Type: G14S
[    8.730611] omarchy-m2 kernel: asahi 406400000.gpu:   Clusters: 2
[    8.730704] omarchy-m2 kernel: asahi 406400000.gpu:   Cores: 10 (20)
[    8.730797] omarchy-m2 kernel: asahi 406400000.gpu:   Frags: 10 (20)
[    8.730890] omarchy-m2 kernel: asahi 406400000.gpu:   GPs: 4 (8)
[    8.730983] omarchy-m2 kernel: asahi 406400000.gpu:   Core masks: [
                                      0x3ff,
                                      0x1ff,
                                  ]
[    8.731080] omarchy-m2 kernel: asahi 406400000.gpu:   Active cores: 19
[    8.731172] omarchy-m2 kernel: asahi 406400000.gpu: Getting configuration from device tree...
[    8.731264] omarchy-m2 kernel: asahi 406400000.gpu: Dynamic configuration fetched
[    8.731357] omarchy-m2 kernel: asahi 406400000.gpu: !!! Hwdata A match
[    8.731450] omarchy-m2 kernel: asahi 406400000.gpu: !!! Hwdata B match
[    8.731545] omarchy-m2 kernel: asahi 406400000.gpu: !!! Globals match
[    8.731641] omarchy-m2 kernel: asahi 406400000.gpu: MMU: IO map: 0x404d00000:0x144000 -> 0xffffffaf00000000
[    8.731736] omarchy-m2 kernel: asahi 406400000.gpu: MMU: IO map: 0x20e100000:0x4000 -> 0xffffffaf00148000
[    8.731831] omarchy-m2 kernel: asahi 406400000.gpu: MMU: IO map: 0x28e104000:0x8000 -> 0xffffffaf00150000
[    8.731924] omarchy-m2 kernel: asahi 406400000.gpu: MMU: IO map: 0x404000000:0x20000 -> 0xffffffaf0015c000
[    8.732023] omarchy-m2 kernel: asahi 406400000.gpu: MMU: IO map: 0x28e460000:0x4000 -> 0xffffffaf00180000
[    8.732115] omarchy-m2 kernel: asahi 406400000.gpu: MMU: IO map: 0x404e08000:0x8000 -> 0xffffffaf00188000
[    8.732207] omarchy-m2 kernel: asahi 406400000.gpu: MMU: IO map: 0x200000000:0xd8000 -> 0xffffffaf00194000
[    8.732299] omarchy-m2 kernel: asahi 406400000.gpu: MMU: IO map: 0x201000000:0xd8000 -> 0xffffffaf0026c000
[    8.732389] omarchy-m2 kernel: asahi 406400000.gpu: MMU: IO map: 0x202000000:0xd8000 -> 0xffffffaf00344000
[    8.732483] omarchy-m2 kernel: asahi 406400000.gpu: MMU: IO map: 0x203000000:0xd8000 -> 0xffffffaf0041c000
[    8.732576] omarchy-m2 kernel: asahi 406400000.gpu: MMU: IO map: 0x28e118000:0x4000 -> 0xffffffaf004f8000
[    8.732668] omarchy-m2 kernel: asahi 406400000.gpu: MMU: IO map: 0x28e3d0000:0x4000 -> 0xffffffaf00500000
[    8.732760] omarchy-m2 kernel: asahi 406400000.gpu: MMU: IO map: 0x28e3c0000:0x4000 -> 0xffffffaf00508000
[    8.732853] omarchy-m2 kernel: asahi 406400000.gpu: MMU: IO map: 0x28e3d8000:0x4000 -> 0xffffffaf00510000
[    8.732943] omarchy-m2 kernel: asahi 406400000.gpu: MMU: IO map: 0x404eac000:0x4000 -> 0xffffffaf00518000
[    8.733046] omarchy-m2 kernel: asahi 406400000.gpu: MMU: IO map: 0x404d60000:0x20000 -> 0xffffffaf00520000
[    8.733138] omarchy-m2 kernel: asahi 406400000.gpu: RTKit: Initializing (protocol version 12)
[    8.733145] omarchy-m2 kernel: [drm] Initialized asahi 0.0.0 for 406400000.gpu on minor 1
[    8.733240] omarchy-m2 kernel: macsmc 2a2400000.smc: RTKit: Initializing (protocol version 12)
[    8.733345] omarchy-m2 kernel: macsmc-gpio macsmc-gpio: First GPIO key: gP01 (0x67503031)
[    8.733353] omarchy-m2 kernel: macsmc-low-gpio: Failed to locate of_node [id: -1]
[    8.733359] omarchy-m2 kernel: mousedev: PS/2 mouse device common for all mice
[    8.733365] omarchy-m2 kernel: input: Apple SMC power/lid events as /devices/platform/soc/2a2400000.smc/macsmc-input/input/input0
[    8.733470] omarchy-m2 kernel: hwmon hwmon2: temp1_input not attached to any thermal zone
[    8.733567] omarchy-m2 kernel: hwmon hwmon2: temp2_input not attached to any thermal zone
[    8.733663] omarchy-m2 kernel: hwmon hwmon2: temp3_input not attached to any thermal zone
[    8.733758] omarchy-m2 kernel: hwmon hwmon2: temp4_input not attached to any thermal zone
[    8.733764] omarchy-m2 kernel: device-mapper: uevent: version 1.0.3
[    8.733770] omarchy-m2 kernel: device-mapper: ioctl: 4.50.0-ioctl (2025-04-28) initialised: dm-devel@lists.linux.dev
[    8.733776] omarchy-m2 kernel: hid: raw HID events driver (C) Jiri Kosina
[    8.733782] omarchy-m2 kernel: watchdog: NMI not fully supported
[    8.733788] omarchy-m2 kernel: watchdog: Hard watchdog permanently disabled
[    8.733793] omarchy-m2 kernel: hw perfevents: enabled with apple_blizzard_pmu PMU driver, 10 (0,000003ff) counters available
[    8.733801] omarchy-m2 kernel: hw perfevents: enabled with apple_avalanche_pmu PMU driver, 10 (0,000003ff) counters available
[    8.733807] omarchy-m2 kernel: Initializing XFRM netlink socket
[    8.733813] omarchy-m2 kernel: NET: Registered PF_INET6 protocol family
[    8.733818] omarchy-m2 kernel: Segment Routing with IPv6
[    8.733824] omarchy-m2 kernel: In-situ OAM (IOAM) with IPv6
[    8.733830] omarchy-m2 kernel: mip6: Mobile IPv6
[    8.733836] omarchy-m2 kernel: NET: Registered PF_PACKET protocol family
[    8.733842] omarchy-m2 kernel: Key type dns_resolver registered
[    8.733847] omarchy-m2 kernel: registered taskstats version 1
[    8.733853] omarchy-m2 kernel: Loading compiled-in X.509 certificates
[    8.733859] omarchy-m2 kernel: Key type .fscrypt registered
[    8.733865] omarchy-m2 kernel: Key type fscrypt-provisioning registered
[    8.733870] omarchy-m2 kernel: Key type encrypted registered
[    8.733876] omarchy-m2 kernel: AppArmor: AppArmor sha256 policy hashing enabled
[    8.733964] omarchy-m2 kernel: leds_pwm led-controller: failed to read period for kbd_backlight, default to off
[    8.734063] omarchy-m2 kernel: apple-admac 2a6980000.dma-controller: Audio DMA Controller
[    8.734157] omarchy-m2 kernel: rtkit-helper 2a9400000.mtp: RTKit: Initializing (protocol version 12)
[    8.734253] omarchy-m2 kernel: rtkit-helper 2a9400000.mtp: RTKit: Unknown oslog message: 300006e69620420
[    8.734349] omarchy-m2 kernel: rtkit-helper 2a9400000.mtp: RTKit: Unknown oslog message: 400002000000105
[    8.734445] omarchy-m2 kernel: rtkit-helper 2a9400000.mtp: RTKit: Unknown oslog message: 400004001050000
[    8.734541] omarchy-m2 kernel: rtkit-helper 2a9400000.mtp: RTKit: Unknown oslog message: 400006000000000
[    8.734639] omarchy-m2 kernel: rtkit-helper 2a9400000.mtp: RTKit: Unknown oslog message: 50672694670744d
[    8.734734] omarchy-m2 kernel: rtkit-helper 2a9400000.mtp: RTKit: Unknown oslog message: 56500657261776d
[    8.734834] omarchy-m2 kernel: apple-dart 289304000.iommu: Limiting DMA range to 0x0000010000000000..0x0000010fffffffff
[    8.734937] omarchy-m2 kernel: platform soc:display-subsystem: Adding to iommu group 12
[    8.735034] omarchy-m2 kernel: apple-dart 389304000.iommu: Limited to ias=36 due to lock
[    8.735128] omarchy-m2 kernel: apple-dart 289304000.iommu: DART [pagesize 4000, 16 streams, bypass support: 1, bypass forced: 0, locked: 1, AS 42 -> 42] initialized
[    8.735223] omarchy-m2 kernel: apple-dart 28930c000.iommu: Limiting DMA range to 0x0000010000000000..0x0000010fffffffff
[    8.735318] omarchy-m2 kernel: platform 289c00000.dcp: Adding to iommu group 13
[    8.735409] omarchy-m2 kernel: apple-dart 28930c000.iommu: Limited to ias=36 due to lock
[    8.735503] omarchy-m2 kernel: apple-dart 28930c000.iommu: DART [pagesize 4000, 16 streams, bypass support: 1, bypass forced: 0, locked: 1, AS 42 -> 42] initialized
[    8.735600] omarchy-m2 kernel: nvme-apple 34bcc0000.nvme: RTKit: Initializing (protocol version 12)
[    8.735704] omarchy-m2 kernel: macsmc-rtc macsmc-rtc: registered as rtc0
[    8.735804] omarchy-m2 kernel: macsmc-rtc macsmc-rtc: setting system clock to 2026-09-22T09:28:18 UTC (1790069298)
[    8.735905] omarchy-m2 kernel: nvme-apple 34bcc0000.nvme: RTKit: syslog message: apcie.c:1110: power up done[0]: PMU=Ocarina, PWR=0
[    8.736015] omarchy-m2 kernel: nvme-apple 34bcc0000.nvme: RTKit: syslog message: apcie.c:1110: power up done[1]: PMU=Undefined, PWR=0
[    8.736112] omarchy-m2 kernel: nvme-apple 34bcc0000.nvme: RTKit: syslog message: apcie.c:423: APCIe 1 is configured as unused.
[    8.736207] omarchy-m2 kernel: nvme-apple 34bcc0000.nvme: RTKit: syslog message: pre_nand_eng.c:6158: enabled 1p0v 1, enabled prog-no-exec 1
[    8.736300] omarchy-m2 kernel: nvme-apple 34bcc0000.nvme: RTKit: syslog message: pre_nand_eng.c:6158: enabled 1p0v 1, enabled prog-no-exec 1
[    8.736396] omarchy-m2 kernel: nvme-apple 34bcc0000.nvme: RTKit: syslog message: cmd.c:6546:  boot mode normal
[    8.736483] omarchy-m2 kernel: nvme nvme0: passthrough uses implicit buffer lengths
[    8.736492] omarchy-m2 kernel:  nvme0n1: p1 p2 p3 p4 p5 p6
[    8.736600] omarchy-m2 kernel: macsmc-reboot macsmc-reboot: Handling reboot and poweroff requests via SMC
[    8.736700] omarchy-m2 kernel: pcie-apple 580000000.pcie: host bridge /soc/pcie@580000000 ranges:
[    8.736792] omarchy-m2 kernel: pcie-apple 580000000.pcie:      MEM 0x05a0000000..0x05bfffffff -> 0x05a0000000
[    8.736884] omarchy-m2 kernel: pcie-apple 580000000.pcie:      MEM 0x05c0000000..0x05ffffffff -> 0x00c0000000
[    8.736974] omarchy-m2 kernel: pcie-apple 580000000.pcie: Using 0 auxiliary PERST#
[    8.736981] omarchy-m2 kernel: Freeing initrd memory: 24912K
[    8.737075] omarchy-m2 kernel: pcie-apple 580000000.pcie: Using 0 auxiliary PERST#
[    8.737169] omarchy-m2 kernel: pcie-apple 580000000.pcie: ECAM at [mem 0x580000000-0x580ffffff] for [bus 00-04]
[    8.737261] omarchy-m2 kernel: pcie-apple 580000000.pcie: PCI host bridge to bus 0000:00
[    8.737369] omarchy-m2 kernel: pci_bus 0000:00: root bus resource [bus 00-04]
[    8.737474] omarchy-m2 kernel: pci_bus 0000:00: root bus resource [mem 0x5a0000000-0x5bfffffff pref]
[    8.737579] omarchy-m2 kernel: pci_bus 0000:00: root bus resource [mem 0x5c0000000-0x5ffffffff] (bus address [0xc0000000-0xffffffff])
[    8.737696] omarchy-m2 kernel: pci 0000:00:00.0: [106b:100c] type 01 class 0x060400 PCIe Root Port
[    8.737803] omarchy-m2 kernel: pci 0000:00:00.0: PCI bridge to [bus 01]
[    8.737912] omarchy-m2 kernel: pci 0000:00:00.0: PME# supported from D0 D3hot D3cold
[    8.737920] omarchy-m2 kernel: OF: /soc/pcie@580000000: no iommu-map translation for id 0x0 on (null)
[    8.737927] omarchy-m2 kernel: /soc/pcie@580000000/pci@0,0: Fixed dependency cycle(s) with /soc/pcie@580000000/pci@0,0
[    8.738041] omarchy-m2 kernel: pci 0000:00:01.0: [106b:100c] type 01 class 0x060400 PCIe Root Port
[    8.738150] omarchy-m2 kernel: pci 0000:00:01.0: PCI bridge to [bus 02]
[    8.738255] omarchy-m2 kernel: pci 0000:00:01.0: PME# supported from D0 D3hot D3cold
[    8.738262] omarchy-m2 kernel: OF: /soc/pcie@580000000: no iommu-map translation for id 0x8 on (null)
[    8.738268] omarchy-m2 kernel: /soc/pcie@580000000/pci@1,0: Fixed dependency cycle(s) with /soc/pcie@580000000/pci@1,0
[    8.738382] omarchy-m2 kernel: pci 0000:01:00.0: [14e4:4434] type 00 class 0x028000 PCIe Endpoint
[    8.738497] omarchy-m2 kernel: pci 0000:01:00.0: BAR 0 [mem 0x00000000-0x0000ffff 64bit]
[    8.738607] omarchy-m2 kernel: pci 0000:01:00.0: BAR 2 [mem 0x00000000-0x00ffffff 64bit]
[    8.738716] omarchy-m2 kernel: pci 0000:01:00.0: supports D1 D2
[    8.738827] omarchy-m2 kernel: pci 0000:01:00.0: PME# supported from D0 D1 D2 D3hot D3cold
[    8.738934] omarchy-m2 kernel: pci 0000:01:00.0: Adding to iommu group 14
[    8.739049] omarchy-m2 kernel: pci 0000:01:00.1: [14e4:5f72] type 00 class 0x028000 PCIe Endpoint
[    8.739162] omarchy-m2 kernel: pci 0000:01:00.1: BAR 0 [mem 0x00000000-0x00007fff 64bit]
[    8.739275] omarchy-m2 kernel: pci 0000:01:00.1: BAR 2 [mem 0x00000000-0x00ffffff 64bit]
[    8.739385] omarchy-m2 kernel: pci 0000:01:00.1: supports D1 D2
[    8.739500] omarchy-m2 kernel: pci 0000:01:00.1: PME# supported from D0 D1 D2 D3hot D3cold
[    8.739610] omarchy-m2 kernel: pci 0000:01:00.1: Adding to iommu group 14
[    8.739715] omarchy-m2 kernel: pci 0000:01:00.0: ASPM: default states L1
[    8.739820] omarchy-m2 kernel: pci_bus 0000:01: busn_res: [bus 01-04] end is updated to 01
[    8.739932] omarchy-m2 kernel: pci 0000:02:00.0: [17a0:9755] type 00 class 0x080501 PCIe Endpoint
[    8.740052] omarchy-m2 kernel: pci 0000:02:00.0: BAR 0 [mem 0x00000000-0x00000fff]
[    8.740162] omarchy-m2 kernel: pci 0000:02:00.0: supports D1 D2
[    8.740277] omarchy-m2 kernel: pci 0000:02:00.0: PME# supported from D1 D2 D3hot D3cold
[    8.740391] omarchy-m2 kernel: pci 0000:02:00.0: Adding to iommu group 15
[    8.740504] omarchy-m2 kernel: pci 0000:02:00.0: ASPM: default states L1
[    8.740612] omarchy-m2 kernel: pci_bus 0000:02: busn_res: [bus 02-04] end is updated to 02
[    8.740718] omarchy-m2 kernel: pci 0000:00:00.0: bridge window [mem 0x5c0000000-0x5c20fffff]: assigned
[    8.740826] omarchy-m2 kernel: pci 0000:00:01.0: bridge window [mem 0x5c2100000-0x5c21fffff]: assigned
[    8.740935] omarchy-m2 kernel: pci 0000:01:00.0: BAR 2 [mem 0x5c0000000-0x5c0ffffff 64bit]: assigned
[    8.741134] omarchy-m2 kernel: pci 0000:01:00.1: BAR 2 [mem 0x5c1000000-0x5c1ffffff 64bit]: assigned
[    8.741249] omarchy-m2 kernel: pci 0000:01:00.0: BAR 0 [mem 0x5c2000000-0x5c200ffff 64bit]: assigned
[    8.741363] omarchy-m2 kernel: pci 0000:01:00.1: BAR 0 [mem 0x5c2010000-0x5c2017fff 64bit]: assigned
[    8.741469] omarchy-m2 kernel: pci 0000:00:00.0: PCI bridge to [bus 01]
[    8.741591] omarchy-m2 kernel: pci 0000:00:00.0:   bridge window [mem 0x5c0000000-0x5c20fffff]
[    8.741700] omarchy-m2 kernel: pci 0000:02:00.0: BAR 0 [mem 0x5c2100000-0x5c2100fff]: assigned
[    8.741807] omarchy-m2 kernel: pci 0000:00:01.0: PCI bridge to [bus 02]
[    8.741908] omarchy-m2 kernel: pci 0000:00:01.0:   bridge window [mem 0x5c2100000-0x5c21fffff]
[    8.742021] omarchy-m2 kernel: pci_bus 0000:00: resource 4 [mem 0x5a0000000-0x5bfffffff pref]
[    8.742125] omarchy-m2 kernel: pci_bus 0000:00: resource 5 [mem 0x5c0000000-0x5ffffffff]
[    8.742224] omarchy-m2 kernel: pci_bus 0000:01: resource 1 [mem 0x5c0000000-0x5c20fffff]
[    8.742327] omarchy-m2 kernel: pci_bus 0000:02: resource 1 [mem 0x5c2100000-0x5c21fffff]
[    8.742334] omarchy-m2 kernel: OF: /soc/pcie@580000000: no iommu-map translation for id 0x0 on (null)
[    8.742442] omarchy-m2 kernel: pcieport 0000:00:00.0: PME: Signaling with IRQ 116
[    8.742546] omarchy-m2 kernel: pcieport 0000:00:00.0: AER: enabled with IRQ 116
[    8.742553] omarchy-m2 kernel: OF: /soc/pcie@580000000: no iommu-map translation for id 0x8 on (null)
[    8.742655] omarchy-m2 kernel: pcieport 0000:00:01.0: PME: Signaling with IRQ 118
[    8.742761] omarchy-m2 kernel: pcieport 0000:00:01.0: AER: enabled with IRQ 118
[    8.742873] omarchy-m2 kernel: pcieport 0000:00:01.0: mask Replay Timer Timeout Correctable Errors due to 0000:02:00.0 hardware defect
[    8.742971] omarchy-m2 kernel: apple-admac 39b400000.dma-controller: Audio DMA Controller
[    8.742979] omarchy-m2 kernel: /soc/i2c@39b040000/usb-pd@38/connector: Fixed dependency cycle(s) with /soc/dcp@289c00000/typec-routes/route@0
[    8.742985] omarchy-m2 kernel: /soc/i2c@39b040000/usb-pd@38/connector: Fixed dependency cycle(s) with /soc/dcp@315c00000/typec-routes/route@0
[    8.742991] omarchy-m2 kernel: /soc/i2c@39b040000/usb-pd@38/connector: Fixed dependency cycle(s) with /soc/cio@701ac0000
[    8.742997] omarchy-m2 kernel: /soc/i2c@39b040000/usb-pd@38/connector: Fixed dependency cycle(s) with /soc/phy@703000000
[    8.743006] omarchy-m2 kernel: /soc/i2c@39b040000/usb-pd@38/connector: Fixed dependency cycle(s) with /soc/usb@702280000
[    8.743012] omarchy-m2 kernel: /soc/i2c@39b040000/usb-pd@3f/connector: Fixed dependency cycle(s) with /soc/dcp@289c00000/typec-routes/route@1
[    8.743018] omarchy-m2 kernel: /soc/i2c@39b040000/usb-pd@3f/connector: Fixed dependency cycle(s) with /soc/dcp@315c00000/typec-routes/route@1
[    8.743024] omarchy-m2 kernel: /soc/i2c@39b040000/usb-pd@3f/connector: Fixed dependency cycle(s) with /soc/cio@b01ac0000
[    8.743029] omarchy-m2 kernel: /soc/i2c@39b040000/usb-pd@3f/connector: Fixed dependency cycle(s) with /soc/phy@b03000000
[    8.743035] omarchy-m2 kernel: /soc/i2c@39b040000/usb-pd@3f/connector: Fixed dependency cycle(s) with /soc/usb@b02280000
[    8.743041] omarchy-m2 kernel: /soc/i2c@39b040000/usb-pd@3b/connector: Fixed dependency cycle(s) with /soc/dcp@289c00000/typec-routes/route@2
[    8.743047] omarchy-m2 kernel: /soc/i2c@39b040000/usb-pd@3b/connector: Fixed dependency cycle(s) with /soc/dcp@315c00000/typec-routes/route@2
[    8.743053] omarchy-m2 kernel: /soc/i2c@39b040000/usb-pd@3b/connector: Fixed dependency cycle(s) with /soc/cio@f01ac0000
[    8.743059] omarchy-m2 kernel: /soc/i2c@39b040000/usb-pd@3b/connector: Fixed dependency cycle(s) with /soc/phy@f03000000
[    8.743065] omarchy-m2 kernel: /soc/i2c@39b040000/usb-pd@3b/connector: Fixed dependency cycle(s) with /soc/usb@f02280000
[    8.743071] omarchy-m2 kernel: clk: Disabling unused clocks
[    8.743077] omarchy-m2 kernel: PM: genpd: Disabling unused power domains
[    8.743084] omarchy-m2 kernel: ALSA device list:
[    8.743091] omarchy-m2 kernel:   No soundcards found.
[    8.743096] omarchy-m2 kernel: Freeing unused kernel memory: 2048K
[    8.743102] omarchy-m2 kernel: Checked W+X mappings: passed, no W+X pages found
[    8.743108] omarchy-m2 kernel: Run /init as init process
[    8.743114] omarchy-m2 kernel:   with arguments:
[    8.743120] omarchy-m2 kernel:     /init
[    8.743126] omarchy-m2 kernel:     splash
[    8.743131] omarchy-m2 kernel:   with environment:
[    8.743137] omarchy-m2 kernel:     HOME=/
[    8.743142] omarchy-m2 kernel:     TERM=linux
[    8.743148] omarchy-m2 kernel:     cryptdevice=UUID=de26457c-f363-450f-916a-888a0b9b1fd6:root:allow-discards
[    8.743153] omarchy-m2 kernel: raid6: neonx8   gen() 11214 MB/s
[    8.743159] omarchy-m2 kernel: raid6: neonx4   gen() 12773 MB/s
[    8.743165] omarchy-m2 kernel: raid6: neonx2   gen() 11882 MB/s
[    8.743171] omarchy-m2 kernel: raid6: neonx1   gen() 25119 MB/s
[    8.743177] omarchy-m2 kernel: raid6: int64x8  gen() 12867 MB/s
[    8.743183] omarchy-m2 kernel: raid6: int64x4  gen() 12738 MB/s
[    8.743189] omarchy-m2 kernel: raid6: int64x2  gen() 12000 MB/s
[    8.743195] omarchy-m2 kernel: raid6: int64x1  gen() 10470 MB/s
[    8.743201] omarchy-m2 kernel: raid6: using algorithm neonx1 gen() 25119 MB/s
[    8.743207] omarchy-m2 kernel: raid6: .... xor() 23648 MB/s, rmw enabled
[    8.743213] omarchy-m2 kernel: raid6: using neon recovery algorithm
[    8.743218] omarchy-m2 kernel: xor: measuring software checksum speed
[    8.743224] omarchy-m2 kernel:    eor3            : 51735 MB/sec
[    8.743230] omarchy-m2 kernel:    32regs          : 48756 MB/sec
[    8.743236] omarchy-m2 kernel:    8regs           : 27236 MB/sec
[    8.743242] omarchy-m2 kernel: xor: using function: eor3 (51735 MB/sec)
[    8.743247] omarchy-m2 kernel: Btrfs loaded, zoned=yes, fsverity=no
[    8.743253] omarchy-m2 kernel: thunderbolt: loading out-of-tree module taints kernel.
[    8.743356] omarchy-m2 kernel: dockchannel-hid 2a9b30000.input: Initialized, awaiting packets
[    8.743458] omarchy-m2 kernel: dockchannel-hid 2a9b30000.input: Product name for stm: Apple Internal Keyboard / Trackpad
[    8.743563] omarchy-m2 kernel: dockchannel-hid 2a9b30000.input: Product name for multi-touch: Apple Internal Keyboard / Trackpad
[    8.743661] omarchy-m2 kernel: dockchannel-hid 2a9b30000.input: Product name for keyboard: Apple Internal Keyboard / Trackpad
[    8.743759] omarchy-m2 kernel: dockchannel-hid 2a9b30000.input: Product name for tp_accel: Apple Internal Keyboard / Trackpad
[    8.743855] omarchy-m2 kernel: dockchannel-hid 2a9b30000.input: Product name for actuator: Apple Internal Keyboard / Trackpad
[    8.743951] omarchy-m2 kernel: dockchannel-hid 2a9b30000.input: Product name for stm: Apple Internal Keyboard / Trackpad
[    8.744049] omarchy-m2 kernel: dockchannel-hid 2a9b30000.input: New interface stm
[    8.744146] omarchy-m2 kernel: rtkit-helper 2a9400000.mtp: RTKit: syslog message: stm_cr.c:98: ST management interface configuration completed
[    8.744241] omarchy-m2 kernel: dockchannel-hid 2a9b30000.input: Interface stm is now ready
[    8.744347] omarchy-m2 kernel: rtkit-helper 2a9400000.mtp: RTKit: syslog message: stm.c:97: ST management ready
[    8.744354] omarchy-m2 kernel: /soc/i2c@39b040000/usb-pd@38/connector: Fixed dependency cycle(s) with /soc/phy@703000000
[    8.744481] omarchy-m2 kernel: hid-generic 0019:0000:0000.0001: hidraw0: HOST HID v0.00 Device [Apple MTP stm] on 2a9b30000.input.3 (stm)
[    8.744580] omarchy-m2 kernel: apple-dcp 289c00000.dcp: Failed to get dp-phy: -517
[    8.744588] omarchy-m2 kernel: /soc/i2c@39b040000/usb-pd@3f/connector: Fixed dependency cycle(s) with /soc/phy@b03000000
[    8.744677] omarchy-m2 kernel: apple-dcp 289c00000.dcp: Failed to get dp-phy: -517
[    8.744684] omarchy-m2 kernel: /soc/i2c@39b040000/usb-pd@3b/connector: Fixed dependency cycle(s) with /soc/phy@f03000000
[    8.744774] omarchy-m2 kernel: apple-dcp 289c00000.dcp: Failed to get dp-phy: -517
[    8.744866] omarchy-m2 kernel: apple-dcp 289c00000.dcp: Failed to get dp-phy: -517
[    8.744954] omarchy-m2 kernel: apple-dcp 289c00000.dcp: Failed to get dp-xbar: -517
[    8.745092] omarchy-m2 kernel: sdhci-pci 0000:02:00.0: SDHCI controller found [17a0:9755] (rev 1)
[    8.745209] omarchy-m2 kernel: sdhci-pci 0000:02:00.0: enabling device (0000 -> 0002)
[    8.745300] omarchy-m2 kernel: apple-dcp 289c00000.dcp: Failed to get dp-xbar: -517
[    8.745394] omarchy-m2 kernel: dockchannel-hid 2a9b30000.input: New interface multi-touch
[    8.745492] omarchy-m2 kernel: dockchannel-hid 2a9b30000.input: New interface keyboard
[    8.745589] omarchy-m2 kernel: dockchannel-hid 2a9b30000.input: New interface actuator
[    8.745686] omarchy-m2 kernel: dockchannel-hid 2a9b30000.input: New interface tp_accel
[    8.745782] omarchy-m2 kernel: rtkit-helper 2a9400000.mtp: RTKit: syslog message: touch_iface.c:212: Grape interface configuration completed
[    8.745878] omarchy-m2 kernel: rtkit-helper 2a9400000.mtp: RTKit: syslog message: keyboard_cr.c:78: Keyboard interface configuration completed
[    8.745975] omarchy-m2 kernel: rtkit-helper 2a9400000.mtp: RTKit: syslog message: keyboard.c:75: Keyboard ready
[    8.746073] omarchy-m2 kernel: dockchannel-hid 2a9b30000.input: Interface keyboard is now ready
[    8.746081] omarchy-m2 kernel: input: Apple MTP keyboard as /devices/platform/soc/2a9b14000.fifo/2a9b30000.input/0019:05AC:0353.0003/input/input1
[    8.746176] omarchy-m2 kernel: rtkit-helper 2a9400000.mtp: RTKit: syslog message: actuator_cr.c:88: Actuator interface configuration completed
[    8.746183] omarchy-m2 kernel: input: Apple MTP multi-touch as /devices/platform/soc/2a9b14000.fifo/2a9b30000.input/0019:05AC:0353.0002/input/input2
[    8.746279] omarchy-m2 kernel: rtkit-helper 2a9400000.mtp: RTKit: syslog message: actuator.c:72: Actuator ready
[    8.746371] omarchy-m2 kernel: dockchannel-hid 2a9b30000.input: Interface actuator is now ready
[    8.746468] omarchy-m2 kernel: rtkit-helper 2a9400000.mtp: RTKit: syslog message: accel_cr.c:78: Accel interface configuration completed
[    8.746567] omarchy-m2 kernel: rtkit-helper 2a9400000.mtp: RTKit: syslog message: accel.c:72: Accel ready
[    8.746660] omarchy-m2 kernel: dockchannel-hid 2a9b30000.input: Interface tp_accel is now ready
[    8.746753] omarchy-m2 kernel: apple-dcp 289c00000.dcp: Failed to get dp-xbar: -517
[    8.746761] omarchy-m2 kernel: mmc0: SDHCI controller on PCI [0000:02:00.0] using ADMA 64-bit
[    8.746856] omarchy-m2 kernel: apple-dcp 289c00000.dcp: Failed to get dp-xbar: -517
[    8.746971] omarchy-m2 kernel: apple 0019:05AC:0353.0003: input,hidraw1: HOST HID v2.70 Keyboard [Apple MTP keyboard] on 2a9b30000.input.2 (keyboard)
[    8.747080] omarchy-m2 kernel: magicmouse 0019:05AC:0353.0002: input,hidraw2: HOST HID v2.70 Mouse [Apple MTP multi-touch] on 2a9b30000.input.1 (multi-touch)
[    8.747173] omarchy-m2 kernel: apple-dcp 289c00000.dcp: Failed to get dp-xbar: -517
[    8.747268] omarchy-m2 kernel: dockchannel-hid 2a9b30000.input: Starting interface multi-touch
[    8.747363] omarchy-m2 kernel: dockchannel-hid 2a9b30000.input: Requesting GPIO multi-touch#167: afe-reset
[    8.747460] omarchy-m2 kernel: dockchannel-hid 2a9b30000.input: Sending firmware for multi-touch
[    8.747554] omarchy-m2 kernel: rtkit-helper 2a9400000.mtp: RTKit: syslog message: afe_transport.c:143: Z2 AFE transport initialized
[    8.747651] omarchy-m2 kernel: rtkit-helper 2a9400000.mtp: RTKit: syslog message: boot.c:151: [Touch]: AFE transport initialization complete
[    8.747749] omarchy-m2 kernel: rtkit-helper 2a9400000.mtp: RTKit: syslog message: boot.c:153: [Touch]: Touch initialized
[    8.747846] omarchy-m2 kernel: dockchannel-hid 2a9b30000.input: Resetting multi-touch
[    8.747937] omarchy-m2 kernel: dockchannel-hid 2a9b30000.input: GPIO command: multi-touch#167: 3
[    8.748039] omarchy-m2 kernel: rtkit-helper 2a9400000.mtp: RTKit: syslog message: touch.c:88: Touch Reset Ext Request: OK
[    8.748136] omarchy-m2 kernel: rtkit-helper 2a9400000.mtp: RTKit: syslog message: boot.c:382: Calibration blob 'TCAL' updated
[    8.748236] omarchy-m2 kernel: rtkit-helper 2a9400000.mtp: RTKit: syslog message: boot.c:382: Calibration blob 'FCAL' updated
[    8.748351] omarchy-m2 kernel: rtkit-helper 2a9400000.mtp: RTKit: syslog message: afe_transport.c:177: afe_transport_start() Z2 running
[    8.748447] omarchy-m2 kernel: rtkit-helper 2a9400000.mtp: RTKit: syslog message: touch_pwr_mgr.c:216: [TPM] Mac Power Manager State Machine Started
[    8.748541] omarchy-m2 kernel: rtkit-helper 2a9400000.mtp: RTKit: syslog message: touch.c:128: Touch interface ready
[    8.748642] omarchy-m2 kernel: dockchannel-hid 2a9b30000.input: Interface multi-touch is now ready
[    8.748763] omarchy-m2 kernel: rtkit-helper 2a9400000.mtp: RTKit: syslog message: touch.c:143: Touch MT ready
[    8.748861] omarchy-m2 kernel: rtkit-helper 2a9400000.mtp: RTKit: syslog message: touch_pwr_mgr_fsm.c:286: Sending Cumulus Report to enter Dependent Mode (9A)
[    8.748868] omarchy-m2 kernel: BTRFS: device label asahi-root devid 1 transid 6211 /dev/mapper/root (252:0) scanned by mount (492)
[    8.748874] omarchy-m2 kernel: BTRFS info (device dm-0): first mount of filesystem 725346d2-f127-47bc-b464-9dd46155e8d6
[    8.748880] omarchy-m2 kernel: BTRFS info (device dm-0): using crc32c checksum algorithm
[    8.748887] omarchy-m2 kernel: BTRFS info (device dm-0): enabling ssd optimizations
[    8.748892] omarchy-m2 kernel: BTRFS info (device dm-0): turning on async discard
[    8.748898] omarchy-m2 kernel: BTRFS info (device dm-0): enabling free space tree
[    8.748909] omarchy-m2 systemd[1]: systemd 261.3-1-arch running in system mode (+PAM +AUDIT -SELINUX +APPARMOR -IMA +IPE +SMACK +SECCOMP +GCRYPT +GNUTLS +OPENSSL +ACL +BLKID +CURL +ELFUTILS +FIDO2 +IDN2 +KMOD +LIBCRYPTSETUP +LIBCRYPTSETUP_PLUGINS +LIBFDISK +PCRE2 +PWQUALITY +P11KIT +QRENCODE +TPM2 +BZIP2 +LZ4 +XZ +ZLIB +ZSTD +BPF_FRAMEWORK -BTF +XKBCOMMON +UTMP +LIBARCHIVE)
[    8.748918] omarchy-m2 systemd[1]: Detected architecture arm64.
[    8.748926] omarchy-m2 systemd[1]: Hostname set to <omarchy-m2>.
[    8.748933] omarchy-m2 systemd[1]: bpf-restrict-fs: BPF LSM hook not enabled in the kernel, BPF LSM not supported.
[    8.748939] omarchy-m2 kernel: zram: Added device: zram0
[    8.748945] omarchy-m2 systemd[1]: Queued start job for default target Graphical Interface.
[    8.748952] omarchy-m2 systemd[1]: Created slice CUPS Slice.
[    8.748958] omarchy-m2 systemd[1]: Created slice Slice /system/dirmngr.
[    8.748964] omarchy-m2 systemd[1]: Created slice Slice /system/getty.
[    8.748971] omarchy-m2 systemd[1]: Created slice Slice /system/gpg-agent.
[    8.748977] omarchy-m2 systemd[1]: Created slice Slice /system/gpg-agent-browser.
[    8.748983] omarchy-m2 systemd[1]: Created slice Slice /system/gpg-agent-extra.
[    8.748990] omarchy-m2 systemd[1]: Created slice Slice /system/gpg-agent-ssh.
[    8.748996] omarchy-m2 systemd[1]: Created slice Slice /system/keyboxd.
[    8.749007] omarchy-m2 systemd[1]: Created slice Slice /system/modprobe.
[    8.749014] omarchy-m2 systemd[1]: Created slice Slice /system/systemd-fsck.
[    8.749020] omarchy-m2 systemd[1]: Created slice Slice /system/systemd-growfs.
[    8.749026] omarchy-m2 systemd[1]: Created slice Slice /system/systemd-zram-setup.
[    8.749033] omarchy-m2 systemd[1]: Created slice User and Session Slice.
[    8.749039] omarchy-m2 systemd[1]: Started Forward Password Requests to Wall Directory Watch.
[    8.749045] omarchy-m2 systemd[1]: Set up automount Arbitrary Executable File Formats File System Automount Point.
[    8.749052] omarchy-m2 systemd[1]: Expecting device /dev/disk/by-uuid/530E-CC8F...
[    8.749058] omarchy-m2 systemd[1]: Expecting device /dev/disk/by-uuid/725346d2-f127-47bc-b464-9dd46155e8d6...
[    8.749065] omarchy-m2 systemd[1]: Expecting device /dev/zram0...
[    8.749071] omarchy-m2 systemd[1]: Reached target Login Prompts.
[    8.749077] omarchy-m2 systemd[1]: Reached target Image Downloads.
[    8.749084] omarchy-m2 systemd[1]: Reached target Local Integrity Protected Volumes.
[    8.749090] omarchy-m2 systemd[1]: Reached target Preparation for Network.
[    8.749096] omarchy-m2 systemd[1]: Reached target Remote Encrypted Volumes.
[    8.749103] omarchy-m2 systemd[1]: Reached target Remote File Systems.
[    8.749109] omarchy-m2 systemd[1]: Reached target Remote Integrity Protected Volumes.
[    8.749115] omarchy-m2 systemd[1]: Reached target Remote Verity Protected Volumes.
[    8.749121] omarchy-m2 systemd[1]: Reached target Slice Units.
[    8.749128] omarchy-m2 systemd[1]: Reached target Local Verity Protected Volumes.
[    8.749134] omarchy-m2 systemd[1]: Listening on Device-mapper event daemon FIFOs.
[    8.749140] omarchy-m2 systemd[1]: Listening on Query the User Interactively for a Password.
[    8.749147] omarchy-m2 systemd[1]: Listening on Process Core Dump Socket.
[    8.749154] omarchy-m2 systemd[1]: Listening on Credential Encryption/Decryption.
[    8.749163] omarchy-m2 systemd[1]: Listening on Factory Reset Management.
[    8.749169] omarchy-m2 systemd[1]: Listening on Hostname Service Socket.
[    8.749175] omarchy-m2 systemd[1]: Listening on Journal Audit Socket.
[    8.749182] omarchy-m2 systemd[1]: Listening on Journal Socket (/dev/log).
[    8.749188] omarchy-m2 systemd[1]: Listening on Journal Sockets.
[    8.749197] omarchy-m2 systemd[1]: Listening on DDI File System Mounter Socket.
[    8.749203] omarchy-m2 systemd[1]: Listening on Console Output Muting Service Socket.
[    8.749209] omarchy-m2 systemd[1]: Listening on Namespace Resource Manager Socket.
[    8.749216] omarchy-m2 systemd[1]: Listening on Userspace Out-Of-Memory (OOM) Killer Socket.
[    8.749223] omarchy-m2 systemd[1]: TPM PCR Measurements skipped, unmet condition check ConditionSecurity=measured-os
[    8.749232] omarchy-m2 systemd[1]: Make TPM PCR Policy skipped, unmet condition check ConditionSecurity=measured-uki
[    8.749238] omarchy-m2 systemd[1]: Listening on Disk Repartitioning Service Socket.
[    8.749245] omarchy-m2 systemd[1]: Listening on Report System Basic Metrics Socket.
[    8.749251] omarchy-m2 systemd[1]: Listening on CGroup Report Varlink Socket.
[    8.749257] omarchy-m2 systemd[1]: Listening on Resolve Monitor Varlink Socket.
[    8.749263] omarchy-m2 systemd[1]: Listening on Resolve Service Varlink Socket.
[    8.749270] omarchy-m2 systemd[1]: Listening on Simple Block Device Backed Storage Provider.
[    8.749276] omarchy-m2 systemd[1]: Listening on Simple File System Backed Storage Provider.
[    8.749283] omarchy-m2 systemd[1]: Listening on udev Control Socket.
[    8.749289] omarchy-m2 systemd[1]: Listening on udev Kernel Socket.
[    8.749295] omarchy-m2 systemd[1]: Listening on udev Varlink Socket.
[    8.749302] omarchy-m2 systemd[1]: Listening on User Database Manager Socket.
[    8.749308] omarchy-m2 systemd[1]: Mounting Huge Pages File System...
[    8.749314] omarchy-m2 systemd[1]: Mounting POSIX Message Queue File System...
[    8.749321] omarchy-m2 systemd[1]: Mounting Kernel Debug File System...
[    8.749327] omarchy-m2 systemd[1]: Mounting Kernel Trace File System...
[    8.749333] omarchy-m2 systemd[1]: Starting Create List of Static Device Nodes...
[    8.749340] omarchy-m2 systemd[1]: Load Kernel Module configfs skipped, unmet condition check ConditionKernelModuleLoaded=!configfs
[    8.749346] omarchy-m2 systemd[1]: Mounting Kernel Configuration File System...
[    8.749353] omarchy-m2 systemd[1]: Load Kernel Module drm skipped, unmet condition check ConditionKernelModuleLoaded=!drm
[    8.749360] omarchy-m2 systemd[1]: Load Kernel Module efi_pstore skipped, unmet condition check ConditionKernelModuleLoaded=!efi_pstore
[    8.749367] omarchy-m2 systemd[1]: Starting Load Kernel Module fuse...
[    8.749374] omarchy-m2 systemd[1]: Clear SysFail Entry If The Boot Is Successful skipped, unmet condition check ConditionPathExists=/sys/firmware/efi/efivars/LoaderEntrySysFail-4a67b082-0a4c-41cf-b6c7-440b29bb8c4f
[    8.749381] omarchy-m2 systemd[1]: Clear Stale Hibernate Storage Info skipped, unmet condition check ConditionPathExists=/sys/firmware/efi/efivars/HibernateLocation-8cf2644b-4b0b-428f-9387-6d876050dc67
[    8.749387] omarchy-m2 systemd[1]: Starting Journal Service...
[    8.749394] omarchy-m2 systemd[1]: Starting Load Kernel Modules...
[    8.749400] omarchy-m2 systemd[1]: TPM PCR Machine ID Measurement skipped, unmet condition check ConditionSecurity=measured-os
[    8.749407] omarchy-m2 systemd[1]: TPM PCR OS Separator skipped, unmet condition check ConditionSecurity=measured-os
[    8.749413] omarchy-m2 systemd[1]: Starting Remount Root and Kernel File Systems...
[    8.749419] omarchy-m2 systemd[1]: Early TPM SRK Setup skipped, unmet condition check ConditionSecurity=measured-os
[    8.749426] omarchy-m2 systemd[1]: TPM PCR NvPCR Initialization Separator skipped, unmet condition check ConditionPathExists=/etc/initrd-release
[    8.749433] omarchy-m2 systemd[1]: TPM NvPCR Product ID Measurement skipped, unmet condition check ConditionSecurity=measured-os
[    8.749439] omarchy-m2 systemd[1]: Starting Load udev Rules from Credentials...
[    8.749445] omarchy-m2 systemd[1]: Starting Coldplug All udev Devices...
[    8.749452] omarchy-m2 systemd[1]: Starting Virtual Console Setup...
[    8.749458] omarchy-m2 systemd[1]: Mounted Huge Pages File System.
[    8.749464] omarchy-m2 systemd[1]: Mounted POSIX Message Queue File System.
[    8.749471] omarchy-m2 systemd[1]: Mounted Kernel Debug File System.
[    8.749477] omarchy-m2 systemd[1]: Mounted Kernel Trace File System.
[    8.749483] omarchy-m2 systemd[1]: Finished Create List of Static Device Nodes.
[    8.749489] omarchy-m2 systemd[1]: Mounted Kernel Configuration File System.
[    8.749495] omarchy-m2 kernel: fuse: init (API version 7.45)
[    8.749501] omarchy-m2 systemd[1]: Starting Create Static Device Nodes in /dev gracefully...
[    8.749507] omarchy-m2 systemd[1]: modprobe@fuse.service: Deactivated successfully.
[    8.749514] omarchy-m2 systemd[1]: Finished Load Kernel Module fuse.
[    8.749520] omarchy-m2 kernel: i2c_dev: i2c /dev entries driver
[    8.749526] omarchy-m2 systemd[1]: Mounting FUSE Control File System...
[    8.749545] omarchy-m2 systemd-journald[594]: Collecting audit messages is enabled.
[    8.749562] omarchy-m2 systemd[1]: Finished Load Kernel Modules.
[    8.749569] omarchy-m2 kernel: audit: type=1130 audit(1790069307.045:2): pid=1 uid=0 auid=4294967295 ses=4294967295 subj=unconfined msg='unit=systemd-modules-load comm="systemd" exe="/usr/lib/systemd/systemd" hostname=? addr=? terminal=? res=success'
[    8.749577] omarchy-m2 systemd[1]: Finished Load udev Rules from Credentials.
[    8.749586] omarchy-m2 kernel: audit: type=1130 audit(1790069307.045:3): pid=1 uid=0 auid=4294967295 ses=4294967295 subj=unconfined msg='unit=systemd-udev-load-credentials comm="systemd" exe="/usr/lib/systemd/systemd" hostname=? addr=? terminal=? res=success'
[    8.749593] omarchy-m2 systemd[1]: Finished Virtual Console Setup.
[    8.749601] omarchy-m2 kernel: audit: type=1130 audit(1790069307.046:4): pid=1 uid=0 auid=4294967295 ses=4294967295 subj=unconfined msg='unit=systemd-vconsole-setup comm="systemd" exe="/usr/lib/systemd/systemd" hostname=? addr=? terminal=? res=success'
[    8.749608] omarchy-m2 systemd[1]: Starting Apply Kernel Variables...
[    8.749615] omarchy-m2 systemd[1]: Mounted FUSE Control File System.
[    8.749622] omarchy-m2 systemd[1]: Finished Apply Kernel Variables.
[    8.749629] omarchy-m2 kernel: audit: type=1130 audit(1790069307.051:5): pid=1 uid=0 auid=4294967295 ses=4294967295 subj=unconfined msg='unit=systemd-sysctl comm="systemd" exe="/usr/lib/systemd/systemd" hostname=? addr=? terminal=? res=success'
[    8.749635] omarchy-m2 systemd[1]: Starting CLI Netfilter Manager...
[    8.749642] omarchy-m2 systemd[1]: Starting Load Kernel Module tun...
[    8.749648] omarchy-m2 kernel: audit: type=1334 audit(1790069307.059:6): prog-id=19 op=LOAD
[    8.749654] omarchy-m2 kernel: audit: type=1334 audit(1790069307.059:7): prog-id=20 op=LOAD
[    8.749660] omarchy-m2 kernel: audit: type=1334 audit(1790069307.059:8): prog-id=21 op=LOAD
[    8.749666] omarchy-m2 systemd[1]: Starting User Database Manager...
[    8.749673] omarchy-m2 kernel: tun: Universal TUN/TAP device driver, 1.6
[    8.749679] omarchy-m2 systemd[1]: modprobe@tun.service: Deactivated successfully.
[    8.749685] omarchy-m2 systemd[1]: Finished Load Kernel Module tun.
[    8.749692] omarchy-m2 kernel: audit: type=1130 audit(1790069307.065:9): pid=1 uid=0 auid=4294967295 ses=4294967295 subj=unconfined msg='unit=modprobe@tun comm="systemd" exe="/usr/lib/systemd/systemd" hostname=? addr=? terminal=? res=success'
[    8.749698] omarchy-m2 kernel: audit: type=1131 audit(1790069307.065:10): pid=1 uid=0 auid=4294967295 ses=4294967295 subj=unconfined msg='unit=modprobe@tun comm="systemd" exe="/usr/lib/systemd/systemd" hostname=? addr=? terminal=? res=success'
[    8.749705] omarchy-m2 kernel: audit: type=1325 audit(1790069307.066:11): table=filter:2 family=2 entries=40 op=nft_register_chain pid=619 subj=unconfined comm="iptables-restor"
[    8.749711] omarchy-m2 systemd[1]: Starting Namespace Resource Manager...
[    8.750098] omarchy-m2 systemd[1]: Started Journal Service.
[    8.811004] omarchy-m2 kernel: BTRFS info (device dm-0 state M): use zstd compression, level 1
[    8.920084] omarchy-m2 kernel: zram0: detected capacity change from 0 to 65245184
[    8.944018] omarchy-m2 kernel: mc: Linux media interface: v0.10
[    8.944047] omarchy-m2 kernel: Adding 32622576k swap on /dev/zram0.  Priority:100 extents:1 across:32622576k SSDsc
[    8.945294] omarchy-m2 kernel: apple-display-crossbar 70304c000.mux: Switched dpphy to disconnected state
[    8.947450] omarchy-m2 kernel: apple-display-crossbar 70304c000.mux: t602x idle: 000=00000000 004=000001ff 008=00000000 00c=00000000 014=000001ff 018=00000000 01c=00000000 024=00000111 028=00000000 02c=00000000 030=00000000 034=00000000 040=0005ad6b 044=02b5ad6b 048=00000000 04c=00000000 050=00000000 060=00000000 070=00000000
[    8.948164] omarchy-m2 kernel: apple-display-crossbar 70304c000.mux: t602x idle clk: 000=00000000 800=00000000 020=00000000 820=00000000 024=00000111 81c=00000111
[    8.948291] omarchy-m2 kernel: apple-display-crossbar 70304c000.mux: Switched dpin0 to disconnected state
[    8.948361] omarchy-m2 kernel: apple-display-crossbar 70304c000.mux: t602x idle: 000=00000000 004=000001ff 008=00000000 00c=00000000 014=000001ff 018=00000000 01c=00000000 024=00000111 028=00000000 02c=00000000 030=00000000 034=00000000 040=0005ad6b 044=02b5ad6b 048=00000000 04c=00000000 050=00000000 060=00000000 070=00000000
[    8.948431] omarchy-m2 kernel: apple-display-crossbar 70304c000.mux: t602x idle clk: 000=00000000 800=00000000 020=00000000 820=00000000 024=00000111 81c=00000111
[    8.948520] omarchy-m2 kernel: apple-display-crossbar 70304c000.mux: Switched dpin1 to disconnected state
[    8.949989] omarchy-m2 kernel: apple-display-crossbar 70304c000.mux: t602x idle: 000=00000000 004=000001ff 008=00000000 00c=00000000 014=000001ff 018=00000000 01c=00000000 024=00000111 028=00000000 02c=00000000 030=00000000 034=00000000 040=0005ad6b 044=02b5ad6b 048=00000000 04c=00000000 050=00000000 060=00000000 070=00000000
[    8.950079] omarchy-m2 kernel: apple-display-crossbar 70304c000.mux: t602x idle clk: 000=00000000 800=00000000 020=00000000 820=00000000 024=00000111 81c=00000111
[    8.950440] omarchy-m2 kernel: apple-display-crossbar b0304c000.mux: Switched dpphy to disconnected state
[    8.952933] omarchy-m2 kernel: apple-display-crossbar b0304c000.mux: t602x idle: 000=00000000 004=000001ff 008=00000000 00c=00000000 014=000001ff 018=00000000 01c=00000000 024=00000111 028=00000000 02c=00000000 030=00000000 034=00000000 040=0005ad6b 044=02b5ad6b 048=00000000 04c=00000000 050=00000000 060=00000000 070=00000000
[    8.953889] omarchy-m2 kernel: apple-display-crossbar b0304c000.mux: t602x idle clk: 000=00000000 800=00000000 020=00000000 820=00000000 024=00000111 81c=00000111
[    8.954579] omarchy-m2 kernel: apple-display-crossbar b0304c000.mux: Switched dpin0 to disconnected state
[    8.956196] omarchy-m2 kernel: apple-display-crossbar b0304c000.mux: t602x idle: 000=00000000 004=000001ff 008=00000000 00c=00000000 014=000001ff 018=00000000 01c=00000000 024=00000111 028=00000000 02c=00000000 030=00000000 034=00000000 040=0005ad6b 044=02b5ad6b 048=00000000 04c=00000000 050=00000000 060=00000000 070=00000000
[    8.957612] omarchy-m2 kernel: apple-display-crossbar b0304c000.mux: t602x idle clk: 000=00000000 800=00000000 020=00000000 820=00000000 024=00000111 81c=00000111
[    8.958903] omarchy-m2 kernel: apple-display-crossbar b0304c000.mux: Switched dpin1 to disconnected state
[    8.959085] omarchy-m2 kernel: apple-display-crossbar b0304c000.mux: t602x idle: 000=00000000 004=000001ff 008=00000000 00c=00000000 014=000001ff 018=00000000 01c=00000000 024=00000111 028=00000000 02c=00000000 030=00000000 034=00000000 040=0005ad6b 044=02b5ad6b 048=00000000 04c=00000000 050=00000000 060=00000000 070=00000000
[    8.960083] omarchy-m2 kernel: apple-display-crossbar b0304c000.mux: t602x idle clk: 000=00000000 800=00000000 020=00000000 820=00000000 024=00000111 81c=00000111
[    8.962721] omarchy-m2 kernel: apple-display-crossbar f0304c000.mux: Switched dpphy to disconnected state
[    8.964135] omarchy-m2 kernel: apple-display-crossbar f0304c000.mux: t602x idle: 000=00000000 004=000001ff 008=00000000 00c=00000000 014=000001ff 018=00000000 01c=00000000 024=00000111 028=00000000 02c=00000000 030=00000000 034=00000000 040=0005ad6b 044=02b5ad6b 048=00000000 04c=00000000 050=00000000 060=00000000 070=00000000
[    8.967298] omarchy-m2 kernel: apple-display-crossbar f0304c000.mux: t602x idle clk: 000=00000000 800=00000000 020=00000000 820=00000000 024=00000111 81c=00000111
[    8.970332] omarchy-m2 kernel: apple-display-crossbar f0304c000.mux: Switched dpin0 to disconnected state
[    8.972068] omarchy-m2 kernel: apple-display-crossbar f0304c000.mux: t602x idle: 000=00000000 004=000001ff 008=00000000 00c=00000000 014=000001ff 018=00000000 01c=00000000 024=00000111 028=00000000 02c=00000000 030=00000000 034=00000000 040=0005ad6b 044=02b5ad6b 048=00000000 04c=00000000 050=00000000 060=00000000 070=00000000
[    8.973878] omarchy-m2 kernel: apple-display-crossbar f0304c000.mux: t602x idle clk: 000=00000000 800=00000000 020=00000000 820=00000000 024=00000111 81c=00000111
[    8.977255] omarchy-m2 kernel: apple-display-crossbar f0304c000.mux: Switched dpin1 to disconnected state
[    8.980211] omarchy-m2 kernel: apple-display-crossbar f0304c000.mux: t602x idle: 000=00000000 004=000001ff 008=00000000 00c=00000000 014=000001ff 018=00000000 01c=00000000 024=00000111 028=00000000 02c=00000000 030=00000000 034=00000000 040=0005ad6b 044=02b5ad6b 048=00000000 04c=00000000 050=00000000 060=00000000 070=00000000
[    8.982885] omarchy-m2 kernel: apple-display-crossbar f0304c000.mux: t602x idle clk: 000=00000000 800=00000000 020=00000000 820=00000000 024=00000111 81c=00000111
[    8.985171] omarchy-m2 kernel: apple-display-crossbar 130304c000.mux: Switched dpphy to disconnected state
[    8.986451] omarchy-m2 kernel: apple-display-crossbar 130304c000.mux: t602x idle: 000=00000000 004=000001ff 008=00000000 00c=00000000 014=000001ff 018=00000000 01c=00000000 024=00000111 028=00000000 02c=00000000 030=00000000 034=00000000 040=0005ad6b 044=02b5ad6b 048=00000000 04c=00000000 050=00000000 060=00000000 070=00000000
[    8.990870] omarchy-m2 kernel: apple-display-crossbar 130304c000.mux: t602x idle clk: 000=00000000 800=00000000 020=00000000 820=00000000 024=00000111 81c=00000111
[    8.990979] omarchy-m2 kernel: apple-display-crossbar 130304c000.mux: Switched dpin0 to disconnected state
[    8.992559] omarchy-m2 kernel: apple-display-crossbar 130304c000.mux: t602x idle: 000=00000000 004=000001ff 008=00000000 00c=00000000 014=000001ff 018=00000000 01c=00000000 024=00000111 028=00000000 02c=00000000 030=00000000 034=00000000 040=0005ad6b 044=02b5ad6b 048=00000000 04c=00000000 050=00000000 060=00000000 070=00000000
[    8.995580] omarchy-m2 kernel: apple-display-crossbar 130304c000.mux: t602x idle clk: 000=00000000 800=00000000 020=00000000 820=00000000 024=00000111 81c=00000111
[    8.997058] omarchy-m2 kernel: apple-display-crossbar 130304c000.mux: Switched dpin1 to disconnected state
[    8.997463] omarchy-m2 kernel: apple-display-crossbar 130304c000.mux: t602x idle: 000=00000000 004=000001ff 008=00000000 00c=00000000 014=000001ff 018=00000000 01c=00000000 024=00000111 028=00000000 02c=00000000 030=00000000 034=00000000 040=0005ad6b 044=02b5ad6b 048=00000000 04c=00000000 050=00000000 060=00000000 070=00000000
[    8.997951] omarchy-m2 kernel: apple-display-crossbar 130304c000.mux: t602x idle clk: 000=00000000 800=00000000 020=00000000 820=00000000 024=00000111 81c=00000111
[    8.998483] omarchy-m2 kernel: videodev: Linux video capture interface: v2.00
[    8.998490] omarchy-m2 kernel: apple-display-crossbar 130304c000.mux: Switched dpphy to dispext0,0 (t602x atc=0x100 mux=0x0)
[    8.998653] omarchy-m2 kernel: apple-display-crossbar 130304c000.mux: t602x dpphy: 000=00000001 004=000001fe 008=00000001 00c=00000001 014=000001fb 018=00000001 01c=00000100 024=00000011 028=00000100 02c=00000001 030=00000000 034=00000100 040=0005ad6b 044=02b5ad6b 048=00000000 04c=00000000 050=00000000 060=00000000 070=00000000
[    8.998790] omarchy-m2 kernel: apple-display-crossbar 130304c000.mux: t602x dpphy clk: 000=00000001 800=00000000 020=00000000 820=00000000 024=00000011 81c=00000011
[    8.998939] omarchy-m2 kernel: apple-dcp 289c00000.dcp: typec_mux_set() returned: 0
[    8.999083] omarchy-m2 kernel: apple-dcp 289c00000.dcp: typec0 USB4 DP IN using crossbar mux 1
[    8.999222] omarchy-m2 kernel: apple-dcp 289c00000.dcp: typec1 USB4 DP IN using crossbar mux 1
[    8.999370] omarchy-m2 kernel: apple_aop 2a6c00000.aop: RTKit: Initializing (protocol version 12)
[    8.999503] omarchy-m2 kernel: apple-dcp 289c00000.dcp: typec2 USB4 DP IN using crossbar mux 1
[    8.999654] omarchy-m2 kernel: apple_aop 2a6c00000.aop: RTKit: syslog message: AOP_oslog_init.cpp:96: Start AOP OSLog init
[    8.999786] omarchy-m2 kernel: apple_aop 2a6c00000.aop: RTKit: syslog message: P_os_log_support.cpp:60: AOP os log initialized
[    8.999920] omarchy-m2 kernel: apple-isp 384000000.isp: ISP firmware-compat: 13.5 (FW: 13.5)
[    9.000131] omarchy-m2 kernel: apple-sio 39bc00000.sio: RTKit: Initializing (protocol version 12)
[    9.000312] omarchy-m2 kernel: apple-sio 39bc00000.sio: SIO protocol v9
[    9.000456] omarchy-m2 kernel: apple-dcp 315c00000.dcp: typec0 USB4 DP IN using crossbar mux 1
[    9.000583] omarchy-m2 kernel: avd 287080000.avd: booting hw version: 30010
[    9.000739] omarchy-m2 kernel: apple-dcp 315c00000.dcp: typec1 USB4 DP IN using crossbar mux 1
[    9.000894] omarchy-m2 kernel: tas2764 1-003a: supply SDZ not found, using dummy regulator
[    9.001093] omarchy-m2 kernel: apple-dcp 315c00000.dcp: typec2 USB4 DP IN using crossbar mux 1
[    9.001230] omarchy-m2 kernel: apple-dcp 389c00000.dcp: Detected display with notch of 74 pixel
[    9.001426] omarchy-m2 kernel: platform 389c00000.dcp:piodma: Adding to iommu group 16
[    9.001550] omarchy-m2 kernel: apple-dart 389304000.iommu: Limited to ias=36 due to lock
[    9.001671] omarchy-m2 kernel: tas2764 1-0038: supply SDZ not found, using dummy regulator
[    9.001809] omarchy-m2 kernel: apple-dcp 389c00000.dcp: RTKit: Initializing (protocol version 12)
[    9.001949] omarchy-m2 kernel: apple-dcp 389c00000.dcp: shmem_setup: iova: 10080238000 -> pa: 107ddbb4000 -> iomem: ffff80008eff0000
[    9.002028] omarchy-m2 kernel: apple-dcp 389c00000.dcp: shmem_setup: iova: 10fffffc000, buffer: ffff80008eaf4000
[    9.002103] omarchy-m2 kernel: thunderbolt-apple-acio 701ac0000.cio: PCIe-C tunnel disabled: m1n1 handoff is not initialized
[    9.002178] omarchy-m2 kernel: apple-isp 384000000.isp: IPC surface iova: 0x10000f00000
[    9.002248] omarchy-m2 kernel: apple-isp 384000000.isp: Data surface iova: 0x10000f1c000
[    9.002317] omarchy-m2 kernel: spi-nor spi0.0: supply vcc not found, using dummy regulator
[    9.002391] omarchy-m2 kernel: tas2764 1-0039: supply SDZ not found, using dummy regulator
[    9.002461] omarchy-m2 kernel: apple-dcp 389c00000.dcp: shmem_setup: iova: 10fffff8000, buffer: ffff80008ee54000
[    9.002521] omarchy-m2 kernel: apple-drm soc:display-subsystem: bound 389c00000.dcp (ops dcp_comp_ops [appledrm])
[    9.002586] omarchy-m2 kernel: apple-dcp 289c00000.dcp: DCP index:1 dptx target phy: 3 dptx die: 0
[    9.002655] omarchy-m2 kernel: apple-dcp 389c00000.dcp: RTKit: syslog message: ck_PCC2DBlm_v5.cpp:2611: IOMFB LACS_ERROR: DCP took too long to respond to LAS stats
[    9.002715] omarchy-m2 kernel: apple-dcp 389c00000.dcp: RTKit: syslog message: ck_PCC2DBlm_v5.cpp:2646: IOMFB: BLM LTS data hasn't been read in more than 10 secs
[    9.002773] omarchy-m2 kernel: tas2764 3-003d: supply SDZ not found, using dummy regulator
[    9.002837] omarchy-m2 kernel: platform 289c00000.dcp:piodma: Adding to iommu group 17
[    9.002901] omarchy-m2 kernel: apple-dart 289304000.iommu: Limited to ias=36 due to lock
[    9.002965] omarchy-m2 kernel: thunderbolt-apple-acio b01ac0000.cio: PCIe-C tunnel disabled: m1n1 handoff is not initialized
[    9.003037] omarchy-m2 kernel: apple-dcp 289c00000.dcp: RTKit: Initializing (protocol version 12)
[    9.003110] omarchy-m2 kernel: apple-dcp 289c00000.dcp: shmem_setup: iova: 10080238000 -> pa: 107dd8b4000 -> iomem: ffff80008f0d0000
[    9.003194] omarchy-m2 kernel: apple-dcp 289c00000.dcp: shmem_setup: iova: 10fffffc000, buffer: ffff80008f064000
[    9.003255] omarchy-m2 kernel: tas2764 3-003b: supply SDZ not found, using dummy regulator
[    9.003318] omarchy-m2 kernel: tas2764 3-003c: supply SDZ not found, using dummy regulator
[    9.003389] omarchy-m2 kernel: 1 fixed-partitions partitions found on MTD device spi0.0
[    9.003394] omarchy-m2 kernel: apple-dcp 289c00000.dcp: shmem_setup: iova: 10fffff8000, buffer: ffff80008f0f8000
[    9.003454] omarchy-m2 kernel: Creating 1 MTD partitions on "spi0.0":
[    9.003459] omarchy-m2 kernel: 0x000000700000-0x000000800000 : "nvram"
[    9.003464] omarchy-m2 kernel: thunderbolt-apple-acio f01ac0000.cio: PCIe-C tunnel disabled: m1n1 handoff is not initialized
[    9.003531] omarchy-m2 kernel: apple-drm soc:display-subsystem: bound 289c00000.dcp (ops dcp_comp_ops [appledrm])
[    9.003595] omarchy-m2 kernel: apple-drm soc:display-subsystem: bound 39b540000.audio-controller (ops dcpaud_comp_ops [appledrm])
[    9.003657] omarchy-m2 kernel: apple-dcp 315c00000.dcp: DCP index:2 dptx target phy: 1 dptx die: 0
[    9.003723] omarchy-m2 kernel: apple_aop 2a6c00000.aop: RTKit: syslog message: ALSVD6286.cpp:80: [ALS1] VD6286 device found. Calibration Override:0
[    9.003783] omarchy-m2 kernel: platform 315c00000.dcp:piodma: Adding to iommu group 18
[    9.003847] omarchy-m2 kernel: apple-dart 315304000.iommu: Limited to ias=36 due to lock
[    9.003911] omarchy-m2 kernel: apple-dcp 315c00000.dcp: RTKit: Initializing (protocol version 12)
[    9.003974] omarchy-m2 kernel: apple-dcp 315c00000.dcp: shmem_setup: iova: 10080238000 -> pa: 107dc5b4000 -> iomem: ffff80008f150000
[    9.004050] omarchy-m2 kernel: apple-dcp 315c00000.dcp: shmem_setup: iova: 10fffffc000, buffer: ffff80008f148000
[    9.004118] omarchy-m2 kernel: apple-dcp 315c00000.dcp: shmem_setup: iova: 10fffff8000, buffer: ffff80008f164000
[    9.004178] omarchy-m2 kernel: apple-drm soc:display-subsystem: bound 315c00000.dcp (ops dcp_comp_ops [appledrm])
[    9.004241] omarchy-m2 kernel: apple-drm soc:display-subsystem: bound 39b580000.audio-controller (ops dcpaud_comp_ops [appledrm])
[    9.004300] omarchy-m2 kernel: apple-dcp 389c00000.dcp: RTKit: syslog message: ap_link.c:299: shared memory dva: 0x10fffe00000 0xffffffff00680000
[    9.004361] omarchy-m2 kernel: apple-dcp 389c00000.dcp: RTKit: syslog message: ap_link.c:276: ap_link: IOMFB: DCP heap size: 0x1030000 [iBoot:0x1030000] [LinkService:0x0]
[    9.004425] omarchy-m2 kernel: apple-dcp 389c00000.dcp: RTKit: syslog message: nifiedPipeline.cpp:4191: IOMFB: Could not find Backlight service
[    9.004487] omarchy-m2 kernel: apple-dcp 389c00000.dcp: RTKit: syslog message: nifiedPipeline.cpp:4199: IOMFB: Could not find nvram service
[    9.004551] omarchy-m2 kernel: apple-dcp 389c00000.dcp: RTKit: syslog message: nifiedPipeline.cpp:1838: virtual bool UnifiedPipeline::start_ios_gated(): Created AP Services
[    9.004613] omarchy-m2 kernel: apple-dcp 389c00000.dcp: RTKit: syslog message: nifiedPipeline.cpp:1864: start_ios_gated: trigger pending HPD notification
[    9.004682] omarchy-m2 kernel: apple-dcp 389c00000.dcp: cb_hotplug() connected:1, valid_mode:0 nr_modes:0
[    9.004743] omarchy-m2 kernel: apple-dcp 389c00000.dcp: dcp_hotplug() connected:1 valid_mode:0 nr_modes:0
[    9.005005] omarchy-m2 kernel: cs42l84 2-004b: Cirrus Logic CS42L84, Revision: 36
[    9.007383] omarchy-m2 kernel: apple-dcp 389c00000.dcp: RTKit: syslog message: nifiedPipeline.cpp:1871: virtual bool UnifiedPipeline::start_ios_gated(): Flushed RTPs
[    9.007495] omarchy-m2 kernel: apple-dcp 389c00000.dcp: RTKit: syslog message: ableCompensator.cpp:903: IOMFB setup_table: Could not find table 'display-backlight-compensation-v1' in registry. Using default table.
[    9.008009] omarchy-m2 kernel: apple-dcp 389c00000.dcp: RTKit: syslog message: PPipeDCP_H13P.cpp:11092: IOMFB updateFrequencies: minimum-frequency property not found, using getClockFrequency(0) instead.
[    9.008418] omarchy-m2 kernel: apple-dcp 389c00000.dcp: RTKit: syslog message: PPipeDCP_H13P.cpp:11109: IOMFB updateFrequencies EDT ERROR: getClockFrequency(0) (257142848) < videoClock 521064960! Giving up on frequencies.
[    9.008560] omarchy-m2 kernel: apple-dcp 389c00000.dcp: RTKit: syslog message: UPPipeDCP_H13P.cpp:1532: IOMFB: videoClock is zero, defaulting to 521065000
[    9.008669] omarchy-m2 kernel: apple-dcp 389c00000.dcp: RTKit: syslog message: nifiedPipeline.cpp:1356: set_device_enabled_gated: current state: 1, requested state: 1
[    9.008781] omarchy-m2 kernel: apple-dcp 389c00000.dcp: RTKit: syslog message: PPipeDCP_H13P.cpp:11092: IOMFB updateFrequencies: minimum-frequency property not found, using getClockFrequency(0) instead.
[    9.008869] omarchy-m2 kernel: apple-dcp 389c00000.dcp: RTKit: syslog message: PPipeDCP_H13P.cpp:11109: IOMFB updateFrequencies EDT ERROR: getClockFrequency(0) (257142848) < videoClock 521064960! Giving up on frequencies.
[    9.008961] omarchy-m2 kernel: apple-dcp 389c00000.dcp: RTKit: syslog message: PPipeDCP_H13P.cpp:10490: set_run_mode_safe: deferring: 2 -> 4
[    9.009068] omarchy-m2 kernel: apple-dcp 389c00000.dcp: RTKit: syslog message: PPipeDCP_H13P.cpp:10395: virtual IOMFBStatus IOMFB::UPPipeDCP_H13P::ready_for_run_mode_change(IOMFB::AppleRegisterStream *): initiating deferred run mod
[    9.010014] omarchy-m2 kernel: apple-dcp 389c00000.dcp: RTKit: syslog message: M3Hal_v1.cpp:197: IOMFB: load APT M3 IMem : size 0x7b40
[    9.010310] omarchy-m2 kernel: apple-dcp 389c00000.dcp: RTKit: syslog message: M3Hal_v1.cpp:197: IOMFB: load APT M3 DMem : size 0x6fd4
[    9.010401] omarchy-m2 kernel: apple-dcp 389c00000.dcp: RTKit: syslog message: CAHandler.cpp:188: IOMFB load_ca_data: Unrecognized data version 0 (expected 1 or 2)
[    9.012065] omarchy-m2 kernel: apple-dcp 289c00000.dcp: AFK[ep:20]: new service system on channel 1
[    9.012419] omarchy-m2 kernel: apple-dcp 289c00000.dcp: AFK[ep:20]: new service powerlog-service on channel 3
[    9.014005] omarchy-m2 kernel: apple-dcp 389c00000.dcp: AFK[ep:20]: new service system on channel 5
[    9.014077] omarchy-m2 kernel: apple-dcp 389c00000.dcp: AFK[ep:20]: new service powerlog-service on channel 7
[    9.014137] omarchy-m2 kernel: apple-dcp 389c00000.dcp: RTKit: syslog message: PPipeDCP_H13P.cpp:14085: IOMFB Int RTBandwidth: program_M3_rt_config: Using Dashboard 28e3d1208
[    9.014197] omarchy-m2 kernel: apple-dcp 389c00000.dcp: RTKit: syslog message: dpointInterface.cpp:606: [AFK][AFKMailboxSharedMemoryEndpointInterface:#62] if:1 inCmd:0 inResp:0 outRepErr:0 outCmdErr:0 t:654060193
[    9.014257] omarchy-m2 kernel: apple-dcp 389c00000.dcp: RTKit: syslog message: dpointInterface.cpp:606: [AFK][AFKMailboxSharedMemoryEndpointInterface:#65] if:3 inCmd:0 inResp:0 outRepErr:0 outCmdErr:0 t:654066235
[    9.016006] omarchy-m2 kernel: apple-dcp 389c00000.dcp: RTKit: syslog message: UPTSQManager.cpp:133: IOMFB: clearing M3 reset
[    9.016112] omarchy-m2 kernel: apple-dcp 389c00000.dcp: RTKit: syslog message: UPTSQ_Hal_v1.cpp:349: IOMFB: timebase_offset = 4
[    9.023004] omarchy-m2 kernel: Bluetooth: Core ver 2.22
[    9.023013] omarchy-m2 kernel: NET: Registered PF_BLUETOOTH protocol family
[    9.023018] omarchy-m2 kernel: Bluetooth: HCI device and connection manager initialized
[    9.023023] omarchy-m2 kernel: Bluetooth: HCI socket layer initialized
[    9.023028] omarchy-m2 kernel: Bluetooth: L2CAP socket layer initialized
[    9.023032] omarchy-m2 kernel: Bluetooth: SCO socket layer initialized
[    9.024006] omarchy-m2 kernel: cfg80211: Loading compiled-in X.509 certificates for regulatory database
[    9.024016] omarchy-m2 kernel: hci_bcm4377 0000:01:00.1: resetting
[    9.025132] omarchy-m2 kernel: Loaded X.509 cert 'sforshee: 00b28ddf47aef9cea7'
[    9.025139] omarchy-m2 kernel: Loaded X.509 cert 'wens: 61c038651aabdcf94bd0ac7ff06c7248db18c600'
[    9.028227] omarchy-m2 kernel: apple-dcp 389c00000.dcp: RTKit: syslog message: UPTSQManager.cpp:105: IOMFB: switch to normal mode succeeded
[    9.031008] omarchy-m2 kernel: usbcore: registered new interface driver brcmfmac
[    9.031018] omarchy-m2 kernel: brcmfmac 0000:01:00.0: enabling device (0000 -> 0002)
[    9.031156] omarchy-m2 kernel: apple-dcp 389c00000.dcp: RTKit: syslog message: ck_PCC2DBlm_v5.cpp:2611: IOMFB LACS_ERROR: DCP took too long to respond to LAS stats
[    9.031254] omarchy-m2 kernel: apple-dcp 389c00000.dcp: DCP booted
[    9.032007] omarchy-m2 kernel: apple-dcp 389c00000.dcp: DCP is_main_display: 1
[    9.032131] omarchy-m2 kernel: apple-dcp 389c00000.dcp: dcp_hotplug() connected:1 valid_mode:0 nr_modes:6
[    9.042020] omarchy-m2 kernel: apple_aop 2a6c00000.aop: RTKit: syslog message: iggerController.cpp:129: VoiceTrig ready!! <AppleAOPVoiceTriggerController v240.2 built: Jun 30 202317:4
[    9.042137] omarchy-m2 kernel: apple_aop 2a6c00000.aop: RTKit: syslog message: SPU_init.cpp:320: ===( AOP IS READY )===
[    9.044012] omarchy-m2 kernel: brcmfmac: brcmf_fw_alloc_request: using brcm/brcmfmac4388c0-pcie for chip BCM4388/4
[    9.133013] omarchy-m2 kernel: hci_bcm4377 0000:01:00.1: reset done
[    9.240143] omarchy-m2 kernel: hci_bcm4377 0000:01:00.1: enabling device (0000 -> 0002)
[    9.794073] omarchy-m2 systemd-journald[594]: Received client request to flush runtime journal.
[    9.880014] omarchy-m2 kernel: input: keyd virtual keyboard as /devices/virtual/input/input3
[    9.910391] omarchy-m2 kernel: input: keyd virtual pointer as /devices/virtual/input/input4
[    9.959006] omarchy-m2 kernel: apple-isp: CISP_CMD_CONFIG_GET: 
[    9.959020] omarchy-m2 kernel: apple-isp: 00000000 00000003 016e3600 00000001 0000000a 00000000 00000001
[    9.959025] omarchy-m2 kernel: apple-isp 384000000.isp: found sensor 558 CC2248101BGPNTV7H on ch 0
[    9.959145] omarchy-m2 kernel: apple-isp: ch: CISP_CMD_CH_INFO_GET: 0
[    9.959153] omarchy-m2 kernel: apple-isp: ch: 00000000 0000010d 00000000 07dc0001 00010090 00010007 00000006 00000001
[    9.959160] omarchy-m2 kernel: apple-isp: ch: 00000558 00000009 00001410 00000002 00000000 00000000 00000000 00000000
[    9.959168] omarchy-m2 kernel: apple-isp: ch: 00000000 00000000 00000000 00050000 00000001 00000000 00000004 00000020
[    9.959178] omarchy-m2 kernel: apple-isp: ch: 00000006 00000000 00004680 00000040 00000001 00000002 00004000 00000040
[    9.959186] omarchy-m2 kernel: apple-isp: ch: 00000001 00000000 00000000 00000036 00000000 00000000 000f4240 434300a0
[    9.959193] omarchy-m2 kernel: apple-isp: ch: 38343232 42313031 544e5047 00483756 00000000 00000008 00000000 00000000
[    9.959202] omarchy-m2 kernel: apple-isp: ch: 00000001 00000000 00000100 00000000 00000000 00000000 00000000 00ff0000
[    9.959211] omarchy-m2 kernel: apple-isp: ch: 00000c00 00000000 0000001c 00000680 00000004 00000004 00000000 00000000
[    9.959218] omarchy-m2 kernel: apple-isp: ch: 00000000 00000000 00000000 00000000 07800000 00000780
[    9.959229] omarchy-m2 kernel: apple-isp: ps: CISP_CMD_CH_CAMERA_CONFIG_GET: 0
[    9.959239] omarchy-m2 kernel: apple-isp: ps: 00000000 00000106 00000000 00000000 07800780 07800780 00000000 00001df8
[    9.959250] omarchy-m2 kernel: apple-isp: ps: 00000100 00000001 00000040 00000040 00000040 00000040 00000040 00000040
[    9.959262] omarchy-m2 kernel: apple-isp: ps: 00000003 00000040 00000040 00000005 00000000 0100041e 00000001 00000000
[    9.959267] omarchy-m2 kernel: apple-isp: ps: 0bdebefc 00000006 00000007 00000000 00000009 000f4240 00000012 00000000
[    9.959278] omarchy-m2 kernel: apple-isp: ps: 00008000 00000014 00000015 00000000 00000000 00000000 00000780 00000780
[    9.959288] omarchy-m2 kernel: apple-isp: ps: 00010000 00000000 93f00000 00000040 0000001f 00000000 00000000 00000000
[    9.959293] omarchy-m2 kernel: apple-isp: ps: 00000780 00000780 00000100 00000000 00000000 00000780 00000780
[    9.959302] omarchy-m2 kernel: apple-isp: ps: CISP_CMD_CH_CAMERA_CONFIG_GET: 1
[    9.959309] omarchy-m2 kernel: apple-isp: ps: 00000000 00000106 00000000 00000001 08700780 08700780 00000000 00001df8
[    9.959314] omarchy-m2 kernel: apple-isp: ps: 00000100 00000001 00000040 00000040 00000040 00000040 00000040 00000040
[    9.959321] omarchy-m2 kernel: apple-isp: ps: 00000003 00000040 00000040 00000005 00000000 0100041e 00000001 00000000
[    9.959325] omarchy-m2 kernel: apple-isp: ps: 0bdebefc 00000006 00000007 00000000 00000009 000f4240 00000012 00000000
[    9.959336] omarchy-m2 kernel: apple-isp: ps: 00008000 00000014 00000015 00000000 00000000 00000000 00000780 00000438
[    9.959344] omarchy-m2 kernel: apple-isp: ps: 00010001 00000000 93f00000 00000040 0000001f 00000000 00000000 00000000
[    9.959361] omarchy-m2 kernel: apple-isp: ps: 00000780 00000870 00000100 00000000 00000000 00000780 00000438
[    9.959369] omarchy-m2 kernel: apple-isp: ps: CISP_CMD_CH_CAMERA_CONFIG_GET: 2
[    9.959373] omarchy-m2 kernel: apple-isp: ps: 00000000 00000106 00000000 00000002 0f000438 0f000438 00000000 00001df8
[    9.959381] omarchy-m2 kernel: apple-isp: ps: 00000100 00000001 00000040 00000040 00000040 00000040 00000040 00000040
[    9.959387] omarchy-m2 kernel: apple-isp: ps: 00000003 00000040 00000040 00000005 00000000 0100041e 00000001 00000000
[    9.959392] omarchy-m2 kernel: apple-isp: ps: 0bdebefc 00000006 00000007 00000000 00000009 000f4240 0000000d 00000000
[    9.959400] omarchy-m2 kernel: apple-isp: ps: 00008000 00000014 00000015 00000000 00000000 00000000 00000438 00000780
[    9.959407] omarchy-m2 kernel: apple-isp: ps: 00010001 00000000 93f00000 00000040 0000001f 00000000 00000000 00000000
[    9.959415] omarchy-m2 kernel: apple-isp: ps: 00000438 00000f00 00000100 00000000 00000000 00000438 00000780
[    9.959420] omarchy-m2 kernel: apple-isp: ps: CISP_CMD_CH_CAMERA_CONFIG_GET: 3
[    9.959427] omarchy-m2 kernel: apple-isp: ps: 00000000 00000106 00000000 00000003 0a6006e0 0a6006e0 00000000 00001df8
[    9.959434] omarchy-m2 kernel: apple-isp: ps: 00000100 00000001 00000040 00000040 00000040 00000040 00000040 00000040
[    9.959439] omarchy-m2 kernel: apple-isp: ps: 00000003 00000040 00000040 00000005 00000000 0100041e 00000001 00000000
[    9.959443] omarchy-m2 kernel: apple-isp: ps: 0bdebefc 00000006 00000007 00000000 00000009 000f4240 00000010 00000000
[    9.959452] omarchy-m2 kernel: apple-isp: ps: 00008000 00000014 00000015 00000000 00000000 00000000 000006e0 00000530
[    9.959459] omarchy-m2 kernel: apple-isp: ps: 00010001 00000000 93f00000 00000040 0000001f 00000000 00000000 00000000
[    9.959467] omarchy-m2 kernel: apple-isp: ps: 000006e0 00000a60 00000100 00000000 00000000 000006e0 00000530
[    9.959474] omarchy-m2 kernel: apple-isp: ps: CISP_CMD_CH_CAMERA_CONFIG_GET: 4
[    9.959482] omarchy-m2 kernel: apple-isp: ps: 00000000 00000106 00000000 00000004 0dc00530 0dc00530 00000000 00001df8
[    9.959487] omarchy-m2 kernel: apple-isp: ps: 00000100 00000001 00000040 00000040 00000040 00000040 00000040 00000040
[    9.959492] omarchy-m2 kernel: apple-isp: ps: 00000003 00000040 00000040 00000005 00000000 0100041e 00000001 00000000
[    9.959496] omarchy-m2 kernel: apple-isp: ps: 0bdebefc 00000006 00000007 00000000 00000009 000f4240 0000000e 00000000
[    9.959504] omarchy-m2 kernel: apple-isp: ps: 00008000 00000014 00000015 00000000 00000000 00000000 00000530 000006e0
[    9.959513] omarchy-m2 kernel: apple-isp: ps: 00010001 00000000 93f00000 00000040 0000001f 00000000 00000000 00000000
[    9.959520] omarchy-m2 kernel: apple-isp: ps: 00000530 00000dc0 00000100 00000000 00000000 00000530 000006e0
[    9.959527] omarchy-m2 kernel: apple-isp: ps: CISP_CMD_CH_CAMERA_CONFIG_GET: 5
[    9.959531] omarchy-m2 kernel: apple-isp: ps: 00000000 00000106 00000000 00000005 0c200610 0c200610 00000000 00001df8
[    9.959536] omarchy-m2 kernel: apple-isp: ps: 00000100 00000001 00000040 00000040 00000040 00000040 00000040 00000040
[    9.959541] omarchy-m2 kernel: apple-isp: ps: 00000003 00000040 00000040 00000005 00000000 0100041e 00000001 00000000
[    9.959552] omarchy-m2 kernel: apple-isp: ps: 0bdebefc 00000006 00000007 00000000 00000009 000f4240 0000000f 00000000
[    9.959557] omarchy-m2 kernel: apple-isp: ps: 00008000 00000014 00000015 00000000 00000000 00000000 00000610 00000610
[    9.959564] omarchy-m2 kernel: apple-isp: ps: 00010001 00000000 93f00000 00000040 0000001f 00000000 00000000 00000000
[    9.959571] omarchy-m2 kernel: apple-isp: ps: 00000610 00000c20 00000100 00000000 00000000 00000610 00000610
[    9.968007] omarchy-m2 kernel: apple-isp 384000000.isp: apple-isp probe!
[   10.021006] omarchy-m2 kernel: apple-dcp 289c00000.dcp: AFK[ep:23]: new service disp0-service on channel 1
[   10.027006] omarchy-m2 kernel: apple-dcp 289c00000.dcp: AFK[ep:2a]: new service AppleDCPDPTXRemotePort on channel 1
[   10.027205] omarchy-m2 kernel: apple-dcp 289c00000.dcp: AFK[ep:2a]: new service AppleDCPDPTXRemotePort on channel 3
[   10.027359] omarchy-m2 kernel: apple-dcp 289c00000.dcp: RTKit: syslog message: ap_link.c:299: shared memory dva: 0x10fffe00000 0xffffffff00027000
[   10.027505] omarchy-m2 kernel: apple-dcp 289c00000.dcp: RTKit: syslog message: ap_link.c:276: ap_link: IOMFB: DCP heap size: 0x1030000 [iBoot:0x1030000] [LinkService:0x0]
[   10.027638] omarchy-m2 kernel: apple-dcp 289c00000.dcp: RTKit: syslog message: nifiedPipeline.cpp:4191: IOMFB: Could not find Backlight service
[   10.027765] omarchy-m2 kernel: apple-dcp 289c00000.dcp: RTKit: syslog message: nifiedPipeline.cpp:4199: IOMFB: Could not find nvram service
[   10.027893] omarchy-m2 kernel: apple-dcp 289c00000.dcp: RTKit: syslog message: nifiedPipeline.cpp:1838: virtual bool UnifiedPipeline::start_ios_gated(): Created AP Services
[   10.030006] omarchy-m2 kernel: apple-dcp 289c00000.dcp: RTKit: syslog message: nifiedPipeline.cpp:1871: virtual bool UnifiedPipeline::start_ios_gated(): Flushed RTPs
[   10.031012] omarchy-m2 kernel: apple-dcp 289c00000.dcp: RTKit: syslog message: PPipeDCP_H13P.cpp:11122: IOMFB setup_video_limits called on secondary display with no timing set
[   10.031161] omarchy-m2 kernel: apple-dcp 289c00000.dcp: read_edt_data key=initial-vbi-advance-lines count=1 default0=0x2 ret=0
[   10.031303] omarchy-m2 kernel: apple-dcp 289c00000.dcp: RTKit: syslog message: nifiedPipeline.cpp:1356: set_device_enabled_gated: current state: 1, requested state: 1
[   10.031440] omarchy-m2 kernel: apple-dcp 289c00000.dcp: RTKit: syslog message: PPipeDCP_H13P.cpp:11122: IOMFB setup_video_limits called on secondary display with no timing set
[   10.033008] omarchy-m2 kernel: apple-dcp 289c00000.dcp: RTKit: syslog message: PPipeDCP_H13P.cpp:10468: set_run_mode_safe: no need to defer: 2 -> 1
[   10.033140] omarchy-m2 kernel: apple-dcp 289c00000.dcp: RTKit: syslog message: PPipeDCP_H13P.cpp:10468: set_run_mode_safe: no need to defer: 1 -> 0
[   10.033261] omarchy-m2 kernel: apple-dcp 289c00000.dcp: RTKit: syslog message: nifiedPipeline.cpp:1356: set_device_enabled_gated: current state: 1, requested state: 0
[   10.034008] omarchy-m2 kernel: apple-dcp 289c00000.dcp: DCP booted
[   10.034148] omarchy-m2 kernel: apple-dcp 289c00000.dcp: DCP is_main_display: 0
[   10.034270] omarchy-m2 kernel: apple-dcp 289c00000.dcp: dcp_hotplug() connected:0 valid_mode:0 nr_modes:0
[   10.034391] omarchy-m2 kernel: apple-dcp 315c00000.dcp: AFK[ep:20]: new service system on channel 1
[   10.034541] omarchy-m2 kernel: apple-dcp 315c00000.dcp: AFK[ep:20]: new service powerlog-service on channel 3
[   10.343083] omarchy-m2 kernel: brcmfmac: brcmf_c_process_txcap_blob: TxCap blob found, loading
[   10.345009] omarchy-m2 kernel: brcmfmac: brcmf_c_process_cal_blob: Calibration blob provided by platform, loading
[   10.358009] omarchy-m2 kernel: brcmfmac: brcmf_c_preinit_dcmds: Firmware: BCM4388/4 wl0: Jun 11 2023 05:20:59 version 23.20.95.0.40.50.92 FWID 01-ec505a98
[   10.364075] omarchy-m2 kernel: ieee80211 phy0: brcmf_c_set_joinpref_default: Set join_pref error (-52)
[   10.632005] omarchy-m2 kernel: ieee80211 phy0: brcmf_c_set_joinpref_default: Set join_pref error (-52)
[   10.722018] omarchy-m2 kernel: ieee80211 phy0: brcmf_dongle_roam: WLC_SET_ROAM_DELTA error (-52)
[   10.829066] omarchy-m2 kernel: Bluetooth: BNEP (Ethernet Emulation) ver 1.3
[   10.829125] omarchy-m2 kernel: Bluetooth: BNEP filters: protocol multicast
[   10.829150] omarchy-m2 kernel: Bluetooth: BNEP socket layer initialized
[   11.044166] omarchy-m2 kernel: apple-dcp 315c00000.dcp: AFK[ep:23]: new service disp0-service on channel 1
[   11.050025] omarchy-m2 kernel: apple-dcp 315c00000.dcp: AFK[ep:2a]: new service AppleDCPDPTXRemotePort on channel 1
[   11.050450] omarchy-m2 kernel: apple-dcp 315c00000.dcp: AFK[ep:2a]: new service AppleDCPDPTXRemotePort on channel 3
[   11.050842] omarchy-m2 kernel: apple-dcp 289c00000.dcp: dcp_enable_dp2hdmi_hpd: DP2HDMI HPD connected:0
[   11.051256] omarchy-m2 kernel: apple-dcp 315c00000.dcp: RTKit: syslog message: ap_link.c:299: shared memory dva: 0x10fffe00000 0xffffffff00027000
[   11.051603] omarchy-m2 kernel: apple-dcp 315c00000.dcp: RTKit: syslog message: ap_link.c:276: ap_link: IOMFB: DCP heap size: 0x1030000 [iBoot:0x1030000] [LinkService:0x0]
[   11.051943] omarchy-m2 kernel: apple-dcp 289c00000.dcp: RTKit: syslog message: FramebufferDCP.cpp:1962: IOMFB: swap_submit_dcp: swallowed swap ID 2 as fControllerPowerState is 0 for External Display
[   11.052301] omarchy-m2 kernel: apple-dcp 289c00000.dcp: RTKit: syslog message: FramebufferDCP.cpp:1967: IOMFB: swap_submit_dcp: swallowed swap ID 2 as timinsg are not enabled for External Display
[   11.052668] omarchy-m2 kernel: apple-dcp 289c00000.dcp: dcp_poweroff() done
[   11.053039] omarchy-m2 kernel: apple-dcp 315c00000.dcp: RTKit: syslog message: nifiedPipeline.cpp:4191: IOMFB: Could not find Backlight service
[   11.053387] omarchy-m2 kernel: apple-dcp 315c00000.dcp: RTKit: syslog message: nifiedPipeline.cpp:4199: IOMFB: Could not find nvram service
[   11.053736] omarchy-m2 kernel: apple-dcp 315c00000.dcp: RTKit: syslog message: nifiedPipeline.cpp:1838: virtual bool UnifiedPipeline::start_ios_gated(): Created AP Services
[   11.054084] omarchy-m2 kernel: apple-dcp 315c00000.dcp: RTKit: syslog message: nifiedPipeline.cpp:1871: virtual bool UnifiedPipeline::start_ios_gated(): Flushed RTPs
[   11.054406] omarchy-m2 kernel: apple-dcp 315c00000.dcp: RTKit: syslog message: PPipeDCP_H13P.cpp:11122: IOMFB setup_video_limits called on secondary display with no timing set
[   11.054733] omarchy-m2 kernel: apple-dcp 315c00000.dcp: read_edt_data key=initial-vbi-advance-lines count=1 default0=0x2 ret=0
[   11.056019] omarchy-m2 kernel: apple-dcp 315c00000.dcp: RTKit: syslog message: nifiedPipeline.cpp:1356: set_device_enabled_gated: current state: 1, requested state: 1
[   11.056364] omarchy-m2 kernel: apple-dcp 315c00000.dcp: RTKit: syslog message: PPipeDCP_H13P.cpp:11122: IOMFB setup_video_limits called on secondary display with no timing set
[   11.058016] omarchy-m2 kernel: apple-dcp 315c00000.dcp: RTKit: syslog message: PPipeDCP_H13P.cpp:10468: set_run_mode_safe: no need to defer: 2 -> 1
[   11.058347] omarchy-m2 kernel: apple-dcp 315c00000.dcp: RTKit: syslog message: PPipeDCP_H13P.cpp:10468: set_run_mode_safe: no need to defer: 1 -> 0
[   11.058664] omarchy-m2 kernel: apple-dcp 315c00000.dcp: RTKit: syslog message: nifiedPipeline.cpp:1356: set_device_enabled_gated: current state: 1, requested state: 0
[   11.058966] omarchy-m2 kernel: apple-dcp 315c00000.dcp: DCP booted
[   11.059275] omarchy-m2 kernel: apple-dcp 315c00000.dcp: DCP is_main_display: 0
[   11.166832] omarchy-m2 kernel: Console: switching to colour dummy device 80x25
[   11.168025] omarchy-m2 kernel: [drm] Initialized apple 1.0.0 for soc:display-subsystem on minor 2
[   11.173020] omarchy-m2 kernel: apple-dcp 389c00000.dcp: dcp_poweron() starting
[   11.173611] omarchy-m2 kernel: apple-dcp 389c00000.dcp: dcp_set_power_state_req returned, 10000 ms remaining
[   11.174017] omarchy-m2 kernel: apple-dcp 389c00000.dcp: set_digital_out_mode(color:1 timing:2) "3456x2160": 120 1042130 3456 3464 3496 3536 2160 2278 2360 2456 0x48 0x0
[   11.174385] omarchy-m2 kernel: apple-dcp 389c00000.dcp: set_digital_out_mode() color mode depth:8 format:0 colorimetry:16 eotf:0 range:0 vrr:1
[   11.174757] omarchy-m2 kernel: apple-dcp 389c00000.dcp: RTKit: syslog message: FramebufferDCP.cpp:5931: IOMFBParameter_adaptive_sync Req minRR = 0x0, mediaTargetRate = 0x0, Fractional Rate = 0
[   11.175141] omarchy-m2 kernel: apple-dcp 389c00000.dcp: RTKit: syslog message: nifiedPipeline.cpp:7462: set_digital_out_mode: Modeset requested for colorID: 1, timingID: 2
[   11.175473] omarchy-m2 kernel: apple-dcp 389c00000.dcp: RTKit: syslog message: PPipeDCP_H13P.cpp:18011: Dual pipe disabled offset 0
[   11.175809] omarchy-m2 kernel: apple-dcp 389c00000.dcp: RTKit: syslog message: PPipeDCP_H13P.cpp:10490: set_run_mode_safe: deferring: 4 -> 1
[   11.176164] omarchy-m2 kernel: apple-dcp 389c00000.dcp: RTKit: syslog message: PPipeDCP_H13P.cpp:10395: virtual IOMFBStatus IOMFB::UPPipeDCP_H13P::ready_for_run_mode_change(IOMFB::AppleRegisterStream *): initiating deferred run mod
[   11.176523] omarchy-m2 kernel: apple-dcp 389c00000.dcp: RTKit: syslog message: UPTSQManager.cpp:150: IOMFBStatus IOMFB::UPTSQManager::power_down_M3(IOMFB::AppleRegisterStream *, UPTSQManager::ModeChangeWaiter *): request mode ch
[   11.178015] omarchy-m2 kernel: apple-dcp 389c00000.dcp: RTKit: syslog message: UPTSQManager.cpp:162: IOMFBStatus IOMFB::UPTSQManager::power_down_M3(IOMFB::AppleRegisterStream *, UPTSQManager::ModeChangeWaiter *): disabling M3
[   11.178444] omarchy-m2 kernel: apple-dcp 389c00000.dcp: RTKit: syslog message: PPipeDCP_H13P.cpp:10468: set_run_mode_safe: no need to defer: 1 -> 0
[   11.178789] omarchy-m2 kernel: apple-dcp 389c00000.dcp: RTKit: syslog message: ck_PCC2DBlm_v5.cpp:3300: Quiescing callback
[   11.230026] omarchy-m2 kernel: Bluetooth: hci0: HCI LE Coded PHY feature bit is set, but its usage is not supported.
[   11.257012] omarchy-m2 kernel: apple-dcp 389c00000.dcp: RTKit: syslog message: nifiedPipeline.cpp:1356: set_device_enabled_gated: current state: 1, requested state: 0
[   11.257325] omarchy-m2 kernel: apple-dcp 389c00000.dcp: RTKit: syslog message: nifiedPipeline.cpp:7700: set_mode: timingID: 2 colorID: 1
[   11.259005] omarchy-m2 kernel: apple-dcp 389c00000.dcp: RTKit: syslog message: PPipeDCP_H13P.cpp:11092: IOMFB updateFrequencies: minimum-frequency property not found, using getClockFrequency(0) instead.
[   11.259113] omarchy-m2 kernel: apple-dcp 389c00000.dcp: RTKit: syslog message: PPipeDCP_H13P.cpp:11109: IOMFB updateFrequencies EDT ERROR: getClockFrequency(0) (257142848) < videoClock 521064960! Giving up on frequencies.
[   11.259179] omarchy-m2 kernel: apple-dcp 389c00000.dcp: RTKit: syslog message: nifiedPipeline.cpp:7356: IOMFBStatus UnifiedPipeline::mode_set_gated(uint32_t, uint32_t): 3456x2234@120 Hz link: 1
[   11.259247] omarchy-m2 kernel: apple-dcp 389c00000.dcp: RTKit: syslog message: nifiedPipeline.cpp:1356: set_device_enabled_gated: current state: 0, requested state: 1
[   11.259347] omarchy-m2 kernel: apple-dcp 389c00000.dcp: RTKit: syslog message: PPipeDCP_H13P.cpp:10468: set_run_mode_safe: no need to defer: 0 -> 1
[   11.259429] omarchy-m2 kernel: apple-dcp 389c00000.dcp: RTKit: syslog message: ock_Tunables_v1.cpp:651: IOMFB: Writing tunables with target 4
[   11.260002] omarchy-m2 kernel: apple-dcp 389c00000.dcp: RTKit: syslog message: ck_Config_H13P.cpp:1771: program_frame_size: pixel_clock 1042130000, vid0 521065000, 00020910 0000007e
[   11.261005] omarchy-m2 kernel: apple-dcp 389c00000.dcp: RTKit: syslog message: M3Hal_v1.cpp:197: IOMFB: load LED M3 IMem : size 0x7b74
[   11.261143] omarchy-m2 kernel: apple-dcp 389c00000.dcp: RTKit: syslog message: M3Hal_v1.cpp:197: IOMFB: load LED M3 DMem : size 0x102e0
[   11.263005] omarchy-m2 kernel: apple-dcp 389c00000.dcp: RTKit: syslog message: ock_PCC2DLTM_v4.cpp:324: IOMFBStatus IOMFB::UPBlock_PCC2DLTM_v4::set_mcpu_power(IOMFB::AppleRegisterStream *, bool) Loading M3 Hal
[   11.263119] omarchy-m2 kernel: apple-dcp 389c00000.dcp: RTKit: syslog message: M3Hal_v1.cpp:197: IOMFB: load LTM M3 IMem : size 0x7308
[   11.264004] omarchy-m2 kernel: apple-dcp 389c00000.dcp: RTKit: syslog message: M3Hal_v1.cpp:197: IOMFB: load LTM M3 DMem : size 0xd190
[   11.265006] omarchy-m2 kernel: apple-dcp 389c00000.dcp: RTKit: syslog message: ck_PCC2DBlm_v5.cpp:4938: [set_lts_buffer] buffer 0x10001cc4000 Add_lo = 0x1cc4000, Add_hi = 0x100, size 0x2900 stride 0x100
[   11.272005] omarchy-m2 kernel: apple-dcp 389c00000.dcp: RTKit: syslog message: PPipeDCP_H13P.cpp:10468: set_run_mode_safe: no need to defer: 1 -> 2
[   11.272092] omarchy-m2 kernel: apple-dcp 389c00000.dcp: RTKit: syslog message: UPPipeDCP_H13P.cpp:1532: IOMFB: videoClock is zero, defaulting to 521065000
[   11.272154] omarchy-m2 kernel: apple-dcp 389c00000.dcp: RTKit: syslog message: M3Hal_v1.cpp:197: IOMFB: load BLM M3 IMem : size 0x764c
[   11.273005] omarchy-m2 kernel: apple-dcp 389c00000.dcp: RTKit: syslog message: M3Hal_v1.cpp:197: IOMFB: load BLM M3 DMem : size 0xaf6c
[   11.273079] omarchy-m2 kernel: apple-dcp 389c00000.dcp: RTKit: syslog message: FBPropertyManager.h:189: value_t<P> IOMFB::PropMgr::getVal(IOMFB::RuntimeProperty) [P = IOMFB::RuntimePropertyType::boolean]: WARNING - type mismatch on
[   11.274011] omarchy-m2 kernel: apple-dcp 389c00000.dcp: RTKit: syslog message: PPipeDCP_H13P.cpp:10490: set_run_mode_safe: deferring: 2 -> 4
[   11.274075] omarchy-m2 kernel: apple-dcp 389c00000.dcp: RTKit: syslog message: PPipeDCP_H13P.cpp:10395: virtual IOMFBStatus IOMFB::UPPipeDCP_H13P::ready_for_run_mode_change(IOMFB::AppleRegisterStream *): initiating deferred run mod
[   11.274134] omarchy-m2 kernel: apple-dcp 389c00000.dcp: RTKit: syslog message: M3Hal_v1.cpp:197: IOMFB: load APT M3 IMem : size 0x7b40
[   11.274204] omarchy-m2 kernel: apple-dcp 389c00000.dcp: RTKit: syslog message: M3Hal_v1.cpp:197: IOMFB: load APT M3 DMem : size 0x6fd4
[   11.274279] omarchy-m2 kernel: apple-dcp 389c00000.dcp: RTKit: syslog message: CAHandler.cpp:188: IOMFB load_ca_data: Unrecognized data version 0 (expected 1 or 2)
[   11.275005] omarchy-m2 kernel: apple-dcp 389c00000.dcp: RTKit: syslog message: PPipeDCP_H13P.cpp:14085: IOMFB Int RTBandwidth: program_M3_rt_config: Using Dashboard 28e3d1208
[   11.275065] omarchy-m2 kernel: apple-dcp 389c00000.dcp: RTKit: syslog message: UPTSQManager.cpp:133: IOMFB: clearing M3 reset
[   11.275126] omarchy-m2 kernel: apple-dcp 389c00000.dcp: RTKit: syslog message: UPTSQ_Hal_v1.cpp:349: IOMFB: timebase_offset = 4
[   11.276005] omarchy-m2 kernel: Bluetooth: hci0: Failed to read codec capabilities (-22)
[   11.277004] omarchy-m2 kernel: Bluetooth: hci0: Failed to read codec capabilities (-22)
[   11.278013] omarchy-m2 kernel: Bluetooth: hci0: Failed to read codec capabilities (-22)
[   11.279009] omarchy-m2 kernel: Bluetooth: hci0: Failed to read codec capabilities (-22)
[   11.280010] omarchy-m2 kernel: Bluetooth: hci0: Failed to read codec capabilities (-22)
[   11.281008] omarchy-m2 kernel: Bluetooth: hci0: Failed to read codec capabilities (-22)
[   11.282007] omarchy-m2 kernel: Bluetooth: hci0: Failed to read codec capabilities (-22)
[   11.283007] omarchy-m2 kernel: Bluetooth: hci0: Failed to read codec capabilities (-22)
[   11.284006] omarchy-m2 kernel: Bluetooth: hci0: Failed to read codec capabilities (-22)
[   11.285011] omarchy-m2 kernel: Bluetooth: hci0: Failed to read codec capabilities (-22)
[   11.289008] omarchy-m2 kernel: apple-dcp 389c00000.dcp: RTKit: syslog message: UPTSQManager.cpp:105: IOMFB: switch to normal mode succeeded
[   11.289252] omarchy-m2 kernel: Bluetooth: MGMT ver 1.23
[   11.289276] omarchy-m2 kernel: apple-dcp 389c00000.dcp: RTKit: syslog message: eoInterfaceIOAV.cpp:296: IOMFB: VideoInterfaceIOAV::power_on: m_power_ctrl->setPower( 1 )
[   11.295038] omarchy-m2 kernel: apple-dcp 389c00000.dcp: RTKit: syslog message: MMailboxHandler.cpp:214: pcc firmware: MailBox Printf is enabled in BLM Pipe Line Init
[   11.300010] omarchy-m2 kernel: apple-dcp 389c00000.dcp: set_digital_out_mode finished:8374
[   11.300188] omarchy-m2 kernel: Console: switching to colour frame buffer device 216x67
[   11.300208] omarchy-m2 kernel: apple-dcp 389c00000.dcp: RTKit: syslog message: PPipeDCP_H13P.cpp:17179: handle_stage1_enable blm_en 1 ltm_en 0
[   11.313017] omarchy-m2 kernel: Bluetooth: hci0: Bad flag given (0x1) vs supported (0xe)
[   11.315449] omarchy-m2 kernel: apple-drm soc:display-subsystem: [drm] fb0: appledrmfb frame buffer device
[   11.320010] omarchy-m2 kernel: apple-dcp 315c00000.dcp: typec mux set typec1 alt=0000000000000000 svid=0000 mode=0 dp=0 usb4=0 tbt=0 usb4_xbar=yes
[   11.324942] omarchy-m2 kernel: apple-dcp 315c00000.dcp: typec mux set typec0 alt=0000000000000000 svid=0000 mode=0 dp=0 usb4=0 tbt=0 usb4_xbar=yes
[   11.329907] omarchy-m2 kernel: apple-dcp 315c00000.dcp: typec mux set typec2 alt=0000000000000000 svid=0000 mode=0 dp=0 usb4=0 tbt=0 usb4_xbar=yes
[   11.413010] omarchy-m2 kernel: ieee80211 phy0: brcmf_p2p_set_firmware: failed to update device address ret -52
[   11.414016] omarchy-m2 kernel: ieee80211 phy0: brcmf_p2p_create_p2pdev: set p2p_disc error
[   11.414207] omarchy-m2 kernel: ieee80211 phy0: brcmf_cfg80211_add_iface: add iface p2p-dev-wlan0 type 10 failed: err=-52
[   11.483024] omarchy-m2 kernel: input: MacBook Pro J416 Headphone Jack as /devices/platform/sound/sound/card1/input5
[   11.933006] omarchy-m2 kernel: Bluetooth: RFCOMM TTY layer initialized
[   11.933036] omarchy-m2 kernel: Bluetooth: RFCOMM socket layer initialized
[   11.933042] omarchy-m2 kernel: Bluetooth: RFCOMM ver 1.11
[   12.281028] omarchy-m2 kernel: snd-soc-macaudio sound: Speaker volumes unlocked
[   14.447013] omarchy-m2 kernel: kauditd_printk_skb: 263 callbacks suppressed
[   14.447046] omarchy-m2 kernel: audit: type=1130 audit(1790069312.768:163): pid=1 uid=0 auid=4294967295 ses=4294967295 subj=unconfined msg='unit=udisks2 comm="systemd" exe="/usr/lib/systemd/systemd" hostname=? addr=? terminal=? res=success'
[   15.798009] omarchy-m2 kernel: audit: type=1131 audit(1790069314.118:164): pid=1 uid=0 auid=4294967295 ses=4294967295 subj=unconfined msg='unit=systemd-rfkill comm="systemd" exe="/usr/lib/systemd/systemd" hostname=? addr=? terminal=? res=success'
[   16.384023] omarchy-m2 kernel: ieee80211 phy0: brcmf_set_key_mgmt: get okc_enable failed (-52)
[   16.389008] omarchy-m2 kernel: ieee80211 phy0: brcmf_c_set_joinpref_default: Set join_pref error (-52)
[   16.608014] omarchy-m2 kernel: audit: type=1334 audit(1790069314.928:165): prog-id=57 op=LOAD
[   16.608043] omarchy-m2 kernel: audit: type=1300 audit(1790069314.928:165): arch=c00000b7 syscall=280 success=yes exit=26 a0=5 a1=ffffe6346d40 a2=a8 a3=ffff7e5fc540 items=0 ppid=1 pid=859 auid=4294967295 uid=0 gid=0 euid=0 suid=0 fsuid=0 egid=0 sgid=0 fsgid=0 tty=(none) ses=4294967295 comm="NetworkManager" exe="/usr/bin/NetworkManager" subj=unconfined key=(null)
[   16.608083] omarchy-m2 kernel: audit: type=1327 audit(1790069314.928:165): proctitle=2F7573722F62696E2F4E6574776F726B4D616E61676572002D2D6E6F2D6461656D6F6E
[   16.796031] omarchy-m2 kernel: audit: type=1334 audit(1790069315.116:166): prog-id=58 op=LOAD
[   16.796064] omarchy-m2 kernel: audit: type=1300 audit(1790069315.116:166): arch=c00000b7 syscall=280 success=yes exit=26 a0=5 a1=ffffe6346d40 a2=a8 a3=ffff7e5fc540 items=0 ppid=1 pid=859 auid=4294967295 uid=0 gid=0 euid=0 suid=0 fsuid=0 egid=0 sgid=0 fsgid=0 tty=(none) ses=4294967295 comm="NetworkManager" exe="/usr/bin/NetworkManager" subj=unconfined key=(null)
[   16.796070] omarchy-m2 kernel: audit: type=1327 audit(1790069315.116:166): proctitle=2F7573722F62696E2F4E6574776F726B4D616E61676572002D2D6E6F2D6461656D6F6E
[   16.796082] omarchy-m2 kernel: audit: type=1334 audit(1790069315.118:167): prog-id=57 op=UNLOAD
[   18.502088] omarchy-m2 kernel: audit: type=1325 audit(1790069316.823:168): table=filter:36 family=2 entries=1 op=nft_register_chain pid=3776 subj=unconfined comm="iptables"
[   19.983021] omarchy-m2 kernel: kauditd_printk_skb: 98 callbacks suppressed
[   19.983069] omarchy-m2 kernel: audit: type=1131 audit(1790069318.304:201): pid=1 uid=0 auid=4294967295 ses=4294967295 subj=unconfined msg='unit=NetworkManager-dispatcher comm="systemd" exe="/usr/lib/systemd/systemd" hostname=? addr=? terminal=? res=success'
[   40.844149] omarchy-m2 kernel: audit: type=1131 audit(1790069339.165:202): pid=1 uid=0 auid=4294967295 ses=4294967295 subj=unconfined msg='unit=systemd-hostnamed comm="systemd" exe="/usr/lib/systemd/systemd" hostname=? addr=? terminal=? res=success'
[   40.880016] omarchy-m2 kernel: audit: type=1334 audit(1790069339.201:203): prog-id=38 op=UNLOAD
[  135.734113] omarchy-m2 kernel: audit: type=1101 audit(1790069434.054:204): pid=5884 uid=1001 auid=1001 ses=1 subj=unconfined msg='op=PAM:accounting grantors=pam_unix,pam_permit,pam_time acct="oliver" exe="/usr/bin/sudo" hostname=? addr=? terminal=? res=success'
[  135.735010] omarchy-m2 kernel: audit: type=1110 audit(1790069434.055:205): pid=5884 uid=1001 auid=1001 ses=1 subj=unconfined msg='op=PAM:setcred grantors=pam_faillock,pam_permit,pam_env,pam_faillock acct="root" exe="/usr/bin/sudo" hostname=? addr=? terminal=? res=success'
[  135.736010] omarchy-m2 kernel: audit: type=1105 audit(1790069434.056:206): pid=5884 uid=1001 auid=1001 ses=1 subj=unconfined msg='op=PAM:session_open grantors=pam_systemd_home,pam_limits,pam_unix,pam_permit,pam_systemd acct="root" exe="/usr/bin/sudo" hostname=? addr=? terminal=? res=success'
[  143.462017] omarchy-m2 kernel: audit: type=1106 audit(1790069441.782:207): pid=5884 uid=1001 auid=1001 ses=1 subj=unconfined msg='op=PAM:session_close grantors=pam_systemd_home,pam_limits,pam_unix,pam_permit,pam_systemd acct="root" exe="/usr/bin/sudo" hostname=? addr=? terminal=? res=success'
[  143.462111] omarchy-m2 kernel: audit: type=1104 audit(1790069441.782:208): pid=5884 uid=1001 auid=1001 ses=1 subj=unconfined msg='op=PAM:setcred grantors=pam_faillock,pam_permit,pam_env,pam_faillock acct="root" exe="/usr/bin/sudo" hostname=? addr=? terminal=? res=success'
[  298.290026] omarchy-m2 kernel: macsmc 2a2400000.smc: RTKit: syslog message: aceElec.cpp:1151:         Elec: Elec Cause 0x20
[  298.467007] omarchy-m2 kernel: macsmc 2a2400000.smc: RTKit: syslog message: aceElec.cpp:1151:         Elec: Elec Cause 0x200000
[  298.749008] omarchy-m2 kernel: macsmc 2a2400000.smc: RTKit: syslog message: charger.cpp:3180: Not charging:0
[  298.912007] omarchy-m2 kernel: apple-dcp 315c00000.dcp: typec mux set typec2 alt=0000000000000000 svid=0000 mode=4 dp=0 usb4=1 tbt=0 usb4_xbar=yes
[  298.912185] omarchy-m2 kernel: apple-dcp 315c00000.dcp: dcp_dptx_disconnect(port=0)
[  298.912283] omarchy-m2 kernel: apple-display-crossbar f0304c000.mux: Switched dpin0 to dispext1,0 (t602x atc=0x1 mux=0x2002)
[  298.912395] omarchy-m2 kernel: apple-display-crossbar f0304c000.mux: t602x dpin0: 000=00000004 004=000001fb 008=00000004 00c=00000004 014=000001fb 018=00000010 01c=00000001 024=00000110 028=00000001 02c=00000004 030=00002002 034=00000001 040=0005ad6b 044=02b5ad6b 048=00000000 04c=00000000 050=00000000 060=00000000 070=00000000
[  298.912490] omarchy-m2 kernel: apple-display-crossbar f0304c000.mux: t602x dpin0 clk: 000=00000004 800=00000000 020=00000000 820=00000000 024=00000110 81c=00000110
[  298.912586] omarchy-m2 kernel: apple-dcp 315c00000.dcp: allocated Type-C DPTX PHY 4 (USB4 DP IN, ACIO AUX)
[  298.912678] omarchy-m2 kernel: apple-dcp 315c00000.dcp: USB4 dpin mux typec2; waiting for DP IN HPD
[  298.916005] omarchy-m2 kernel: thunderbolt-apple-acio f01ac0000.cio: RTKit: Initializing (protocol version 12)
[  298.916091] omarchy-m2 kernel: thunderbolt-apple-acio f01ac0000.cio: RTKit: syslog message: main.c:60: #ACIO FW IS READY# FW_VERSION_STRING=AppleCIOFirmware-475~290__2026-04-18-18:18
[  298.916182] omarchy-m2 kernel: thunderbolt-apple-acio f01ac0000.cio: RTKit: syslog message: main.c:61: FW state=1
[  298.916280] omarchy-m2 kernel: apple-dart f01a80000.iommu: DART [pagesize 4000, 16 streams, bypass support: 1, bypass forced: 0, locked: 0, AS 42 -> 42] initialized
[  298.916386] omarchy-m2 kernel: thunderbolt-apple-nhi f01f00000.nhi: device links to tunneled native ports are missing!
[  298.930011] omarchy-m2 kernel: thunderbolt-apple-acio f01ac0000.cio: RTKit: syslog message: lane_init.c:181: Entering Phase 1. action=0
[  298.930262] omarchy-m2 kernel: thunderbolt-apple-acio f01ac0000.cio: RTKit: syslog message: lane_init.c:78: Lane init parmas = 0x00000011
[  298.943011] omarchy-m2 kernel: audit: type=1130 audit(1790069597.264:209): pid=1 uid=0 auid=4294967295 ses=4294967295 subj=unconfined msg='unit=bolt comm="systemd" exe="/usr/lib/systemd/systemd" hostname=? addr=? terminal=? res=success'
[  298.951009] omarchy-m2 kernel: phy-apple-atc f03000000.phy: ATCPHY_PIPEHANDLER_STATE_USB4 not implemented; falling back to USB2
[  298.954009] omarchy-m2 kernel: xhci-hcd xhci-hcd.3.auto: xHCI Host Controller
[  298.954250] omarchy-m2 kernel: xhci-hcd xhci-hcd.3.auto: new USB bus registered, assigned bus number 1
[  298.954434] omarchy-m2 kernel: xhci-hcd xhci-hcd.3.auto: hcc params 0x0238ffcd hci version 0x110 quirks 0x0000808000000010
[  298.954623] omarchy-m2 kernel: xhci-hcd xhci-hcd.3.auto: irq 167, io mem 0xf02280000
[  298.954831] omarchy-m2 kernel: phy-apple-atc f03000000.phy: ATCPHY_PIPEHANDLER_STATE_USB4 not implemented; falling back to USB2
[  298.955037] omarchy-m2 kernel: xhci-hcd xhci-hcd.3.auto: xHCI Host Controller
[  298.955210] omarchy-m2 kernel: xhci-hcd xhci-hcd.3.auto: new USB bus registered, assigned bus number 2
[  298.955373] omarchy-m2 kernel: xhci-hcd xhci-hcd.3.auto: Host supports USB 3.1 Enhanced SuperSpeed
[  298.955550] omarchy-m2 kernel: usb usb1: New USB device found, idVendor=1d6b, idProduct=0002, bcdDevice= 7.01
[  298.955760] omarchy-m2 kernel: usb usb1: New USB device strings: Mfr=3, Product=2, SerialNumber=1
[  298.956004] omarchy-m2 kernel: usb usb1: Product: xHCI Host Controller
[  298.956236] omarchy-m2 kernel: usb usb1: Manufacturer: Linux 7.1.12-2.5-1-ARCH xhci-hcd
[  298.956455] omarchy-m2 kernel: usb usb1: SerialNumber: xhci-hcd.3.auto
[  298.956680] omarchy-m2 kernel: hub 1-0:1.0: USB hub found
[  298.956863] omarchy-m2 kernel: hub 1-0:1.0: 1 port detected
[  298.957057] omarchy-m2 kernel: usb usb2: We don't know the algorithms for LPM for this host, disabling LPM.
[  298.957337] omarchy-m2 kernel: usb usb2: New USB device found, idVendor=1d6b, idProduct=0003, bcdDevice= 7.01
[  298.957579] omarchy-m2 kernel: usb usb2: New USB device strings: Mfr=3, Product=2, SerialNumber=1
[  298.957791] omarchy-m2 kernel: usb usb2: Product: xHCI Host Controller
[  298.958027] omarchy-m2 kernel: usb usb2: Manufacturer: Linux 7.1.12-2.5-1-ARCH xhci-hcd
[  298.958237] omarchy-m2 kernel: usb usb2: SerialNumber: xhci-hcd.3.auto
[  298.958434] omarchy-m2 kernel: hub 2-0:1.0: USB hub found
[  298.958617] omarchy-m2 kernel: hub 2-0:1.0: 1 port detected
[  298.980013] omarchy-m2 kernel: thunderbolt-apple-acio f01ac0000.cio: RTKit: syslog message: lane_init.c:343: Entering Phase 2
[  298.997016] omarchy-m2 kernel: thunderbolt-apple-acio f01ac0000.cio: RTKit: syslog message: lane_init.c:396: Entering Phase 3
[  298.997394] omarchy-m2 kernel: thunderbolt-apple-acio f01ac0000.cio: RTKit: syslog message: lane_init.c:882: Got AT register 12. 3 bytes. 0x00 0xf3 0x5f
[  298.997746] omarchy-m2 kernel: thunderbolt-apple-acio f01ac0000.cio: RTKit: syslog message: lane_init.c:1024: Entering Connected
[  298.998096] omarchy-m2 kernel: thunderbolt-apple-acio f01ac0000.cio: RTKit: syslog message: high_speed_lane.c:2212: RT Broadcast LOCAL: gen=2, legacy=0, rs_fec=1, usb4=1, l0_en=1, l1_en=1
[  298.998437] omarchy-m2 kernel: thunderbolt-apple-acio f01ac0000.cio: RTKit: syslog message: high_speed_lane.c:2212: RT Broadcast LOCAL: gen=2, legacy=0, rs_fec=1, usb4=1, l0_en=1, l1_en=1
[  299.032084] omarchy-m2 kernel: thunderbolt-apple-acio f01ac0000.cio: RTKit: syslog message: high_speed_lane.c:2219: RT Broadcast REMOTE: gen=2, legacy=0, rs_fec=1, usb4=1, l0_en=1, l1_en=1
[  299.032421] omarchy-m2 kernel: thunderbolt-apple-acio f01ac0000.cio: RTKit: syslog message: high_speed_lane.c:2219: RT Broadcast REMOTE: gen=2, legacy=0, rs_fec=1, usb4=1, l0_en=1, l1_en=1
[  299.193046] omarchy-m2 kernel: usb 1-1: new high-speed USB device number 2 using xhci-hcd
[  299.264031] omarchy-m2 kernel: thunderbolt-apple-acio f01ac0000.cio: RTKit: syslog message: high_speed_lane.c:289: Gen2/3 link error. lane=0, error=82
[  299.264458] omarchy-m2 kernel: thunderbolt-apple-acio f01ac0000.cio: RTKit: syslog message: high_speed_lane.c:289: Gen2/3 link error. lane=1, error=82
[  299.264826] omarchy-m2 kernel: thunderbolt-apple-acio f01ac0000.cio: RTKit: syslog message: lane_training_cl0.c:24: Gen2/3 lane=0 entered CL0!
[  299.265194] omarchy-m2 kernel: thunderbolt-apple-acio f01ac0000.cio: RTKit: syslog message: lane_training_cl0.c:24: Gen2/3 lane=1 entered CL0!
[  299.283076] omarchy-m2 kernel: thunderbolt 0-1: new device found, vendor=0x5a device=0xde81
[  299.283500] omarchy-m2 kernel: thunderbolt 0-1: Other World Computing Thunderbolt 5 Hub
[  299.317025] omarchy-m2 kernel: usb 1-1: New USB device found, idVendor=1d5c, idProduct=5801, bcdDevice= 1.01
[  299.317433] omarchy-m2 kernel: usb 1-1: New USB device strings: Mfr=1, Product=2, SerialNumber=0
[  299.317760] omarchy-m2 kernel: usb 1-1: Product: USB2.0 Hub
[  299.318083] omarchy-m2 kernel: usb 1-1: Manufacturer: Fresco Logic, Inc.
[  299.322016] omarchy-m2 kernel: hub 1-1:1.0: USB hub found
[  299.322414] omarchy-m2 kernel: hub 1-1:1.0: 5 ports detected
[  299.510028] omarchy-m2 kernel: thunderbolt 0-0:1.1: new retimer found, vendor=0x5ac device=0x2200
[  299.611207] omarchy-m2 kernel: thunderbolt-apple-acio f01ac0000.cio: RTKit: syslog message: clx.c:776: CLX CFG: clx_en changed 0x0 --> 0x0
[  299.611718] omarchy-m2 kernel: thunderbolt-apple-acio f01ac0000.cio: RTKit: syslog message: clx.c:776: CLX CFG: clx_en changed 0x0 --> 0x3
[  299.865092] omarchy-m2 kernel: usb 1-1.1: new full-speed USB device number 3 using xhci-hcd
[  299.942026] omarchy-m2 kernel: thunderbolt-apple-acio f01ac0000.cio: RTKit: syslog message: iguration_space_tx.c:57: TX path: src port=14, null port=0, hopid=8
[  299.942534] omarchy-m2 kernel: thunderbolt-apple-acio f01ac0000.cio: RTKit: syslog message: ration_space_null.c:140: RX path: null port=0, queue=1, target port=14, hopid=8
[  299.942957] omarchy-m2 kernel: thunderbolt-apple-acio f01ac0000.cio: RTKit: syslog message: iguration_space_tx.c:57: TX path: src port=13, null port=0, hopid=9
[  299.943360] omarchy-m2 kernel: thunderbolt-apple-acio f01ac0000.cio: RTKit: syslog message: ration_space_null.c:140: RX path: null port=0, queue=2, target port=13, hopid=8
[  299.944121] omarchy-m2 kernel: thunderbolt-apple-acio f01ac0000.cio: error -ENODEV: PCIe-C requires a successful m1n1 preinit handoff
[  299.944599] omarchy-m2 kernel: thunderbolt-apple-acio f01ac0000.cio: deferred PCIe-C activation failed: -19
[  299.951017] omarchy-m2 kernel: usb 1-1.1: New USB device found, idVendor=1e91, idProduct=de81, bcdDevice= 0.04
[  299.951481] omarchy-m2 kernel: usb 1-1.1: New USB device strings: Mfr=1, Product=2, SerialNumber=3
[  299.951856] omarchy-m2 kernel: usb 1-1.1: Product: Thunderbolt 5 Hub
[  299.952253] omarchy-m2 kernel: usb 1-1.1: Manufacturer: Other World Computing
[  299.952645] omarchy-m2 kernel: usb 1-1.1: SerialNumber: 0052
[  300.032034] omarchy-m2 kernel: usb 1-1.2: new high-speed USB device number 4 using xhci-hcd
[  300.117113] omarchy-m2 kernel: usb 1-1.2: New USB device found, idVendor=06cb, idProduct=7100, bcdDevice= 1.c4
[  300.117599] omarchy-m2 kernel: usb 1-1.2: New USB device strings: Mfr=1, Product=2, SerialNumber=3
[  300.118036] omarchy-m2 kernel: usb 1-1.2: Product: VMM7100
[  300.118437] omarchy-m2 kernel: usb 1-1.2: Manufacturer: Synaptics
[  300.118760] omarchy-m2 kernel: usb 1-1.2: SerialNumber: 000000000000
[  300.137018] omarchy-m2 kernel: usbhid 1-1.2:1.0: couldn't find an input interrupt endpoint
[  300.137666] omarchy-m2 kernel: usbcore: registered new interface driver usbhid
[  300.137723] omarchy-m2 kernel: usbhid: USB HID core driver
[  300.525029] omarchy-m2 kernel: thunderbolt-apple-acio f01ac0000.cio: RTKit: syslog message: iguration_space_tx.c:57: TX path: src port=15, null port=0, hopid=10
[  300.525647] omarchy-m2 kernel: thunderbolt-apple-acio f01ac0000.cio: RTKit: syslog message: iguration_space_tx.c:57: TX path: src port=16, null port=0, hopid=11
[  300.526067] omarchy-m2 kernel: thunderbolt-apple-acio f01ac0000.cio: RTKit: syslog message: ration_space_null.c:140: RX path: null port=0, queue=3, target port=16, hopid=8
[  300.526437] omarchy-m2 kernel: thunderbolt-apple-nhi f01f00000.nhi: 0:5: USB4 DPTX Discovery closed (CS13 writable, CS9 static); AE=0 VE=0
[  300.528051] omarchy-m2 kernel: thunderbolt-apple-nhi f01f00000.nhi: 0:5: DP IN CS0=c0090400 CS1=00004008 CS2=241021c2 CS3=00000000 LOCAL=15402334 REMOTE=0547a135 STAT=00000000 COMMON=15402134 CS8=00000000 VE=1 AE=1 HPD=1 DPRX=0
[  300.529123] omarchy-m2 kernel: thunderbolt-apple-nhi f01f00000.nhi: 1:19: DP OUT CS0=c0090400 CS1=00004008 CS2=00000040 CS3=00000000 LOCAL=05c7a335 REMOTE=15402334 STAT=04000000 COMMON=05402334 CS8=00000000 VE=1 AE=1 HPD=1 DPRX=0
[  300.530238] omarchy-m2 kernel: thunderbolt-apple-nhi f01f00000.nhi: 0:5 <-> 1:19 (DP): Apple: DP IN HPD=1 typec=2 (DPTX should use this adapter, not ATC)
[  300.531153] omarchy-m2 kernel: thunderbolt-apple-nhi f01f00000.nhi: DP IN analog/AUX serializer: tunnel 0:5 <-> 1:19
[  300.532113] omarchy-m2 kernel: thunderbolt-apple-acio f01ac0000.cio: ACIO RC ctrl 0x0: 000=00003010 004=00000011 018=00040000 01c=00000001 024=09600258 028=00000001 030=000007af 034=00000001 038=00000001 03c=1d8d10db 040=00000072 044=00000001 048=00000001 060=00000001 064=00000001 068=00000001 070=00000001 074=00000001 078=00000003 0a8=01000000 0ac=04000001 0d0=00000062
[  300.532934] omarchy-m2 kernel: thunderbolt-apple-nhi f01f00000.nhi: 0: Apple VSE cap=53: 00=ca0005ff 01=00000011 02=00000000 03=00000000 04=00000000 05=00000000 06=00000000 07=00000000 08=00000000 09=00000000 0a=00000000 0b=00000000 0c=00000fff 0d=00000fff 0e=00000000 0f=00000000
[  300.533513] omarchy-m2 kernel: thunderbolt-apple-nhi f01f00000.nhi: DP IN analog block 0x4000 (port 5) dpin_aux=0 (0=hands-off)
[  300.533981] omarchy-m2 kernel: thunderbolt-apple-nhi f01f00000.nhi: DP IN analog: leaving PHY alone until DPRX timeout
[  300.534375] omarchy-m2 kernel: thunderbolt-apple-nhi f01f00000.nhi: 0:5: host DP IN type=0e0101 cap=9 CS0=c0090400 CS1=00004008 CS2=241021c2 CS3=00000000 LOCAL=15402334 REMOTE=0547a135 STAT=00000000 COMMON=15402134 CS8=00000000 CS9=41000553 CS10=00000000 ADP_CS4=0b300000 VE=1 AE=1 HPD=1 DPRX=0 LCK=0
[  300.534743] omarchy-m2 kernel: thunderbolt-apple-nhi f01f00000.nhi: 0:5: host DP IN CS11=00000000 CS12=00000000 CS13=00000000 CS14=00000000 CS15=00000000 CS16=00000000 disc=0
[  300.535106] omarchy-m2 kernel: thunderbolt-apple-nhi f01f00000.nhi: 0:6: host DP IN type=0e0101 cap=9 CS0=00090400 CS1=00004008 CS2=00000000 CS3=00000000 LOCAL=15402334 REMOTE=00000000 STAT=00000000 COMMON=00000000 CS8=00000000 CS9=41000553 CS10=00000000 ADP_CS4=0b300000 VE=0 AE=0 HPD=0 DPRX=0 LCK=0
[  300.535481] omarchy-m2 kernel: thunderbolt-apple-nhi f01f00000.nhi: 0:6: host DP IN CS11=00000000 CS12=00000000 CS13=00000000 CS14=00000000 CS15=00000000 CS16=00000000 disc=0
[  300.535829] omarchy-m2 kernel: thunderbolt-apple-nhi f01f00000.nhi: 0:5: DP IN hop 8 enable=1 out=1 next=11 credits=1
[  300.536206] omarchy-m2 kernel: thunderbolt-apple-nhi f01f00000.nhi: 0:5: DP IN hop 9 enable=1 out=1 next=10 credits=0
[  300.536588] omarchy-m2 kernel: thunderbolt-apple-nhi f01f00000.nhi: 1:19: hub DP OUT type=0e0102 cap=57 CS0=c0090400 CS1=00004008 CS2=00000040 CS3=00000000 LOCAL=05c7a335 REMOTE=15402334 STAT=04000000 COMMON=05402334 CS8=00000000 CS9=00000000 CS10=00000000 ADP_CS4=40800000 VE=1 AE=1 HPD=1 DPRX=0 LCK=0
[  300.537031] omarchy-m2 kernel: thunderbolt-apple-nhi f01f00000.nhi: 1:19: hub DP OUT CS11=00000000 CS12=00000000 CS13=00000000 CS14=00000000 CS15=00000000 CS16=00000000 disc=0
[  300.537487] omarchy-m2 kernel: thunderbolt-apple-nhi f01f00000.nhi: 0:5 <-> 1:19 (DP): Apple: DP tunnel paths up, not waiting for DPRX
[  300.840151] omarchy-m2 kernel: appledrm: DP IN HPD=1 typec2, dpin mux only (ACIO AUX, no DPTX PHY)
[  300.840315] omarchy-m2 kernel: apple-dcp 315c00000.dcp: USB4 DP IN armed typec2; DPTX HPD in 200 ms (no PHY connect)
[  301.048022] omarchy-m2 kernel: apple-dcp 315c00000.dcp: dcp_dptx_connect(port=0) target=0:4 typec=1 route=borrowed conn_type=20 connected=0
[  301.048630] omarchy-m2 kernel: apple-dcp 315c00000.dcp: USB4 protocol probe: target=0x8021 typec2, PHY absent, one attempt
[  301.049040] omarchy-m2 kernel: apple-dcp 315c00000.dcp: DPTX validate target=0x8021 core=1 atc=2 die=0 or=0x0
[  301.049400] omarchy-m2 kernel: apple-dcp 315c00000.dcp: USB4 protocol probe: validate=0
[  301.049763] omarchy-m2 kernel: apple-dcp 315c00000.dcp: DPTX connect target=0x8021 unk=0x100
[  301.050114] omarchy-m2 kernel: apple-dcp 315c00000.dcp: USB4 protocol probe: connect=0
[  301.050463] omarchy-m2 kernel: apple-dcp 315c00000.dcp: RTKit: syslog message: AppleDCPDPTX.cpp:355: [AFK]powering nub 0x854e10
[  301.050826] omarchy-m2 kernel: apple-dcp 315c00000.dcp: DPTXPort: APCALL 18 (32 bytes)
[  301.051182] omarchy-m2 kernel: apple-dcp 315c00000.dcp: DPTXPort: GET_SUPPORTS_HPD 1 usb4=1
[  301.051527] omarchy-m2 kernel: apple-dcp 315c00000.dcp: DPTXPort: APCALL 10 (32 bytes)
[  301.051857] omarchy-m2 kernel: apple-dcp 315c00000.dcp: get_max_lane_count: USB4 DP IN, 4 lanes
[  301.052214] omarchy-m2 kernel: apple-dcp 315c00000.dcp: DPTXPort: APCALL 0 (16 bytes)
[  301.052540] omarchy-m2 kernel: apple-display-crossbar f0304c000.mux: Switched dpin0 to disconnected state
[  301.052869] omarchy-m2 kernel: apple-display-crossbar f0304c000.mux: t602x idle: 000=00000000 004=000001ff 008=00000000 00c=00000000 014=000001ff 018=00000000 01c=00000000 024=00000111 028=00000000 02c=00000000 030=00000000 034=00000000 040=0005ad6b 044=02b5ad6b 048=00000000 04c=00000000 050=00000000 060=00000000 070=00000000
[  301.053205] omarchy-m2 kernel: apple-display-crossbar f0304c000.mux: t602x idle clk: 000=00000000 800=00000000 020=00000000 820=00000000 024=00000111 81c=00000111
[  301.053546] omarchy-m2 kernel: apple-display-crossbar f0304c000.mux: Switched dpin0 to dispext1,0 (t602x atc=0x1 mux=0x2002)
[  301.053877] omarchy-m2 kernel: apple-display-crossbar f0304c000.mux: t602x dpin0: 000=00000004 004=000001fb 008=00000004 00c=00000004 014=000001fb 018=00000010 01c=00000001 024=00000110 028=00000001 02c=00000004 030=00002002 034=00000001 040=0005ad6b 044=02b5ad6b 048=00000000 04c=00000000 050=00000000 060=00000000 070=00000000
[  301.054197] omarchy-m2 kernel: apple-display-crossbar f0304c000.mux: t602x dpin0 clk: 000=00000004 800=00000000 020=00000000 820=00000000 024=00000110 81c=00000110
[  301.054527] omarchy-m2 kernel: thunderbolt-apple-acio f01ac0000.cio: native DPIN0: active=1 base=0x0000000f01e50000, CONTROL=0x0c ACK=0x10
[  301.054859] omarchy-m2 kernel: thunderbolt-apple-acio f01ac0000.cio: native DPIN0: active=1 handshake=0
[  301.055207] omarchy-m2 kernel: apple-dcp 315c00000.dcp: native DPIN0: DCP active=1 result=0
[  301.055550] omarchy-m2 kernel: apple-dcp 315c00000.dcp: USB4 protocol probe: request_display=0 modes=0
[  301.061024] omarchy-m2 kernel: apple-dcp 315c00000.dcp: RTKit: syslog message: DCPDP13Service.cpp:60: [AFK]version: 14
[  301.061405] omarchy-m2 kernel: apple-dcp 315c00000.dcp: RTKit: syslog message: DCPDPService.cpp:76: [AFK]version: 14
[  301.066032] omarchy-m2 kernel: apple-dcp 315c00000.dcp: AFK[ep:28]: new service DCPDP13Service on channel 1
[  301.070018] omarchy-m2 kernel: apple-dcp 315c00000.dcp: AFK[ep:28]: new service DCPDP13Service on channel 3
[  301.070417] omarchy-m2 kernel: apple-dcp 315c00000.dcp: USB4 protocol probe: HPD=0 cached_lanes=4 modes=0
[  301.070766] omarchy-m2 kernel: apple-dcp 315c00000.dcp: USB4 protocol probe finished: 0; no automatic retry
[  301.103105] omarchy-m2 kernel: apple-dcp 315c00000.dcp: DPTXPort: APCALL 21 (144 bytes)
[  301.105016] omarchy-m2 kernel: apple-dcp 315c00000.dcp: DPTXPort: APCALL 7 (32 bytes)
[  301.105392] omarchy-m2 kernel: apple-dcp 315c00000.dcp: DPTXPort: APCALL 13 (32 bytes)
[  301.105745] omarchy-m2 kernel: apple-dcp 315c00000.dcp: DPTXPort: APCALL 7 (32 bytes)
[  301.106104] omarchy-m2 kernel: apple-dcp 315c00000.dcp: DPTXPort: APCALL 15 (32 bytes)
[  301.106429] omarchy-m2 kernel: apple-dcp 315c00000.dcp: DPTXPort: APCALL 5 (16 bytes)
[  301.106783] omarchy-m2 kernel: apple-dcp 315c00000.dcp: DPTXPort: APCALL 12 (32 bytes)
[  301.107109] omarchy-m2 kernel: apple-dcp 315c00000.dcp: DPTXPort: APCALL 9 (32 bytes)
[  301.107438] omarchy-m2 kernel: apple-dcp 315c00000.dcp: DPTXPort: SET_LINK_RATE 0xa
[  301.107764] omarchy-m2 kernel: phy-apple-atc f03000000.phy: USB4 tunnel clock preflight: +7000=0000e001 +2200=00002000 +2000=10000000 +7044=00000000
[  301.108145] omarchy-m2 kernel: phy-apple-atc f03000000.phy: USB4 tunnel clock: rate=0xa result=0
[  301.108481] omarchy-m2 kernel: apple-dcp 315c00000.dcp: USB4 tunnel clock callback: rate=0xa result=0
[  301.108817] omarchy-m2 kernel: apple-dcp 315c00000.dcp: DPTXPort: APCALL 6 (16 bytes)
[  301.109142] omarchy-m2 kernel: apple-display-crossbar f0304c000.mux: t602x native-link-up-dpin0: 000=00000004 004=000001fb 008=00000004 00c=00000004 014=000001fb 018=00000010 01c=00000001 024=00000110 028=00000001 02c=00000004 030=00002002 034=00000000 040=0005ad6b 044=02b5ad6b 048=00000000 04c=00000000 050=00000000 060=00000000 070=00000000
[  301.109510] omarchy-m2 kernel: apple-display-crossbar f0304c000.mux: t602x native-link-up-dpin0 clk: 000=00000004 800=00000004 020=00000000 820=00000000 024=00000110 81c=00000110
[  301.109833] omarchy-m2 kernel: apple-display-crossbar f0304c000.mux: native DPIN0 crossbar bring-up result=0
[  301.110184] omarchy-m2 kernel: apple-dcp 315c00000.dcp: native DPIN0: DCP active=1 result=0
[  301.110496] omarchy-m2 kernel: apple-dcp 315c00000.dcp: native DPIN0: link-config up rate=0xa result=0
[  301.118042] omarchy-m2 kernel: apple-dcp 315c00000.dcp: DPTXPort: APCALL 13 (32 bytes)
[  301.118391] omarchy-m2 kernel: apple-dcp 315c00000.dcp: DPTXPort: APCALL 12 (32 bytes)
[  301.118727] omarchy-m2 kernel: apple-dcp 315c00000.dcp: set_active_lane_count: unexpected lane count:4 phy: 0
[  301.119058] omarchy-m2 kernel: apple-dcp 315c00000.dcp: USB4/DPTX: SET_ACTIVE_LANE_COUNT 4
[  301.119398] omarchy-m2 kernel: apple-dcp 315c00000.dcp: DPTXPort: APCALL 3 (64 bytes)
[  301.119736] omarchy-m2 kernel: apple-dcp 315c00000.dcp: set_drive_settings: 4:0:14:0:0:0:0
[  301.120075] omarchy-m2 kernel: apple-dcp 315c00000.dcp: DPTXPort: APCALL 2 (32 bytes)
[  301.120412] omarchy-m2 kernel: apple-dcp 315c00000.dcp: DPTXPort: APCALL 3 (64 bytes)
[  301.120741] omarchy-m2 kernel: apple-dcp 315c00000.dcp: set_drive_settings: 4:0:0:0:0:0:0
[  301.121078] omarchy-m2 kernel: apple-dcp 315c00000.dcp: DPTXPort: APCALL 2 (32 bytes)
[  301.121398] omarchy-m2 kernel: apple-dcp 315c00000.dcp: DPTXPort: APCALL 3 (64 bytes)
[  301.121739] omarchy-m2 kernel: apple-dcp 315c00000.dcp: set_drive_settings: 4:0:0:0:0:0:0
[  301.122064] omarchy-m2 kernel: apple-dcp 315c00000.dcp: DPTXPort: APCALL 2 (32 bytes)
[  301.122410] omarchy-m2 kernel: apple-dcp 315c00000.dcp: DPTXPort: APCALL 3 (64 bytes)
[  301.122730] omarchy-m2 kernel: apple-dcp 315c00000.dcp: set_drive_settings: 4:0:0:0:0:0:0
[  301.123063] omarchy-m2 kernel: apple-dcp 315c00000.dcp: DPTXPort: APCALL 2 (32 bytes)
[  301.241034] omarchy-m2 kernel: apple-dcp 315c00000.dcp: RTKit: syslog message: eoInterfaceIOAV.cpp:135: IOMFB: IOAVVideoInterface published
[  301.241405] omarchy-m2 kernel: apple-dcp 315c00000.dcp: RTKit: syslog message: eoInterfaceIOAV.cpp:714: IOMFBStatus VideoInterfaceIOAV::plug_gated(IOAVVideoInterface *, bool): display HPD asserted
[  301.246028] omarchy-m2 kernel: apple-dcp 315c00000.dcp: RTKit: syslog message: oInterfaceIOAV.cpp:1701: Got peer ID 1
[  301.246381] omarchy-m2 kernel: apple-dcp 315c00000.dcp: RTKit: syslog message: oInterfaceIOAV.cpp:1701: Got peer ID 1
[  301.246719] omarchy-m2 kernel: apple-dcp 315c00000.dcp: RTKit: syslog message: oInterfaceIOAV.cpp:1701: Got peer ID 1
[  301.247085] omarchy-m2 kernel: apple-dcp 315c00000.dcp: RTKit: syslog message: oInterfaceIOAV.cpp:1701: Got peer ID 1
[  301.247412] omarchy-m2 kernel: apple-dcp 315c00000.dcp: RTKit: syslog message: oInterfaceIOAV.cpp:1701: Got peer ID 1
[  301.247745] omarchy-m2 kernel: apple-dcp 315c00000.dcp: RTKit: syslog message: oInterfaceIOAV.cpp:1701: Got peer ID 1
[  301.248083] omarchy-m2 kernel: apple-dcp 315c00000.dcp: RTKit: syslog message: oInterfaceIOAV.cpp:1701: Got peer ID 1
[  301.248405] omarchy-m2 kernel: apple-dcp 315c00000.dcp: RTKit: syslog message: oInterfaceIOAV.cpp:1701: Got peer ID 1
[  301.248731] omarchy-m2 kernel: apple-dcp 315c00000.dcp: RTKit: syslog message: oInterfaceIOAV.cpp:1701: Got peer ID 1
[  301.249052] omarchy-m2 kernel: apple-dcp 315c00000.dcp: RTKit: syslog message: oInterfaceIOAV.cpp:1701: Got peer ID 1
[  301.249394] omarchy-m2 kernel: apple-dcp 315c00000.dcp: RTKit: syslog message: oInterfaceIOAV.cpp:1701: Got peer ID 1
[  301.249717] omarchy-m2 kernel: apple-dcp 315c00000.dcp: RTKit: syslog message: oInterfaceIOAV.cpp:1701: Got peer ID 1
[  301.250063] omarchy-m2 kernel: apple-dcp 315c00000.dcp: RTKit: syslog message: oInterfaceIOAV.cpp:1701: Got peer ID 1
[  301.250389] omarchy-m2 kernel: apple-dcp 315c00000.dcp: RTKit: syslog message: oInterfaceIOAV.cpp:1701: Got peer ID 1
[  301.250700] omarchy-m2 kernel: apple-dcp 315c00000.dcp: RTKit: syslog message: oInterfaceIOAV.cpp:1701: Got peer ID 1
[  301.251055] omarchy-m2 kernel: apple-dcp 315c00000.dcp: RTKit: syslog message: oInterfaceIOAV.cpp:1701: Got peer ID 1
[  301.251396] omarchy-m2 kernel: apple-dcp 315c00000.dcp: RTKit: syslog message: oInterfaceIOAV.cpp:1701: Got peer ID 1
[  301.251708] omarchy-m2 kernel: apple-dcp 315c00000.dcp: RTKit: syslog message: oInterfaceIOAV.cpp:1701: Got peer ID 1
[  301.252041] omarchy-m2 kernel: apple-dcp 315c00000.dcp: RTKit: syslog message: oInterfaceIOAV.cpp:1701: Got peer ID 1
[  301.252353] omarchy-m2 kernel: apple-dcp 315c00000.dcp: RTKit: syslog message: oInterfaceIOAV.cpp:1701: Got peer ID 1
[  301.252676] omarchy-m2 kernel: apple-dcp 315c00000.dcp: RTKit: syslog message: oInterfaceIOAV.cpp:1701: Got peer ID 1
[  301.252986] omarchy-m2 kernel: apple-dcp 315c00000.dcp: RTKit: syslog message: oInterfaceIOAV.cpp:1701: Got peer ID 1
[  301.253320] omarchy-m2 kernel: apple-dcp 315c00000.dcp: RTKit: syslog message: oInterfaceIOAV.cpp:1701: Got peer ID 1
[  301.253653] omarchy-m2 kernel: apple-dcp 315c00000.dcp: RTKit: syslog message: oInterfaceIOAV.cpp:1701: Got peer ID 1
[  301.253976] omarchy-m2 kernel: apple-dcp 315c00000.dcp: RTKit: syslog message: oInterfaceIOAV.cpp:1701: Got peer ID 1
[  301.254296] omarchy-m2 kernel: apple-dcp 315c00000.dcp: RTKit: syslog message: oInterfaceIOAV.cpp:1701: Got peer ID 1
[  301.254631] omarchy-m2 kernel: apple-dcp 315c00000.dcp: RTKit: syslog message: oInterfaceIOAV.cpp:1701: Got peer ID 1
[  301.254942] omarchy-m2 kernel: apple-dcp 315c00000.dcp: RTKit: syslog message: oInterfaceIOAV.cpp:1701: Got peer ID 1
[  301.255280] omarchy-m2 kernel: apple-dcp 315c00000.dcp: RTKit: syslog message: oInterfaceIOAV.cpp:1701: Got peer ID 1
[  301.255603] omarchy-m2 kernel: apple-dcp 315c00000.dcp: RTKit: syslog message: oInterfaceIOAV.cpp:1701: Got peer ID 1
[  301.255914] omarchy-m2 kernel: apple-dcp 315c00000.dcp: RTKit: syslog message: oInterfaceIOAV.cpp:1701: Got peer ID 1
[  301.256248] omarchy-m2 kernel: apple-dcp 315c00000.dcp: RTKit: syslog message: oInterfaceIOAV.cpp:1701: Got peer ID 1
[  301.256560] omarchy-m2 kernel: apple-dcp 315c00000.dcp: RTKit: syslog message: oInterfaceIOAV.cpp:1701: Got peer ID 1
[  301.256870] omarchy-m2 kernel: apple-dcp 315c00000.dcp: RTKit: syslog message: oInterfaceIOAV.cpp:1701: Got peer ID 1
[  301.257189] omarchy-m2 kernel: apple-dcp 315c00000.dcp: RTKit: syslog message: oInterfaceIOAV.cpp:1701: Got peer ID 1
[  301.257516] omarchy-m2 kernel: apple-dcp 315c00000.dcp: RTKit: syslog message: oInterfaceIOAV.cpp:1701: Got peer ID 1
[  301.257826] omarchy-m2 kernel: apple-dcp 315c00000.dcp: DCP property key=ColorElements bytes=5049 accepted=1 nr_modes=0
[  301.305029] omarchy-m2 kernel: apple-dcp 315c00000.dcp: DCP property key=TimingElements bytes=205757 accepted=1 nr_modes=22
[  301.306022] omarchy-m2 kernel: apple-dcp 315c00000.dcp: DCP property key=DisplayAttributes bytes=1285 accepted=1 nr_modes=22
[  301.306368] omarchy-m2 kernel: apple-dcp 315c00000.dcp: DCP property key=Transport bytes=53 accepted=1 nr_modes=22
[  301.306740] omarchy-m2 kernel: apple-dcp 315c00000.dcp: RTKit: syslog message: oInterfaceIOAV.cpp:1701: Got peer ID 1
[  301.307143] omarchy-m2 kernel: apple-dcp 315c00000.dcp: cb_hotplug() connected:1, valid_mode:0 nr_modes:22
[  301.307513] omarchy-m2 kernel: apple-dcp 315c00000.dcp: dcp_hotplug() connected:1 valid_mode:0 nr_modes:22
[  301.321026] omarchy-m2 kernel: apple-dcp 315c00000.dcp: dcp_dptx_connect(port=0) target=0:4 typec=1 route=borrowed conn_type=20 connected=1
[  301.321429] omarchy-m2 kernel: apple-dcp 315c00000.dcp: dcp_poweron() starting
[  301.321783] omarchy-m2 kernel: apple-dcp 315c00000.dcp: RTKit: syslog message: FramebufferDCP.cpp:5931: IOMFBParameter_adaptive_sync Req minRR = 0x0, mediaTargetRate = 0x0, Fractional Rate = 0
[  301.322162] omarchy-m2 kernel: apple-dcp 315c00000.dcp: RTKit: syslog message: nifiedPipeline.cpp:1356: set_device_enabled_gated: current state: 0, requested state: 1
[  301.322551] omarchy-m2 kernel: apple-dcp 315c00000.dcp: RTKit: syslog message: PPipeDCP_H13P.cpp:10468: set_run_mode_safe: no need to defer: 0 -> 1
[  301.322897] omarchy-m2 kernel: apple-dcp 315c00000.dcp: RTKit: syslog message: PPipeDCP_H13P.cpp:10468: set_run_mode_safe: no need to defer: 1 -> 2
[  301.323245] omarchy-m2 kernel: apple-dcp 315c00000.dcp: read_edt_data key=initial-vbi-advance-lines count=1 default0=0x2 ret=0
[  301.323589] omarchy-m2 kernel: apple-dcp 315c00000.dcp: dcp_set_power_state_req returned, 9999 ms remaining
[  301.323925] omarchy-m2 kernel: apple-dcp 315c00000.dcp: set_digital_out_mode(color:88 timing:50) "2560x1440": 60 241500 2560 2608 2640 2720 1440 1443 1448 1481 0x48 0x0
[  301.324250] omarchy-m2 kernel: apple-dcp 315c00000.dcp: set_digital_out_mode() color mode depth:8 format:0 colorimetry:10 eotf:0 range:0 vrr:0
[  301.324576] omarchy-m2 kernel: apple-dcp 315c00000.dcp: RTKit: syslog message: nifiedPipeline.cpp:7462: set_digital_out_mode: Modeset requested for colorID: 88, timingID: 50
[  301.324903] omarchy-m2 kernel: apple-dcp 315c00000.dcp: RTKit: syslog message: PPipeDCP_H13P.cpp:18011: Dual pipe disabled offset 0
[  301.325240] omarchy-m2 kernel: apple-dcp 315c00000.dcp: RTKit: syslog message: PPipeDCP_H13P.cpp:10468: set_run_mode_safe: no need to defer: 2 -> 1
[  301.325563] omarchy-m2 kernel: apple-dcp 315c00000.dcp: RTKit: syslog message: PPipeDCP_H13P.cpp:10468: set_run_mode_safe: no need to defer: 1 -> 0
[  301.325876] omarchy-m2 kernel: apple-dcp 315c00000.dcp: RTKit: syslog message: nifiedPipeline.cpp:1356: set_device_enabled_gated: current state: 1, requested state: 0
[  301.524033] omarchy-m2 kernel: apple-dcp 315c00000.dcp: RTKit: syslog message: nifiedPipeline.cpp:7700: set_mode: timingID: 50 colorID: 88
[  301.524469] omarchy-m2 kernel: apple-dcp 315c00000.dcp: DPTXPort: APCALL 7 (32 bytes)
[  301.524814] omarchy-m2 kernel: apple-dcp 315c00000.dcp: DPTXPort: APCALL 13 (32 bytes)
[  301.525155] omarchy-m2 kernel: apple-dcp 315c00000.dcp: DPTXPort: APCALL 7 (32 bytes)
[  301.525480] omarchy-m2 kernel: apple-dcp 315c00000.dcp: DPTXPort: APCALL 14 (32 bytes)
[  301.525816] omarchy-m2 kernel: apple-dcp 315c00000.dcp: DPTXPort: APCALL 4 (64 bytes)
[  301.526174] omarchy-m2 kernel: apple-dcp 315c00000.dcp: DPTXPort: APCALL 15 (32 bytes)
[  301.526497] omarchy-m2 kernel: apple-dcp 315c00000.dcp: DPTXPort: APCALL 5 (16 bytes)
[  301.526812] omarchy-m2 kernel: apple-dcp 315c00000.dcp: DPTXPort: APCALL 12 (32 bytes)
[  301.527153] omarchy-m2 kernel: apple-dcp 315c00000.dcp: DPTXPort: APCALL 9 (32 bytes)
[  301.527482] omarchy-m2 kernel: apple-dcp 315c00000.dcp: DPTXPort: SET_LINK_RATE 0xa
[  301.527808] omarchy-m2 kernel: phy-apple-atc f03000000.phy: USB4 tunnel clock: rate=0xa result=0
[  301.528140] omarchy-m2 kernel: apple-dcp 315c00000.dcp: USB4 tunnel clock callback: rate=0xa result=0
[  301.528450] omarchy-m2 kernel: apple-dcp 315c00000.dcp: DPTXPort: APCALL 6 (16 bytes)
[  301.545027] omarchy-m2 kernel: thunderbolt-apple-nhi f01f00000.nhi: 0:5: DP IN CS changed CS0=c0090400 CS2=241021c2 CS9=41000553 CS13=00000000 COMMON=b7402134 VE=1 AE=1 HPD=1 DPRX=1 disc=0
[  301.545396] omarchy-m2 kernel: thunderbolt-apple-nhi f01f00000.nhi: 0:5: DP IN DPRX_DONE=1 (ACIO AUX completed)
[  301.545727] omarchy-m2 kernel: thunderbolt-apple-acio f01ac0000.cio: ACIO RC dpin0 analog DPRX done 0x4000: 000=80000000 004=00400040 008=00000004 00c=80000000 010=00000040 014=00000004 018=00001017 01c=00000010 020=00000000 024=00000004 028=80000000 02c=00000010 030=00000004 034=80000000 038=01010101 03c=00000101 040=00000001 044=01010101 048=00000001 04c=00000004 050=00000000 054=00000000 058=00000000
[  301.546097] omarchy-m2 kernel: thunderbolt-apple-acio f01ac0000.cio: ACIO RC dpin0 analog DPRX done 0x4000: 05c=00000000 060=00000000 064=00000000 068=00000000 06c=00000000 070=00000000 074=00000000 078=00000000 07c=00000000
[  301.546441] omarchy-m2 kernel: thunderbolt-apple-acio f01ac0000.cio: ACIO RC dpin1 analog 0x8000: 000=80000000 004=00040004 008=00000004 00c=00001005 010=00040004 014=00000000 018=00000004 01c=00000000 020=00040004 024=00000000 028=00000004 02c=80010000 030=00000004 034=80000000 038=00000004 03c=80000000 040=00000004 044=80000000 048=00000004 04c=80000000 050=00000004 054=80000000 058=00000004
[  301.546770] omarchy-m2 kernel: thunderbolt-apple-acio f01ac0000.cio: ACIO RC dpin1 analog 0x8000: 05c=80000000 060=00000004 064=00000000 068=00000000 06c=00000000 070=00000000 074=00000000 078=00000000 07c=00000000
[  304.611013] omarchy-m2 kernel: macsmc 2a2400000.smc: RTKit: syslog message: aceElec.cpp:1151:         Elec: Elec Cause 0x1000
[  307.204016] omarchy-m2 kernel: thunderbolt-apple-acio f01ac0000.cio: RTKit: syslog message: high_speed_lane.c:289: Gen2/3 link error. lane=0, error=83
[  307.204418] omarchy-m2 kernel: thunderbolt-apple-acio f01ac0000.cio: RTKit: syslog message: high_speed_lane.c:289: Gen2/3 link error. lane=1, error=83
[  307.206012] omarchy-m2 kernel: thunderbolt-apple-acio f01ac0000.cio: RTKit: syslog message: high_speed_lane.c:289: Gen2/3 link error. lane=0, error=83
[  307.206262] omarchy-m2 kernel: thunderbolt-apple-acio f01ac0000.cio: RTKit: syslog message: high_speed_lane.c:289: Gen2/3 link error. lane=1, error=83
[  307.206500] omarchy-m2 kernel: thunderbolt-apple-acio f01ac0000.cio: RTKit: syslog message: high_speed_lane.c:289: Gen2/3 link error. lane=1, error=84
[  307.206753] omarchy-m2 kernel: thunderbolt-apple-acio f01ac0000.cio: RTKit: syslog message: high_speed_lane.c:289: Gen2/3 link error. lane=0, error=87
[  307.206985] omarchy-m2 kernel: thunderbolt-apple-acio f01ac0000.cio: RTKit: syslog message: high_speed_lane.c:289: Gen2/3 link error. lane=1, error=87
[  307.207266] omarchy-m2 kernel: thunderbolt-apple-acio f01ac0000.cio: RTKit: syslog message: high_speed_lane.c:289: Gen2/3 link error. lane=1, error=89
[  307.207556] omarchy-m2 kernel: usb 1-1: USB disconnect, device number 2
[  307.207845] omarchy-m2 kernel: usb 1-1.1: USB disconnect, device number 3
[  307.207981] omarchy-m2 kernel: thunderbolt-apple-acio f01ac0000.cio: RTKit: syslog message: high_speed_lane.c:289: Gen2/3 link error. lane=1, error=84
[  307.208178] omarchy-m2 kernel: thunderbolt-apple-acio f01ac0000.cio: RTKit: syslog message: lane_init.c:1044: SBX disconnected!
[  307.208397] omarchy-m2 kernel: thunderbolt-apple-acio f01ac0000.cio: RTKit: syslog message: lane_init.c:181: Entering Phase 1. action=0
[  307.208625] omarchy-m2 kernel: thunderbolt-apple-acio f01ac0000.cio: RTKit: syslog message: high_speed_lane.c:289: Gen2/3 link error. lane=0, error=89
[  307.208831] omarchy-m2 kernel: thunderbolt-apple-acio f01ac0000.cio: RTKit: syslog message: high_speed_lane.c:289: Gen2/3 link error. lane=1, error=87
[  307.209054] omarchy-m2 kernel: thunderbolt-apple-acio f01ac0000.cio: RTKit: syslog message: lane_init.c:78: Lane init parmas = 0x00000011
[  307.209255] omarchy-m2 kernel: thunderbolt-apple-acio f01ac0000.cio: RTKit: syslog message: high_speed_lane.c:289: Gen2/3 link error. lane=0, error=87
[  307.209442] omarchy-m2 kernel: thunderbolt-apple-acio f01ac0000.cio: RTKit: syslog message: high_speed_lane.c:289: Gen2/3 link error. lane=0, error=84
[  307.209652] omarchy-m2 kernel: thunderbolt-apple-acio f01ac0000.cio: RTKit: syslog message: high_speed_lane.c:289: Gen2/3 link error. lane=1, error=84
[  307.211010] omarchy-m2 kernel: thunderbolt 0-0:1.1: retimer disconnected
[  307.211110] omarchy-m2 kernel: thunderbolt-apple-acio f01ac0000.cio: RTKit: syslog message: iguration_space_tx.c:70: path_configuration_space_tx_path_tear_down - source_port=14, null_port_index=0.
[  307.211319] omarchy-m2 kernel: thunderbolt-apple-acio f01ac0000.cio: RTKit: syslog message: ration_space_null.c:166: path_configuration_space_rx_path_tear_down - null_port_index=0, physical_queue_
[  307.211437] omarchy-m2 kernel: thunderbolt-apple-acio f01ac0000.cio: RTKit: syslog message: iguration_space_tx.c:70: path_configuration_space_tx_path_tear_down - source_port=13, null_port_index=0.
[  307.211775] omarchy-m2 kernel: usb 1-1.2: USB disconnect, device number 4
[  307.212170] omarchy-m2 kernel: thunderbolt-apple-acio f01ac0000.cio: RTKit: syslog message: ration_space_null.c:166: path_configuration_space_rx_path_tear_down - null_port_index=0, physical_queue_
[  307.213007] omarchy-m2 kernel: thunderbolt-apple-acio f01ac0000.cio: RTKit: syslog message: iguration_space_tx.c:70: path_configuration_space_tx_path_tear_down - source_port=15, null_port_index=0.
[  307.213125] omarchy-m2 kernel: thunderbolt-apple-acio f01ac0000.cio: RTKit: syslog message: iguration_space_tx.c:70: path_configuration_space_tx_path_tear_down - source_port=16, null_port_index=0.
[  307.215007] omarchy-m2 kernel: thunderbolt-apple-acio f01ac0000.cio: RTKit: syslog message: ration_space_null.c:166: path_configuration_space_rx_path_tear_down - null_port_index=0, physical_queue_
[  307.217439] omarchy-m2 kernel: thunderbolt 0-1: device disconnected
[  307.232004] omarchy-m2 kernel: macsmc 2a2400000.smc: RTKit: syslog message: aceElec.cpp:1151:         Elec: Elec Cause 0x0
[  307.244094] omarchy-m2 kernel: audit: type=1130 audit(1790069605.565:210): pid=1 uid=0 auid=4294967295 ses=4294967295 subj=unconfined msg='unit=NetworkManager-dispatcher comm="systemd" exe="/usr/lib/systemd/systemd" hostname=? addr=? terminal=? res=success'
[  307.258020] omarchy-m2 kernel: thunderbolt-apple-acio f01ac0000.cio: RTKit: syslog message: lane_init.c:343: Entering Phase 2
[  307.261010] omarchy-m2 kernel: audit: type=1334 audit(1790069605.582:211): prog-id=58 op=UNLOAD
[  307.728280] omarchy-m2 kernel: xhci-hcd xhci-hcd.3.auto: remove, state 4
[  307.728530] omarchy-m2 kernel: usb usb2: USB disconnect, device number 1
[  307.728632] omarchy-m2 kernel: xhci-hcd xhci-hcd.3.auto: USB bus 2 deregistered
[  307.728749] omarchy-m2 kernel: xhci-hcd xhci-hcd.3.auto: remove, state 4
[  307.728855] omarchy-m2 kernel: usb usb1: USB disconnect, device number 1
[  307.728915] omarchy-m2 kernel: xhci-hcd xhci-hcd.3.auto: USB bus 1 deregistered
[  307.731037] omarchy-m2 kernel: apple-dcp 315c00000.dcp: typec mux set typec2 alt=0000000000000000 svid=0000 mode=0 dp=0 usb4=0 tbt=0 usb4_xbar=yes
[  307.731170] omarchy-m2 kernel: apple-dcp 315c00000.dcp: DPTXPort: APCALL 21 (144 bytes)
[  307.731258] omarchy-m2 kernel: apple-dcp 315c00000.dcp: RTKit: syslog message: eoInterfaceIOAV.cpp:146: IOMFB: IOAVVideoInterface terminated
[  307.732007] omarchy-m2 kernel: apple-dcp 315c00000.dcp: RTKit: syslog message: dpointInterface.cpp:606: [AFK][AFKMailboxSharedMemoryEndpointInterface:#78] if:3 inCmd:0 inResp:0 outRepErr:0 outCmdErr:0 t:7831047379
[  307.732171] omarchy-m2 kernel: apple-dcp 315c00000.dcp: RTKit: syslog message: dpointInterface.cpp:606: [AFK][AFKMailboxSharedMemoryEndpointInterface:#76] if:1 inCmd:1 inResp:1 outRepErr:0 outCmdErr:0 t:7831050674
[  308.768018] omarchy-m2 kernel: apple-dcp 315c00000.dcp: dcp_dptx_disconnect(port=0)
[  309.792111] omarchy-m2 kernel: apple-display-crossbar f0304c000.mux: Switched dpin0 to disconnected state
[  309.797794] omarchy-m2 kernel: apple-display-crossbar f0304c000.mux: t602x idle: 000=00000000 004=000001ff 008=00000000 00c=00000000 014=000001ff 018=00000000 01c=00000000 024=00000111 028=00000000 02c=00000000 030=00000000 034=00000000 040=0005ad6b 044=02b5ad6b 048=00000000 04c=00000000 050=00000000 060=00000000 070=00000000
[  309.797928] omarchy-m2 kernel: apple-display-crossbar f0304c000.mux: t602x idle clk: 000=00000000 800=00000004 020=00000000 820=00000000 024=00000111 81c=00000111
[  310.240120] omarchy-m2 kernel: apple-dcp 315c00000.dcp: set_digital_out_mode finished:0
[  310.240724] omarchy-m2 kernel: apple-dcp 315c00000.dcp: set_digital_out_mode timed out
[  310.518008] omarchy-m2 kernel: PM: suspend entry (s2idle)
[  310.552012] omarchy-m2 kernel: Filesystems sync: 0.033 seconds
[  311.149166] omarchy-m2 kernel: Freezing user space processes
[  311.149233] omarchy-m2 kernel: Freezing user space processes completed (elapsed 0.001 seconds)
[  311.149569] omarchy-m2 kernel: OOM killer disabled.
[  311.149618] omarchy-m2 kernel: Freezing remaining freezable tasks
[  311.149643] omarchy-m2 kernel: Freezing remaining freezable tasks completed (elapsed 0.001 seconds)
[  311.149702] omarchy-m2 kernel: printk: Suspending console(s) (use no_console_suspend to debug)
[  311.149761] omarchy-m2 kernel: apple-drm soc:display-subsystem: PM: dpm_run_callback(): platform_pm_suspend returns -22
[  311.150565] omarchy-m2 kernel: apple-drm soc:display-subsystem: PM: failed to suspend: error -22
[  311.151628] omarchy-m2 kernel: apple-dcp 389c00000.dcp: RTKit: syslog message: BrightnessLCD.cpp:803: [AFK]nitsToDBV: iDAC out of range
[  311.152311] omarchy-m2 kernel: PM: Some devices failed to suspend, or early wake event detected
[  311.152588] omarchy-m2 kernel: OOM killer enabled.
[  311.152707] omarchy-m2 kernel: Restarting tasks: Starting
[  311.152873] omarchy-m2 kernel: Restarting tasks: Done
[  311.152891] omarchy-m2 kernel: efivarfs: resyncing variable state
[  311.152920] omarchy-m2 kernel: efivarfs: finished resyncing variable state
[  311.153039] omarchy-m2 kernel: random: crng reseeded on system resumption
[  311.153082] omarchy-m2 kernel: PM: suspend exit
[  311.153101] omarchy-m2 kernel: PM: suspend entry (s2idle)
[  311.158014] omarchy-m2 kernel: Filesystems sync: 0.007 seconds
[  311.845057] omarchy-m2 kernel: Freezing user space processes
[  311.845199] omarchy-m2 kernel: Freezing user space processes completed (elapsed 0.085 seconds)
[  311.845474] omarchy-m2 kernel: OOM killer disabled.
[  311.845715] omarchy-m2 kernel: Freezing remaining freezable tasks
[  311.845739] omarchy-m2 kernel: Freezing remaining freezable tasks completed (elapsed 0.001 seconds)
[  311.845761] omarchy-m2 kernel: printk: Suspending console(s) (use no_console_suspend to debug)
[  311.845784] omarchy-m2 kernel: apple-drm soc:display-subsystem: PM: dpm_run_callback(): platform_pm_suspend returns -22
[  311.846014] omarchy-m2 kernel: apple-drm soc:display-subsystem: PM: failed to suspend: error -22
[  311.846158] omarchy-m2 kernel: apple-dcp 389c00000.dcp: RTKit: syslog message: BrightnessLCD.cpp:803: [AFK]nitsToDBV: iDAC out of range
[  311.846299] omarchy-m2 kernel: PM: Some devices failed to suspend, or early wake event detected
[  311.846317] omarchy-m2 kernel: OOM killer enabled.
[  311.846344] omarchy-m2 kernel: Restarting tasks: Starting
[  311.846360] omarchy-m2 kernel: Restarting tasks: Done
[  311.846388] omarchy-m2 kernel: efivarfs: resyncing variable state
[  311.846408] omarchy-m2 kernel: efivarfs: finished resyncing variable state
[  311.846421] omarchy-m2 kernel: random: crng reseeded on system resumption
[  311.846445] omarchy-m2 kernel: PM: suspend exit
[  311.850108] omarchy-m2 kernel: audit: type=1130 audit(1790069610.171:212): pid=1 uid=0 auid=4294967295 ses=4294967295 subj=unconfined msg='unit=systemd-suspend comm="systemd" exe="/usr/lib/systemd/systemd" hostname=? addr=? terminal=? res=failed'
[  311.908011] omarchy-m2 kernel: ieee80211 phy0: brcmf_p2p_set_firmware: failed to update device address ret -52
[  311.910052] omarchy-m2 kernel: ieee80211 phy0: brcmf_p2p_create_p2pdev: set p2p_disc error
[  311.910188] omarchy-m2 kernel: ieee80211 phy0: brcmf_cfg80211_add_iface: add iface p2p-dev-wlan0 type 10 failed: err=-52
[  312.732019] omarchy-m2 kernel: apple-dcp 315c00000.dcp: DPTXPort: APCALL 5 (16 bytes)
[  312.732525] omarchy-m2 kernel: apple-dcp 315c00000.dcp: DPTXPort: APCALL 12 (32 bytes)
[  312.732869] omarchy-m2 kernel: apple-dcp 315c00000.dcp: DPTXPort: APCALL 9 (32 bytes)
[  312.733173] omarchy-m2 kernel: apple-dcp 315c00000.dcp: DPTXPort: SET_LINK_RATE 0x0
[  312.733503] omarchy-m2 kernel: apple-dcp 315c00000.dcp: USB4 tunnel clock callback: rate=0x0 result=0
[  312.733828] omarchy-m2 kernel: apple-dcp 315c00000.dcp: DPTXPort: APCALL 6 (16 bytes)
[  312.742015] omarchy-m2 kernel: apple-dcp 315c00000.dcp: DPTXPort: APCALL 20 (16 bytes)
[  312.742341] omarchy-m2 kernel: apple-dcp 315c00000.dcp: DPTXPort: INACTIVE_SINK_DETECTED (keep waiting for lanes)
[  312.742636] omarchy-m2 kernel: apple-dcp 315c00000.dcp: DPTXPort: APCALL 1 (16 bytes)
[  312.742919] omarchy-m2 kernel: apple-dcp 315c00000.dcp: DPTXPort: DEACTIVATE
[  316.364014] omarchy-m2 kernel: ieee80211 phy0: brcmf_set_key_mgmt: get okc_enable failed (-52)
[  316.372013] omarchy-m2 kernel: ieee80211 phy0: brcmf_c_set_joinpref_default: Set join_pref error (-52)
[  316.612297] omarchy-m2 kernel: audit: type=1334 audit(1790069614.933:213): prog-id=59 op=LOAD
[  316.612355] omarchy-m2 kernel: audit: type=1300 audit(1790069614.933:213): arch=c00000b7 syscall=280 success=yes exit=26 a0=5 a1=ffffe6346d40 a2=a8 a3=ffff7e5fc540 items=0 ppid=1 pid=859 auid=4294967295 uid=0 gid=0 euid=0 suid=0 fsuid=0 egid=0 sgid=0 fsgid=0 tty=(none) ses=4294967295 comm="NetworkManager" exe="/usr/bin/NetworkManager" subj=unconfined key=(null)
[  316.612423] omarchy-m2 kernel: audit: type=1327 audit(1790069614.933:213): proctitle=2F7573722F62696E2F4E6574776F726B4D616E61676572002D2D6E6F2D6461656D6F6E
[  316.786028] omarchy-m2 kernel: audit: type=1334 audit(1790069615.106:214): prog-id=60 op=LOAD
[  316.786137] omarchy-m2 kernel: audit: type=1300 audit(1790069615.106:214): arch=c00000b7 syscall=280 success=yes exit=26 a0=5 a1=ffffe6346d40 a2=a8 a3=ffff7e5fc540 items=0 ppid=1 pid=859 auid=4294967295 uid=0 gid=0 euid=0 suid=0 fsuid=0 egid=0 sgid=0 fsgid=0 tty=(none) ses=4294967295 comm="NetworkManager" exe="/usr/bin/NetworkManager" subj=unconfined key=(null)
[  316.786178] omarchy-m2 kernel: audit: type=1327 audit(1790069615.106:214): proctitle=2F7573722F62696E2F4E6574776F726B4D616E61676572002D2D6E6F2D6461656D6F6E
[  316.789011] omarchy-m2 kernel: audit: type=1334 audit(1790069615.110:215): prog-id=59 op=UNLOAD
[  317.246041] omarchy-m2 kernel: audit: type=1131 audit(1790069615.567:216): pid=1 uid=0 auid=4294967295 ses=4294967295 subj=unconfined msg='unit=NetworkManager-dispatcher comm="systemd" exe="/usr/lib/systemd/systemd" hostname=? addr=? terminal=? res=success'
[  317.723013] omarchy-m2 kernel: audit: type=1100 audit(1790069616.044:217): pid=13471 uid=1001 auid=1001 ses=1 subj=unconfined msg='op=PAM:unix_chkpwd acct="oliver" exe="/usr/bin/unix_chkpwd" hostname=? addr=? terminal=? res=success'
[  342.070021] omarchy-m2 kernel: macsmc 2a2400000.smc: RTKit: syslog message: aceElec.cpp:1151:         Elec: Elec Cause 0x0
[  342.248016] omarchy-m2 kernel: macsmc 2a2400000.smc: RTKit: syslog message: aceElec.cpp:1151:         Elec: Elec Cause 0x200000
[  342.561008] omarchy-m2 kernel: macsmc 2a2400000.smc: RTKit: syslog message: aceElec.cpp:1151:         Elec: Elec Cause 0x20
[  342.567006] omarchy-m2 kernel: macsmc 2a2400000.smc: RTKit: syslog message: aceElec.cpp:1151:         Elec: Elec Cause 0x8000
[  342.708022] omarchy-m2 kernel: macsmc 2a2400000.smc: RTKit: syslog message: charger.cpp:3180: Not charging:0
[  342.864146] omarchy-m2 kernel: apple-dcp 315c00000.dcp: typec mux set typec2 alt=0000000000000000 svid=0000 mode=4 dp=0 usb4=1 tbt=0 usb4_xbar=yes
[  342.864603] omarchy-m2 kernel: apple-dcp 315c00000.dcp: dcp_dptx_disconnect(port=0)
[  342.864910] omarchy-m2 kernel: apple-display-crossbar f0304c000.mux: Switched dpin0 to dispext1,0 (t602x atc=0x1 mux=0x2002)
[  342.865043] omarchy-m2 kernel: apple-display-crossbar f0304c000.mux: t602x dpin0: 000=00000004 004=000001fb 008=00000004 00c=00000004 014=000001fb 018=00000010 01c=00000001 024=00000110 028=00000001 02c=00000004 030=00002002 034=00000001 040=0005ad6b 044=02b5ad6b 048=00000000 04c=00000000 050=00000000 060=00000000 070=00000000
[  342.865153] omarchy-m2 kernel: apple-display-crossbar f0304c000.mux: t602x dpin0 clk: 000=00000004 800=00000004 020=00000000 820=00000000 024=00000110 81c=00000110
[  342.865277] omarchy-m2 kernel: apple-dcp 315c00000.dcp: allocated Type-C DPTX PHY 4 (USB4 DP IN, ACIO AUX)
[  342.865414] omarchy-m2 kernel: apple-dcp 315c00000.dcp: USB4 dpin mux typec2; waiting for DP IN HPD
[  342.866021] omarchy-m2 kernel: thunderbolt-apple-acio f01ac0000.cio: RTKit: Initializing (protocol version 12)
[  342.866389] omarchy-m2 kernel: thunderbolt-apple-acio f01ac0000.cio: RTKit: syslog message: main.c:60: #ACIO FW IS READY# FW_VERSION_STRING=AppleCIOFirmware-475~290__2026-04-18-18:18
[  342.866616] omarchy-m2 kernel: thunderbolt-apple-acio f01ac0000.cio: RTKit: syslog message: main.c:61: FW state=1
[  342.866832] omarchy-m2 kernel: apple-dart f01a80000.iommu: DART [pagesize 4000, 16 streams, bypass support: 1, bypass forced: 0, locked: 0, AS 42 -> 42] initialized
[  342.868012] omarchy-m2 kernel: thunderbolt-apple-nhi f01f00000.nhi: device links to tunneled native ports are missing!
[  342.880008] omarchy-m2 kernel: thunderbolt-apple-acio f01ac0000.cio: RTKit: syslog message: lane_init.c:181: Entering Phase 1. action=0
[  342.880192] omarchy-m2 kernel: thunderbolt-apple-acio f01ac0000.cio: RTKit: syslog message: lane_init.c:78: Lane init parmas = 0x00000011
[  342.880347] omarchy-m2 kernel: phy-apple-atc f03000000.phy: ATCPHY_PIPEHANDLER_STATE_USB4 not implemented; falling back to USB2
[  342.881010] omarchy-m2 kernel: xhci-hcd xhci-hcd.3.auto: xHCI Host Controller
[  342.881181] omarchy-m2 kernel: xhci-hcd xhci-hcd.3.auto: new USB bus registered, assigned bus number 1
[  342.881339] omarchy-m2 kernel: xhci-hcd xhci-hcd.3.auto: hcc params 0x0238ffcd hci version 0x110 quirks 0x0000808000000010
[  342.881490] omarchy-m2 kernel: xhci-hcd xhci-hcd.3.auto: irq 167, io mem 0xf02280000
[  342.881618] omarchy-m2 kernel: phy-apple-atc f03000000.phy: ATCPHY_PIPEHANDLER_STATE_USB4 not implemented; falling back to USB2
[  342.881744] omarchy-m2 kernel: xhci-hcd xhci-hcd.3.auto: xHCI Host Controller
[  342.881860] omarchy-m2 kernel: xhci-hcd xhci-hcd.3.auto: new USB bus registered, assigned bus number 2
[  342.881983] omarchy-m2 kernel: xhci-hcd xhci-hcd.3.auto: Host supports USB 3.1 Enhanced SuperSpeed
[  342.882105] omarchy-m2 kernel: usb usb1: New USB device found, idVendor=1d6b, idProduct=0002, bcdDevice= 7.01
[  342.882278] omarchy-m2 kernel: usb usb1: New USB device strings: Mfr=3, Product=2, SerialNumber=1
[  342.882426] omarchy-m2 kernel: usb usb1: Product: xHCI Host Controller
[  342.882584] omarchy-m2 kernel: usb usb1: Manufacturer: Linux 7.1.12-2.5-1-ARCH xhci-hcd
[  342.882806] omarchy-m2 kernel: usb usb1: SerialNumber: xhci-hcd.3.auto
[  342.883027] omarchy-m2 kernel: hub 1-0:1.0: USB hub found
[  342.883300] omarchy-m2 kernel: hub 1-0:1.0: 1 port detected
[  342.883536] omarchy-m2 kernel: usb usb2: We don't know the algorithms for LPM for this host, disabling LPM.
[  342.883802] omarchy-m2 kernel: usb usb2: New USB device found, idVendor=1d6b, idProduct=0003, bcdDevice= 7.01
[  342.884013] omarchy-m2 kernel: usb usb2: New USB device strings: Mfr=3, Product=2, SerialNumber=1
[  342.884291] omarchy-m2 kernel: usb usb2: Product: xHCI Host Controller
[  342.884595] omarchy-m2 kernel: usb usb2: Manufacturer: Linux 7.1.12-2.5-1-ARCH xhci-hcd
[  342.884881] omarchy-m2 kernel: usb usb2: SerialNumber: xhci-hcd.3.auto
[  342.885152] omarchy-m2 kernel: hub 2-0:1.0: USB hub found
[  342.885393] omarchy-m2 kernel: hub 2-0:1.0: 1 port detected
[  342.930029] omarchy-m2 kernel: thunderbolt-apple-acio f01ac0000.cio: RTKit: syslog message: lane_init.c:343: Entering Phase 2
[  342.947033] omarchy-m2 kernel: thunderbolt-apple-acio f01ac0000.cio: RTKit: syslog message: lane_init.c:396: Entering Phase 3
[  342.947433] omarchy-m2 kernel: thunderbolt-apple-acio f01ac0000.cio: RTKit: syslog message: lane_init.c:882: Got AT register 12. 3 bytes. 0x00 0xf3 0x5f
[  342.947764] omarchy-m2 kernel: thunderbolt-apple-acio f01ac0000.cio: RTKit: syslog message: lane_init.c:1024: Entering Connected
[  342.948112] omarchy-m2 kernel: thunderbolt-apple-acio f01ac0000.cio: RTKit: syslog message: high_speed_lane.c:2212: RT Broadcast LOCAL: gen=2, legacy=0, rs_fec=1, usb4=1, l0_en=1, l1_en=1
[  342.948424] omarchy-m2 kernel: thunderbolt-apple-acio f01ac0000.cio: RTKit: syslog message: high_speed_lane.c:2212: RT Broadcast LOCAL: gen=2, legacy=0, rs_fec=1, usb4=1, l0_en=1, l1_en=1
[  342.982035] omarchy-m2 kernel: thunderbolt-apple-acio f01ac0000.cio: RTKit: syslog message: high_speed_lane.c:2219: RT Broadcast REMOTE: gen=2, legacy=0, rs_fec=1, usb4=1, l0_en=1, l1_en=1
[  342.982391] omarchy-m2 kernel: thunderbolt-apple-acio f01ac0000.cio: RTKit: syslog message: high_speed_lane.c:2219: RT Broadcast REMOTE: gen=2, legacy=0, rs_fec=1, usb4=1, l0_en=1, l1_en=1
[  343.212162] omarchy-m2 kernel: thunderbolt-apple-acio f01ac0000.cio: RTKit: syslog message: high_speed_lane.c:289: Gen2/3 link error. lane=0, error=82
[  343.212759] omarchy-m2 kernel: thunderbolt-apple-acio f01ac0000.cio: RTKit: syslog message: high_speed_lane.c:289: Gen2/3 link error. lane=1, error=82
[  343.213184] omarchy-m2 kernel: thunderbolt-apple-acio f01ac0000.cio: RTKit: syslog message: lane_training_cl0.c:24: Gen2/3 lane=0 entered CL0!
[  343.213593] omarchy-m2 kernel: thunderbolt-apple-acio f01ac0000.cio: RTKit: syslog message: lane_training_cl0.c:24: Gen2/3 lane=1 entered CL0!
[  343.228017] omarchy-m2 kernel: thunderbolt 0-1: new device found, vendor=0x5a device=0xde81
[  343.228568] omarchy-m2 kernel: thunderbolt 0-1: Other World Computing Thunderbolt 5 Hub
[  343.338025] omarchy-m2 kernel: usb 1-1: new high-speed USB device number 2 using xhci-hcd
[  343.451024] omarchy-m2 kernel: thunderbolt 0-0:1.1: new retimer found, vendor=0x5ac device=0x2200
[  343.463098] omarchy-m2 kernel: usb 1-1: New USB device found, idVendor=1d5c, idProduct=5801, bcdDevice= 1.01
[  343.463531] omarchy-m2 kernel: usb 1-1: New USB device strings: Mfr=1, Product=2, SerialNumber=0
[  343.463841] omarchy-m2 kernel: usb 1-1: Product: USB2.0 Hub
[  343.464134] omarchy-m2 kernel: usb 1-1: Manufacturer: Fresco Logic, Inc.
[  343.469021] omarchy-m2 kernel: hub 1-1:1.0: USB hub found
[  343.469437] omarchy-m2 kernel: hub 1-1:1.0: 5 ports detected
[  343.553025] omarchy-m2 kernel: thunderbolt-apple-acio f01ac0000.cio: RTKit: syslog message: clx.c:776: CLX CFG: clx_en changed 0x0 --> 0x0
[  343.553434] omarchy-m2 kernel: thunderbolt-apple-acio f01ac0000.cio: RTKit: syslog message: clx.c:776: CLX CFG: clx_en changed 0x0 --> 0x3
[  343.883028] omarchy-m2 kernel: thunderbolt-apple-acio f01ac0000.cio: RTKit: syslog message: iguration_space_tx.c:57: TX path: src port=14, null port=0, hopid=8
[  343.883510] omarchy-m2 kernel: thunderbolt-apple-acio f01ac0000.cio: RTKit: syslog message: ration_space_null.c:140: RX path: null port=0, queue=1, target port=14, hopid=8
[  343.885236] omarchy-m2 kernel: thunderbolt-apple-acio f01ac0000.cio: RTKit: syslog message: iguration_space_tx.c:57: TX path: src port=13, null port=0, hopid=9
[  343.885650] omarchy-m2 kernel: thunderbolt-apple-acio f01ac0000.cio: RTKit: syslog message: ration_space_null.c:140: RX path: null port=0, queue=2, target port=13, hopid=8
[  343.886042] omarchy-m2 kernel: thunderbolt-apple-acio f01ac0000.cio: error -ENODEV: PCIe-C requires a successful m1n1 preinit handoff
[  343.886417] omarchy-m2 kernel: thunderbolt-apple-acio f01ac0000.cio: deferred PCIe-C activation failed: -19
[  344.009038] omarchy-m2 kernel: usb 1-1.1: new full-speed USB device number 3 using xhci-hcd
[  344.097027] omarchy-m2 kernel: usb 1-1.1: New USB device found, idVendor=1e91, idProduct=de81, bcdDevice= 0.04
[  344.097556] omarchy-m2 kernel: usb 1-1.1: New USB device strings: Mfr=1, Product=2, SerialNumber=3
[  344.097957] omarchy-m2 kernel: usb 1-1.1: Product: Thunderbolt 5 Hub
[  344.098341] omarchy-m2 kernel: usb 1-1.1: Manufacturer: Other World Computing
[  344.098695] omarchy-m2 kernel: usb 1-1.1: SerialNumber: 0052
[  344.176103] omarchy-m2 kernel: usb 1-1.2: new high-speed USB device number 4 using xhci-hcd
[  344.658027] omarchy-m2 kernel: usb 1-1.2: New USB device found, idVendor=06cb, idProduct=7100, bcdDevice= 1.c4
[  344.658563] omarchy-m2 kernel: usb 1-1.2: New USB device strings: Mfr=1, Product=2, SerialNumber=3
[  344.658990] omarchy-m2 kernel: usb 1-1.2: Product: VMM7100
[  344.659385] omarchy-m2 kernel: usb 1-1.2: Manufacturer: Synaptics
[  344.659720] omarchy-m2 kernel: usb 1-1.2: SerialNumber: 000000000000
[  344.670018] omarchy-m2 kernel: usbhid 1-1.2:1.0: couldn't find an input interrupt endpoint
[  345.304023] omarchy-m2 kernel: thunderbolt-apple-acio f01ac0000.cio: RTKit: syslog message: iguration_space_tx.c:57: TX path: src port=15, null port=0, hopid=10
[  345.304534] omarchy-m2 kernel: thunderbolt-apple-acio f01ac0000.cio: RTKit: syslog message: iguration_space_tx.c:57: TX path: src port=16, null port=0, hopid=11
[  345.304880] omarchy-m2 kernel: thunderbolt-apple-acio f01ac0000.cio: RTKit: syslog message: ration_space_null.c:140: RX path: null port=0, queue=3, target port=16, hopid=8
[  345.305202] omarchy-m2 kernel: thunderbolt-apple-nhi f01f00000.nhi: 0:5: USB4 DPTX Discovery closed (CS13 writable, CS9 static); AE=0 VE=0
[  345.306030] omarchy-m2 kernel: thunderbolt-apple-nhi f01f00000.nhi: 0:5: DP IN CS0=c0090400 CS1=00004008 CS2=241021c2 CS3=00000000 LOCAL=15402334 REMOTE=0547a135 STAT=00000000 COMMON=15402134 CS8=00000000 VE=1 AE=1 HPD=1 DPRX=0
[  345.306610] omarchy-m2 kernel: thunderbolt-apple-nhi f01f00000.nhi: 1:19: DP OUT CS0=c0090400 CS1=00004008 CS2=00000040 CS3=00000000 LOCAL=05c7a335 REMOTE=15402334 STAT=04000000 COMMON=05402334 CS8=00000000 VE=1 AE=1 HPD=1 DPRX=0
[  345.307291] omarchy-m2 kernel: thunderbolt-apple-nhi f01f00000.nhi: 0:5 <-> 1:19 (DP): Apple: DP IN HPD=1 typec=2 (DPTX should use this adapter, not ATC)
[  345.307939] omarchy-m2 kernel: thunderbolt-apple-nhi f01f00000.nhi: DP IN analog/AUX serializer: tunnel 0:5 <-> 1:19
[  345.308403] omarchy-m2 kernel: thunderbolt-apple-acio f01ac0000.cio: ACIO RC ctrl 0x0: 000=00003010 004=00000011 018=00040000 01c=00000001 024=09600258 028=00000001 030=000007af 034=00000001 038=00000001 03c=21201205 040=00000082 044=00000001 048=00000001 060=00000001 064=00000001 068=00000001 070=00000001 074=00000001 078=00000003 0a8=01000000 0ac=04000001 0d0=00000062
[  345.308695] omarchy-m2 kernel: thunderbolt-apple-nhi f01f00000.nhi: 0: Apple VSE cap=53: 00=ca0005ff 01=00000011 02=00000000 03=00000000 04=00000000 05=00000000 06=00000000 07=00000000 08=00000000 09=00000000 0a=00000000 0b=00000000 0c=00000fff 0d=00000fff 0e=00000000 0f=00000000
[  345.309022] omarchy-m2 kernel: thunderbolt-apple-nhi f01f00000.nhi: DP IN analog block 0x4000 (port 5) dpin_aux=0 (0=hands-off)
[  345.309310] omarchy-m2 kernel: thunderbolt-apple-nhi f01f00000.nhi: DP IN analog: leaving PHY alone until DPRX timeout
[  345.309610] omarchy-m2 kernel: thunderbolt-apple-nhi f01f00000.nhi: 0:5: host DP IN type=0e0101 cap=9 CS0=c0090400 CS1=00004008 CS2=241021c2 CS3=00000000 LOCAL=15402334 REMOTE=0547a135 STAT=00000000 COMMON=15402134 CS8=00000000 CS9=41000553 CS10=00000000 ADP_CS4=0b300000 VE=1 AE=1 HPD=1 DPRX=0 LCK=0
[  345.309917] omarchy-m2 kernel: thunderbolt-apple-nhi f01f00000.nhi: 0:5: host DP IN CS11=00000000 CS12=00000000 CS13=00000000 CS14=00000000 CS15=00000000 CS16=00000000 disc=0
[  345.311016] omarchy-m2 kernel: thunderbolt-apple-nhi f01f00000.nhi: 0:6: host DP IN type=0e0101 cap=9 CS0=00090400 CS1=00004008 CS2=00000000 CS3=00000000 LOCAL=15402334 REMOTE=00000000 STAT=00000000 COMMON=00000000 CS8=00000000 CS9=41000553 CS10=00000000 ADP_CS4=0b300000 VE=0 AE=0 HPD=0 DPRX=0 LCK=0
[  345.311570] omarchy-m2 kernel: thunderbolt-apple-nhi f01f00000.nhi: 0:6: host DP IN CS11=00000000 CS12=00000000 CS13=00000000 CS14=00000000 CS15=00000000 CS16=00000000 disc=0
[  345.312035] omarchy-m2 kernel: thunderbolt-apple-nhi f01f00000.nhi: 0:5: DP IN hop 8 enable=1 out=1 next=11 credits=1
[  345.312653] omarchy-m2 kernel: thunderbolt-apple-nhi f01f00000.nhi: 0:5: DP IN hop 9 enable=1 out=1 next=10 credits=0
[  345.313013] omarchy-m2 kernel: thunderbolt-apple-nhi f01f00000.nhi: 1:19: hub DP OUT type=0e0102 cap=57 CS0=c0090400 CS1=00004008 CS2=00000040 CS3=00000000 LOCAL=05c7a335 REMOTE=15402334 STAT=04000000 COMMON=05402334 CS8=00000000 CS9=00000000 CS10=00000000 ADP_CS4=40800000 VE=1 AE=1 HPD=1 DPRX=0 LCK=0
[  345.313309] omarchy-m2 kernel: thunderbolt-apple-nhi f01f00000.nhi: 1:19: hub DP OUT CS11=00000000 CS12=00000000 CS13=00000000 CS14=00000000 CS15=00000000 CS16=00000000 disc=0
[  345.313630] omarchy-m2 kernel: thunderbolt-apple-nhi f01f00000.nhi: 0:5 <-> 1:19 (DP): Apple: DP tunnel paths up, not waiting for DPRX
[  348.611028] omarchy-m2 kernel: macsmc 2a2400000.smc: RTKit: syslog message: aceElec.cpp:1151:         Elec: Elec Cause 0x1000
[  357.365051] omarchy-m2 kernel: thunderbolt-apple-nhi f01f00000.nhi: 0:5 <-> 1:19 (DP): Apple: DPRX timeout, keeping DP tunnel
[  357.366142] omarchy-m2 kernel: thunderbolt-apple-nhi f01f00000.nhi: 0:5: DP IN CS0=c0090400 CS1=00004008 CS2=241021c2 CS3=00000000 LOCAL=15402334 REMOTE=0547a135 STAT=00000000 COMMON=15402134 CS8=00000000 VE=1 AE=1 HPD=1 DPRX=0
[  357.366552] omarchy-m2 kernel: thunderbolt-apple-nhi f01f00000.nhi: 1:19: DP OUT CS0=c0090400 CS1=00004008 CS2=00000040 CS3=00000000 LOCAL=05c7a335 REMOTE=15402334 STAT=04000000 COMMON=05402334 CS8=00000000 VE=1 AE=1 HPD=1 DPRX=0
[  357.366949] omarchy-m2 kernel: thunderbolt-apple-nhi f01f00000.nhi: 0:5 <-> 1:19 (DP): Apple: DP IN HPD=1 typec=2 (DPTX should use this adapter, not ATC)
[  357.504047] omarchy-m2 kernel: thunderbolt-apple-acio f01ac0000.cio: ACIO RC dpin0 analog at timeout 0x4000: 000=80000000 004=00400040 008=00000004 00c=80000000 010=00000040 014=00000004 018=00001017 01c=00000010 020=00000000 024=00000004 028=80000000 02c=00000010 030=00000004 034=80000000 038=01010101 03c=00000101 040=00000001 044=01010101 048=00000001 04c=00000004 050=00000000 054=00000000 058=00000000
[  357.504606] omarchy-m2 kernel: thunderbolt-apple-acio f01ac0000.cio: ACIO RC dpin0 analog at timeout 0x4000: 05c=00000000 060=00000000 064=00000000 068=00000000 06c=00000000 070=00000000 074=00000000 078=00000000 07c=00000000
[  357.504982] omarchy-m2 kernel: thunderbolt-apple-acio f01ac0000.cio: ACIO RC dpin1 analog 0x8000: 000=80000000 004=00040004 008=00000004 00c=00070000 010=00040004 014=00000000 018=00000004 01c=00000000 020=00040004 024=00000000 028=00000004 02c=80010000 030=00000004 034=80000000 038=00000004 03c=80000000 040=00000004 044=80000000 048=00000004 04c=80000000 050=00000004 054=80000000 058=00000004
[  357.505353] omarchy-m2 kernel: thunderbolt-apple-acio f01ac0000.cio: ACIO RC dpin1 analog 0x8000: 05c=80000000 060=00000004 064=00000000 068=00000000 06c=00000000 070=00000000 074=00000000 078=00000000 07c=00000000
[  466.033178] omarchy-m2 kernel: audit: type=1101 audit(1790069764.354:218): pid=15799 uid=1001 auid=1001 ses=1 subj=unconfined msg='op=PAM:accounting grantors=pam_unix,pam_permit,pam_time acct="oliver" exe="/usr/bin/sudo" hostname=? addr=? terminal=? res=success'
[  466.034171] omarchy-m2 kernel: audit: type=1110 audit(1790069764.355:219): pid=15799 uid=1001 auid=1001 ses=1 subj=unconfined msg='op=PAM:setcred grantors=pam_faillock,pam_permit,pam_env,pam_faillock acct="root" exe="/usr/bin/sudo" hostname=? addr=? terminal=? res=success'
[  466.035007] omarchy-m2 kernel: audit: type=1105 audit(1790069764.356:220): pid=15799 uid=1001 auid=1001 ses=1 subj=unconfined msg='op=PAM:session_open grantors=pam_systemd_home,pam_limits,pam_unix,pam_permit,pam_systemd acct="root" exe="/usr/bin/sudo" hostname=? addr=? terminal=? res=success'
