Sep 24 06:23:26 omarchy-m2 kernel: Booting Linux on physical CPU 0x0000000000 [0x611f0340]
Sep 24 06:23:26 omarchy-m2 kernel: Linux version 7.1.12-2.5-1-ARCH (linux-aurora@archlinux) (gcc (GCC) 16.1.1 20260430, GNU ld (GNU Binutils) 2.46.0) #1 SMP PREEMPT_DYNAMIC Sun, 20 Sep 2026 02:52:44 +0000
Sep 24 06:23:26 omarchy-m2 kernel: random: crng init done
Sep 24 06:23:26 omarchy-m2 kernel: Machine model: Apple MacBook Pro (16-inch, M2 Pro, 2023)
Sep 24 06:23:26 omarchy-m2 kernel: efi: EFI v2.11 by Das U-Boot
Sep 24 06:23:26 omarchy-m2 kernel: efi: RTPROP=0x107d4312040 SMBIOS 3.0=0x107d53c2000 INITRD=0x107d42f8040 MEMRESERVE=0x107d42f7040 
Sep 24 06:23:26 omarchy-m2 kernel: OF: reserved mem: 0x000001000196c000..0x0000010001c7ffff (3152 KiB) nomap non-reusable asc-firmware@1000196c000
Sep 24 06:23:26 omarchy-m2 kernel: OF: reserved mem: 0x00000100009fc000..0x000001000132ffff (9424 KiB) nomap non-reusable asc-firmware@100009fc000
Sep 24 06:23:26 omarchy-m2 kernel: OF: reserved mem: 0x00000107d9478000..0x00000107d947bfff (16 KiB) nomap non-reusable sio-firmware-data@107d9478000
Sep 24 06:23:26 omarchy-m2 kernel: OF: reserved mem: 0x00000107d947c000..0x00000107d947ffff (16 KiB) nomap non-reusable sio-firmware-data@107d947c000
Sep 24 06:23:26 omarchy-m2 kernel: OF: reserved mem: 0x00000107d9480000..0x00000107d949ffff (128 KiB) nomap non-reusable sio-firmware-data@107d9480000
Sep 24 06:23:26 omarchy-m2 kernel: OF: reserved mem: 0x00000107d94a0000..0x00000107d94a3fff (16 KiB) nomap non-reusable sio-firmware-data@107d94a0000
Sep 24 06:23:26 omarchy-m2 kernel: OF: reserved mem: 0x0000010001d48000..0x0000010001e3ffff (992 KiB) nomap non-reusable asc-firmware@10001d48000
Sep 24 06:23:26 omarchy-m2 kernel: OF: reserved mem: 0x00000100013e4000..0x00000100013fffff (112 KiB) nomap non-reusable asc-firmware@100013e4000
Sep 24 06:23:26 omarchy-m2 kernel: OF: reserved mem: 0x00000107ddc80000..0x00000107e4f43fff (117520 KiB) nomap non-reusable framebuffer@107ddc80000
Sep 24 06:23:26 omarchy-m2 kernel: OF: reserved mem: 0x00000107db37c000..0x00000107dc37bfff (16384 KiB) nomap non-reusable asc-firmware@107db37c000
Sep 24 06:23:26 omarchy-m2 kernel: OF: reserved mem: 0x00000107dc37c000..0x00000107dc67bfff (3072 KiB) nomap non-reusable asc-firmware@107dc37c000
Sep 24 06:23:26 omarchy-m2 kernel: OF: reserved mem: 0x00000107dc67c000..0x00000107dd67bfff (16384 KiB) nomap non-reusable asc-firmware@107dc67c000
Sep 24 06:23:26 omarchy-m2 kernel: OF: reserved mem: 0x00000107dd67c000..0x00000107dd97bfff (3072 KiB) nomap non-reusable asc-firmware@107dd67c000
Sep 24 06:23:26 omarchy-m2 kernel: OF: reserved mem: 0x00000107ddc7c000..0x00000107ddc7ffff (16 KiB) nomap non-reusable region157@107ddc7c000
Sep 24 06:23:26 omarchy-m2 kernel: OF: reserved mem: 0x00000107e4f44000..0x00000107e5003fff (768 KiB) nomap non-reusable region95@107e4f44000
Sep 24 06:23:26 omarchy-m2 kernel: OF: reserved mem: 0x00000107e5004000..0x00000107e5363fff (3456 KiB) nomap non-reusable region94@107e5004000
Sep 24 06:23:26 omarchy-m2 kernel: OF: reserved mem: 0x00000107e5364000..0x00000107e6363fff (16384 KiB) nomap non-reusable region57@107e5364000
Sep 24 06:23:26 omarchy-m2 kernel: OF: reserved mem: 0x00000107dd97c000..0x00000107ddc7bfff (3072 KiB) nomap non-reusable dcp_data@107dd97c000
Sep 24 06:23:26 omarchy-m2 kernel: OF: reserved mem: 0x0000010000230000..0x0000010000833fff (6160 KiB) nomap non-reusable asc-firmware@10000230000
Sep 24 06:23:26 omarchy-m2 kernel: OF: reserved mem: 0x00000107d94c8000..0x00000107d94cbfff (16 KiB) map non-reusable flash@107d94c8000
Sep 24 06:23:26 omarchy-m2 kernel: OF: reserved mem: 0x0000010002ed4000..0x0000010002f4bfff (480 KiB) map non-reusable flash@10002ed4000
Sep 24 06:23:26 omarchy-m2 kernel: OF: reserved mem: 0x00000107d94a4000..0x00000107d94bbfff (96 KiB) map non-reusable globals
Sep 24 06:23:26 omarchy-m2 kernel: OF: reserved mem: 0x00000107d94c0000..0x00000107d94c7fff (32 KiB) map non-reusable hw-cal-a
Sep 24 06:23:26 omarchy-m2 kernel: OF: reserved mem: 0x00000107d94bc000..0x00000107d94bffff (16 KiB) map non-reusable hw-cal-b
Sep 24 06:23:26 omarchy-m2 kernel: OF: reserved mem: 0x00000107fff70000..0x00000107fff73fff (16 KiB) map non-reusable uat-handoff
Sep 24 06:23:26 omarchy-m2 kernel: OF: reserved mem: 0x00000107fff78000..0x00000107fffb7fff (256 KiB) map non-reusable uat-pagetables
Sep 24 06:23:26 omarchy-m2 kernel: OF: reserved mem: 0x00000107fffb8000..0x00000107fffbbfff (16 KiB) map non-reusable uat-ttbs
Sep 24 06:23:26 omarchy-m2 kernel: OF: reserved mem: 0x00000107d94cc000..0x00000107d9783fff (2784 KiB) nomap non-reusable isp-heap
Sep 24 06:23:26 omarchy-m2 kernel: cma: Reserved 64 MiB at 0x0000010006000000
Sep 24 06:23:26 omarchy-m2 kernel: Zone ranges:
Sep 24 06:23:26 omarchy-m2 kernel:   DMA      [mem 0x0000010000230000-0x00000107fffbbfff]
Sep 24 06:23:26 omarchy-m2 kernel:   DMA32    empty
Sep 24 06:23:26 omarchy-m2 kernel:   Normal   empty
Sep 24 06:23:26 omarchy-m2 kernel: Movable zone start for each node
Sep 24 06:23:26 omarchy-m2 kernel: Early memory node ranges
Sep 24 06:23:26 omarchy-m2 kernel:   node   0: [mem 0x0000010000230000-0x0000010000833fff]
Sep 24 06:23:26 omarchy-m2 kernel:   node   0: [mem 0x00000100009fc000-0x000001000132ffff]
Sep 24 06:23:26 omarchy-m2 kernel:   node   0: [mem 0x00000100013e4000-0x00000100013fffff]
Sep 24 06:23:26 omarchy-m2 kernel:   node   0: [mem 0x000001000196c000-0x0000010001c7ffff]
Sep 24 06:23:26 omarchy-m2 kernel:   node   0: [mem 0x0000010001d48000-0x0000010001e3ffff]
Sep 24 06:23:26 omarchy-m2 kernel:   node   0: [mem 0x0000010001e40000-0x0000010002fa3fff]
Sep 24 06:23:26 omarchy-m2 kernel:   node   0: [mem 0x0000010002fa4000-0x00000100030b3fff]
Sep 24 06:23:26 omarchy-m2 kernel:   node   0: [mem 0x00000100030b4000-0x0000010005d13fff]
Sep 24 06:23:26 omarchy-m2 kernel:   node   0: [mem 0x0000010005d14000-0x0000010005d23fff]
Sep 24 06:23:26 omarchy-m2 kernel:   node   0: [mem 0x0000010005d24000-0x0000010005d27fff]
Sep 24 06:23:26 omarchy-m2 kernel:   node   0: [mem 0x0000010005d28000-0x0000010005d37fff]
Sep 24 06:23:26 omarchy-m2 kernel:   node   0: [mem 0x0000010005d38000-0x0000010005d3bfff]
Sep 24 06:23:26 omarchy-m2 kernel:   node   0: [mem 0x0000010005d3c000-0x0000010005d4bfff]
Sep 24 06:23:26 omarchy-m2 kernel:   node   0: [mem 0x0000010005d4c000-0x0000010005d4ffff]
Sep 24 06:23:26 omarchy-m2 kernel:   node   0: [mem 0x0000010005d50000-0x0000010005d5ffff]
Sep 24 06:23:26 omarchy-m2 kernel:   node   0: [mem 0x0000010005d60000-0x0000010005d63fff]
Sep 24 06:23:26 omarchy-m2 kernel:   node   0: [mem 0x0000010005d64000-0x0000010005d73fff]
Sep 24 06:23:26 omarchy-m2 kernel:   node   0: [mem 0x0000010005d74000-0x0000010005d77fff]
Sep 24 06:23:26 omarchy-m2 kernel:   node   0: [mem 0x0000010005d78000-0x0000010005d87fff]
Sep 24 06:23:26 omarchy-m2 kernel:   node   0: [mem 0x0000010005d88000-0x0000010005d8bfff]
Sep 24 06:23:26 omarchy-m2 kernel:   node   0: [mem 0x0000010005d8c000-0x0000010005d9bfff]
Sep 24 06:23:26 omarchy-m2 kernel:   node   0: [mem 0x0000010005d9c000-0x0000010005d9ffff]
Sep 24 06:23:26 omarchy-m2 kernel:   node   0: [mem 0x0000010005da0000-0x0000010005daffff]
Sep 24 06:23:26 omarchy-m2 kernel:   node   0: [mem 0x0000010005db0000-0x0000010005db3fff]
Sep 24 06:23:26 omarchy-m2 kernel:   node   0: [mem 0x0000010005db4000-0x0000010005dc3fff]
Sep 24 06:23:26 omarchy-m2 kernel:   node   0: [mem 0x0000010005dc4000-0x0000010005dc7fff]
Sep 24 06:23:26 omarchy-m2 kernel:   node   0: [mem 0x0000010005dc8000-0x0000010005dd7fff]
Sep 24 06:23:26 omarchy-m2 kernel:   node   0: [mem 0x0000010005dd8000-0x0000010005ddbfff]
Sep 24 06:23:26 omarchy-m2 kernel:   node   0: [mem 0x0000010005ddc000-0x0000010005debfff]
Sep 24 06:23:26 omarchy-m2 kernel:   node   0: [mem 0x0000010005dec000-0x0000010005deffff]
Sep 24 06:23:26 omarchy-m2 kernel:   node   0: [mem 0x0000010005df0000-0x0000010005e23fff]
Sep 24 06:23:26 omarchy-m2 kernel:   node   0: [mem 0x0000010005e24000-0x000001073b3fffff]
Sep 24 06:23:26 omarchy-m2 kernel:   node   0: [mem 0x000001073b400000-0x000001073b403fff]
Sep 24 06:23:26 omarchy-m2 kernel:   node   0: [mem 0x000001073b404000-0x00000107d430ffff]
Sep 24 06:23:26 omarchy-m2 kernel:   node   0: [mem 0x00000107d4310000-0x00000107d4337fff]
Sep 24 06:23:26 omarchy-m2 kernel:   node   0: [mem 0x00000107d4338000-0x00000107d53bffff]
Sep 24 06:23:26 omarchy-m2 kernel:   node   0: [mem 0x00000107d53c0000-0x00000107d53c3fff]
Sep 24 06:23:26 omarchy-m2 kernel:   node   0: [mem 0x00000107d53c4000-0x00000107d938ffff]
Sep 24 06:23:26 omarchy-m2 kernel:   node   0: [mem 0x00000107d9390000-0x00000107d939ffff]
Sep 24 06:23:26 omarchy-m2 kernel:   node   0: [mem 0x00000107d93a0000-0x00000107d9473fff]
Sep 24 06:23:26 omarchy-m2 kernel:   node   0: [mem 0x00000107d9478000-0x00000107d94a3fff]
Sep 24 06:23:26 omarchy-m2 kernel:   node   0: [mem 0x00000107d94a4000-0x00000107d94cbfff]
Sep 24 06:23:26 omarchy-m2 kernel:   node   0: [mem 0x00000107d94cc000-0x00000107d9783fff]
Sep 24 06:23:26 omarchy-m2 kernel:   node   0: [mem 0x00000107db37c000-0x00000107e6363fff]
Sep 24 06:23:26 omarchy-m2 kernel:   node   0: [mem 0x00000107fff70000-0x00000107fff73fff]
Sep 24 06:23:26 omarchy-m2 kernel:   node   0: [mem 0x00000107fff78000-0x00000107fffbbfff]
Sep 24 06:23:26 omarchy-m2 kernel: Initmem setup node 0 [mem 0x0000010000230000-0x00000107fffbbfff]
Sep 24 06:23:26 omarchy-m2 kernel: On node 0, zone DMA: 140 pages in unavailable ranges
Sep 24 06:23:26 omarchy-m2 kernel: On node 0, zone DMA: 114 pages in unavailable ranges
Sep 24 06:23:26 omarchy-m2 kernel: On node 0, zone DMA: 45 pages in unavailable ranges
Sep 24 06:23:26 omarchy-m2 kernel: On node 0, zone DMA: 347 pages in unavailable ranges
Sep 24 06:23:26 omarchy-m2 kernel: On node 0, zone DMA: 50 pages in unavailable ranges
Sep 24 06:23:26 omarchy-m2 kernel: On node 0, zone DMA: 1 pages in unavailable ranges
Sep 24 06:23:26 omarchy-m2 kernel: On node 0, zone DMA: 1790 pages in unavailable ranges
Sep 24 06:23:26 omarchy-m2 kernel: On node 0, zone DMA: 9987 pages in unavailable ranges
Sep 24 06:23:26 omarchy-m2 kernel: On node 0, zone DMA: 1 pages in unavailable ranges
Sep 24 06:23:26 omarchy-m2 kernel: On node 0, zone DMA: 17 pages in unavailable ranges
Sep 24 06:23:26 omarchy-m2 kernel: percpu: Embedded 9 pages/cpu s103320 r8192 d35944 u147456
Sep 24 06:23:26 omarchy-m2 kernel: pcpu-alloc: s103320 r8192 d35944 u147456 alloc=9*16384
Sep 24 06:23:26 omarchy-m2 kernel: pcpu-alloc: [0] 00 [0] 01 [0] 02 [0] 03 [0] 04 [0] 05 [0] 06 [0] 07 
Sep 24 06:23:26 omarchy-m2 kernel: pcpu-alloc: [0] 08 [0] 09 [0] 10 [0] 11 
Sep 24 06:23:26 omarchy-m2 kernel: Detected PIPT I-cache on CPU0
Sep 24 06:23:26 omarchy-m2 kernel: CPU features: detected: Address authentication (IMP DEF algorithm)
Sep 24 06:23:26 omarchy-m2 kernel: CPU features: detected: Virtualization Host Extensions
Sep 24 06:23:26 omarchy-m2 kernel: CPU features: detected: Spectre-v4
Sep 24 06:23:26 omarchy-m2 kernel: CPU features: detected: Spectre-BHB
Sep 24 06:23:26 omarchy-m2 kernel: CPU features: detected: Apple IMPDEF PMUv3 Traps
Sep 24 06:23:26 omarchy-m2 kernel: alternatives: applying boot alternatives
Sep 24 06:23:26 omarchy-m2 kernel: Kernel command line: BOOT_IMAGE=/vmlinuz-linux-aurora root=UUID=725346d2-f127-47bc-b464-9dd46155e8d6 rw rootflags=subvol=@ cryptdevice=UUID=de26457c-f363-450f-916a-888a0b9b1fd6:root:allow-discards loglevel=3 quiet splash
Sep 24 06:23:26 omarchy-m2 kernel: Unknown kernel command line parameters "splash cryptdevice=UUID=de26457c-f363-450f-916a-888a0b9b1fd6:root:allow-discards", will be passed to user space.
Sep 24 06:23:26 omarchy-m2 kernel: printk: log buffer data + meta data: 262144 + 1114112 = 1376256 bytes
Sep 24 06:23:26 omarchy-m2 kernel: Dentry cache hash table entries: 4194304 (order: 11, 33554432 bytes, linear)
Sep 24 06:23:26 omarchy-m2 kernel: Inode-cache hash table entries: 2097152 (order: 10, 16777216 bytes, linear)
Sep 24 06:23:26 omarchy-m2 kernel: software IO TLB: SWIOTLB bounce buffer size adjusted to 31MB
Sep 24 06:23:26 omarchy-m2 kernel: software IO TLB: area num 16.
Sep 24 06:23:26 omarchy-m2 kernel: software IO TLB: SWIOTLB bounce buffer size roundup to 32MB
Sep 24 06:23:26 omarchy-m2 kernel: software IO TLB: mapped [mem 0x00000107d228c000-0x00000107d428c000] (32MB)
Sep 24 06:23:26 omarchy-m2 kernel: Built 1 zonelists, mobility grouping on.  Total pages: 2068276
Sep 24 06:23:26 omarchy-m2 kernel: mem auto-init: stack:off, heap alloc:on, heap free:off
Sep 24 06:23:26 omarchy-m2 kernel: SLUB: HWalign=64, Order=0-3, MinObjects=0, CPUs=12, Nodes=1
Sep 24 06:23:26 omarchy-m2 kernel: Dynamic Preempt: full
Sep 24 06:23:26 omarchy-m2 kernel: rcu: Preemptible hierarchical RCU implementation.
Sep 24 06:23:26 omarchy-m2 kernel: rcu:         RCU restricting CPUs from NR_CPUS=64 to nr_cpu_ids=12.
Sep 24 06:23:26 omarchy-m2 kernel:         Trampoline variant of Tasks RCU enabled.
Sep 24 06:23:26 omarchy-m2 kernel:         Tracing variant of Tasks RCU enabled.
Sep 24 06:23:26 omarchy-m2 kernel: rcu: RCU calculated value of scheduler-enlistment delay is 100 jiffies.
Sep 24 06:23:26 omarchy-m2 kernel: rcu: Adjusting geometry for rcu_fanout_leaf=16, nr_cpu_ids=12
Sep 24 06:23:26 omarchy-m2 kernel: RCU Tasks: Setting shift to 4 and lim to 1 rcu_task_cb_adjust=1 rcu_task_cpu_ids=12.
Sep 24 06:23:26 omarchy-m2 kernel: NR_IRQS: 64, nr_irqs: 64, preallocated irqs: 0
Sep 24 06:23:26 omarchy-m2 kernel: Root IRQ handler: aic_handle_irq
Sep 24 06:23:26 omarchy-m2 kernel: Root FIQ handler: aic_handle_fiq
Sep 24 06:23:26 omarchy-m2 kernel: irq_apple_aic: Using Fast IPIs
Sep 24 06:23:26 omarchy-m2 kernel: irq_apple_aic: Initialized with 1961/4096 IRQs * 1/8 die(s), 7 FIQs, 32 vIPIs
Sep 24 06:23:26 omarchy-m2 kernel: rcu: srcu_init: Setting srcu_struct sizes based on contention.
Sep 24 06:23:26 omarchy-m2 kernel: clocksource: jiffies: mask: 0xffffffff max_cycles: 0xffffffff, max_idle_ns: 1911260446275000 ns
Sep 24 06:23:26 omarchy-m2 kernel: arch_timer: cp15 timer running at 24.00MHz (phys).
Sep 24 06:23:26 omarchy-m2 kernel: clocksource: arch_sys_counter: mask: 0xffffffffffffff max_cycles: 0x588fe9dc0, max_idle_ns: 440795202592 ns
Sep 24 06:23:26 omarchy-m2 kernel: sched_clock: 56 bits at 24MHz, resolution 41ns, wraps every 4398046511097ns
Sep 24 06:23:26 omarchy-m2 kernel: Console: colour dummy device 80x25
Sep 24 06:23:26 omarchy-m2 kernel: printk: legacy console [tty0] enabled
Sep 24 06:23:26 omarchy-m2 kernel: Calibrating delay loop (skipped), value calculated using timer frequency.. 48.00 BogoMIPS (lpj=24000)
Sep 24 06:23:26 omarchy-m2 kernel: pid_max: default: 32768 minimum: 301
Sep 24 06:23:26 omarchy-m2 kernel: landlock: Up and running.
Sep 24 06:23:26 omarchy-m2 kernel: Yama: becoming mindful.
Sep 24 06:23:26 omarchy-m2 kernel: AppArmor: AppArmor initialized
Sep 24 06:23:26 omarchy-m2 kernel: Mount-cache hash table entries: 65536 (order: 5, 524288 bytes, linear)
Sep 24 06:23:26 omarchy-m2 kernel: Mountpoint-cache hash table entries: 65536 (order: 5, 524288 bytes, linear)
Sep 24 06:23:26 omarchy-m2 kernel: VFS: Finished mounting rootfs on nullfs
Sep 24 06:23:26 omarchy-m2 kernel: rcu: Hierarchical SRCU implementation.
Sep 24 06:23:26 omarchy-m2 kernel: rcu:         Max phase no-delay instances is 400.
Sep 24 06:23:26 omarchy-m2 kernel: Timer migration: 2 hierarchy levels; 8 children per group; 2 crossnode level
Sep 24 06:23:26 omarchy-m2 kernel: Remapping and enabling EFI services.
Sep 24 06:23:26 omarchy-m2 kernel: smp: Bringing up secondary CPUs ...
Sep 24 06:23:26 omarchy-m2 kernel: Detected PIPT I-cache on CPU1
Sep 24 06:23:26 omarchy-m2 kernel: CPU1: Booted secondary processor 0x0000000001 [0x611f0340]
Sep 24 06:23:26 omarchy-m2 kernel: Detected PIPT I-cache on CPU2
Sep 24 06:23:26 omarchy-m2 kernel: CPU2: Booted secondary processor 0x0000000002 [0x611f0340]
Sep 24 06:23:26 omarchy-m2 kernel: Detected PIPT I-cache on CPU3
Sep 24 06:23:26 omarchy-m2 kernel: CPU3: Booted secondary processor 0x0000000003 [0x611f0340]
Sep 24 06:23:26 omarchy-m2 kernel: Detected PIPT I-cache on CPU4
Sep 24 06:23:26 omarchy-m2 kernel: CPU4: Booted secondary processor 0x0000010100 [0x611f0350]
Sep 24 06:23:26 omarchy-m2 kernel: Detected PIPT I-cache on CPU5
Sep 24 06:23:26 omarchy-m2 kernel: CPU5: Booted secondary processor 0x0000010101 [0x611f0350]
Sep 24 06:23:26 omarchy-m2 kernel: Detected PIPT I-cache on CPU6
Sep 24 06:23:26 omarchy-m2 kernel: CPU6: Booted secondary processor 0x0000010102 [0x611f0350]
Sep 24 06:23:26 omarchy-m2 kernel: Detected PIPT I-cache on CPU7
Sep 24 06:23:26 omarchy-m2 kernel: CPU7: Booted secondary processor 0x0000010103 [0x611f0350]
Sep 24 06:23:26 omarchy-m2 kernel: Detected PIPT I-cache on CPU8
Sep 24 06:23:26 omarchy-m2 kernel: CPU8: Booted secondary processor 0x0000010200 [0x611f0350]
Sep 24 06:23:26 omarchy-m2 kernel: Detected PIPT I-cache on CPU9
Sep 24 06:23:26 omarchy-m2 kernel: CPU9: Booted secondary processor 0x0000010201 [0x611f0350]
Sep 24 06:23:26 omarchy-m2 kernel: Detected PIPT I-cache on CPU10
Sep 24 06:23:26 omarchy-m2 kernel: CPU10: Booted secondary processor 0x0000010202 [0x611f0350]
Sep 24 06:23:26 omarchy-m2 kernel: Detected PIPT I-cache on CPU11
Sep 24 06:23:26 omarchy-m2 kernel: CPU11: Booted secondary processor 0x0000010203 [0x611f0350]
Sep 24 06:23:26 omarchy-m2 kernel: smp: Brought up 1 node, 12 CPUs
Sep 24 06:23:26 omarchy-m2 kernel: SMP: Total of 12 processors activated.
Sep 24 06:23:26 omarchy-m2 kernel: CPU: All CPU(s) started at EL2
Sep 24 06:23:26 omarchy-m2 kernel: CPU features: detected: Branch Target Identification
Sep 24 06:23:26 omarchy-m2 kernel: CPU features: detected: ARMv8.4 Translation Table Level
Sep 24 06:23:26 omarchy-m2 kernel: CPU features: detected: Data cache clean to the PoU not required for I/D coherence
Sep 24 06:23:26 omarchy-m2 kernel: CPU features: detected: Common not Private translations
Sep 24 06:23:26 omarchy-m2 kernel: CPU features: detected: CRC32 instructions
Sep 24 06:23:26 omarchy-m2 kernel: CPU features: detected: Data independent timing control (DIT)
Sep 24 06:23:26 omarchy-m2 kernel: CPU features: detected: E0PD
Sep 24 06:23:26 omarchy-m2 kernel: CPU features: detected: Enhanced Counter Virtualization
Sep 24 06:23:26 omarchy-m2 kernel: CPU features: detected: Enhanced Virtualization Traps
Sep 24 06:23:26 omarchy-m2 kernel: CPU features: detected: Fine Grained Traps
Sep 24 06:23:26 omarchy-m2 kernel: CPU features: detected: Generic authentication (IMP DEF algorithm)
Sep 24 06:23:26 omarchy-m2 kernel: CPU features: detected: RCpc load-acquire (LDAPR)
Sep 24 06:23:26 omarchy-m2 kernel: CPU features: detected: LSE atomic instructions
Sep 24 06:23:26 omarchy-m2 kernel: CPU features: detected: Privileged Access Never
Sep 24 06:23:26 omarchy-m2 kernel: CPU features: detected: RAS Extension Support
Sep 24 06:23:26 omarchy-m2 kernel: CPU features: detected: Speculation barrier (SB)
Sep 24 06:23:26 omarchy-m2 kernel: CPU features: detected: Stage-2 Force Write-Back
Sep 24 06:23:26 omarchy-m2 kernel: CPU features: detected: TLB range maintenance instructions
Sep 24 06:23:26 omarchy-m2 kernel: CPU features: detected: XNX
Sep 24 06:23:26 omarchy-m2 kernel: CPU features: detected: Speculative Store Bypassing Safe (SSBS)
Sep 24 06:23:26 omarchy-m2 kernel: alternatives: applying system-wide alternatives
Sep 24 06:23:26 omarchy-m2 kernel: CPU features: detected: ACTLR virtualization (architectural?)
Sep 24 06:23:26 omarchy-m2 kernel: CPU features: detected: ICV_DIR_EL1 trapping
Sep 24 06:23:26 omarchy-m2 kernel: CPU features: detected: TSO memory model (Apple)
Sep 24 06:23:26 omarchy-m2 kernel: Memory: 32517184K/33092416K available (16192K kernel code, 2850K rwdata, 11904K rodata, 2048K init, 664K bss, 496560K reserved, 65536K cma-reserved)
Sep 24 06:23:26 omarchy-m2 kernel: devtmpfs: initialized
Sep 24 06:23:26 omarchy-m2 kernel: posixtimers hash table entries: 8192 (order: 3, 131072 bytes, linear)
Sep 24 06:23:26 omarchy-m2 kernel: futex hash table entries: 4096 (262144 bytes on 1 NUMA nodes, total 256 KiB, linear).
Sep 24 06:23:26 omarchy-m2 kernel: 6060 pages in range for non-PLT usage
Sep 24 06:23:26 omarchy-m2 kernel: 128940 pages in range for PLT usage
Sep 24 06:23:26 omarchy-m2 kernel: DMI: SMBIOS 3.7.0 present.
Sep 24 06:23:26 omarchy-m2 kernel: DMI: Apple Inc. Mac14,10/J416s, BIOS 2026.07 07/01/2026
Sep 24 06:23:26 omarchy-m2 kernel: DMI: Memory slots populated: 1/1
Sep 24 06:23:26 omarchy-m2 kernel: NET: Registered PF_NETLINK/PF_ROUTE protocol family
Sep 24 06:23:26 omarchy-m2 kernel: DMA: preallocated 4096 KiB GFP_KERNEL|GFP_DMA pool for atomic allocations
Sep 24 06:23:26 omarchy-m2 kernel: audit: initializing netlink subsys (disabled)
Sep 24 06:23:26 omarchy-m2 kernel: audit: type=2000 audit(0.011:1): state=initialized audit_enabled=0 res=1
Sep 24 06:23:26 omarchy-m2 kernel: thermal_sys: Registered thermal governor 'fair_share'
Sep 24 06:23:26 omarchy-m2 kernel: thermal_sys: Registered thermal governor 'bang_bang'
Sep 24 06:23:26 omarchy-m2 kernel: thermal_sys: Registered thermal governor 'step_wise'
Sep 24 06:23:26 omarchy-m2 kernel: thermal_sys: Registered thermal governor 'user_space'
Sep 24 06:23:26 omarchy-m2 kernel: thermal_sys: Registered thermal governor 'power_allocator'
Sep 24 06:23:26 omarchy-m2 kernel: cpuidle: using governor ladder
Sep 24 06:23:26 omarchy-m2 kernel: cpuidle: using governor menu
Sep 24 06:23:26 omarchy-m2 kernel: hw-breakpoint: found 6 breakpoint and 4 watchpoint registers.
Sep 24 06:23:26 omarchy-m2 kernel: ASID allocator initialised with 256 entries
Sep 24 06:23:26 omarchy-m2 kernel: /soc/i2c@39b040000/usb-pd@38/connector: Fixed dependency cycle(s) with /soc/dcp@289c00000/typec-routes/route@0
Sep 24 06:23:26 omarchy-m2 kernel: /soc/i2c@39b040000/usb-pd@38/connector: Fixed dependency cycle(s) with /soc/dcp@315c00000/typec-routes/route@0
Sep 24 06:23:26 omarchy-m2 kernel: /soc/i2c@39b040000/usb-pd@38/connector: Fixed dependency cycle(s) with /soc/cio@701ac0000
Sep 24 06:23:26 omarchy-m2 kernel: /soc/i2c@39b040000/usb-pd@38/connector: Fixed dependency cycle(s) with /soc/phy@703000000
Sep 24 06:23:26 omarchy-m2 kernel: /soc/i2c@39b040000/usb-pd@38/connector: Fixed dependency cycle(s) with /soc/usb@702280000
Sep 24 06:23:26 omarchy-m2 kernel: /soc/i2c@39b040000/usb-pd@3f/connector: Fixed dependency cycle(s) with /soc/dcp@289c00000/typec-routes/route@1
Sep 24 06:23:26 omarchy-m2 kernel: /soc/i2c@39b040000/usb-pd@3f/connector: Fixed dependency cycle(s) with /soc/dcp@315c00000/typec-routes/route@1
Sep 24 06:23:26 omarchy-m2 kernel: /soc/i2c@39b040000/usb-pd@3f/connector: Fixed dependency cycle(s) with /soc/cio@b01ac0000
Sep 24 06:23:26 omarchy-m2 kernel: /soc/i2c@39b040000/usb-pd@3f/connector: Fixed dependency cycle(s) with /soc/phy@b03000000
Sep 24 06:23:26 omarchy-m2 kernel: /soc/i2c@39b040000/usb-pd@3f/connector: Fixed dependency cycle(s) with /soc/usb@b02280000
Sep 24 06:23:26 omarchy-m2 kernel: /soc/i2c@39b040000/usb-pd@3b/connector: Fixed dependency cycle(s) with /soc/dcp@289c00000/typec-routes/route@2
Sep 24 06:23:26 omarchy-m2 kernel: /soc/i2c@39b040000/usb-pd@3b/connector: Fixed dependency cycle(s) with /soc/dcp@315c00000/typec-routes/route@2
Sep 24 06:23:26 omarchy-m2 kernel: /soc/i2c@39b040000/usb-pd@3b/connector: Fixed dependency cycle(s) with /soc/cio@f01ac0000
Sep 24 06:23:26 omarchy-m2 kernel: /soc/i2c@39b040000/usb-pd@3b/connector: Fixed dependency cycle(s) with /soc/phy@f03000000
Sep 24 06:23:26 omarchy-m2 kernel: /soc/i2c@39b040000/usb-pd@3b/connector: Fixed dependency cycle(s) with /soc/usb@f02280000
Sep 24 06:23:26 omarchy-m2 kernel: /soc/pcie@580000000: Fixed dependency cycle(s) with /soc/pcie@580000000
Sep 24 06:23:26 omarchy-m2 kernel: /soc/pcie@580000000/pci@0,0: Fixed dependency cycle(s) with /soc/pcie@580000000/pci@0,0
Sep 24 06:23:26 omarchy-m2 kernel: /soc/pcie@580000000/pci@1,0: Fixed dependency cycle(s) with /soc/pcie@580000000/pci@1,0
Sep 24 06:23:26 omarchy-m2 kernel: /soc/dcp@289c00000: Fixed dependency cycle(s) with /soc/audio-controller@39b504000
Sep 24 06:23:26 omarchy-m2 kernel: /soc/dcp@289c00000: Fixed dependency cycle(s) with /soc/phy@1303000000
Sep 24 06:23:26 omarchy-m2 kernel: /soc/dcp@289c00000/typec-routes/route@0: Fixed dependency cycle(s) with /soc/i2c@39b040000/usb-pd@38/connector
Sep 24 06:23:26 omarchy-m2 kernel: /soc/dcp@289c00000/typec-routes/route@1: Fixed dependency cycle(s) with /soc/i2c@39b040000/usb-pd@3f/connector
Sep 24 06:23:26 omarchy-m2 kernel: /soc/dcp@289c00000/typec-routes/route@2: Fixed dependency cycle(s) with /soc/i2c@39b040000/usb-pd@3b/connector
Sep 24 06:23:26 omarchy-m2 kernel: /soc/dcp@315c00000: Fixed dependency cycle(s) with /soc/audio-controller@39b508000
Sep 24 06:23:26 omarchy-m2 kernel: /soc/dcp@315c00000/typec-routes/route@0: Fixed dependency cycle(s) with /soc/i2c@39b040000/usb-pd@38/connector
Sep 24 06:23:26 omarchy-m2 kernel: /soc/dcp@315c00000/typec-routes/route@1: Fixed dependency cycle(s) with /soc/i2c@39b040000/usb-pd@3f/connector
Sep 24 06:23:26 omarchy-m2 kernel: /soc/dcp@315c00000/typec-routes/route@2: Fixed dependency cycle(s) with /soc/i2c@39b040000/usb-pd@3b/connector
Sep 24 06:23:26 omarchy-m2 kernel: /soc/audio-controller@39b504000: Fixed dependency cycle(s) with /soc/dcp@289c00000
Sep 24 06:23:26 omarchy-m2 kernel: /soc/audio-controller@39b508000: Fixed dependency cycle(s) with /soc/dcp@315c00000
Sep 24 06:23:26 omarchy-m2 kernel: /soc/cio@701ac0000: Fixed dependency cycle(s) with /soc/i2c@39b040000/usb-pd@38/connector
Sep 24 06:23:26 omarchy-m2 kernel: /soc/usb4-pcie-tunnel-0/pcie@730000000: Fixed dependency cycle(s) with /soc/usb4-pcie-tunnel-0/pcie@730000000
Sep 24 06:23:26 omarchy-m2 kernel: /soc/usb4-pcie-tunnel-0/pcie@730000000/pci@0,0: Fixed dependency cycle(s) with /soc/usb4-pcie-tunnel-0/pcie@730000000/pci@0,0
Sep 24 06:23:26 omarchy-m2 kernel: /soc/usb@702280000: Fixed dependency cycle(s) with /soc/i2c@39b040000/usb-pd@38/connector
Sep 24 06:23:26 omarchy-m2 kernel: /soc/usb@702280000: Fixed dependency cycle(s) with /soc/phy@703000000
Sep 24 06:23:26 omarchy-m2 kernel: /soc/phy@703000000: Fixed dependency cycle(s) with /soc/usb@702280000
Sep 24 06:23:26 omarchy-m2 kernel: /soc/phy@703000000: Fixed dependency cycle(s) with /soc/i2c@39b040000/usb-pd@38/connector
Sep 24 06:23:26 omarchy-m2 kernel: /soc/cio@b01ac0000: Fixed dependency cycle(s) with /soc/i2c@39b040000/usb-pd@3f/connector
Sep 24 06:23:26 omarchy-m2 kernel: /soc/usb4-pcie-tunnel-1/pcie@b30000000: Fixed dependency cycle(s) with /soc/usb4-pcie-tunnel-1/pcie@b30000000
Sep 24 06:23:26 omarchy-m2 kernel: /soc/usb4-pcie-tunnel-1/pcie@b30000000/pci@0,0: Fixed dependency cycle(s) with /soc/usb4-pcie-tunnel-1/pcie@b30000000/pci@0,0
Sep 24 06:23:26 omarchy-m2 kernel: /soc/usb@b02280000: Fixed dependency cycle(s) with /soc/i2c@39b040000/usb-pd@3f/connector
Sep 24 06:23:26 omarchy-m2 kernel: /soc/usb@b02280000: Fixed dependency cycle(s) with /soc/phy@b03000000
Sep 24 06:23:26 omarchy-m2 kernel: /soc/phy@b03000000: Fixed dependency cycle(s) with /soc/usb@b02280000
Sep 24 06:23:26 omarchy-m2 kernel: /soc/phy@b03000000: Fixed dependency cycle(s) with /soc/i2c@39b040000/usb-pd@3f/connector
Sep 24 06:23:26 omarchy-m2 kernel: /soc/cio@f01ac0000: Fixed dependency cycle(s) with /soc/i2c@39b040000/usb-pd@3b/connector
Sep 24 06:23:26 omarchy-m2 kernel: /soc/usb4-pcie-tunnel-2/pcie@f30000000: Fixed dependency cycle(s) with /soc/usb4-pcie-tunnel-2/pcie@f30000000
Sep 24 06:23:26 omarchy-m2 kernel: /soc/usb4-pcie-tunnel-2/pcie@f30000000/pci@0,0: Fixed dependency cycle(s) with /soc/usb4-pcie-tunnel-2/pcie@f30000000/pci@0,0
Sep 24 06:23:26 omarchy-m2 kernel: /soc/usb@f02280000: Fixed dependency cycle(s) with /soc/i2c@39b040000/usb-pd@3b/connector
Sep 24 06:23:26 omarchy-m2 kernel: /soc/usb@f02280000: Fixed dependency cycle(s) with /soc/phy@f03000000
Sep 24 06:23:26 omarchy-m2 kernel: /soc/phy@f03000000: Fixed dependency cycle(s) with /soc/usb@f02280000
Sep 24 06:23:26 omarchy-m2 kernel: /soc/phy@f03000000: Fixed dependency cycle(s) with /soc/i2c@39b040000/usb-pd@3b/connector
Sep 24 06:23:26 omarchy-m2 kernel: /soc/usb4-pcie-tunnel-3/pcie@1330000000: Fixed dependency cycle(s) with /soc/usb4-pcie-tunnel-3/pcie@1330000000
Sep 24 06:23:26 omarchy-m2 kernel: /soc/usb4-pcie-tunnel-3/pcie@1330000000/pci@0,0: Fixed dependency cycle(s) with /soc/usb4-pcie-tunnel-3/pcie@1330000000/pci@0,0
Sep 24 06:23:26 omarchy-m2 kernel: /soc/phy@1303000000: Fixed dependency cycle(s) with /soc/dcp@289c00000
Sep 24 06:23:26 omarchy-m2 kernel: /soc/i2c@39b040000/usb-pd@38/connector: Fixed dependency cycle(s) with /soc/dcp@289c00000/typec-routes/route@0
Sep 24 06:23:26 omarchy-m2 kernel: /soc/i2c@39b040000/usb-pd@38/connector: Fixed dependency cycle(s) with /soc/dcp@315c00000/typec-routes/route@0
Sep 24 06:23:26 omarchy-m2 kernel: /soc/i2c@39b040000/usb-pd@38/connector: Fixed dependency cycle(s) with /soc/cio@701ac0000
Sep 24 06:23:26 omarchy-m2 kernel: /soc/i2c@39b040000/usb-pd@38/connector: Fixed dependency cycle(s) with /soc/phy@703000000
Sep 24 06:23:26 omarchy-m2 kernel: /soc/i2c@39b040000/usb-pd@38/connector: Fixed dependency cycle(s) with /soc/usb@702280000
Sep 24 06:23:26 omarchy-m2 kernel: /soc/i2c@39b040000/usb-pd@3f/connector: Fixed dependency cycle(s) with /soc/dcp@289c00000/typec-routes/route@1
Sep 24 06:23:26 omarchy-m2 kernel: /soc/i2c@39b040000/usb-pd@3f/connector: Fixed dependency cycle(s) with /soc/dcp@315c00000/typec-routes/route@1
Sep 24 06:23:26 omarchy-m2 kernel: /soc/i2c@39b040000/usb-pd@3f/connector: Fixed dependency cycle(s) with /soc/cio@b01ac0000
Sep 24 06:23:26 omarchy-m2 kernel: /soc/i2c@39b040000/usb-pd@3f/connector: Fixed dependency cycle(s) with /soc/phy@b03000000
Sep 24 06:23:26 omarchy-m2 kernel: /soc/i2c@39b040000/usb-pd@3f/connector: Fixed dependency cycle(s) with /soc/usb@b02280000
Sep 24 06:23:26 omarchy-m2 kernel: /soc/i2c@39b040000/usb-pd@3b/connector: Fixed dependency cycle(s) with /soc/dcp@289c00000/typec-routes/route@2
Sep 24 06:23:26 omarchy-m2 kernel: /soc/i2c@39b040000/usb-pd@3b/connector: Fixed dependency cycle(s) with /soc/dcp@315c00000/typec-routes/route@2
Sep 24 06:23:26 omarchy-m2 kernel: /soc/i2c@39b040000/usb-pd@3b/connector: Fixed dependency cycle(s) with /soc/cio@f01ac0000
Sep 24 06:23:26 omarchy-m2 kernel: /soc/i2c@39b040000/usb-pd@3b/connector: Fixed dependency cycle(s) with /soc/phy@f03000000
Sep 24 06:23:26 omarchy-m2 kernel: /soc/i2c@39b040000/usb-pd@3b/connector: Fixed dependency cycle(s) with /soc/usb@f02280000
Sep 24 06:23:26 omarchy-m2 kernel: /soc/pcie@580000000: Fixed dependency cycle(s) with /soc/pcie@580000000
Sep 24 06:23:26 omarchy-m2 kernel: /soc/pcie@580000000/pci@0,0: Fixed dependency cycle(s) with /soc/pcie@580000000/pci@0,0
Sep 24 06:23:26 omarchy-m2 kernel: /soc/pcie@580000000/pci@1,0: Fixed dependency cycle(s) with /soc/pcie@580000000/pci@1,0
Sep 24 06:23:26 omarchy-m2 kernel: /soc/dcp@289c00000: Fixed dependency cycle(s) with /soc/audio-controller@39b504000
Sep 24 06:23:26 omarchy-m2 kernel: /soc/dcp@289c00000: Fixed dependency cycle(s) with /soc/phy@f03000000
Sep 24 06:23:26 omarchy-m2 kernel: /soc/dcp@289c00000: Fixed dependency cycle(s) with /soc/phy@b03000000
Sep 24 06:23:26 omarchy-m2 kernel: /soc/dcp@289c00000: Fixed dependency cycle(s) with /soc/phy@703000000
Sep 24 06:23:26 omarchy-m2 kernel: /soc/dcp@289c00000: Fixed dependency cycle(s) with /soc/phy@1303000000
Sep 24 06:23:26 omarchy-m2 kernel: /soc/dcp@289c00000/typec-routes/route@0: Fixed dependency cycle(s) with /soc/i2c@39b040000/usb-pd@38/connector
Sep 24 06:23:26 omarchy-m2 kernel: /soc/dcp@289c00000/typec-routes/route@1: Fixed dependency cycle(s) with /soc/i2c@39b040000/usb-pd@3f/connector
Sep 24 06:23:26 omarchy-m2 kernel: /soc/dcp@289c00000/typec-routes/route@2: Fixed dependency cycle(s) with /soc/i2c@39b040000/usb-pd@3b/connector
Sep 24 06:23:26 omarchy-m2 kernel: /soc/dcp@315c00000: Fixed dependency cycle(s) with /soc/audio-controller@39b508000
Sep 24 06:23:26 omarchy-m2 kernel: /soc/dcp@315c00000: Fixed dependency cycle(s) with /soc/phy@f03000000
Sep 24 06:23:26 omarchy-m2 kernel: /soc/dcp@315c00000: Fixed dependency cycle(s) with /soc/phy@b03000000
Sep 24 06:23:26 omarchy-m2 kernel: /soc/dcp@315c00000: Fixed dependency cycle(s) with /soc/phy@703000000
Sep 24 06:23:26 omarchy-m2 kernel: /soc/dcp@315c00000/typec-routes/route@0: Fixed dependency cycle(s) with /soc/i2c@39b040000/usb-pd@38/connector
Sep 24 06:23:26 omarchy-m2 kernel: /soc/dcp@315c00000/typec-routes/route@1: Fixed dependency cycle(s) with /soc/i2c@39b040000/usb-pd@3f/connector
Sep 24 06:23:26 omarchy-m2 kernel: /soc/dcp@315c00000/typec-routes/route@2: Fixed dependency cycle(s) with /soc/i2c@39b040000/usb-pd@3b/connector
Sep 24 06:23:26 omarchy-m2 kernel: /soc/dcp@289c00000: Fixed dependency cycle(s) with /soc/audio-controller@39b504000
Sep 24 06:23:26 omarchy-m2 kernel: /soc/audio-controller@39b504000: Fixed dependency cycle(s) with /soc/dcp@289c00000
Sep 24 06:23:26 omarchy-m2 kernel: /soc/dcp@315c00000: Fixed dependency cycle(s) with /soc/audio-controller@39b508000
Sep 24 06:23:26 omarchy-m2 kernel: /soc/audio-controller@39b508000: Fixed dependency cycle(s) with /soc/dcp@315c00000
Sep 24 06:23:26 omarchy-m2 kernel: /soc/i2c@39b040000/usb-pd@38/connector: Fixed dependency cycle(s) with /soc/cio@701ac0000
Sep 24 06:23:26 omarchy-m2 kernel: /soc/cio@701ac0000: Fixed dependency cycle(s) with /soc/i2c@39b040000/usb-pd@38/connector
Sep 24 06:23:26 omarchy-m2 kernel: /soc/i2c@39b040000/usb-pd@38/connector: Fixed dependency cycle(s) with /soc/usb@702280000
Sep 24 06:23:26 omarchy-m2 kernel: /soc/usb@702280000: Fixed dependency cycle(s) with /soc/i2c@39b040000/usb-pd@38/connector
Sep 24 06:23:26 omarchy-m2 kernel: /soc/usb@702280000: Fixed dependency cycle(s) with /soc/phy@703000000
Sep 24 06:23:26 omarchy-m2 kernel: /soc/usb@702280000: Fixed dependency cycle(s) with /soc/phy@703000000
Sep 24 06:23:26 omarchy-m2 kernel: /soc/dcp@315c00000: Fixed dependency cycle(s) with /soc/phy@703000000
Sep 24 06:23:26 omarchy-m2 kernel: /soc/dcp@289c00000: Fixed dependency cycle(s) with /soc/phy@703000000
Sep 24 06:23:26 omarchy-m2 kernel: /soc/i2c@39b040000/usb-pd@38/connector: Fixed dependency cycle(s) with /soc/phy@703000000
Sep 24 06:23:26 omarchy-m2 kernel: /soc/phy@703000000: Fixed dependency cycle(s) with /soc/usb@702280000
Sep 24 06:23:26 omarchy-m2 kernel: /soc/phy@703000000: Fixed dependency cycle(s) with /soc/i2c@39b040000/usb-pd@38/connector
Sep 24 06:23:26 omarchy-m2 kernel: /soc/i2c@39b040000/usb-pd@3f/connector: Fixed dependency cycle(s) with /soc/cio@b01ac0000
Sep 24 06:23:26 omarchy-m2 kernel: /soc/cio@b01ac0000: Fixed dependency cycle(s) with /soc/i2c@39b040000/usb-pd@3f/connector
Sep 24 06:23:26 omarchy-m2 kernel: /soc/i2c@39b040000/usb-pd@3f/connector: Fixed dependency cycle(s) with /soc/usb@b02280000
Sep 24 06:23:26 omarchy-m2 kernel: /soc/usb@b02280000: Fixed dependency cycle(s) with /soc/i2c@39b040000/usb-pd@3f/connector
Sep 24 06:23:26 omarchy-m2 kernel: /soc/usb@b02280000: Fixed dependency cycle(s) with /soc/phy@b03000000
Sep 24 06:23:26 omarchy-m2 kernel: /soc/usb@b02280000: Fixed dependency cycle(s) with /soc/phy@b03000000
Sep 24 06:23:26 omarchy-m2 kernel: /soc/dcp@315c00000: Fixed dependency cycle(s) with /soc/phy@b03000000
Sep 24 06:23:26 omarchy-m2 kernel: /soc/dcp@289c00000: Fixed dependency cycle(s) with /soc/phy@b03000000
Sep 24 06:23:26 omarchy-m2 kernel: /soc/i2c@39b040000/usb-pd@3f/connector: Fixed dependency cycle(s) with /soc/phy@b03000000
Sep 24 06:23:26 omarchy-m2 kernel: /soc/phy@b03000000: Fixed dependency cycle(s) with /soc/usb@b02280000
Sep 24 06:23:26 omarchy-m2 kernel: /soc/phy@b03000000: Fixed dependency cycle(s) with /soc/i2c@39b040000/usb-pd@3f/connector
Sep 24 06:23:26 omarchy-m2 kernel: /soc/i2c@39b040000/usb-pd@3b/connector: Fixed dependency cycle(s) with /soc/cio@f01ac0000
Sep 24 06:23:26 omarchy-m2 kernel: /soc/cio@f01ac0000: Fixed dependency cycle(s) with /soc/i2c@39b040000/usb-pd@3b/connector
Sep 24 06:23:26 omarchy-m2 kernel: /soc/i2c@39b040000/usb-pd@3b/connector: Fixed dependency cycle(s) with /soc/usb@f02280000
Sep 24 06:23:26 omarchy-m2 kernel: /soc/usb@f02280000: Fixed dependency cycle(s) with /soc/i2c@39b040000/usb-pd@3b/connector
Sep 24 06:23:26 omarchy-m2 kernel: /soc/usb@f02280000: Fixed dependency cycle(s) with /soc/phy@f03000000
Sep 24 06:23:26 omarchy-m2 kernel: /soc/usb@f02280000: Fixed dependency cycle(s) with /soc/phy@f03000000
Sep 24 06:23:26 omarchy-m2 kernel: /soc/dcp@315c00000: Fixed dependency cycle(s) with /soc/phy@f03000000
Sep 24 06:23:26 omarchy-m2 kernel: /soc/dcp@289c00000: Fixed dependency cycle(s) with /soc/phy@f03000000
Sep 24 06:23:26 omarchy-m2 kernel: /soc/i2c@39b040000/usb-pd@3b/connector: Fixed dependency cycle(s) with /soc/phy@f03000000
Sep 24 06:23:26 omarchy-m2 kernel: /soc/phy@f03000000: Fixed dependency cycle(s) with /soc/usb@f02280000
Sep 24 06:23:26 omarchy-m2 kernel: /soc/phy@f03000000: Fixed dependency cycle(s) with /soc/i2c@39b040000/usb-pd@3b/connector
Sep 24 06:23:26 omarchy-m2 kernel: /soc/dcp@289c00000: Fixed dependency cycle(s) with /soc/phy@1303000000
Sep 24 06:23:26 omarchy-m2 kernel: /soc/phy@1303000000: Fixed dependency cycle(s) with /soc/dcp@289c00000
Sep 24 06:23:26 omarchy-m2 kernel: HugeTLB: registered 1.00 GiB page size, pre-allocated 0 pages
Sep 24 06:23:26 omarchy-m2 kernel: HugeTLB: 0 KiB vmemmap can be freed for a 1.00 GiB page
Sep 24 06:23:26 omarchy-m2 kernel: HugeTLB: registered 32.0 MiB page size, pre-allocated 0 pages
Sep 24 06:23:26 omarchy-m2 kernel: HugeTLB: 0 KiB vmemmap can be freed for a 32.0 MiB page
Sep 24 06:23:26 omarchy-m2 kernel: HugeTLB: registered 2.00 MiB page size, pre-allocated 0 pages
Sep 24 06:23:26 omarchy-m2 kernel: HugeTLB: 0 KiB vmemmap can be freed for a 2.00 MiB page
Sep 24 06:23:26 omarchy-m2 kernel: iommu: Default domain type: Translated
Sep 24 06:23:26 omarchy-m2 kernel: iommu: DMA domain TLB invalidation policy: strict mode
Sep 24 06:23:26 omarchy-m2 kernel: SCSI subsystem initialized
Sep 24 06:23:26 omarchy-m2 kernel: usbcore: registered new interface driver usbfs
Sep 24 06:23:26 omarchy-m2 kernel: usbcore: registered new interface driver hub
Sep 24 06:23:26 omarchy-m2 kernel: usbcore: registered new device driver usb
Sep 24 06:23:26 omarchy-m2 kernel: pps_core: LinuxPPS API ver. 1 registered
Sep 24 06:23:26 omarchy-m2 kernel: pps_core: Software ver. 5.3.6 - Copyright 2005-2007 Rodolfo Giometti <giometti@linux.it>
Sep 24 06:23:26 omarchy-m2 kernel: efivars: Registered efivars operations
Sep 24 06:23:26 omarchy-m2 kernel: Advanced Linux Sound Architecture Driver Initialized.
Sep 24 06:23:26 omarchy-m2 kernel: NetLabel: Initializing
Sep 24 06:23:26 omarchy-m2 kernel: NetLabel:  domain hash size = 128
Sep 24 06:23:26 omarchy-m2 kernel: NetLabel:  protocols = UNLABELED CIPSOv4 CALIPSO
Sep 24 06:23:26 omarchy-m2 kernel: NetLabel:  unlabeled traffic allowed by default
Sep 24 06:23:26 omarchy-m2 kernel: vgaarb: loaded
Sep 24 06:23:26 omarchy-m2 kernel: clocksource: Switched to clocksource arch_sys_counter
Sep 24 06:23:26 omarchy-m2 kernel: VFS: Disk quotas dquot_6.6.0
Sep 24 06:23:26 omarchy-m2 kernel: VFS: Dquot-cache hash table entries: 2048 (order 0, 16384 bytes)
Sep 24 06:23:26 omarchy-m2 kernel: AppArmor: AppArmor Filesystem Enabled
Sep 24 06:23:26 omarchy-m2 kernel: NET: Registered PF_INET protocol family
Sep 24 06:23:26 omarchy-m2 kernel: IP idents hash table entries: 262144 (order: 7, 2097152 bytes, linear)
Sep 24 06:23:26 omarchy-m2 kernel: tcp_listen_portaddr_hash hash table entries: 16384 (order: 4, 262144 bytes, linear)
Sep 24 06:23:26 omarchy-m2 kernel: Table-perturb hash table entries: 65536 (order: 4, 262144 bytes, linear)
Sep 24 06:23:26 omarchy-m2 kernel: TCP established hash table entries: 262144 (order: 7, 2097152 bytes, linear)
Sep 24 06:23:26 omarchy-m2 kernel: TCP bind hash table entries: 65536 (order: 7, 2097152 bytes, linear)
Sep 24 06:23:26 omarchy-m2 kernel: TCP: Hash tables configured (established 262144 bind 65536)
Sep 24 06:23:26 omarchy-m2 kernel: MPTCP token hash table entries: 32768 (order: 6, 786432 bytes, linear)
Sep 24 06:23:26 omarchy-m2 kernel: UDP hash table entries: 16384 (order: 6, 1048576 bytes, linear)
Sep 24 06:23:26 omarchy-m2 kernel: NET: Registered PF_UNIX/PF_LOCAL protocol family
Sep 24 06:23:26 omarchy-m2 kernel: RPC: Registered named UNIX socket transport module.
Sep 24 06:23:26 omarchy-m2 kernel: RPC: Registered udp transport module.
Sep 24 06:23:26 omarchy-m2 kernel: RPC: Registered tcp transport module.
Sep 24 06:23:26 omarchy-m2 kernel: RPC: Registered tcp-with-tls transport module.
Sep 24 06:23:26 omarchy-m2 kernel: RPC: Registered tcp NFSv4.1 backchannel transport module.
Sep 24 06:23:26 omarchy-m2 kernel: PCI: CLS 0 bytes, default 64
Sep 24 06:23:26 omarchy-m2 kernel: Trying to unpack rootfs image as initramfs...
Sep 24 06:23:26 omarchy-m2 kernel: kvm [1]: nv: 570 coarse grained trap handlers
Sep 24 06:23:26 omarchy-m2 kernel: kvm [1]: nv: 710 fine grained trap handlers
Sep 24 06:23:26 omarchy-m2 kernel: kvm [1]: IPA Size Limit: 42 bits
Sep 24 06:23:26 omarchy-m2 kernel: kvm [1]: Non-architectural vgic, tainting kernel
Sep 24 06:23:26 omarchy-m2 kernel: kvm [1]: GICv3: no GICV resource entry
Sep 24 06:23:26 omarchy-m2 kernel: kvm [1]: disabling GICv2 emulation
Sep 24 06:23:26 omarchy-m2 kernel: kvm [1]: GICv3 with broken locally generated SEI
Sep 24 06:23:26 omarchy-m2 kernel: kvm [1]: GICv3 sysreg trapping enabled ([G0G1D], reduced performance)
Sep 24 06:23:26 omarchy-m2 kernel: kvm [1]: GIC system register CPU interface enabled
Sep 24 06:23:26 omarchy-m2 kernel: kvm [1]: vgic interrupt IRQ33
Sep 24 06:23:26 omarchy-m2 kernel: kvm [1]: VHE mode initialized successfully
Sep 24 06:23:26 omarchy-m2 kernel: Initialise system trusted keyrings
Sep 24 06:23:26 omarchy-m2 kernel: workingset: timestamp_bits=46 (anon: 42) max_order=21 bucket_order=0 (anon: 0)
Sep 24 06:23:26 omarchy-m2 kernel: NFS: Registering the id_resolver key type
Sep 24 06:23:26 omarchy-m2 kernel: Key type id_resolver registered
Sep 24 06:23:26 omarchy-m2 kernel: Key type id_legacy registered
Sep 24 06:23:26 omarchy-m2 kernel: nfs4filelayout_init: NFSv4 File Layout Driver Registering...
Sep 24 06:23:26 omarchy-m2 kernel: nfs4flexfilelayout_init: NFSv4 Flexfile Layout Driver Registering...
Sep 24 06:23:26 omarchy-m2 kernel: cryptd: max_cpu_qlen set to 1000
Sep 24 06:23:26 omarchy-m2 kernel: NET: Registered PF_ALG protocol family
Sep 24 06:23:26 omarchy-m2 kernel: Key type asymmetric registered
Sep 24 06:23:26 omarchy-m2 kernel: Asymmetric key parser 'x509' registered
Sep 24 06:23:26 omarchy-m2 kernel: Asymmetric key parser 'pkcs8' registered
Sep 24 06:23:26 omarchy-m2 kernel: Block layer SCSI generic (bsg) driver version 0.4 loaded (major 248)
Sep 24 06:23:26 omarchy-m2 kernel: io scheduler mq-deadline registered
Sep 24 06:23:26 omarchy-m2 kernel: io scheduler kyber registered
Sep 24 06:23:26 omarchy-m2 kernel: io scheduler bfq registered
Sep 24 06:23:26 omarchy-m2 kernel: ledtrig-cpu: registered to indicate activity on CPUs
Sep 24 06:23:26 omarchy-m2 kernel: apple-pmgr-pwrstate 28e080000.power-management:power-controller@240: always-on domain atc3_common is not on at boot
Sep 24 06:23:26 omarchy-m2 kernel: apple-pmgr-pwrstate 28e080000.power-management:power-controller@278: always-on domain atc0_pcie is not on at boot
Sep 24 06:23:26 omarchy-m2 kernel: apple-pmgr-pwrstate 28e080000.power-management:power-controller@288: always-on domain atc1_pcie is not on at boot
Sep 24 06:23:26 omarchy-m2 kernel: apple-pmgr-pwrstate 28e080000.power-management:power-controller@298: always-on domain atc2_pcie is not on at boot
Sep 24 06:23:26 omarchy-m2 kernel: apple-pmgr-pwrstate 28e080000.power-management:power-controller@2a8: always-on domain atc3_pcie is not on at boot
Sep 24 06:23:26 omarchy-m2 kernel: apple-pmgr-pwrstate 29e280000.power-management:power-controller@78: always-on domain msg is not on at boot
Sep 24 06:23:26 omarchy-m2 kernel: apple-pmgr-pwrstate 29e280000.power-management:power-controller@a8: always-on domain atc3_usb_aon is not on at boot
Sep 24 06:23:26 omarchy-m2 kernel: 39b200000.serial: ttySAC0 at MMIO 0x39b200000 (irq = 69, base_baud = 0) is a APPLE S5L
Sep 24 06:23:26 omarchy-m2 kernel: apple-dart 28e300000.iommu: DART [pagesize 4000, 16 streams, bypass support: 1, bypass forced: 0, locked: 1, AS 42 -> 42] initialized
Sep 24 06:23:26 omarchy-m2 kernel: platform 2a6980000.dma-controller: Adding to iommu group 0
Sep 24 06:23:26 omarchy-m2 kernel: platform 2a6c00000.aop: Adding to iommu group 1
Sep 24 06:23:26 omarchy-m2 kernel: apple-dart 2a6808000.iommu: DART [pagesize 4000, 16 streams, bypass support: 1, bypass forced: 0, locked: 0, AS 42 -> 42] initialized
Sep 24 06:23:26 omarchy-m2 kernel: apple-dart 2a9808000.iommu: Limiting DMA range to 0x0000010000000000..0x00000100ffffffff
Sep 24 06:23:26 omarchy-m2 kernel: platform 2a9400000.mtp: Adding to iommu group 2
Sep 24 06:23:26 omarchy-m2 kernel: platform 2a9b30000.input: Adding to iommu group 2
Sep 24 06:23:26 omarchy-m2 kernel: apple-dart 2a9808000.iommu: DART [pagesize 4000, 16 streams, bypass support: 1, bypass forced: 0, locked: 0, AS 42 -> 42] initialized
Sep 24 06:23:26 omarchy-m2 kernel: apple-dart 3860e8000.iommu: Limiting DMA range to 0x0000010000000000..0x00000100ffffffff
Sep 24 06:23:26 omarchy-m2 kernel: apple-dart 3860e8000.iommu: DART [pagesize 4000, 16 streams, bypass support: 1, bypass forced: 0, locked: 0, AS 42 -> 42] initialized
Sep 24 06:23:26 omarchy-m2 kernel: apple-dart 3860f4000.iommu: Limiting DMA range to 0x0000010000000000..0x00000100ffffffff
Sep 24 06:23:26 omarchy-m2 kernel: apple-dart 3860f4000.iommu: DART [pagesize 4000, 16 streams, bypass support: 1, bypass forced: 0, locked: 0, AS 42 -> 42] initialized
Sep 24 06:23:26 omarchy-m2 kernel: apple-dart 3860fc000.iommu: Limiting DMA range to 0x0000010000000000..0x00000100ffffffff
Sep 24 06:23:26 omarchy-m2 kernel: platform 384000000.isp: Adding to iommu group 3
Sep 24 06:23:26 omarchy-m2 kernel: apple-dart 3860fc000.iommu: DART [pagesize 4000, 16 streams, bypass support: 1, bypass forced: 0, locked: 0, AS 42 -> 42] initialized
Sep 24 06:23:26 omarchy-m2 kernel: apple-dart 389304000.iommu: Limiting DMA range to 0x0000010000000000..0x0000010fffffffff
Sep 24 06:23:26 omarchy-m2 kernel: apple-dart 389304000.iommu: DART [pagesize 4000, 16 streams, bypass support: 1, bypass forced: 0, locked: 1, AS 42 -> 42] initialized
Sep 24 06:23:26 omarchy-m2 kernel: apple-dart 38930c000.iommu: Limiting DMA range to 0x0000010000000000..0x0000010fffffffff
Sep 24 06:23:26 omarchy-m2 kernel: platform 389c00000.dcp: Adding to iommu group 4
Sep 24 06:23:26 omarchy-m2 kernel: apple-dart 38930c000.iommu: Limited to ias=36 due to lock
Sep 24 06:23:26 omarchy-m2 kernel: apple-dart 38930c000.iommu: DART [pagesize 4000, 16 streams, bypass support: 1, bypass forced: 0, locked: 1, AS 42 -> 42] initialized
Sep 24 06:23:26 omarchy-m2 kernel: apple-dart 594000000.iommu: DART [pagesize 4000, 16 streams, bypass support: 1, bypass forced: 0, locked: 0, AS 42 -> 42] initialized
Sep 24 06:23:26 omarchy-m2 kernel: apple-dart 595000000.iommu: DART [pagesize 4000, 16 streams, bypass support: 1, bypass forced: 0, locked: 0, AS 42 -> 42] initialized
Sep 24 06:23:26 omarchy-m2 kernel: platform 287080000.avd: Adding to iommu group 5
Sep 24 06:23:26 omarchy-m2 kernel: apple-dart 287010000.iommu: DART [pagesize 4000, 16 streams, bypass support: 1, bypass forced: 0, locked: 0, AS 42 -> 42] initialized
Sep 24 06:23:26 omarchy-m2 kernel: apple-dart 315304000.iommu: Limiting DMA range to 0x0000010000000000..0x0000010fffffffff
Sep 24 06:23:26 omarchy-m2 kernel: apple-dart 315304000.iommu: DART [pagesize 4000, 16 streams, bypass support: 1, bypass forced: 0, locked: 1, AS 42 -> 42] initialized
Sep 24 06:23:26 omarchy-m2 kernel: apple-dart 31530c000.iommu: Limiting DMA range to 0x0000010000000000..0x0000010fffffffff
Sep 24 06:23:26 omarchy-m2 kernel: platform 315c00000.dcp: Adding to iommu group 6
Sep 24 06:23:26 omarchy-m2 kernel: apple-dart 31530c000.iommu: Limited to ias=36 due to lock
Sep 24 06:23:26 omarchy-m2 kernel: apple-dart 31530c000.iommu: DART [pagesize 4000, 16 streams, bypass support: 1, bypass forced: 0, locked: 1, AS 42 -> 42] initialized
Sep 24 06:23:26 omarchy-m2 kernel: platform 39b400000.dma-controller: Adding to iommu group 7
Sep 24 06:23:26 omarchy-m2 kernel: platform 39bc00000.sio: Adding to iommu group 8
Sep 24 06:23:26 omarchy-m2 kernel: apple-dart 39b008000.iommu: DART [pagesize 4000, 16 streams, bypass support: 1, bypass forced: 0, locked: 0, AS 42 -> 42] initialized
Sep 24 06:23:26 omarchy-m2 kernel: apple-dart 702f00000.iommu: DART [pagesize 4000, 16 streams, bypass support: 1, bypass forced: 0, locked: 0, AS 42 -> 42] initialized
Sep 24 06:23:26 omarchy-m2 kernel: platform 702280000.usb: Adding to iommu group 9
Sep 24 06:23:26 omarchy-m2 kernel: apple-dart 702f80000.iommu: DART [pagesize 4000, 16 streams, bypass support: 1, bypass forced: 0, locked: 0, AS 42 -> 42] initialized
Sep 24 06:23:26 omarchy-m2 kernel: apple-dart b02f00000.iommu: DART [pagesize 4000, 16 streams, bypass support: 1, bypass forced: 0, locked: 0, AS 42 -> 42] initialized
Sep 24 06:23:26 omarchy-m2 kernel: platform b02280000.usb: Adding to iommu group 10
Sep 24 06:23:26 omarchy-m2 kernel: apple-dart b02f80000.iommu: DART [pagesize 4000, 16 streams, bypass support: 1, bypass forced: 0, locked: 0, AS 42 -> 42] initialized
Sep 24 06:23:26 omarchy-m2 kernel: apple-dart f02f00000.iommu: DART [pagesize 4000, 16 streams, bypass support: 1, bypass forced: 0, locked: 0, AS 42 -> 42] initialized
Sep 24 06:23:26 omarchy-m2 kernel: platform f02280000.usb: Adding to iommu group 11
Sep 24 06:23:26 omarchy-m2 kernel: apple-dart f02f80000.iommu: DART [pagesize 4000, 16 streams, bypass support: 1, bypass forced: 0, locked: 0, AS 42 -> 42] initialized
Sep 24 06:23:26 omarchy-m2 kernel: [drm] Initialized simpledrm 1.0.0 for 107ddd79c00.framebuffer on minor 0
Sep 24 06:23:26 omarchy-m2 kernel: Console: switching to colour frame buffer device 216x67
Sep 24 06:23:26 omarchy-m2 kernel: simple-framebuffer 107ddd79c00.framebuffer: [drm] fb0: simpledrmdrmfb frame buffer device
Sep 24 06:23:26 omarchy-m2 kernel: asahi 406400000.gpu: Probing...
Sep 24 06:23:26 omarchy-m2 kernel: asahi 406400000.gpu: MMU: Initializing...
Sep 24 06:23:26 omarchy-m2 kernel: asahi 406400000.gpu: MMU: Initializing kernel page table
Sep 24 06:23:26 omarchy-m2 kernel: asahi 406400000.gpu: MMU: Creating kernel page tables
Sep 24 06:23:26 omarchy-m2 kernel: asahi 406400000.gpu: MMU: Kernel page tables created
Sep 24 06:23:26 omarchy-m2 kernel: asahi 406400000.gpu: MMU: Initializing TTBs
Sep 24 06:23:26 omarchy-m2 kernel: asahi 406400000.gpu: MMU: initialized
Sep 24 06:23:26 omarchy-m2 kernel: asahi 406400000.gpu: GPU ID registers: 0x6031100 0x60602 0x21020a 0x40404 0x1320311 0x400c1802
Sep 24 06:23:26 omarchy-m2 kernel: asahi 406400000.gpu: Core masks: [
                                       0x7ffff,
                                       0x0,
                                       0x0,
                                   ]
Sep 24 06:23:26 omarchy-m2 kernel: asahi 406400000.gpu: GPU Information:
Sep 24 06:23:26 omarchy-m2 kernel: asahi 406400000.gpu:   Type: G14S
Sep 24 06:23:26 omarchy-m2 kernel: asahi 406400000.gpu:   Clusters: 2
Sep 24 06:23:26 omarchy-m2 kernel: asahi 406400000.gpu:   Cores: 10 (20)
Sep 24 06:23:26 omarchy-m2 kernel: asahi 406400000.gpu:   Frags: 10 (20)
Sep 24 06:23:26 omarchy-m2 kernel: asahi 406400000.gpu:   GPs: 4 (8)
Sep 24 06:23:26 omarchy-m2 kernel: asahi 406400000.gpu:   Core masks: [
                                       0x3ff,
                                       0x1ff,
                                   ]
Sep 24 06:23:26 omarchy-m2 kernel: asahi 406400000.gpu:   Active cores: 19
Sep 24 06:23:26 omarchy-m2 kernel: asahi 406400000.gpu: Getting configuration from device tree...
Sep 24 06:23:26 omarchy-m2 kernel: asahi 406400000.gpu: Dynamic configuration fetched
Sep 24 06:23:26 omarchy-m2 kernel: asahi 406400000.gpu: !!! Hwdata A match
Sep 24 06:23:26 omarchy-m2 kernel: asahi 406400000.gpu: !!! Hwdata B match
Sep 24 06:23:26 omarchy-m2 kernel: asahi 406400000.gpu: !!! Globals match
Sep 24 06:23:26 omarchy-m2 kernel: asahi 406400000.gpu: MMU: IO map: 0x404d00000:0x144000 -> 0xffffffaf00000000
Sep 24 06:23:26 omarchy-m2 kernel: asahi 406400000.gpu: MMU: IO map: 0x20e100000:0x4000 -> 0xffffffaf00148000
Sep 24 06:23:26 omarchy-m2 kernel: asahi 406400000.gpu: MMU: IO map: 0x28e104000:0x8000 -> 0xffffffaf00150000
Sep 24 06:23:26 omarchy-m2 kernel: asahi 406400000.gpu: MMU: IO map: 0x404000000:0x20000 -> 0xffffffaf0015c000
Sep 24 06:23:26 omarchy-m2 kernel: asahi 406400000.gpu: MMU: IO map: 0x28e460000:0x4000 -> 0xffffffaf00180000
Sep 24 06:23:26 omarchy-m2 kernel: asahi 406400000.gpu: MMU: IO map: 0x404e08000:0x8000 -> 0xffffffaf00188000
Sep 24 06:23:26 omarchy-m2 kernel: asahi 406400000.gpu: MMU: IO map: 0x200000000:0xd8000 -> 0xffffffaf00194000
Sep 24 06:23:26 omarchy-m2 kernel: asahi 406400000.gpu: MMU: IO map: 0x201000000:0xd8000 -> 0xffffffaf0026c000
Sep 24 06:23:26 omarchy-m2 kernel: asahi 406400000.gpu: MMU: IO map: 0x202000000:0xd8000 -> 0xffffffaf00344000
Sep 24 06:23:26 omarchy-m2 kernel: asahi 406400000.gpu: MMU: IO map: 0x203000000:0xd8000 -> 0xffffffaf0041c000
Sep 24 06:23:26 omarchy-m2 kernel: asahi 406400000.gpu: MMU: IO map: 0x28e118000:0x4000 -> 0xffffffaf004f8000
Sep 24 06:23:26 omarchy-m2 kernel: asahi 406400000.gpu: MMU: IO map: 0x28e3d0000:0x4000 -> 0xffffffaf00500000
Sep 24 06:23:26 omarchy-m2 kernel: asahi 406400000.gpu: MMU: IO map: 0x28e3c0000:0x4000 -> 0xffffffaf00508000
Sep 24 06:23:26 omarchy-m2 kernel: asahi 406400000.gpu: MMU: IO map: 0x28e3d8000:0x4000 -> 0xffffffaf00510000
Sep 24 06:23:26 omarchy-m2 kernel: asahi 406400000.gpu: MMU: IO map: 0x404eac000:0x4000 -> 0xffffffaf00518000
Sep 24 06:23:26 omarchy-m2 kernel: asahi 406400000.gpu: MMU: IO map: 0x404d60000:0x20000 -> 0xffffffaf00520000
Sep 24 06:23:26 omarchy-m2 kernel: asahi 406400000.gpu: RTKit: Initializing (protocol version 12)
Sep 24 06:23:26 omarchy-m2 kernel: [drm] Initialized asahi 0.0.0 for 406400000.gpu on minor 1
Sep 24 06:23:26 omarchy-m2 kernel: macsmc 2a2400000.smc: RTKit: Initializing (protocol version 12)
Sep 24 06:23:26 omarchy-m2 kernel: macsmc-gpio macsmc-gpio: First GPIO key: gP01 (0x67503031)
Sep 24 06:23:26 omarchy-m2 kernel: macsmc-low-gpio: Failed to locate of_node [id: -1]
Sep 24 06:23:26 omarchy-m2 kernel: mousedev: PS/2 mouse device common for all mice
Sep 24 06:23:26 omarchy-m2 kernel: input: Apple SMC power/lid events as /devices/platform/soc/2a2400000.smc/macsmc-input/input/input0
Sep 24 06:23:26 omarchy-m2 kernel: hwmon hwmon2: temp1_input not attached to any thermal zone
Sep 24 06:23:26 omarchy-m2 kernel: hwmon hwmon2: temp2_input not attached to any thermal zone
Sep 24 06:23:26 omarchy-m2 kernel: hwmon hwmon2: temp3_input not attached to any thermal zone
Sep 24 06:23:26 omarchy-m2 kernel: hwmon hwmon2: temp4_input not attached to any thermal zone
Sep 24 06:23:26 omarchy-m2 kernel: device-mapper: uevent: version 1.0.3
Sep 24 06:23:26 omarchy-m2 kernel: device-mapper: ioctl: 4.50.0-ioctl (2025-04-28) initialised: dm-devel@lists.linux.dev
Sep 24 06:23:26 omarchy-m2 kernel: hid: raw HID events driver (C) Jiri Kosina
Sep 24 06:23:26 omarchy-m2 kernel: watchdog: NMI not fully supported
Sep 24 06:23:26 omarchy-m2 kernel: watchdog: Hard watchdog permanently disabled
Sep 24 06:23:26 omarchy-m2 kernel: hw perfevents: enabled with apple_blizzard_pmu PMU driver, 10 (0,000003ff) counters available
Sep 24 06:23:26 omarchy-m2 kernel: hw perfevents: enabled with apple_avalanche_pmu PMU driver, 10 (0,000003ff) counters available
Sep 24 06:23:26 omarchy-m2 kernel: Initializing XFRM netlink socket
Sep 24 06:23:26 omarchy-m2 kernel: NET: Registered PF_INET6 protocol family
Sep 24 06:23:26 omarchy-m2 kernel: Segment Routing with IPv6
Sep 24 06:23:26 omarchy-m2 kernel: In-situ OAM (IOAM) with IPv6
Sep 24 06:23:26 omarchy-m2 kernel: mip6: Mobile IPv6
Sep 24 06:23:26 omarchy-m2 kernel: NET: Registered PF_PACKET protocol family
Sep 24 06:23:26 omarchy-m2 kernel: Key type dns_resolver registered
Sep 24 06:23:26 omarchy-m2 kernel: registered taskstats version 1
Sep 24 06:23:26 omarchy-m2 kernel: Loading compiled-in X.509 certificates
Sep 24 06:23:26 omarchy-m2 kernel: Key type .fscrypt registered
Sep 24 06:23:26 omarchy-m2 kernel: Key type fscrypt-provisioning registered
Sep 24 06:23:26 omarchy-m2 kernel: Key type encrypted registered
Sep 24 06:23:26 omarchy-m2 kernel: AppArmor: AppArmor sha256 policy hashing enabled
Sep 24 06:23:26 omarchy-m2 kernel: leds_pwm led-controller: failed to read period for kbd_backlight, default to off
Sep 24 06:23:26 omarchy-m2 kernel: apple-admac 2a6980000.dma-controller: Audio DMA Controller
Sep 24 06:23:26 omarchy-m2 kernel: rtkit-helper 2a9400000.mtp: RTKit: Initializing (protocol version 12)
Sep 24 06:23:26 omarchy-m2 kernel: rtkit-helper 2a9400000.mtp: RTKit: Unknown oslog message: 300006e69620420
Sep 24 06:23:26 omarchy-m2 kernel: rtkit-helper 2a9400000.mtp: RTKit: Unknown oslog message: 400002000000105
Sep 24 06:23:26 omarchy-m2 kernel: rtkit-helper 2a9400000.mtp: RTKit: Unknown oslog message: 400004001050000
Sep 24 06:23:26 omarchy-m2 kernel: rtkit-helper 2a9400000.mtp: RTKit: Unknown oslog message: 400006000000000
Sep 24 06:23:26 omarchy-m2 kernel: rtkit-helper 2a9400000.mtp: RTKit: Unknown oslog message: 50672694670744d
Sep 24 06:23:26 omarchy-m2 kernel: rtkit-helper 2a9400000.mtp: RTKit: Unknown oslog message: 56500657261776d
Sep 24 06:23:26 omarchy-m2 kernel: apple-dart 289304000.iommu: Limiting DMA range to 0x0000010000000000..0x0000010fffffffff
Sep 24 06:23:26 omarchy-m2 kernel: platform soc:display-subsystem: Adding to iommu group 12
Sep 24 06:23:26 omarchy-m2 kernel: apple-dart 389304000.iommu: Limited to ias=36 due to lock
Sep 24 06:23:26 omarchy-m2 kernel: apple-dart 289304000.iommu: DART [pagesize 4000, 16 streams, bypass support: 1, bypass forced: 0, locked: 1, AS 42 -> 42] initialized
Sep 24 06:23:26 omarchy-m2 kernel: apple-dart 28930c000.iommu: Limiting DMA range to 0x0000010000000000..0x0000010fffffffff
Sep 24 06:23:26 omarchy-m2 kernel: platform 289c00000.dcp: Adding to iommu group 13
Sep 24 06:23:26 omarchy-m2 kernel: apple-dart 28930c000.iommu: Limited to ias=36 due to lock
Sep 24 06:23:26 omarchy-m2 kernel: apple-dart 28930c000.iommu: DART [pagesize 4000, 16 streams, bypass support: 1, bypass forced: 0, locked: 1, AS 42 -> 42] initialized
Sep 24 06:23:26 omarchy-m2 kernel: nvme-apple 34bcc0000.nvme: RTKit: Initializing (protocol version 12)
Sep 24 06:23:26 omarchy-m2 kernel: macsmc-rtc macsmc-rtc: registered as rtc0
Sep 24 06:23:26 omarchy-m2 kernel: macsmc-rtc macsmc-rtc: setting system clock to 2026-09-24T04:23:16 UTC (1790223796)
Sep 24 06:23:26 omarchy-m2 kernel: nvme-apple 34bcc0000.nvme: RTKit: syslog message: apcie.c:1110: power up done[0]: PMU=Ocarina, PWR=0
Sep 24 06:23:26 omarchy-m2 kernel: nvme-apple 34bcc0000.nvme: RTKit: syslog message: apcie.c:1110: power up done[1]: PMU=Undefined, PWR=0
Sep 24 06:23:26 omarchy-m2 kernel: nvme-apple 34bcc0000.nvme: RTKit: syslog message: apcie.c:423: APCIe 1 is configured as unused.
Sep 24 06:23:26 omarchy-m2 kernel: nvme-apple 34bcc0000.nvme: RTKit: syslog message: pre_nand_eng.c:6158: enabled 1p0v 1, enabled prog-no-exec 1
Sep 24 06:23:26 omarchy-m2 kernel: nvme-apple 34bcc0000.nvme: RTKit: syslog message: pre_nand_eng.c:6158: enabled 1p0v 1, enabled prog-no-exec 1
Sep 24 06:23:26 omarchy-m2 kernel: nvme-apple 34bcc0000.nvme: RTKit: syslog message: cmd.c:6546:  boot mode normal
Sep 24 06:23:26 omarchy-m2 kernel: nvme nvme0: passthrough uses implicit buffer lengths
Sep 24 06:23:26 omarchy-m2 kernel:  nvme0n1: p1 p2 p3 p4 p5 p6
Sep 24 06:23:26 omarchy-m2 kernel: macsmc-reboot macsmc-reboot: Handling reboot and poweroff requests via SMC
Sep 24 06:23:26 omarchy-m2 kernel: pcie-apple 580000000.pcie: host bridge /soc/pcie@580000000 ranges:
Sep 24 06:23:26 omarchy-m2 kernel: pcie-apple 580000000.pcie:      MEM 0x05a0000000..0x05bfffffff -> 0x05a0000000
Sep 24 06:23:26 omarchy-m2 kernel: pcie-apple 580000000.pcie:      MEM 0x05c0000000..0x05ffffffff -> 0x00c0000000
Sep 24 06:23:26 omarchy-m2 kernel: pcie-apple 580000000.pcie: Using 0 auxiliary PERST#
Sep 24 06:23:26 omarchy-m2 kernel: Freeing initrd memory: 24912K
Sep 24 06:23:26 omarchy-m2 kernel: pcie-apple 580000000.pcie: Using 0 auxiliary PERST#
Sep 24 06:23:26 omarchy-m2 kernel: pcie-apple 580000000.pcie: ECAM at [mem 0x580000000-0x580ffffff] for [bus 00-04]
Sep 24 06:23:26 omarchy-m2 kernel: pcie-apple 580000000.pcie: PCI host bridge to bus 0000:00
Sep 24 06:23:26 omarchy-m2 kernel: pci_bus 0000:00: root bus resource [bus 00-04]
Sep 24 06:23:26 omarchy-m2 kernel: pci_bus 0000:00: root bus resource [mem 0x5a0000000-0x5bfffffff pref]
Sep 24 06:23:26 omarchy-m2 kernel: pci_bus 0000:00: root bus resource [mem 0x5c0000000-0x5ffffffff] (bus address [0xc0000000-0xffffffff])
Sep 24 06:23:26 omarchy-m2 kernel: pci 0000:00:00.0: [106b:100c] type 01 class 0x060400 PCIe Root Port
Sep 24 06:23:26 omarchy-m2 kernel: pci 0000:00:00.0: PCI bridge to [bus 01]
Sep 24 06:23:26 omarchy-m2 kernel: pci 0000:00:00.0: PME# supported from D0 D3hot D3cold
Sep 24 06:23:26 omarchy-m2 kernel: OF: /soc/pcie@580000000: no iommu-map translation for id 0x0 on (null)
Sep 24 06:23:26 omarchy-m2 kernel: /soc/pcie@580000000/pci@0,0: Fixed dependency cycle(s) with /soc/pcie@580000000/pci@0,0
Sep 24 06:23:26 omarchy-m2 kernel: pci 0000:00:01.0: [106b:100c] type 01 class 0x060400 PCIe Root Port
Sep 24 06:23:26 omarchy-m2 kernel: pci 0000:00:01.0: PCI bridge to [bus 02]
Sep 24 06:23:26 omarchy-m2 kernel: pci 0000:00:01.0: PME# supported from D0 D3hot D3cold
Sep 24 06:23:26 omarchy-m2 kernel: OF: /soc/pcie@580000000: no iommu-map translation for id 0x8 on (null)
Sep 24 06:23:26 omarchy-m2 kernel: /soc/pcie@580000000/pci@1,0: Fixed dependency cycle(s) with /soc/pcie@580000000/pci@1,0
Sep 24 06:23:26 omarchy-m2 kernel: pci 0000:01:00.0: [14e4:4434] type 00 class 0x028000 PCIe Endpoint
Sep 24 06:23:26 omarchy-m2 kernel: pci 0000:01:00.0: BAR 0 [mem 0x00000000-0x0000ffff 64bit]
Sep 24 06:23:26 omarchy-m2 kernel: pci 0000:01:00.0: BAR 2 [mem 0x00000000-0x00ffffff 64bit]
Sep 24 06:23:26 omarchy-m2 kernel: pci 0000:01:00.0: supports D1 D2
Sep 24 06:23:26 omarchy-m2 kernel: pci 0000:01:00.0: PME# supported from D0 D1 D2 D3hot D3cold
Sep 24 06:23:26 omarchy-m2 kernel: pci 0000:01:00.0: Adding to iommu group 14
Sep 24 06:23:26 omarchy-m2 kernel: pci 0000:01:00.1: [14e4:5f72] type 00 class 0x028000 PCIe Endpoint
Sep 24 06:23:26 omarchy-m2 kernel: pci 0000:01:00.1: BAR 0 [mem 0x00000000-0x00007fff 64bit]
Sep 24 06:23:26 omarchy-m2 kernel: pci 0000:01:00.1: BAR 2 [mem 0x00000000-0x00ffffff 64bit]
Sep 24 06:23:26 omarchy-m2 kernel: pci 0000:01:00.1: supports D1 D2
Sep 24 06:23:26 omarchy-m2 kernel: pci 0000:01:00.1: PME# supported from D0 D1 D2 D3hot D3cold
Sep 24 06:23:26 omarchy-m2 kernel: pci 0000:01:00.1: Adding to iommu group 14
Sep 24 06:23:26 omarchy-m2 kernel: pci 0000:01:00.0: ASPM: default states L1
Sep 24 06:23:26 omarchy-m2 kernel: pci_bus 0000:01: busn_res: [bus 01-04] end is updated to 01
Sep 24 06:23:26 omarchy-m2 kernel: pci 0000:02:00.0: [17a0:9755] type 00 class 0x080501 PCIe Endpoint
Sep 24 06:23:26 omarchy-m2 kernel: pci 0000:02:00.0: BAR 0 [mem 0x00000000-0x00000fff]
Sep 24 06:23:26 omarchy-m2 kernel: pci 0000:02:00.0: supports D1 D2
Sep 24 06:23:26 omarchy-m2 kernel: pci 0000:02:00.0: PME# supported from D1 D2 D3hot D3cold
Sep 24 06:23:26 omarchy-m2 kernel: pci 0000:02:00.0: Adding to iommu group 15
Sep 24 06:23:26 omarchy-m2 kernel: pci 0000:02:00.0: ASPM: default states L1
Sep 24 06:23:26 omarchy-m2 kernel: pci_bus 0000:02: busn_res: [bus 02-04] end is updated to 02
Sep 24 06:23:26 omarchy-m2 kernel: pci 0000:00:00.0: bridge window [mem 0x5c0000000-0x5c20fffff]: assigned
Sep 24 06:23:26 omarchy-m2 kernel: pci 0000:00:01.0: bridge window [mem 0x5c2100000-0x5c21fffff]: assigned
Sep 24 06:23:26 omarchy-m2 kernel: pci 0000:01:00.0: BAR 2 [mem 0x5c0000000-0x5c0ffffff 64bit]: assigned
Sep 24 06:23:26 omarchy-m2 kernel: pci 0000:01:00.1: BAR 2 [mem 0x5c1000000-0x5c1ffffff 64bit]: assigned
Sep 24 06:23:26 omarchy-m2 kernel: pci 0000:01:00.0: BAR 0 [mem 0x5c2000000-0x5c200ffff 64bit]: assigned
Sep 24 06:23:26 omarchy-m2 kernel: pci 0000:01:00.1: BAR 0 [mem 0x5c2010000-0x5c2017fff 64bit]: assigned
Sep 24 06:23:26 omarchy-m2 kernel: pci 0000:00:00.0: PCI bridge to [bus 01]
Sep 24 06:23:26 omarchy-m2 kernel: pci 0000:00:00.0:   bridge window [mem 0x5c0000000-0x5c20fffff]
Sep 24 06:23:26 omarchy-m2 kernel: pci 0000:02:00.0: BAR 0 [mem 0x5c2100000-0x5c2100fff]: assigned
Sep 24 06:23:26 omarchy-m2 kernel: pci 0000:00:01.0: PCI bridge to [bus 02]
Sep 24 06:23:26 omarchy-m2 kernel: pci 0000:00:01.0:   bridge window [mem 0x5c2100000-0x5c21fffff]
Sep 24 06:23:26 omarchy-m2 kernel: pci_bus 0000:00: resource 4 [mem 0x5a0000000-0x5bfffffff pref]
Sep 24 06:23:26 omarchy-m2 kernel: pci_bus 0000:00: resource 5 [mem 0x5c0000000-0x5ffffffff]
Sep 24 06:23:26 omarchy-m2 kernel: pci_bus 0000:01: resource 1 [mem 0x5c0000000-0x5c20fffff]
Sep 24 06:23:26 omarchy-m2 kernel: pci_bus 0000:02: resource 1 [mem 0x5c2100000-0x5c21fffff]
Sep 24 06:23:26 omarchy-m2 kernel: OF: /soc/pcie@580000000: no iommu-map translation for id 0x0 on (null)
Sep 24 06:23:26 omarchy-m2 kernel: pcieport 0000:00:00.0: PME: Signaling with IRQ 116
Sep 24 06:23:26 omarchy-m2 kernel: pcieport 0000:00:00.0: AER: enabled with IRQ 116
Sep 24 06:23:26 omarchy-m2 kernel: OF: /soc/pcie@580000000: no iommu-map translation for id 0x8 on (null)
Sep 24 06:23:26 omarchy-m2 kernel: pcieport 0000:00:01.0: PME: Signaling with IRQ 118
Sep 24 06:23:26 omarchy-m2 kernel: pcieport 0000:00:01.0: AER: enabled with IRQ 118
Sep 24 06:23:26 omarchy-m2 kernel: pcieport 0000:00:01.0: mask Replay Timer Timeout Correctable Errors due to 0000:02:00.0 hardware defect
Sep 24 06:23:26 omarchy-m2 kernel: apple-admac 39b400000.dma-controller: Audio DMA Controller
Sep 24 06:23:26 omarchy-m2 kernel: /soc/i2c@39b040000/usb-pd@38/connector: Fixed dependency cycle(s) with /soc/dcp@289c00000/typec-routes/route@0
Sep 24 06:23:26 omarchy-m2 kernel: /soc/i2c@39b040000/usb-pd@38/connector: Fixed dependency cycle(s) with /soc/dcp@315c00000/typec-routes/route@0
Sep 24 06:23:26 omarchy-m2 kernel: /soc/i2c@39b040000/usb-pd@38/connector: Fixed dependency cycle(s) with /soc/cio@701ac0000
Sep 24 06:23:26 omarchy-m2 kernel: /soc/i2c@39b040000/usb-pd@38/connector: Fixed dependency cycle(s) with /soc/phy@703000000
Sep 24 06:23:26 omarchy-m2 kernel: /soc/i2c@39b040000/usb-pd@38/connector: Fixed dependency cycle(s) with /soc/usb@702280000
Sep 24 06:23:26 omarchy-m2 kernel: /soc/i2c@39b040000/usb-pd@3f/connector: Fixed dependency cycle(s) with /soc/dcp@289c00000/typec-routes/route@1
Sep 24 06:23:26 omarchy-m2 kernel: /soc/i2c@39b040000/usb-pd@3f/connector: Fixed dependency cycle(s) with /soc/dcp@315c00000/typec-routes/route@1
Sep 24 06:23:26 omarchy-m2 kernel: /soc/i2c@39b040000/usb-pd@3f/connector: Fixed dependency cycle(s) with /soc/cio@b01ac0000
Sep 24 06:23:26 omarchy-m2 kernel: /soc/i2c@39b040000/usb-pd@3f/connector: Fixed dependency cycle(s) with /soc/phy@b03000000
Sep 24 06:23:26 omarchy-m2 kernel: /soc/i2c@39b040000/usb-pd@3f/connector: Fixed dependency cycle(s) with /soc/usb@b02280000
Sep 24 06:23:26 omarchy-m2 kernel: /soc/i2c@39b040000/usb-pd@3b/connector: Fixed dependency cycle(s) with /soc/dcp@289c00000/typec-routes/route@2
Sep 24 06:23:26 omarchy-m2 kernel: /soc/i2c@39b040000/usb-pd@3b/connector: Fixed dependency cycle(s) with /soc/dcp@315c00000/typec-routes/route@2
Sep 24 06:23:26 omarchy-m2 kernel: /soc/i2c@39b040000/usb-pd@3b/connector: Fixed dependency cycle(s) with /soc/cio@f01ac0000
Sep 24 06:23:26 omarchy-m2 kernel: /soc/i2c@39b040000/usb-pd@3b/connector: Fixed dependency cycle(s) with /soc/phy@f03000000
Sep 24 06:23:26 omarchy-m2 kernel: /soc/i2c@39b040000/usb-pd@3b/connector: Fixed dependency cycle(s) with /soc/usb@f02280000
Sep 24 06:23:26 omarchy-m2 kernel: clk: Disabling unused clocks
Sep 24 06:23:26 omarchy-m2 kernel: PM: genpd: Disabling unused power domains
Sep 24 06:23:26 omarchy-m2 kernel: ALSA device list:
Sep 24 06:23:26 omarchy-m2 kernel:   No soundcards found.
Sep 24 06:23:26 omarchy-m2 kernel: Freeing unused kernel memory: 2048K
Sep 24 06:23:26 omarchy-m2 kernel: Checked W+X mappings: passed, no W+X pages found
Sep 24 06:23:26 omarchy-m2 kernel: Run /init as init process
Sep 24 06:23:26 omarchy-m2 kernel:   with arguments:
Sep 24 06:23:26 omarchy-m2 kernel:     /init
Sep 24 06:23:26 omarchy-m2 kernel:     splash
Sep 24 06:23:26 omarchy-m2 kernel:   with environment:
Sep 24 06:23:26 omarchy-m2 kernel:     HOME=/
Sep 24 06:23:26 omarchy-m2 kernel:     TERM=linux
Sep 24 06:23:26 omarchy-m2 kernel:     cryptdevice=UUID=de26457c-f363-450f-916a-888a0b9b1fd6:root:allow-discards
Sep 24 06:23:26 omarchy-m2 kernel: raid6: neonx8   gen() 20707 MB/s
Sep 24 06:23:26 omarchy-m2 kernel: raid6: neonx4   gen() 26203 MB/s
Sep 24 06:23:26 omarchy-m2 kernel: raid6: neonx2   gen() 30685 MB/s
Sep 24 06:23:26 omarchy-m2 kernel: raid6: neonx1   gen() 32074 MB/s
Sep 24 06:23:26 omarchy-m2 kernel: raid6: int64x8  gen() 15005 MB/s
Sep 24 06:23:26 omarchy-m2 kernel: raid6: int64x4  gen() 13183 MB/s
Sep 24 06:23:26 omarchy-m2 kernel: raid6: int64x2  gen() 12000 MB/s
Sep 24 06:23:26 omarchy-m2 kernel: raid6: int64x1  gen() 10464 MB/s
Sep 24 06:23:26 omarchy-m2 kernel: raid6: using algorithm neonx1 gen() 32074 MB/s
Sep 24 06:23:26 omarchy-m2 kernel: raid6: .... xor() 23648 MB/s, rmw enabled
Sep 24 06:23:26 omarchy-m2 kernel: raid6: using neon recovery algorithm
Sep 24 06:23:26 omarchy-m2 kernel: xor: measuring software checksum speed
Sep 24 06:23:26 omarchy-m2 kernel:    eor3            : 51701 MB/sec
Sep 24 06:23:26 omarchy-m2 kernel:    32regs          : 48696 MB/sec
Sep 24 06:23:26 omarchy-m2 kernel:    8regs           : 26846 MB/sec
Sep 24 06:23:26 omarchy-m2 kernel: xor: using function: eor3 (51701 MB/sec)
Sep 24 06:23:26 omarchy-m2 kernel: Btrfs loaded, zoned=yes, fsverity=no
Sep 24 06:23:26 omarchy-m2 kernel: thunderbolt: loading out-of-tree module taints kernel.
Sep 24 06:23:26 omarchy-m2 kernel: appledrm: unknown parameter 'usb4_tunnel_clock' ignored
Sep 24 06:23:26 omarchy-m2 kernel: appledrm: unknown parameter 'usb4_tunnel_clock' ignored
Sep 24 06:23:26 omarchy-m2 kernel: appledrm: unknown parameter 'usb4_tunnel_clock' ignored
Sep 24 06:23:26 omarchy-m2 kernel: appledrm: unknown parameter 'usb4_tunnel_clock' ignored
Sep 24 06:23:26 omarchy-m2 kernel: appledrm: unknown parameter 'usb4_tunnel_clock' ignored
Sep 24 06:23:26 omarchy-m2 kernel: appledrm: unknown parameter 'usb4_tunnel_clock' ignored
Sep 24 06:23:26 omarchy-m2 kernel: appledrm: unknown parameter 'usb4_tunnel_clock' ignored
Sep 24 06:23:26 omarchy-m2 kernel: appledrm: unknown parameter 'usb4_tunnel_clock' ignored
Sep 24 06:23:26 omarchy-m2 kernel: appledrm: unknown parameter 'usb4_tunnel_clock' ignored
Sep 24 06:23:26 omarchy-m2 kernel: appledrm: unknown parameter 'usb4_tunnel_clock' ignored
Sep 24 06:23:26 omarchy-m2 kernel: apple-dcp 289c00000.dcp: Failed to get dp-phy: -517
Sep 24 06:23:26 omarchy-m2 kernel: /soc/i2c@39b040000/usb-pd@38/connector: Fixed dependency cycle(s) with /soc/phy@703000000
Sep 24 06:23:26 omarchy-m2 kernel: apple-dcp 289c00000.dcp: Failed to get dp-phy: -517
Sep 24 06:23:26 omarchy-m2 kernel: apple-dcp 289c00000.dcp: Failed to get dp-phy: -517
Sep 24 06:23:26 omarchy-m2 kernel: /soc/i2c@39b040000/usb-pd@3f/connector: Fixed dependency cycle(s) with /soc/phy@b03000000
Sep 24 06:23:26 omarchy-m2 kernel: apple-dcp 289c00000.dcp: Failed to get dp-phy: -517
Sep 24 06:23:26 omarchy-m2 kernel: /soc/i2c@39b040000/usb-pd@3b/connector: Fixed dependency cycle(s) with /soc/phy@f03000000
Sep 24 06:23:26 omarchy-m2 kernel: dockchannel-hid 2a9b30000.input: Initialized, awaiting packets
Sep 24 06:23:26 omarchy-m2 kernel: dockchannel-hid 2a9b30000.input: Product name for stm: Apple Internal Keyboard / Trackpad
Sep 24 06:23:26 omarchy-m2 kernel: dockchannel-hid 2a9b30000.input: Product name for multi-touch: Apple Internal Keyboard / Trackpad
Sep 24 06:23:26 omarchy-m2 kernel: dockchannel-hid 2a9b30000.input: Product name for keyboard: Apple Internal Keyboard / Trackpad
Sep 24 06:23:26 omarchy-m2 kernel: dockchannel-hid 2a9b30000.input: Product name for tp_accel: Apple Internal Keyboard / Trackpad
Sep 24 06:23:26 omarchy-m2 kernel: dockchannel-hid 2a9b30000.input: Product name for actuator: Apple Internal Keyboard / Trackpad
Sep 24 06:23:26 omarchy-m2 kernel: dockchannel-hid 2a9b30000.input: Product name for stm: Apple Internal Keyboard / Trackpad
Sep 24 06:23:26 omarchy-m2 kernel: dockchannel-hid 2a9b30000.input: New interface stm
Sep 24 06:23:26 omarchy-m2 kernel: dockchannel-hid 2a9b30000.input: Interface stm is now ready
Sep 24 06:23:26 omarchy-m2 kernel: rtkit-helper 2a9400000.mtp: RTKit: syslog message: stm_cr.c:98: ST management interface configuration completed
Sep 24 06:23:26 omarchy-m2 kernel: rtkit-helper 2a9400000.mtp: RTKit: syslog message: stm.c:97: ST management ready
Sep 24 06:23:26 omarchy-m2 kernel: apple-dcp 289c00000.dcp: Failed to get dp-phy: -517
Sep 24 06:23:26 omarchy-m2 kernel: hid-generic 0019:0000:0000.0001: hidraw0: HOST HID v0.00 Device [Apple MTP stm] on 2a9b30000.input.3 (stm)
Sep 24 06:23:26 omarchy-m2 kernel: apple-dcp 289c00000.dcp: Failed to get dp-phy: -517
Sep 24 06:23:26 omarchy-m2 kernel: apple-dcp 289c00000.dcp: Failed to get dp-xbar: -517
Sep 24 06:23:26 omarchy-m2 kernel: sdhci-pci 0000:02:00.0: SDHCI controller found [17a0:9755] (rev 1)
Sep 24 06:23:26 omarchy-m2 kernel: sdhci-pci 0000:02:00.0: enabling device (0000 -> 0002)
Sep 24 06:23:26 omarchy-m2 kernel: apple-dcp 289c00000.dcp: Failed to get dp-xbar: -517
Sep 24 06:23:26 omarchy-m2 kernel: dockchannel-hid 2a9b30000.input: New interface multi-touch
Sep 24 06:23:26 omarchy-m2 kernel: dockchannel-hid 2a9b30000.input: New interface keyboard
Sep 24 06:23:26 omarchy-m2 kernel: dockchannel-hid 2a9b30000.input: New interface actuator
Sep 24 06:23:26 omarchy-m2 kernel: dockchannel-hid 2a9b30000.input: New interface tp_accel
Sep 24 06:23:26 omarchy-m2 kernel: rtkit-helper 2a9400000.mtp: RTKit: syslog message: touch_iface.c:212: Grape interface configuration completed
Sep 24 06:23:26 omarchy-m2 kernel: rtkit-helper 2a9400000.mtp: RTKit: syslog message: keyboard_cr.c:78: Keyboard interface configuration completed
Sep 24 06:23:26 omarchy-m2 kernel: rtkit-helper 2a9400000.mtp: RTKit: syslog message: keyboard.c:75: Keyboard ready
Sep 24 06:23:26 omarchy-m2 kernel: dockchannel-hid 2a9b30000.input: Interface keyboard is now ready
Sep 24 06:23:26 omarchy-m2 kernel: input: Apple MTP keyboard as /devices/platform/soc/2a9b14000.fifo/2a9b30000.input/0019:05AC:0353.0003/input/input1
Sep 24 06:23:26 omarchy-m2 kernel: input: Apple MTP multi-touch as /devices/platform/soc/2a9b14000.fifo/2a9b30000.input/0019:05AC:0353.0002/input/input2
Sep 24 06:23:26 omarchy-m2 kernel: rtkit-helper 2a9400000.mtp: RTKit: syslog message: actuator_cr.c:88: Actuator interface configuration completed
Sep 24 06:23:26 omarchy-m2 kernel: dockchannel-hid 2a9b30000.input: Interface actuator is now ready
Sep 24 06:23:26 omarchy-m2 kernel: rtkit-helper 2a9400000.mtp: RTKit: syslog message: actuator.c:72: Actuator ready
Sep 24 06:23:26 omarchy-m2 kernel: rtkit-helper 2a9400000.mtp: RTKit: syslog message: accel_cr.c:78: Accel interface configuration completed
Sep 24 06:23:26 omarchy-m2 kernel: dockchannel-hid 2a9b30000.input: Interface tp_accel is now ready
Sep 24 06:23:26 omarchy-m2 kernel: rtkit-helper 2a9400000.mtp: RTKit: syslog message: accel.c:72: Accel ready
Sep 24 06:23:26 omarchy-m2 kernel: mmc0: SDHCI controller on PCI [0000:02:00.0] using ADMA 64-bit
Sep 24 06:23:26 omarchy-m2 kernel: apple-dcp 289c00000.dcp: Failed to get dp-xbar: -517
Sep 24 06:23:26 omarchy-m2 kernel: apple-dcp 289c00000.dcp: Failed to get dp-xbar: -517
Sep 24 06:23:26 omarchy-m2 kernel: apple 0019:05AC:0353.0003: input,hidraw1: HOST HID v2.70 Keyboard [Apple MTP keyboard] on 2a9b30000.input.2 (keyboard)
Sep 24 06:23:26 omarchy-m2 kernel: magicmouse 0019:05AC:0353.0002: input,hidraw2: HOST HID v2.70 Mouse [Apple MTP multi-touch] on 2a9b30000.input.1 (multi-touch)
Sep 24 06:23:26 omarchy-m2 kernel: dockchannel-hid 2a9b30000.input: Starting interface multi-touch
Sep 24 06:23:26 omarchy-m2 kernel: dockchannel-hid 2a9b30000.input: Requesting GPIO multi-touch#167: afe-reset
Sep 24 06:23:26 omarchy-m2 kernel: dockchannel-hid 2a9b30000.input: Sending firmware for multi-touch
Sep 24 06:23:26 omarchy-m2 kernel: rtkit-helper 2a9400000.mtp: RTKit: syslog message: afe_transport.c:143: Z2 AFE transport initialized
Sep 24 06:23:26 omarchy-m2 kernel: rtkit-helper 2a9400000.mtp: RTKit: syslog message: boot.c:151: [Touch]: AFE transport initialization complete
Sep 24 06:23:26 omarchy-m2 kernel: rtkit-helper 2a9400000.mtp: RTKit: syslog message: boot.c:153: [Touch]: Touch initialized
Sep 24 06:23:26 omarchy-m2 kernel: dockchannel-hid 2a9b30000.input: Resetting multi-touch
Sep 24 06:23:26 omarchy-m2 kernel: rtkit-helper 2a9400000.mtp: RTKit: syslog message: touch.c:88: Touch Reset Ext Request: OK
Sep 24 06:23:26 omarchy-m2 kernel: dockchannel-hid 2a9b30000.input: GPIO command: multi-touch#167: 3
Sep 24 06:23:26 omarchy-m2 kernel: apple-dcp 289c00000.dcp: Failed to get dp-xbar: -517
Sep 24 06:23:26 omarchy-m2 kernel: rtkit-helper 2a9400000.mtp: RTKit: syslog message: boot.c:382: Calibration blob 'TCAL' updated
Sep 24 06:23:26 omarchy-m2 kernel: rtkit-helper 2a9400000.mtp: RTKit: syslog message: boot.c:382: Calibration blob 'FCAL' updated
Sep 24 06:23:26 omarchy-m2 kernel: rtkit-helper 2a9400000.mtp: RTKit: syslog message: afe_transport.c:177: afe_transport_start() Z2 running
Sep 24 06:23:26 omarchy-m2 kernel: rtkit-helper 2a9400000.mtp: RTKit: syslog message: touch_pwr_mgr.c:216: [TPM] Mac Power Manager State Machine Started
Sep 24 06:23:26 omarchy-m2 kernel: rtkit-helper 2a9400000.mtp: RTKit: syslog message: touch.c:128: Touch interface ready
Sep 24 06:23:26 omarchy-m2 kernel: dockchannel-hid 2a9b30000.input: Interface multi-touch is now ready
Sep 24 06:23:26 omarchy-m2 kernel: rtkit-helper 2a9400000.mtp: RTKit: syslog message: touch.c:143: Touch MT ready
Sep 24 06:23:26 omarchy-m2 kernel: rtkit-helper 2a9400000.mtp: RTKit: syslog message: touch_pwr_mgr_fsm.c:286: Sending Cumulus Report to enter Dependent Mode (9A)
Sep 24 06:23:26 omarchy-m2 kernel: BTRFS: device label asahi-root devid 1 transid 9385 /dev/mapper/root (252:0) scanned by mount (490)
Sep 24 06:23:26 omarchy-m2 kernel: BTRFS info (device dm-0): first mount of filesystem 725346d2-f127-47bc-b464-9dd46155e8d6
Sep 24 06:23:26 omarchy-m2 kernel: BTRFS info (device dm-0): using crc32c checksum algorithm
Sep 24 06:23:26 omarchy-m2 kernel: BTRFS info (device dm-0): enabling ssd optimizations
Sep 24 06:23:26 omarchy-m2 kernel: BTRFS info (device dm-0): turning on async discard
Sep 24 06:23:26 omarchy-m2 kernel: BTRFS info (device dm-0): enabling free space tree
Sep 24 06:23:26 omarchy-m2 systemd[1]: systemd 261.3-1-arch running in system mode (+PAM +AUDIT -SELINUX +APPARMOR -IMA +IPE +SMACK +SECCOMP +GCRYPT +GNUTLS +OPENSSL +ACL +BLKID +CURL +ELFUTILS +FIDO2 +IDN2 +KMOD +LIBCRYPTSETUP +LIBCRYPTSETUP_PLUGINS +LIBFDISK +PCRE2 +PWQUALITY +P11KIT +QRENCODE +TPM2 +BZIP2 +LZ4 +XZ +ZLIB +ZSTD +BPF_FRAMEWORK -BTF +XKBCOMMON +UTMP +LIBARCHIVE)
Sep 24 06:23:26 omarchy-m2 systemd[1]: Detected architecture arm64.
Sep 24 06:23:26 omarchy-m2 systemd[1]: Hostname set to <omarchy-m2>.
Sep 24 06:23:26 omarchy-m2 systemd[1]: bpf-restrict-fs: BPF LSM hook not enabled in the kernel, BPF LSM not supported.
Sep 24 06:23:26 omarchy-m2 kernel: zram: Added device: zram0
Sep 24 06:23:26 omarchy-m2 systemd[1]: Condition check resulted in Root Slice being skipped.
Sep 24 06:23:26 omarchy-m2 systemd[1]: Condition check resulted in System Slice being skipped.
Sep 24 06:23:26 omarchy-m2 systemd[1]: Queued start job for default target Graphical Interface.
Sep 24 06:23:26 omarchy-m2 systemd[1]: Created slice CUPS Slice.
Sep 24 06:23:26 omarchy-m2 systemd[1]: Created slice Slice /system/dirmngr.
Sep 24 06:23:26 omarchy-m2 systemd[1]: Created slice Slice /system/getty.
Sep 24 06:23:26 omarchy-m2 systemd[1]: Created slice Slice /system/gpg-agent.
Sep 24 06:23:26 omarchy-m2 systemd[1]: Created slice Slice /system/gpg-agent-browser.
Sep 24 06:23:26 omarchy-m2 systemd[1]: Created slice Slice /system/gpg-agent-extra.
Sep 24 06:23:26 omarchy-m2 systemd[1]: Created slice Slice /system/gpg-agent-ssh.
Sep 24 06:23:26 omarchy-m2 systemd[1]: Created slice Slice /system/keyboxd.
Sep 24 06:23:26 omarchy-m2 systemd[1]: Created slice Slice /system/modprobe.
Sep 24 06:23:26 omarchy-m2 systemd[1]: Created slice Slice /system/systemd-fsck.
Sep 24 06:23:26 omarchy-m2 systemd[1]: Created slice Slice /system/systemd-growfs.
Sep 24 06:23:26 omarchy-m2 systemd[1]: Created slice Slice /system/systemd-zram-setup.
Sep 24 06:23:26 omarchy-m2 systemd[1]: Created slice User and Session Slice.
Sep 24 06:23:26 omarchy-m2 systemd[1]: Started Forward Password Requests to Wall Directory Watch.
Sep 24 06:23:26 omarchy-m2 systemd[1]: Set up automount Arbitrary Executable File Formats File System Automount Point.
Sep 24 06:23:26 omarchy-m2 systemd[1]: Expecting device /dev/disk/by-uuid/530E-CC8F...
Sep 24 06:23:26 omarchy-m2 systemd[1]: Expecting device /dev/disk/by-uuid/725346d2-f127-47bc-b464-9dd46155e8d6...
Sep 24 06:23:26 omarchy-m2 systemd[1]: Expecting device /dev/zram0...
Sep 24 06:23:26 omarchy-m2 systemd[1]: Reached target Login Prompts.
Sep 24 06:23:26 omarchy-m2 systemd[1]: Reached target Image Downloads.
Sep 24 06:23:26 omarchy-m2 systemd[1]: Reached target Local Integrity Protected Volumes.
Sep 24 06:23:26 omarchy-m2 systemd[1]: Reached target Preparation for Network.
Sep 24 06:23:26 omarchy-m2 systemd[1]: Reached target Remote Encrypted Volumes.
Sep 24 06:23:26 omarchy-m2 systemd[1]: Reached target Remote File Systems.
Sep 24 06:23:26 omarchy-m2 systemd[1]: Reached target Remote Integrity Protected Volumes.
Sep 24 06:23:26 omarchy-m2 systemd[1]: Reached target Remote Verity Protected Volumes.
Sep 24 06:23:26 omarchy-m2 systemd[1]: Reached target Slice Units.
Sep 24 06:23:26 omarchy-m2 systemd[1]: Reached target Local Verity Protected Volumes.
Sep 24 06:23:26 omarchy-m2 systemd[1]: Listening on Device-mapper event daemon FIFOs.
Sep 24 06:23:26 omarchy-m2 systemd[1]: Listening on Query the User Interactively for a Password.
Sep 24 06:23:26 omarchy-m2 systemd[1]: Listening on Process Core Dump Socket.
Sep 24 06:23:26 omarchy-m2 systemd[1]: Listening on Credential Encryption/Decryption.
Sep 24 06:23:26 omarchy-m2 systemd[1]: Listening on Factory Reset Management.
Sep 24 06:23:26 omarchy-m2 systemd[1]: Listening on Hostname Service Socket.
Sep 24 06:23:26 omarchy-m2 systemd[1]: Listening on Journal Audit Socket.
Sep 24 06:23:26 omarchy-m2 systemd[1]: Listening on Journal Socket (/dev/log).
Sep 24 06:23:26 omarchy-m2 systemd[1]: Listening on Journal Sockets.
Sep 24 06:23:26 omarchy-m2 systemd[1]: Listening on DDI File System Mounter Socket.
Sep 24 06:23:26 omarchy-m2 systemd[1]: Listening on Console Output Muting Service Socket.
Sep 24 06:23:26 omarchy-m2 systemd[1]: Listening on Namespace Resource Manager Socket.
Sep 24 06:23:26 omarchy-m2 systemd[1]: Listening on Userspace Out-Of-Memory (OOM) Killer Socket.
Sep 24 06:23:26 omarchy-m2 systemd[1]: TPM PCR Measurements skipped, unmet condition check ConditionSecurity=measured-os
Sep 24 06:23:26 omarchy-m2 systemd[1]: Make TPM PCR Policy skipped, unmet condition check ConditionSecurity=measured-uki
Sep 24 06:23:26 omarchy-m2 systemd[1]: Listening on Disk Repartitioning Service Socket.
Sep 24 06:23:26 omarchy-m2 systemd[1]: Listening on Report System Basic Metrics Socket.
Sep 24 06:23:26 omarchy-m2 systemd[1]: Listening on CGroup Report Varlink Socket.
Sep 24 06:23:26 omarchy-m2 systemd[1]: Listening on Resolve Monitor Varlink Socket.
Sep 24 06:23:26 omarchy-m2 systemd[1]: Listening on Resolve Service Varlink Socket.
Sep 24 06:23:26 omarchy-m2 systemd[1]: Listening on Simple Block Device Backed Storage Provider.
Sep 24 06:23:26 omarchy-m2 systemd[1]: Listening on Simple File System Backed Storage Provider.
Sep 24 06:23:26 omarchy-m2 systemd[1]: Listening on udev Control Socket.
Sep 24 06:23:26 omarchy-m2 systemd[1]: Listening on udev Kernel Socket.
Sep 24 06:23:26 omarchy-m2 systemd[1]: Listening on udev Varlink Socket.
Sep 24 06:23:26 omarchy-m2 systemd[1]: Listening on User Database Manager Socket.
Sep 24 06:23:26 omarchy-m2 systemd[1]: Mounting Huge Pages File System...
Sep 24 06:23:26 omarchy-m2 systemd[1]: Mounting POSIX Message Queue File System...
Sep 24 06:23:26 omarchy-m2 systemd[1]: Mounting Kernel Debug File System...
Sep 24 06:23:26 omarchy-m2 systemd[1]: Mounting Kernel Trace File System...
Sep 24 06:23:26 omarchy-m2 systemd[1]: Starting Create List of Static Device Nodes...
Sep 24 06:23:26 omarchy-m2 systemd[1]: Load Kernel Module configfs skipped, unmet condition check ConditionKernelModuleLoaded=!configfs
Sep 24 06:23:26 omarchy-m2 systemd[1]: Mounting Kernel Configuration File System...
Sep 24 06:23:26 omarchy-m2 systemd[1]: Load Kernel Module drm skipped, unmet condition check ConditionKernelModuleLoaded=!drm
Sep 24 06:23:26 omarchy-m2 systemd[1]: Load Kernel Module efi_pstore skipped, unmet condition check ConditionKernelModuleLoaded=!efi_pstore
Sep 24 06:23:26 omarchy-m2 systemd[1]: Starting Load Kernel Module fuse...
Sep 24 06:23:26 omarchy-m2 systemd[1]: Clear SysFail Entry If The Boot Is Successful skipped, unmet condition check ConditionPathExists=/sys/firmware/efi/efivars/LoaderEntrySysFail-4a67b082-0a4c-41cf-b6c7-440b29bb8c4f
Sep 24 06:23:26 omarchy-m2 systemd[1]: Clear Stale Hibernate Storage Info skipped, unmet condition check ConditionPathExists=/sys/firmware/efi/efivars/HibernateLocation-8cf2644b-4b0b-428f-9387-6d876050dc67
Sep 24 06:23:26 omarchy-m2 systemd[1]: Starting Journal Service...
Sep 24 06:23:26 omarchy-m2 systemd[1]: Starting Load Kernel Modules...
Sep 24 06:23:26 omarchy-m2 systemd[1]: TPM PCR Machine ID Measurement skipped, unmet condition check ConditionSecurity=measured-os
Sep 24 06:23:26 omarchy-m2 systemd[1]: TPM PCR OS Separator skipped, unmet condition check ConditionSecurity=measured-os
Sep 24 06:23:26 omarchy-m2 systemd[1]: Starting Remount Root and Kernel File Systems...
Sep 24 06:23:26 omarchy-m2 systemd[1]: Early TPM SRK Setup skipped, unmet condition check ConditionSecurity=measured-os
Sep 24 06:23:26 omarchy-m2 systemd[1]: TPM PCR NvPCR Initialization Separator skipped, unmet condition check ConditionPathExists=/etc/initrd-release
Sep 24 06:23:26 omarchy-m2 systemd[1]: TPM NvPCR Product ID Measurement skipped, unmet condition check ConditionSecurity=measured-os
Sep 24 06:23:26 omarchy-m2 systemd[1]: Starting Load udev Rules from Credentials...
Sep 24 06:23:26 omarchy-m2 systemd[1]: Starting Coldplug All udev Devices...
Sep 24 06:23:26 omarchy-m2 systemd[1]: Starting Virtual Console Setup...
Sep 24 06:23:26 omarchy-m2 systemd[1]: Mounted Huge Pages File System.
Sep 24 06:23:26 omarchy-m2 systemd[1]: Mounted POSIX Message Queue File System.
Sep 24 06:23:26 omarchy-m2 systemd[1]: Mounted Kernel Debug File System.
Sep 24 06:23:26 omarchy-m2 systemd[1]: Mounted Kernel Trace File System.
Sep 24 06:23:26 omarchy-m2 kernel: fuse: init (API version 7.45)
Sep 24 06:23:26 omarchy-m2 systemd[1]: Finished Create List of Static Device Nodes.
Sep 24 06:23:26 omarchy-m2 systemd[1]: Mounted Kernel Configuration File System.
Sep 24 06:23:26 omarchy-m2 systemd[1]: modprobe@fuse.service: Deactivated successfully.
Sep 24 06:23:26 omarchy-m2 systemd[1]: Finished Load Kernel Module fuse.
Sep 24 06:23:26 omarchy-m2 systemd[1]: Mounting FUSE Control File System...
Sep 24 06:23:26 omarchy-m2 systemd[1]: Starting Create Static Device Nodes in /dev gracefully...
Sep 24 06:23:26 omarchy-m2 systemd[1]: Finished Load udev Rules from Credentials.
Sep 24 06:23:26 omarchy-m2 kernel: i2c_dev: i2c /dev entries driver
Sep 24 06:23:26 omarchy-m2 systemd-journald[594]: Collecting audit messages is enabled.
Sep 24 06:23:26 omarchy-m2 systemd[1]: Finished Load Kernel Modules.
Sep 24 06:23:26 omarchy-m2 kernel: audit: type=1130 audit(1790223806.468:2): pid=1 uid=0 auid=4294967295 ses=4294967295 subj=unconfined msg='unit=systemd-modules-load comm="systemd" exe="/usr/lib/systemd/systemd" hostname=? addr=? terminal=? res=success'
Sep 24 06:23:26 omarchy-m2 systemd[1]: Finished Virtual Console Setup.
Sep 24 06:23:26 omarchy-m2 kernel: audit: type=1130 audit(1790223806.469:3): pid=1 uid=0 auid=4294967295 ses=4294967295 subj=unconfined msg='unit=systemd-vconsole-setup comm="systemd" exe="/usr/lib/systemd/systemd" hostname=? addr=? terminal=? res=success'
Sep 24 06:23:26 omarchy-m2 systemd[1]: Mounted FUSE Control File System.
Sep 24 06:23:26 omarchy-m2 systemd[1]: Starting Apply Kernel Variables...
Sep 24 06:23:26 omarchy-m2 systemd[1]: Finished Apply Kernel Variables.
Sep 24 06:23:26 omarchy-m2 kernel: audit: type=1130 audit(1790223806.475:4): pid=1 uid=0 auid=4294967295 ses=4294967295 subj=unconfined msg='unit=systemd-sysctl comm="systemd" exe="/usr/lib/systemd/systemd" hostname=? addr=? terminal=? res=success'
Sep 24 06:23:26 omarchy-m2 systemd[1]: Starting CLI Netfilter Manager...
Sep 24 06:23:26 omarchy-m2 systemd[1]: Starting Load Kernel Module tun...
Sep 24 06:23:26 omarchy-m2 kernel: audit: type=1334 audit(1790223806.477:5): prog-id=19 op=LOAD
Sep 24 06:23:26 omarchy-m2 kernel: audit: type=1334 audit(1790223806.477:6): prog-id=20 op=LOAD
Sep 24 06:23:26 omarchy-m2 kernel: audit: type=1334 audit(1790223806.477:7): prog-id=21 op=LOAD
Sep 24 06:23:26 omarchy-m2 systemd[1]: Starting User Database Manager...
Sep 24 06:23:26 omarchy-m2 kernel: tun: Universal TUN/TAP device driver, 1.6
Sep 24 06:23:26 omarchy-m2 systemd[1]: modprobe@tun.service: Deactivated successfully.
Sep 24 06:23:26 omarchy-m2 systemd[1]: Finished Load Kernel Module tun.
Sep 24 06:23:26 omarchy-m2 kernel: audit: type=1130 audit(1790223806.481:8): pid=1 uid=0 auid=4294967295 ses=4294967295 subj=unconfined msg='unit=modprobe@tun comm="systemd" exe="/usr/lib/systemd/systemd" hostname=? addr=? terminal=? res=success'
Sep 24 06:23:26 omarchy-m2 kernel: audit: type=1131 audit(1790223806.481:9): pid=1 uid=0 auid=4294967295 ses=4294967295 subj=unconfined msg='unit=modprobe@tun comm="systemd" exe="/usr/lib/systemd/systemd" hostname=? addr=? terminal=? res=success'
Sep 24 06:23:26 omarchy-m2 kernel: audit: type=1334 audit(1790223806.481:10): prog-id=22 op=LOAD
Sep 24 06:23:26 omarchy-m2 kernel: audit: type=1334 audit(1790223806.481:11): prog-id=23 op=LOAD
Sep 24 06:23:26 omarchy-m2 systemd[1]: Starting Namespace Resource Manager...
Sep 24 06:23:26 omarchy-m2 systemd[1]: Started Journal Service.
Sep 24 06:23:26 omarchy-m2 kernel: BTRFS info (device dm-0 state M): use zstd compression, level 1
Sep 24 06:23:26 omarchy-m2 kernel: zram0: detected capacity change from 0 to 65245184
Sep 24 06:23:26 omarchy-m2 kernel: apple-display-crossbar 70304c000.mux: Switched dpphy to disconnected state
Sep 24 06:23:26 omarchy-m2 kernel: apple-display-crossbar 70304c000.mux: t602x idle: 000=00000000 004=000001ff 008=00000000 00c=00000000 014=000001ff 018=00000000 01c=00000000 024=00000111 028=00000000 02c=00000000 030=00000000 034=00000000 040=0005ad6b 044=02b5ad6b 048=00000000 04c=00000000 050=00000000 060=00000000 070=00000000
Sep 24 06:23:26 omarchy-m2 kernel: apple-display-crossbar 70304c000.mux: t602x idle clk: 000=00000000 800=00000000 020=00000000 820=00000000 024=00000111 81c=00000111
Sep 24 06:23:26 omarchy-m2 kernel: apple-display-crossbar 70304c000.mux: Switched dpin0 to disconnected state
Sep 24 06:23:26 omarchy-m2 kernel: apple-display-crossbar 70304c000.mux: t602x idle: 000=00000000 004=000001ff 008=00000000 00c=00000000 014=000001ff 018=00000000 01c=00000000 024=00000111 028=00000000 02c=00000000 030=00000000 034=00000000 040=0005ad6b 044=02b5ad6b 048=00000000 04c=00000000 050=00000000 060=00000000 070=00000000
Sep 24 06:23:26 omarchy-m2 kernel: apple-display-crossbar 70304c000.mux: t602x idle clk: 000=00000000 800=00000000 020=00000000 820=00000000 024=00000111 81c=00000111
Sep 24 06:23:26 omarchy-m2 kernel: apple-display-crossbar 70304c000.mux: Switched dpin1 to disconnected state
Sep 24 06:23:26 omarchy-m2 kernel: apple-display-crossbar 70304c000.mux: t602x idle: 000=00000000 004=000001ff 008=00000000 00c=00000000 014=000001ff 018=00000000 01c=00000000 024=00000111 028=00000000 02c=00000000 030=00000000 034=00000000 040=0005ad6b 044=02b5ad6b 048=00000000 04c=00000000 050=00000000 060=00000000 070=00000000
Sep 24 06:23:26 omarchy-m2 kernel: apple-display-crossbar 70304c000.mux: t602x idle clk: 000=00000000 800=00000000 020=00000000 820=00000000 024=00000111 81c=00000111
Sep 24 06:23:26 omarchy-m2 kernel: apple-display-crossbar b0304c000.mux: Switched dpphy to disconnected state
Sep 24 06:23:26 omarchy-m2 kernel: apple-display-crossbar b0304c000.mux: t602x idle: 000=00000000 004=000001ff 008=00000000 00c=00000000 014=000001ff 018=00000000 01c=00000000 024=00000111 028=00000000 02c=00000000 030=00000000 034=00000000 040=0005ad6b 044=02b5ad6b 048=00000000 04c=00000000 050=00000000 060=00000000 070=00000000
Sep 24 06:23:26 omarchy-m2 kernel: apple-display-crossbar b0304c000.mux: t602x idle clk: 000=00000000 800=00000000 020=00000000 820=00000000 024=00000111 81c=00000111
Sep 24 06:23:26 omarchy-m2 kernel: apple-display-crossbar b0304c000.mux: Switched dpin0 to disconnected state
Sep 24 06:23:26 omarchy-m2 kernel: apple-display-crossbar b0304c000.mux: t602x idle: 000=00000000 004=000001ff 008=00000000 00c=00000000 014=000001ff 018=00000000 01c=00000000 024=00000111 028=00000000 02c=00000000 030=00000000 034=00000000 040=0005ad6b 044=02b5ad6b 048=00000000 04c=00000000 050=00000000 060=00000000 070=00000000
Sep 24 06:23:26 omarchy-m2 kernel: apple-display-crossbar b0304c000.mux: t602x idle clk: 000=00000000 800=00000000 020=00000000 820=00000000 024=00000111 81c=00000111
Sep 24 06:23:26 omarchy-m2 kernel: apple-display-crossbar b0304c000.mux: Switched dpin1 to disconnected state
Sep 24 06:23:26 omarchy-m2 kernel: apple-display-crossbar b0304c000.mux: t602x idle: 000=00000000 004=000001ff 008=00000000 00c=00000000 014=000001ff 018=00000000 01c=00000000 024=00000111 028=00000000 02c=00000000 030=00000000 034=00000000 040=0005ad6b 044=02b5ad6b 048=00000000 04c=00000000 050=00000000 060=00000000 070=00000000
Sep 24 06:23:26 omarchy-m2 kernel: apple-display-crossbar b0304c000.mux: t602x idle clk: 000=00000000 800=00000000 020=00000000 820=00000000 024=00000111 81c=00000111
Sep 24 06:23:26 omarchy-m2 kernel: apple-display-crossbar f0304c000.mux: Switched dpphy to disconnected state
Sep 24 06:23:26 omarchy-m2 kernel: apple-display-crossbar f0304c000.mux: t602x idle: 000=00000000 004=000001ff 008=00000000 00c=00000000 014=000001ff 018=00000000 01c=00000000 024=00000111 028=00000000 02c=00000000 030=00000000 034=00000000 040=0005ad6b 044=02b5ad6b 048=00000000 04c=00000000 050=00000000 060=00000000 070=00000000
Sep 24 06:23:26 omarchy-m2 kernel: apple-display-crossbar f0304c000.mux: t602x idle clk: 000=00000000 800=00000000 020=00000000 820=00000000 024=00000111 81c=00000111
Sep 24 06:23:26 omarchy-m2 kernel: apple-display-crossbar f0304c000.mux: Switched dpin0 to disconnected state
Sep 24 06:23:26 omarchy-m2 kernel: apple-display-crossbar f0304c000.mux: t602x idle: 000=00000000 004=000001ff 008=00000000 00c=00000000 014=000001ff 018=00000000 01c=00000000 024=00000111 028=00000000 02c=00000000 030=00000000 034=00000000 040=0005ad6b 044=02b5ad6b 048=00000000 04c=00000000 050=00000000 060=00000000 070=00000000
Sep 24 06:23:26 omarchy-m2 kernel: apple-display-crossbar f0304c000.mux: t602x idle clk: 000=00000000 800=00000000 020=00000000 820=00000000 024=00000111 81c=00000111
Sep 24 06:23:26 omarchy-m2 kernel: apple-display-crossbar f0304c000.mux: Switched dpin1 to disconnected state
Sep 24 06:23:26 omarchy-m2 kernel: apple-display-crossbar f0304c000.mux: t602x idle: 000=00000000 004=000001ff 008=00000000 00c=00000000 014=000001ff 018=00000000 01c=00000000 024=00000111 028=00000000 02c=00000000 030=00000000 034=00000000 040=0005ad6b 044=02b5ad6b 048=00000000 04c=00000000 050=00000000 060=00000000 070=00000000
Sep 24 06:23:26 omarchy-m2 kernel: apple-display-crossbar f0304c000.mux: t602x idle clk: 000=00000000 800=00000000 020=00000000 820=00000000 024=00000111 81c=00000111
Sep 24 06:23:26 omarchy-m2 kernel: apple-display-crossbar 130304c000.mux: Switched dpphy to disconnected state
Sep 24 06:23:26 omarchy-m2 kernel: apple-display-crossbar 130304c000.mux: t602x idle: 000=00000000 004=000001ff 008=00000000 00c=00000000 014=000001ff 018=00000000 01c=00000000 024=00000111 028=00000000 02c=00000000 030=00000000 034=00000000 040=0005ad6b 044=02b5ad6b 048=00000000 04c=00000000 050=00000000 060=00000000 070=00000000
Sep 24 06:23:26 omarchy-m2 kernel: apple-display-crossbar 130304c000.mux: t602x idle clk: 000=00000000 800=00000000 020=00000000 820=00000000 024=00000111 81c=00000111
Sep 24 06:23:26 omarchy-m2 kernel: apple-display-crossbar 130304c000.mux: Switched dpin0 to disconnected state
Sep 24 06:23:26 omarchy-m2 kernel: apple-display-crossbar 130304c000.mux: t602x idle: 000=00000000 004=000001ff 008=00000000 00c=00000000 014=000001ff 018=00000000 01c=00000000 024=00000111 028=00000000 02c=00000000 030=00000000 034=00000000 040=0005ad6b 044=02b5ad6b 048=00000000 04c=00000000 050=00000000 060=00000000 070=00000000
Sep 24 06:23:26 omarchy-m2 kernel: apple-display-crossbar 130304c000.mux: t602x idle clk: 000=00000000 800=00000000 020=00000000 820=00000000 024=00000111 81c=00000111
Sep 24 06:23:26 omarchy-m2 kernel: apple-display-crossbar 130304c000.mux: Switched dpin1 to disconnected state
Sep 24 06:23:26 omarchy-m2 kernel: apple-display-crossbar 130304c000.mux: t602x idle: 000=00000000 004=000001ff 008=00000000 00c=00000000 014=000001ff 018=00000000 01c=00000000 024=00000111 028=00000000 02c=00000000 030=00000000 034=00000000 040=0005ad6b 044=02b5ad6b 048=00000000 04c=00000000 050=00000000 060=00000000 070=00000000
Sep 24 06:23:26 omarchy-m2 kernel: apple-display-crossbar 130304c000.mux: t602x idle clk: 000=00000000 800=00000000 020=00000000 820=00000000 024=00000111 81c=00000111
Sep 24 06:23:26 omarchy-m2 kernel: mc: Linux media interface: v0.10
Sep 24 06:23:26 omarchy-m2 kernel: videodev: Linux video capture interface: v2.00
Sep 24 06:23:26 omarchy-m2 kernel: apple-display-crossbar 130304c000.mux: Switched dpphy to dispext0,0 (t602x atc=0x100 mux=0x0)
Sep 24 06:23:26 omarchy-m2 kernel: apple-display-crossbar 130304c000.mux: t602x dpphy: 000=00000001 004=000001fe 008=00000001 00c=00000001 014=000001fb 018=00000001 01c=00000100 024=00000011 028=00000100 02c=00000001 030=00000000 034=00000100 040=0005ad6b 044=02b5ad6b 048=00000000 04c=00000000 050=00000000 060=00000000 070=00000000
Sep 24 06:23:26 omarchy-m2 kernel: apple-display-crossbar 130304c000.mux: t602x dpphy clk: 000=00000001 800=00000000 020=00000000 820=00000000 024=00000011 81c=00000011
Sep 24 06:23:26 omarchy-m2 kernel: apple-dcp 289c00000.dcp: typec_mux_set() returned: 0
Sep 24 06:23:26 omarchy-m2 kernel: apple-sio 39bc00000.sio: RTKit: Initializing (protocol version 12)
Sep 24 06:23:26 omarchy-m2 kernel: apple-sio 39bc00000.sio: SIO protocol v9
Sep 24 06:23:26 omarchy-m2 kernel: apple-isp 384000000.isp: ISP firmware-compat: 13.5 (FW: 13.5)
Sep 24 06:23:26 omarchy-m2 kernel: apple-isp 384000000.isp: IPC surface iova: 0x10000f00000
Sep 24 06:23:26 omarchy-m2 kernel: apple-isp 384000000.isp: Data surface iova: 0x10000f1c000
Sep 24 06:23:26 omarchy-m2 kernel: apple-dcp 389c00000.dcp: Detected display with notch of 74 pixel
Sep 24 06:23:26 omarchy-m2 kernel: apple_aop 2a6c00000.aop: RTKit: Initializing (protocol version 12)
Sep 24 06:23:26 omarchy-m2 kernel: platform 389c00000.dcp:piodma: Adding to iommu group 16
Sep 24 06:23:26 omarchy-m2 kernel: apple-dart 389304000.iommu: Limited to ias=36 due to lock
Sep 24 06:23:26 omarchy-m2 kernel: apple-dcp 389c00000.dcp: RTKit: Initializing (protocol version 12)
Sep 24 06:23:26 omarchy-m2 kernel: spi-nor spi0.0: supply vcc not found, using dummy regulator
Sep 24 06:23:26 omarchy-m2 kernel: apple-dcp 389c00000.dcp: shmem_setup: iova: 10080238000 -> pa: 107ddbb4000 -> iomem: ffff80008ea60000
Sep 24 06:23:26 omarchy-m2 kernel: apple-dcp 389c00000.dcp: shmem_setup: iova: 10fffffc000, buffer: ffff80008ea54000
Sep 24 06:23:26 omarchy-m2 kernel: apple-dcp 389c00000.dcp: shmem_setup: iova: 10fffff8000, buffer: ffff80008eb04000
Sep 24 06:23:26 omarchy-m2 kernel: apple-drm soc:display-subsystem: bound 389c00000.dcp (ops dcp_comp_ops [appledrm])
Sep 24 06:23:26 omarchy-m2 kernel: apple-dcp 289c00000.dcp: DCP index:1 dptx target phy: 3 dptx die: 0
Sep 24 06:23:26 omarchy-m2 kernel: avd 287080000.avd: booting hw version: 30010
Sep 24 06:23:26 omarchy-m2 kernel: apple-dcp 389c00000.dcp: RTKit: syslog message: ck_PCC2DBlm_v5.cpp:2611: IOMFB LACS_ERROR: DCP took too long to respond to LAS stats
Sep 24 06:23:26 omarchy-m2 kernel: platform 289c00000.dcp:piodma: Adding to iommu group 17
Sep 24 06:23:26 omarchy-m2 kernel: apple-dart 289304000.iommu: Limited to ias=36 due to lock
Sep 24 06:23:26 omarchy-m2 kernel: apple-dcp 389c00000.dcp: RTKit: syslog message: ck_PCC2DBlm_v5.cpp:2646: IOMFB: BLM LTS data hasn't been read in more than 10 secs
Sep 24 06:23:26 omarchy-m2 kernel: apple-dcp 289c00000.dcp: RTKit: Initializing (protocol version 12)
Sep 24 06:23:26 omarchy-m2 kernel: apple-dcp 289c00000.dcp: shmem_setup: iova: 10080238000 -> pa: 107dd8b4000 -> iomem: ffff80008eb70000
Sep 24 06:23:26 omarchy-m2 kernel: apple-dcp 289c00000.dcp: shmem_setup: iova: 10fffffc000, buffer: ffff80008eb84000
Sep 24 06:23:26 omarchy-m2 kernel: apple_aop 2a6c00000.aop: RTKit: syslog message: AOP_oslog_init.cpp:96: Start AOP OSLog init
Sep 24 06:23:26 omarchy-m2 kernel: apple_aop 2a6c00000.aop: RTKit: syslog message: P_os_log_support.cpp:60: AOP os log initialized
Sep 24 06:23:26 omarchy-m2 kernel: apple-dcp 289c00000.dcp: shmem_setup: iova: 10fffff8000, buffer: ffff80008ebac000
Sep 24 06:23:26 omarchy-m2 kernel: apple-drm soc:display-subsystem: bound 289c00000.dcp (ops dcp_comp_ops [appledrm])
Sep 24 06:23:26 omarchy-m2 kernel: 1 fixed-partitions partitions found on MTD device spi0.0
Sep 24 06:23:26 omarchy-m2 kernel: Creating 1 MTD partitions on "spi0.0":
Sep 24 06:23:26 omarchy-m2 kernel: 0x000000700000-0x000000800000 : "nvram"
Sep 24 06:23:26 omarchy-m2 kernel: apple-drm soc:display-subsystem: bound 39b540000.audio-controller (ops dcpaud_comp_ops [appledrm])
Sep 24 06:23:26 omarchy-m2 kernel: apple-dcp 315c00000.dcp: DCP index:2 dptx target phy: 1 dptx die: 0
Sep 24 06:23:26 omarchy-m2 kernel: platform 315c00000.dcp:piodma: Adding to iommu group 18
Sep 24 06:23:26 omarchy-m2 kernel: apple-dart 315304000.iommu: Limited to ias=36 due to lock
Sep 24 06:23:26 omarchy-m2 kernel: apple-dcp 315c00000.dcp: RTKit: Initializing (protocol version 12)
Sep 24 06:23:26 omarchy-m2 kernel: apple-dcp 315c00000.dcp: shmem_setup: iova: 10080238000 -> pa: 107dc5b4000 -> iomem: ffff80008ebe0000
Sep 24 06:23:26 omarchy-m2 kernel: apple-dcp 315c00000.dcp: shmem_setup: iova: 10fffffc000, buffer: ffff80008ebc4000
Sep 24 06:23:26 omarchy-m2 kernel: apple-dcp 315c00000.dcp: shmem_setup: iova: 10fffff8000, buffer: ffff80008ebf4000
Sep 24 06:23:26 omarchy-m2 kernel: apple-drm soc:display-subsystem: bound 315c00000.dcp (ops dcp_comp_ops [appledrm])
Sep 24 06:23:26 omarchy-m2 kernel: apple-drm soc:display-subsystem: bound 39b580000.audio-controller (ops dcpaud_comp_ops [appledrm])
Sep 24 06:23:26 omarchy-m2 kernel: apple-dcp 389c00000.dcp: RTKit: syslog message: ap_link.c:299: shared memory dva: 0x10fffe00000 0xffffffff00680000
Sep 24 06:23:26 omarchy-m2 kernel: apple-dcp 389c00000.dcp: RTKit: syslog message: ap_link.c:276: ap_link: IOMFB: DCP heap size: 0x1030000 [iBoot:0x1030000] [LinkService:0x0]
Sep 24 06:23:26 omarchy-m2 kernel: apple-dcp 389c00000.dcp: RTKit: syslog message: nifiedPipeline.cpp:4191: IOMFB: Could not find Backlight service
Sep 24 06:23:26 omarchy-m2 kernel: apple-dcp 389c00000.dcp: RTKit: syslog message: nifiedPipeline.cpp:4199: IOMFB: Could not find nvram service
Sep 24 06:23:26 omarchy-m2 kernel: apple-dcp 389c00000.dcp: RTKit: syslog message: nifiedPipeline.cpp:1838: virtual bool UnifiedPipeline::start_ios_gated(): Created AP Services
Sep 24 06:23:26 omarchy-m2 kernel: apple-dcp 389c00000.dcp: RTKit: syslog message: nifiedPipeline.cpp:1864: start_ios_gated: trigger pending HPD notification
Sep 24 06:23:26 omarchy-m2 kernel: apple-dcp 389c00000.dcp: cb_hotplug() connected:1, valid_mode:0 nr_modes:0
Sep 24 06:23:26 omarchy-m2 kernel: apple-dcp 389c00000.dcp: dcp_hotplug() connected:1 valid_mode:0 nr_modes:0
Sep 24 06:23:26 omarchy-m2 kernel: cs42l84 2-004b: Cirrus Logic CS42L84, Revision: 36
Sep 24 06:23:26 omarchy-m2 kernel: apple-dcp 389c00000.dcp: RTKit: syslog message: nifiedPipeline.cpp:1871: virtual bool UnifiedPipeline::start_ios_gated(): Flushed RTPs
Sep 24 06:23:26 omarchy-m2 kernel: apple-dcp 389c00000.dcp: RTKit: syslog message: ableCompensator.cpp:903: IOMFB setup_table: Could not find table 'display-backlight-compensation-v1' in registry. Using default table.
Sep 24 06:23:26 omarchy-m2 kernel: apple-dcp 389c00000.dcp: RTKit: syslog message: PPipeDCP_H13P.cpp:11092: IOMFB updateFrequencies: minimum-frequency property not found, using getClockFrequency(0) instead.
Sep 24 06:23:26 omarchy-m2 kernel: apple-dcp 389c00000.dcp: RTKit: syslog message: PPipeDCP_H13P.cpp:11109: IOMFB updateFrequencies EDT ERROR: getClockFrequency(0) (257142848) < videoClock 521064960! Giving up on frequencies.
Sep 24 06:23:26 omarchy-m2 kernel: apple-dcp 389c00000.dcp: RTKit: syslog message: UPPipeDCP_H13P.cpp:1532: IOMFB: videoClock is zero, defaulting to 521065000
Sep 24 06:23:26 omarchy-m2 kernel: tas2764 1-003a: supply SDZ not found, using dummy regulator
Sep 24 06:23:26 omarchy-m2 kernel: apple-dcp 389c00000.dcp: RTKit: syslog message: nifiedPipeline.cpp:1356: set_device_enabled_gated: current state: 1, requested state: 1
Sep 24 06:23:26 omarchy-m2 kernel: apple-dcp 389c00000.dcp: RTKit: syslog message: PPipeDCP_H13P.cpp:11092: IOMFB updateFrequencies: minimum-frequency property not found, using getClockFrequency(0) instead.
Sep 24 06:23:26 omarchy-m2 kernel: apple-dcp 389c00000.dcp: RTKit: syslog message: PPipeDCP_H13P.cpp:11109: IOMFB updateFrequencies EDT ERROR: getClockFrequency(0) (257142848) < videoClock 521064960! Giving up on frequencies.
Sep 24 06:23:26 omarchy-m2 kernel: apple-dcp 389c00000.dcp: RTKit: syslog message: PPipeDCP_H13P.cpp:10490: set_run_mode_safe: deferring: 2 -> 4
Sep 24 06:23:26 omarchy-m2 kernel: apple-dcp 389c00000.dcp: RTKit: syslog message: PPipeDCP_H13P.cpp:10395: virtual IOMFBStatus IOMFB::UPPipeDCP_H13P::ready_for_run_mode_change(IOMFB::AppleRegisterStream *): initiating deferred run mod
Sep 24 06:23:26 omarchy-m2 kernel: apple-dcp 389c00000.dcp: RTKit: syslog message: M3Hal_v1.cpp:197: IOMFB: load APT M3 IMem : size 0x7b40
Sep 24 06:23:26 omarchy-m2 kernel: apple-dcp 389c00000.dcp: RTKit: syslog message: M3Hal_v1.cpp:197: IOMFB: load APT M3 DMem : size 0x6fd4
Sep 24 06:23:26 omarchy-m2 kernel: apple-dcp 389c00000.dcp: RTKit: syslog message: CAHandler.cpp:188: IOMFB load_ca_data: Unrecognized data version 0 (expected 1 or 2)
Sep 24 06:23:26 omarchy-m2 kernel: apple-dcp 289c00000.dcp: AFK[ep:20]: new service system on channel 1
Sep 24 06:23:26 omarchy-m2 kernel: apple-dcp 289c00000.dcp: AFK[ep:20]: new service powerlog-service on channel 3
Sep 24 06:23:26 omarchy-m2 kernel: tas2764 1-0038: supply SDZ not found, using dummy regulator
Sep 24 06:23:26 omarchy-m2 kernel: tas2764 1-0039: supply SDZ not found, using dummy regulator
Sep 24 06:23:26 omarchy-m2 kernel: apple-dcp 389c00000.dcp: RTKit: syslog message: PPipeDCP_H13P.cpp:14085: IOMFB Int RTBandwidth: program_M3_rt_config: Using Dashboard 28e3d1208
Sep 24 06:23:26 omarchy-m2 kernel: apple-dcp 389c00000.dcp: AFK[ep:20]: new service system on channel 5
Sep 24 06:23:26 omarchy-m2 kernel: apple-dcp 389c00000.dcp: AFK[ep:20]: new service powerlog-service on channel 7
Sep 24 06:23:26 omarchy-m2 kernel: apple-dcp 389c00000.dcp: RTKit: syslog message: dpointInterface.cpp:606: [AFK][AFKMailboxSharedMemoryEndpointInterface:#62] if:1 inCmd:0 inResp:0 outRepErr:0 outCmdErr:0 t:705399744
Sep 24 06:23:26 omarchy-m2 kernel: apple-dcp 389c00000.dcp: RTKit: syslog message: dpointInterface.cpp:606: [AFK][AFKMailboxSharedMemoryEndpointInterface:#65] if:3 inCmd:0 inResp:0 outRepErr:0 outCmdErr:0 t:705404155
Sep 24 06:23:26 omarchy-m2 kernel: apple-dcp 389c00000.dcp: RTKit: syslog message: UPTSQManager.cpp:133: IOMFB: clearing M3 reset
Sep 24 06:23:26 omarchy-m2 kernel: apple-dcp 389c00000.dcp: RTKit: syslog message: UPTSQ_Hal_v1.cpp:349: IOMFB: timebase_offset = 4
Sep 24 06:23:26 omarchy-m2 kernel: thunderbolt-apple-acio 701ac0000.cio: PCIe-C tunnel disabled: m1n1 handoff is not initialized
Sep 24 06:23:26 omarchy-m2 kernel: tas2764 3-003d: supply SDZ not found, using dummy regulator
Sep 24 06:23:26 omarchy-m2 kernel: tas2764 3-003b: supply SDZ not found, using dummy regulator
Sep 24 06:23:26 omarchy-m2 kernel: tas2764 3-003c: supply SDZ not found, using dummy regulator
Sep 24 06:23:26 omarchy-m2 kernel: thunderbolt-apple-acio b01ac0000.cio: PCIe-C tunnel disabled: m1n1 handoff is not initialized
Sep 24 06:23:26 omarchy-m2 kernel: thunderbolt-apple-acio f01ac0000.cio: PCIe-C tunnel disabled: m1n1 handoff is not initialized
Sep 24 06:23:26 omarchy-m2 kernel: apple_aop 2a6c00000.aop: RTKit: syslog message: ALSVD6286.cpp:80: [ALS1] VD6286 device found. Calibration Override:0
Sep 24 06:23:26 omarchy-m2 kernel: apple-dcp 389c00000.dcp: RTKit: syslog message: UPTSQManager.cpp:105: IOMFB: switch to normal mode succeeded
Sep 24 06:23:26 omarchy-m2 kernel: apple-dcp 389c00000.dcp: RTKit: syslog message: ck_PCC2DBlm_v5.cpp:2611: IOMFB LACS_ERROR: DCP took too long to respond to LAS stats
Sep 24 06:23:26 omarchy-m2 kernel: apple-dcp 389c00000.dcp: DCP booted
Sep 24 06:23:26 omarchy-m2 kernel: apple-dcp 389c00000.dcp: DCP is_main_display: 1
Sep 24 06:23:26 omarchy-m2 kernel: apple-dcp 389c00000.dcp: dcp_hotplug() connected:1 valid_mode:0 nr_modes:6
Sep 24 06:23:26 omarchy-m2 kernel: cfg80211: Loading compiled-in X.509 certificates for regulatory database
Sep 24 06:23:26 omarchy-m2 kernel: Loaded X.509 cert 'sforshee: 00b28ddf47aef9cea7'
Sep 24 06:23:26 omarchy-m2 kernel: Loaded X.509 cert 'wens: 61c038651aabdcf94bd0ac7ff06c7248db18c600'
Sep 24 06:23:26 omarchy-m2 kernel: Bluetooth: Core ver 2.22
Sep 24 06:23:26 omarchy-m2 kernel: NET: Registered PF_BLUETOOTH protocol family
Sep 24 06:23:26 omarchy-m2 kernel: Bluetooth: HCI device and connection manager initialized
Sep 24 06:23:26 omarchy-m2 kernel: Bluetooth: HCI socket layer initialized
Sep 24 06:23:26 omarchy-m2 kernel: Bluetooth: L2CAP socket layer initialized
Sep 24 06:23:26 omarchy-m2 kernel: Bluetooth: SCO socket layer initialized
Sep 24 06:23:26 omarchy-m2 kernel: usbcore: registered new interface driver brcmfmac
Sep 24 06:23:26 omarchy-m2 kernel: hci_bcm4377 0000:01:00.1: resetting
Sep 24 06:23:26 omarchy-m2 kernel: brcmfmac 0000:01:00.0: enabling device (0000 -> 0002)
Sep 24 06:23:26 omarchy-m2 kernel: apple_aop 2a6c00000.aop: RTKit: syslog message: iggerController.cpp:129: VoiceTrig ready!! <AppleAOPVoiceTriggerController v240.2 built: Jun 30 202317:4
Sep 24 06:23:26 omarchy-m2 kernel: apple_aop 2a6c00000.aop: RTKit: syslog message: SPU_init.cpp:320: ===( AOP IS READY )===
Sep 24 06:23:26 omarchy-m2 kernel: brcmfmac: brcmf_fw_alloc_request: using brcm/brcmfmac4388c0-pcie for chip BCM4388/4
Sep 24 06:23:26 omarchy-m2 kernel: Adding 32622576k swap on /dev/zram0.  Priority:100 extents:1 across:32622576k SSDsc
Sep 24 06:23:26 omarchy-m2 kernel: hci_bcm4377 0000:01:00.1: reset done
Sep 24 06:23:26 omarchy-m2 kernel: input: MacBook Pro J416 Headphone Jack as /devices/platform/sound/sound/card0/input3
Sep 24 06:23:26 omarchy-m2 kernel: hci_bcm4377 0000:01:00.1: enabling device (0000 -> 0002)
Sep 24 06:23:27 omarchy-m2 systemd-journald[594]: Received client request to flush runtime journal.
Sep 24 06:23:27 omarchy-m2 kernel: apple-isp: CISP_CMD_CONFIG_GET: 
Sep 24 06:23:27 omarchy-m2 kernel: apple-isp: 00000000 00000003 016e3600 00000001 0000000a 00000000 00000001
Sep 24 06:23:27 omarchy-m2 kernel: apple-isp 384000000.isp: found sensor 558 CC2248101BGPNTV7H on ch 0
Sep 24 06:23:27 omarchy-m2 kernel: apple-isp: ch: CISP_CMD_CH_INFO_GET: 0
Sep 24 06:23:27 omarchy-m2 kernel: apple-isp: ch: 00000000 0000010d 00000000 07dc0001 00010090 00010007 00000006 00000001
Sep 24 06:23:27 omarchy-m2 kernel: apple-isp: ch: 00000558 00000009 00001410 00000002 00000000 00000000 00000000 00000000
Sep 24 06:23:27 omarchy-m2 kernel: apple-isp: ch: 00000000 00000000 00000000 00050000 00000001 00000000 00000004 00000020
Sep 24 06:23:27 omarchy-m2 kernel: apple-isp: ch: 00000006 00000000 00004680 00000040 00000001 00000002 00004000 00000040
Sep 24 06:23:27 omarchy-m2 kernel: apple-isp: ch: 00000001 00000000 00000000 00000036 00000000 00000000 000f4240 434300a0
Sep 24 06:23:27 omarchy-m2 kernel: apple-isp: ch: 38343232 42313031 544e5047 00483756 00000000 00000008 00000000 00000000
Sep 24 06:23:27 omarchy-m2 kernel: apple-isp: ch: 00000001 00000000 00000100 00000000 00000000 00000000 00000000 00ff0000
Sep 24 06:23:27 omarchy-m2 kernel: apple-isp: ch: 00000c00 00000000 0000001c 00000680 00000004 00000004 00000000 00000000
Sep 24 06:23:27 omarchy-m2 kernel: apple-isp: ch: 00000000 00000000 00000000 00000000 07800000 00000780
Sep 24 06:23:27 omarchy-m2 kernel: apple-isp: ps: CISP_CMD_CH_CAMERA_CONFIG_GET: 0
Sep 24 06:23:27 omarchy-m2 kernel: apple-isp: ps: 00000000 00000106 00000000 00000000 07800780 07800780 00000000 00001df8
Sep 24 06:23:27 omarchy-m2 kernel: apple-isp: ps: 00000100 00000001 00000040 00000040 00000040 00000040 00000040 00000040
Sep 24 06:23:27 omarchy-m2 kernel: apple-isp: ps: 00000003 00000040 00000040 00000005 00000000 0100041e 00000001 00000000
Sep 24 06:23:27 omarchy-m2 kernel: apple-isp: ps: 0bdebefc 00000006 00000007 00000000 00000009 000f4240 00000012 00000000
Sep 24 06:23:27 omarchy-m2 kernel: apple-isp: ps: 00008000 00000014 00000015 00000000 00000000 00000000 00000780 00000780
Sep 24 06:23:27 omarchy-m2 kernel: apple-isp: ps: 00010000 00000000 93f00000 00000040 0000001f 00000000 00000000 00000000
Sep 24 06:23:27 omarchy-m2 kernel: apple-isp: ps: 00000780 00000780 00000100 00000000 00000000 00000780 00000780
Sep 24 06:23:27 omarchy-m2 kernel: apple-isp: ps: CISP_CMD_CH_CAMERA_CONFIG_GET: 1
Sep 24 06:23:27 omarchy-m2 kernel: apple-isp: ps: 00000000 00000106 00000000 00000001 08700780 08700780 00000000 00001df8
Sep 24 06:23:27 omarchy-m2 kernel: apple-isp: ps: 00000100 00000001 00000040 00000040 00000040 00000040 00000040 00000040
Sep 24 06:23:27 omarchy-m2 kernel: apple-isp: ps: 00000003 00000040 00000040 00000005 00000000 0100041e 00000001 00000000
Sep 24 06:23:27 omarchy-m2 kernel: apple-isp: ps: 0bdebefc 00000006 00000007 00000000 00000009 000f4240 00000012 00000000
Sep 24 06:23:27 omarchy-m2 kernel: apple-isp: ps: 00008000 00000014 00000015 00000000 00000000 00000000 00000780 00000438
Sep 24 06:23:27 omarchy-m2 kernel: apple-isp: ps: 00010001 00000000 93f00000 00000040 0000001f 00000000 00000000 00000000
Sep 24 06:23:27 omarchy-m2 kernel: apple-isp: ps: 00000780 00000870 00000100 00000000 00000000 00000780 00000438
Sep 24 06:23:27 omarchy-m2 kernel: apple-isp: ps: CISP_CMD_CH_CAMERA_CONFIG_GET: 2
Sep 24 06:23:27 omarchy-m2 kernel: apple-isp: ps: 00000000 00000106 00000000 00000002 0f000438 0f000438 00000000 00001df8
Sep 24 06:23:27 omarchy-m2 kernel: apple-isp: ps: 00000100 00000001 00000040 00000040 00000040 00000040 00000040 00000040
Sep 24 06:23:27 omarchy-m2 kernel: apple-isp: ps: 00000003 00000040 00000040 00000005 00000000 0100041e 00000001 00000000
Sep 24 06:23:27 omarchy-m2 kernel: apple-isp: ps: 0bdebefc 00000006 00000007 00000000 00000009 000f4240 0000000d 00000000
Sep 24 06:23:27 omarchy-m2 kernel: apple-isp: ps: 00008000 00000014 00000015 00000000 00000000 00000000 00000438 00000780
Sep 24 06:23:27 omarchy-m2 kernel: apple-isp: ps: 00010001 00000000 93f00000 00000040 0000001f 00000000 00000000 00000000
Sep 24 06:23:27 omarchy-m2 kernel: apple-isp: ps: 00000438 00000f00 00000100 00000000 00000000 00000438 00000780
Sep 24 06:23:27 omarchy-m2 kernel: apple-isp: ps: CISP_CMD_CH_CAMERA_CONFIG_GET: 3
Sep 24 06:23:27 omarchy-m2 kernel: apple-isp: ps: 00000000 00000106 00000000 00000003 0a6006e0 0a6006e0 00000000 00001df8
Sep 24 06:23:27 omarchy-m2 kernel: apple-isp: ps: 00000100 00000001 00000040 00000040 00000040 00000040 00000040 00000040
Sep 24 06:23:27 omarchy-m2 kernel: apple-isp: ps: 00000003 00000040 00000040 00000005 00000000 0100041e 00000001 00000000
Sep 24 06:23:27 omarchy-m2 kernel: apple-isp: ps: 0bdebefc 00000006 00000007 00000000 00000009 000f4240 00000010 00000000
Sep 24 06:23:27 omarchy-m2 kernel: apple-isp: ps: 00008000 00000014 00000015 00000000 00000000 00000000 000006e0 00000530
Sep 24 06:23:27 omarchy-m2 kernel: apple-isp: ps: 00010001 00000000 93f00000 00000040 0000001f 00000000 00000000 00000000
Sep 24 06:23:27 omarchy-m2 kernel: apple-isp: ps: 000006e0 00000a60 00000100 00000000 00000000 000006e0 00000530
Sep 24 06:23:27 omarchy-m2 kernel: apple-isp: ps: CISP_CMD_CH_CAMERA_CONFIG_GET: 4
Sep 24 06:23:27 omarchy-m2 kernel: apple-isp: ps: 00000000 00000106 00000000 00000004 0dc00530 0dc00530 00000000 00001df8
Sep 24 06:23:27 omarchy-m2 kernel: apple-isp: ps: 00000100 00000001 00000040 00000040 00000040 00000040 00000040 00000040
Sep 24 06:23:27 omarchy-m2 kernel: apple-isp: ps: 00000003 00000040 00000040 00000005 00000000 0100041e 00000001 00000000
Sep 24 06:23:27 omarchy-m2 kernel: apple-isp: ps: 0bdebefc 00000006 00000007 00000000 00000009 000f4240 0000000e 00000000
Sep 24 06:23:27 omarchy-m2 kernel: apple-isp: ps: 00008000 00000014 00000015 00000000 00000000 00000000 00000530 000006e0
Sep 24 06:23:27 omarchy-m2 kernel: apple-isp: ps: 00010001 00000000 93f00000 00000040 0000001f 00000000 00000000 00000000
Sep 24 06:23:27 omarchy-m2 kernel: apple-isp: ps: 00000530 00000dc0 00000100 00000000 00000000 00000530 000006e0
Sep 24 06:23:27 omarchy-m2 kernel: apple-isp: ps: CISP_CMD_CH_CAMERA_CONFIG_GET: 5
Sep 24 06:23:27 omarchy-m2 kernel: apple-isp: ps: 00000000 00000106 00000000 00000005 0c200610 0c200610 00000000 00001df8
Sep 24 06:23:27 omarchy-m2 kernel: apple-isp: ps: 00000100 00000001 00000040 00000040 00000040 00000040 00000040 00000040
Sep 24 06:23:27 omarchy-m2 kernel: apple-isp: ps: 00000003 00000040 00000040 00000005 00000000 0100041e 00000001 00000000
Sep 24 06:23:27 omarchy-m2 kernel: apple-isp: ps: 0bdebefc 00000006 00000007 00000000 00000009 000f4240 0000000f 00000000
Sep 24 06:23:27 omarchy-m2 kernel: apple-isp: ps: 00008000 00000014 00000015 00000000 00000000 00000000 00000610 00000610
Sep 24 06:23:27 omarchy-m2 kernel: apple-isp: ps: 00010001 00000000 93f00000 00000040 0000001f 00000000 00000000 00000000
Sep 24 06:23:27 omarchy-m2 kernel: apple-isp: ps: 00000610 00000c20 00000100 00000000 00000000 00000610 00000610
Sep 24 06:23:27 omarchy-m2 kernel: apple-isp 384000000.isp: apple-isp probe!
Sep 24 06:23:27 omarchy-m2 kernel: apple-dcp 289c00000.dcp: AFK[ep:23]: new service disp0-service on channel 1
Sep 24 06:23:27 omarchy-m2 kernel: apple-dcp 289c00000.dcp: AFK[ep:2a]: new service AppleDCPDPTXRemotePort on channel 1
Sep 24 06:23:27 omarchy-m2 kernel: apple-dcp 289c00000.dcp: AFK[ep:2a]: new service AppleDCPDPTXRemotePort on channel 3
Sep 24 06:23:27 omarchy-m2 kernel: apple-dcp 289c00000.dcp: RTKit: syslog message: ap_link.c:299: shared memory dva: 0x10fffe00000 0xffffffff00027000
Sep 24 06:23:27 omarchy-m2 kernel: apple-dcp 289c00000.dcp: RTKit: syslog message: ap_link.c:276: ap_link: IOMFB: DCP heap size: 0x1030000 [iBoot:0x1030000] [LinkService:0x0]
Sep 24 06:23:27 omarchy-m2 kernel: apple-dcp 289c00000.dcp: RTKit: syslog message: nifiedPipeline.cpp:4191: IOMFB: Could not find Backlight service
Sep 24 06:23:27 omarchy-m2 kernel: apple-dcp 289c00000.dcp: RTKit: syslog message: nifiedPipeline.cpp:4199: IOMFB: Could not find nvram service
Sep 24 06:23:27 omarchy-m2 kernel: apple-dcp 289c00000.dcp: RTKit: syslog message: nifiedPipeline.cpp:1838: virtual bool UnifiedPipeline::start_ios_gated(): Created AP Services
Sep 24 06:23:27 omarchy-m2 kernel: apple-dcp 289c00000.dcp: RTKit: syslog message: nifiedPipeline.cpp:1871: virtual bool UnifiedPipeline::start_ios_gated(): Flushed RTPs
Sep 24 06:23:27 omarchy-m2 kernel: apple-dcp 289c00000.dcp: RTKit: syslog message: PPipeDCP_H13P.cpp:11122: IOMFB setup_video_limits called on secondary display with no timing set
Sep 24 06:23:27 omarchy-m2 kernel: apple-dcp 289c00000.dcp: read_edt_data key=initial-vbi-advance-lines count=1 default0=0x2 ret=0
Sep 24 06:23:27 omarchy-m2 kernel: apple-dcp 289c00000.dcp: RTKit: syslog message: nifiedPipeline.cpp:1356: set_device_enabled_gated: current state: 1, requested state: 1
Sep 24 06:23:27 omarchy-m2 kernel: apple-dcp 289c00000.dcp: RTKit: syslog message: PPipeDCP_H13P.cpp:11122: IOMFB setup_video_limits called on secondary display with no timing set
Sep 24 06:23:27 omarchy-m2 kernel: apple-dcp 289c00000.dcp: RTKit: syslog message: PPipeDCP_H13P.cpp:10468: set_run_mode_safe: no need to defer: 2 -> 1
Sep 24 06:23:27 omarchy-m2 kernel: apple-dcp 289c00000.dcp: RTKit: syslog message: PPipeDCP_H13P.cpp:10468: set_run_mode_safe: no need to defer: 1 -> 0
Sep 24 06:23:27 omarchy-m2 kernel: apple-dcp 315c00000.dcp: AFK[ep:20]: new service system on channel 1
Sep 24 06:23:27 omarchy-m2 kernel: apple-dcp 315c00000.dcp: AFK[ep:20]: new service powerlog-service on channel 3
Sep 24 06:23:27 omarchy-m2 kernel: apple-dcp 289c00000.dcp: RTKit: syslog message: nifiedPipeline.cpp:1356: set_device_enabled_gated: current state: 1, requested state: 0
Sep 24 06:23:27 omarchy-m2 kernel: apple-dcp 289c00000.dcp: DCP booted
Sep 24 06:23:27 omarchy-m2 kernel: apple-dcp 289c00000.dcp: DCP is_main_display: 0
Sep 24 06:23:27 omarchy-m2 kernel: apple-dcp 289c00000.dcp: dcp_hotplug() connected:0 valid_mode:0 nr_modes:0
Sep 24 06:23:28 omarchy-m2 kernel: brcmfmac: brcmf_c_process_txcap_blob: TxCap blob found, loading
Sep 24 06:23:28 omarchy-m2 kernel: brcmfmac: brcmf_c_process_cal_blob: Calibration blob provided by platform, loading
Sep 24 06:23:28 omarchy-m2 kernel: brcmfmac: brcmf_c_preinit_dcmds: Firmware: BCM4388/4 wl0: Jun 11 2023 05:20:59 version 23.20.95.0.40.50.92 FWID 01-ec505a98
Sep 24 06:23:28 omarchy-m2 kernel: ieee80211 phy0: brcmf_c_set_joinpref_default: Set join_pref error (-52)
Sep 24 06:23:28 omarchy-m2 kernel: ieee80211 phy0: brcmf_c_set_joinpref_default: Set join_pref error (-52)
Sep 24 06:23:28 omarchy-m2 kernel: input: keyd virtual keyboard as /devices/virtual/input/input4
Sep 24 06:23:28 omarchy-m2 kernel: snd-soc-macaudio sound: Speaker volumes unlocked
Sep 24 06:23:28 omarchy-m2 kernel: Bluetooth: BNEP (Ethernet Emulation) ver 1.3
Sep 24 06:23:28 omarchy-m2 kernel: Bluetooth: BNEP filters: protocol multicast
Sep 24 06:23:28 omarchy-m2 kernel: Bluetooth: BNEP socket layer initialized
Sep 24 06:23:28 omarchy-m2 kernel: input: keyd virtual pointer as /devices/virtual/input/input5
Sep 24 06:23:28 omarchy-m2 kernel: ieee80211 phy0: brcmf_dongle_roam: WLC_SET_ROAM_DELTA error (-52)
Sep 24 06:23:28 omarchy-m2 kernel: apple-dcp 315c00000.dcp: AFK[ep:23]: new service disp0-service on channel 1
Sep 24 06:23:28 omarchy-m2 kernel: apple-dcp 315c00000.dcp: AFK[ep:2a]: new service AppleDCPDPTXRemotePort on channel 1
Sep 24 06:23:28 omarchy-m2 kernel: apple-dcp 315c00000.dcp: AFK[ep:2a]: new service AppleDCPDPTXRemotePort on channel 3
Sep 24 06:23:28 omarchy-m2 kernel: apple-dcp 289c00000.dcp: dcp_enable_dp2hdmi_hpd: DP2HDMI HPD connected:0
Sep 24 06:23:28 omarchy-m2 kernel: apple-dcp 315c00000.dcp: RTKit: syslog message: ap_link.c:299: shared memory dva: 0x10fffe00000 0xffffffff00027000
Sep 24 06:23:28 omarchy-m2 kernel: apple-dcp 315c00000.dcp: RTKit: syslog message: ap_link.c:276: ap_link: IOMFB: DCP heap size: 0x1030000 [iBoot:0x1030000] [LinkService:0x0]
Sep 24 06:23:28 omarchy-m2 kernel: apple-dcp 289c00000.dcp: RTKit: syslog message: FramebufferDCP.cpp:1962: IOMFB: swap_submit_dcp: swallowed swap ID 2 as fControllerPowerState is 0 for External Display
Sep 24 06:23:28 omarchy-m2 kernel: apple-dcp 289c00000.dcp: RTKit: syslog message: FramebufferDCP.cpp:1967: IOMFB: swap_submit_dcp: swallowed swap ID 2 as timinsg are not enabled for External Display
Sep 24 06:23:28 omarchy-m2 kernel: apple-dcp 289c00000.dcp: dcp_poweroff() done
Sep 24 06:23:28 omarchy-m2 kernel: apple-dcp 315c00000.dcp: RTKit: syslog message: nifiedPipeline.cpp:4191: IOMFB: Could not find Backlight service
Sep 24 06:23:28 omarchy-m2 kernel: apple-dcp 315c00000.dcp: RTKit: syslog message: nifiedPipeline.cpp:4199: IOMFB: Could not find nvram service
Sep 24 06:23:28 omarchy-m2 kernel: apple-dcp 315c00000.dcp: RTKit: syslog message: nifiedPipeline.cpp:1838: virtual bool UnifiedPipeline::start_ios_gated(): Created AP Services
Sep 24 06:23:28 omarchy-m2 kernel: apple-dcp 315c00000.dcp: RTKit: syslog message: nifiedPipeline.cpp:1871: virtual bool UnifiedPipeline::start_ios_gated(): Flushed RTPs
Sep 24 06:23:28 omarchy-m2 kernel: apple-dcp 315c00000.dcp: RTKit: syslog message: PPipeDCP_H13P.cpp:11122: IOMFB setup_video_limits called on secondary display with no timing set
Sep 24 06:23:28 omarchy-m2 kernel: apple-dcp 315c00000.dcp: read_edt_data key=initial-vbi-advance-lines count=1 default0=0x2 ret=0
Sep 24 06:23:28 omarchy-m2 kernel: apple-dcp 315c00000.dcp: RTKit: syslog message: nifiedPipeline.cpp:1356: set_device_enabled_gated: current state: 1, requested state: 1
Sep 24 06:23:28 omarchy-m2 kernel: apple-dcp 315c00000.dcp: RTKit: syslog message: PPipeDCP_H13P.cpp:11122: IOMFB setup_video_limits called on secondary display with no timing set
Sep 24 06:23:28 omarchy-m2 kernel: apple-dcp 315c00000.dcp: RTKit: syslog message: PPipeDCP_H13P.cpp:10468: set_run_mode_safe: no need to defer: 2 -> 1
Sep 24 06:23:28 omarchy-m2 kernel: apple-dcp 315c00000.dcp: RTKit: syslog message: PPipeDCP_H13P.cpp:10468: set_run_mode_safe: no need to defer: 1 -> 0
Sep 24 06:23:28 omarchy-m2 kernel: apple-dcp 315c00000.dcp: RTKit: syslog message: nifiedPipeline.cpp:1356: set_device_enabled_gated: current state: 1, requested state: 0
Sep 24 06:23:28 omarchy-m2 kernel: apple-dcp 315c00000.dcp: DCP booted
Sep 24 06:23:28 omarchy-m2 kernel: apple-dcp 315c00000.dcp: DCP is_main_display: 0
Sep 24 06:23:28 omarchy-m2 kernel: Console: switching to colour dummy device 80x25
Sep 24 06:23:28 omarchy-m2 kernel: [drm] Initialized apple 1.0.0 for soc:display-subsystem on minor 2
Sep 24 06:23:28 omarchy-m2 kernel: Bluetooth: hci0: HCI LE Coded PHY feature bit is set, but its usage is not supported.
Sep 24 06:23:28 omarchy-m2 kernel: Console: switching to colour frame buffer device 216x67
Sep 24 06:23:28 omarchy-m2 kernel: apple-drm soc:display-subsystem: [drm] fb0: appledrmfb frame buffer device
Sep 24 06:23:28 omarchy-m2 kernel: apple-dcp 315c00000.dcp: typec mux set typec1 alt=0000000000000000 svid=0000 mode=0 dp=0 usb4=0 tbt=0
Sep 24 06:23:28 omarchy-m2 kernel: apple-dcp 315c00000.dcp: typec mux set typec0 alt=0000000000000000 svid=0000 mode=0 dp=0 usb4=0 tbt=0
Sep 24 06:23:28 omarchy-m2 kernel: apple-dcp 315c00000.dcp: typec mux set typec2 alt=0000000000000000 svid=0000 mode=0 dp=0 usb4=0 tbt=0
Sep 24 06:23:28 omarchy-m2 kernel: Bluetooth: hci0: Failed to read codec capabilities (-22)
Sep 24 06:23:28 omarchy-m2 kernel: Bluetooth: hci0: Failed to read codec capabilities (-22)
Sep 24 06:23:28 omarchy-m2 kernel: Bluetooth: hci0: Failed to read codec capabilities (-22)
Sep 24 06:23:28 omarchy-m2 kernel: Bluetooth: hci0: Failed to read codec capabilities (-22)
Sep 24 06:23:28 omarchy-m2 kernel: Bluetooth: hci0: Failed to read codec capabilities (-22)
Sep 24 06:23:28 omarchy-m2 kernel: Bluetooth: hci0: Failed to read codec capabilities (-22)
Sep 24 06:23:28 omarchy-m2 kernel: Bluetooth: hci0: Failed to read codec capabilities (-22)
Sep 24 06:23:28 omarchy-m2 kernel: Bluetooth: hci0: Failed to read codec capabilities (-22)
Sep 24 06:23:28 omarchy-m2 kernel: Bluetooth: hci0: Failed to read codec capabilities (-22)
Sep 24 06:23:28 omarchy-m2 kernel: Bluetooth: hci0: Failed to read codec capabilities (-22)
Sep 24 06:23:28 omarchy-m2 kernel: Bluetooth: MGMT ver 1.23
Sep 24 06:23:28 omarchy-m2 kernel: Bluetooth: hci0: Bad flag given (0x1) vs supported (0xe)
Sep 24 06:23:29 omarchy-m2 kernel: apple-dcp 389c00000.dcp: dcp_poweron() starting
Sep 24 06:23:29 omarchy-m2 kernel: apple-dcp 389c00000.dcp: dcp_set_power_state_req returned, 10000 ms remaining
Sep 24 06:23:29 omarchy-m2 kernel: apple-dcp 389c00000.dcp: set_digital_out_mode(color:1 timing:2) "3456x2160": 120 1042130 3456 3464 3496 3536 2160 2278 2360 2456 0x48 0x0
Sep 24 06:23:29 omarchy-m2 kernel: apple-dcp 389c00000.dcp: set_digital_out_mode() color mode depth:8 format:0 colorimetry:16 eotf:0 range:0 vrr:1
Sep 24 06:23:29 omarchy-m2 kernel: apple-dcp 389c00000.dcp: RTKit: syslog message: FramebufferDCP.cpp:5931: IOMFBParameter_adaptive_sync Req minRR = 0x0, mediaTargetRate = 0x0, Fractional Rate = 0
Sep 24 06:23:29 omarchy-m2 kernel: apple-dcp 389c00000.dcp: RTKit: syslog message: nifiedPipeline.cpp:7462: set_digital_out_mode: Modeset requested for colorID: 1, timingID: 2
Sep 24 06:23:29 omarchy-m2 kernel: apple-dcp 389c00000.dcp: RTKit: syslog message: PPipeDCP_H13P.cpp:18011: Dual pipe disabled offset 0
Sep 24 06:23:29 omarchy-m2 kernel: apple-dcp 389c00000.dcp: RTKit: syslog message: PPipeDCP_H13P.cpp:10490: set_run_mode_safe: deferring: 4 -> 1
Sep 24 06:23:29 omarchy-m2 kernel: apple-dcp 389c00000.dcp: RTKit: syslog message: PPipeDCP_H13P.cpp:10395: virtual IOMFBStatus IOMFB::UPPipeDCP_H13P::ready_for_run_mode_change(IOMFB::AppleRegisterStream *): initiating deferred run mod
Sep 24 06:23:29 omarchy-m2 kernel: apple-dcp 389c00000.dcp: RTKit: syslog message: UPTSQManager.cpp:150: IOMFBStatus IOMFB::UPTSQManager::power_down_M3(IOMFB::AppleRegisterStream *, UPTSQManager::ModeChangeWaiter *): request mode ch
Sep 24 06:23:29 omarchy-m2 kernel: apple-dcp 389c00000.dcp: RTKit: syslog message: UPTSQManager.cpp:162: IOMFBStatus IOMFB::UPTSQManager::power_down_M3(IOMFB::AppleRegisterStream *, UPTSQManager::ModeChangeWaiter *): disabling M3
Sep 24 06:23:29 omarchy-m2 kernel: apple-dcp 389c00000.dcp: RTKit: syslog message: PPipeDCP_H13P.cpp:10468: set_run_mode_safe: no need to defer: 1 -> 0
Sep 24 06:23:29 omarchy-m2 kernel: apple-dcp 389c00000.dcp: RTKit: syslog message: ck_PCC2DBlm_v5.cpp:3300: Quiescing callback
Sep 24 06:23:29 omarchy-m2 kernel: apple-dcp 389c00000.dcp: RTKit: syslog message: nifiedPipeline.cpp:1356: set_device_enabled_gated: current state: 1, requested state: 0
Sep 24 06:23:29 omarchy-m2 kernel: apple-dcp 389c00000.dcp: RTKit: syslog message: nifiedPipeline.cpp:7700: set_mode: timingID: 2 colorID: 1
Sep 24 06:23:29 omarchy-m2 kernel: apple-dcp 389c00000.dcp: RTKit: syslog message: PPipeDCP_H13P.cpp:11092: IOMFB updateFrequencies: minimum-frequency property not found, using getClockFrequency(0) instead.
Sep 24 06:23:29 omarchy-m2 kernel: apple-dcp 389c00000.dcp: RTKit: syslog message: PPipeDCP_H13P.cpp:11109: IOMFB updateFrequencies EDT ERROR: getClockFrequency(0) (257142848) < videoClock 521064960! Giving up on frequencies.
Sep 24 06:23:29 omarchy-m2 kernel: apple-dcp 389c00000.dcp: RTKit: syslog message: nifiedPipeline.cpp:7356: IOMFBStatus UnifiedPipeline::mode_set_gated(uint32_t, uint32_t): 3456x2234@120 Hz link: 1
Sep 24 06:23:29 omarchy-m2 kernel: apple-dcp 389c00000.dcp: RTKit: syslog message: nifiedPipeline.cpp:1356: set_device_enabled_gated: current state: 0, requested state: 1
Sep 24 06:23:29 omarchy-m2 kernel: apple-dcp 389c00000.dcp: RTKit: syslog message: PPipeDCP_H13P.cpp:10468: set_run_mode_safe: no need to defer: 0 -> 1
Sep 24 06:23:29 omarchy-m2 kernel: apple-dcp 389c00000.dcp: RTKit: syslog message: ock_Tunables_v1.cpp:651: IOMFB: Writing tunables with target 4
Sep 24 06:23:29 omarchy-m2 kernel: apple-dcp 389c00000.dcp: RTKit: syslog message: ck_Config_H13P.cpp:1771: program_frame_size: pixel_clock 1042130000, vid0 521065000, 00020910 0000007e
Sep 24 06:23:29 omarchy-m2 kernel: apple-dcp 389c00000.dcp: RTKit: syslog message: M3Hal_v1.cpp:197: IOMFB: load LED M3 IMem : size 0x7b74
Sep 24 06:23:29 omarchy-m2 kernel: apple-dcp 389c00000.dcp: RTKit: syslog message: M3Hal_v1.cpp:197: IOMFB: load LED M3 DMem : size 0x102e0
Sep 24 06:23:29 omarchy-m2 kernel: apple-dcp 389c00000.dcp: RTKit: syslog message: ock_PCC2DLTM_v4.cpp:324: IOMFBStatus IOMFB::UPBlock_PCC2DLTM_v4::set_mcpu_power(IOMFB::AppleRegisterStream *, bool) Loading M3 Hal
Sep 24 06:23:29 omarchy-m2 kernel: apple-dcp 389c00000.dcp: RTKit: syslog message: M3Hal_v1.cpp:197: IOMFB: load LTM M3 IMem : size 0x7308
Sep 24 06:23:29 omarchy-m2 kernel: apple-dcp 389c00000.dcp: RTKit: syslog message: M3Hal_v1.cpp:197: IOMFB: load LTM M3 DMem : size 0xd190
Sep 24 06:23:29 omarchy-m2 kernel: apple-dcp 389c00000.dcp: RTKit: syslog message: ck_PCC2DBlm_v5.cpp:4938: [set_lts_buffer] buffer 0x10001cc4000 Add_lo = 0x1cc4000, Add_hi = 0x100, size 0x2900 stride 0x100
Sep 24 06:23:29 omarchy-m2 kernel: apple-dcp 389c00000.dcp: RTKit: syslog message: PPipeDCP_H13P.cpp:10468: set_run_mode_safe: no need to defer: 1 -> 2
Sep 24 06:23:29 omarchy-m2 kernel: apple-dcp 389c00000.dcp: RTKit: syslog message: UPPipeDCP_H13P.cpp:1532: IOMFB: videoClock is zero, defaulting to 521065000
Sep 24 06:23:29 omarchy-m2 kernel: apple-dcp 389c00000.dcp: RTKit: syslog message: M3Hal_v1.cpp:197: IOMFB: load BLM M3 IMem : size 0x764c
Sep 24 06:23:29 omarchy-m2 kernel: apple-dcp 389c00000.dcp: RTKit: syslog message: M3Hal_v1.cpp:197: IOMFB: load BLM M3 DMem : size 0xaf6c
Sep 24 06:23:29 omarchy-m2 kernel: apple-dcp 389c00000.dcp: RTKit: syslog message: FBPropertyManager.h:189: value_t<P> IOMFB::PropMgr::getVal(IOMFB::RuntimeProperty) [P = IOMFB::RuntimePropertyType::boolean]: WARNING - type mismatch on
Sep 24 06:23:29 omarchy-m2 kernel: apple-dcp 389c00000.dcp: RTKit: syslog message: PPipeDCP_H13P.cpp:10490: set_run_mode_safe: deferring: 2 -> 4
Sep 24 06:23:29 omarchy-m2 kernel: apple-dcp 389c00000.dcp: RTKit: syslog message: PPipeDCP_H13P.cpp:10395: virtual IOMFBStatus IOMFB::UPPipeDCP_H13P::ready_for_run_mode_change(IOMFB::AppleRegisterStream *): initiating deferred run mod
Sep 24 06:23:29 omarchy-m2 kernel: apple-dcp 389c00000.dcp: RTKit: syslog message: M3Hal_v1.cpp:197: IOMFB: load APT M3 IMem : size 0x7b40
Sep 24 06:23:29 omarchy-m2 kernel: apple-dcp 389c00000.dcp: RTKit: syslog message: M3Hal_v1.cpp:197: IOMFB: load APT M3 DMem : size 0x6fd4
Sep 24 06:23:29 omarchy-m2 kernel: apple-dcp 389c00000.dcp: RTKit: syslog message: CAHandler.cpp:188: IOMFB load_ca_data: Unrecognized data version 0 (expected 1 or 2)
Sep 24 06:23:29 omarchy-m2 kernel: apple-dcp 389c00000.dcp: RTKit: syslog message: PPipeDCP_H13P.cpp:14085: IOMFB Int RTBandwidth: program_M3_rt_config: Using Dashboard 28e3d1208
Sep 24 06:23:29 omarchy-m2 kernel: apple-dcp 389c00000.dcp: RTKit: syslog message: UPTSQManager.cpp:133: IOMFB: clearing M3 reset
Sep 24 06:23:29 omarchy-m2 kernel: apple-dcp 389c00000.dcp: RTKit: syslog message: UPTSQ_Hal_v1.cpp:349: IOMFB: timebase_offset = 4
Sep 24 06:23:29 omarchy-m2 kernel: apple-dcp 389c00000.dcp: RTKit: syslog message: UPTSQManager.cpp:105: IOMFB: switch to normal mode succeeded
Sep 24 06:23:29 omarchy-m2 kernel: apple-dcp 389c00000.dcp: RTKit: syslog message: eoInterfaceIOAV.cpp:296: IOMFB: VideoInterfaceIOAV::power_on: m_power_ctrl->setPower( 1 )
Sep 24 06:23:29 omarchy-m2 kernel: apple-dcp 389c00000.dcp: RTKit: syslog message: MMailboxHandler.cpp:214: pcc firmware: MailBox Printf is enabled in BLM Pipe Line Init
Sep 24 06:23:29 omarchy-m2 kernel: apple-dcp 389c00000.dcp: RTKit: syslog message: PPipeDCP_H13P.cpp:17179: handle_stage1_enable blm_en 1 ltm_en 0
Sep 24 06:23:29 omarchy-m2 kernel: apple-dcp 389c00000.dcp: set_digital_out_mode finished:8379
Sep 24 06:23:29 omarchy-m2 kernel: ieee80211 phy0: brcmf_p2p_set_firmware: failed to update device address ret -52
Sep 24 06:23:29 omarchy-m2 kernel: ieee80211 phy0: brcmf_p2p_create_p2pdev: set p2p_disc error
Sep 24 06:23:29 omarchy-m2 kernel: ieee80211 phy0: brcmf_cfg80211_add_iface: add iface p2p-dev-wlan0 type 10 failed: err=-52
Sep 24 06:23:29 omarchy-m2 kernel: apple-dcp 315c00000.dcp: typec mux set typec0 alt=0000000000000000 svid=0000 mode=4 dp=0 usb4=1 tbt=0
Sep 24 06:23:29 omarchy-m2 kernel: thunderbolt-apple-acio 701ac0000.cio: RTKit: Initializing (protocol version 12)
Sep 24 06:23:29 omarchy-m2 kernel: apple-dart 701a80000.iommu: DART [pagesize 4000, 16 streams, bypass support: 1, bypass forced: 0, locked: 0, AS 42 -> 42] initialized
Sep 24 06:23:29 omarchy-m2 kernel: thunderbolt-apple-acio 701ac0000.cio: RTKit: syslog message: main.c:60: #ACIO FW IS READY# FW_VERSION_STRING=AppleCIOFirmware-475~290__2026-04-18-18:18
Sep 24 06:23:29 omarchy-m2 kernel: thunderbolt-apple-acio 701ac0000.cio: RTKit: syslog message: main.c:61: FW state=1
Sep 24 06:23:29 omarchy-m2 kernel: thunderbolt-apple-nhi 701f00000.nhi: device links to tunneled native ports are missing!
Sep 24 06:23:29 omarchy-m2 kernel: thunderbolt-apple-acio 701ac0000.cio: RTKit: syslog message: lane_init.c:181: Entering Phase 1. action=0
Sep 24 06:23:29 omarchy-m2 kernel: thunderbolt-apple-acio 701ac0000.cio: RTKit: syslog message: lane_init.c:78: Lane init parmas = 0x00000013
Sep 24 06:23:29 omarchy-m2 kernel: xhci-hcd xhci-hcd.3.auto: xHCI Host Controller
Sep 24 06:23:29 omarchy-m2 kernel: xhci-hcd xhci-hcd.3.auto: new USB bus registered, assigned bus number 1
Sep 24 06:23:29 omarchy-m2 kernel: xhci-hcd xhci-hcd.3.auto: hcc params 0x0238ffcd hci version 0x110 quirks 0x0000808000000010
Sep 24 06:23:29 omarchy-m2 kernel: xhci-hcd xhci-hcd.3.auto: irq 167, io mem 0x702280000
Sep 24 06:23:29 omarchy-m2 kernel: xhci-hcd xhci-hcd.3.auto: xHCI Host Controller
Sep 24 06:23:29 omarchy-m2 kernel: xhci-hcd xhci-hcd.3.auto: new USB bus registered, assigned bus number 2
Sep 24 06:23:29 omarchy-m2 kernel: xhci-hcd xhci-hcd.3.auto: Host supports USB 3.1 Enhanced SuperSpeed
Sep 24 06:23:29 omarchy-m2 kernel: usb usb1: New USB device found, idVendor=1d6b, idProduct=0002, bcdDevice= 7.01
Sep 24 06:23:29 omarchy-m2 kernel: usb usb1: New USB device strings: Mfr=3, Product=2, SerialNumber=1
Sep 24 06:23:29 omarchy-m2 kernel: usb usb1: Product: xHCI Host Controller
Sep 24 06:23:29 omarchy-m2 kernel: usb usb1: Manufacturer: Linux 7.1.12-2.5-1-ARCH xhci-hcd
Sep 24 06:23:29 omarchy-m2 kernel: usb usb1: SerialNumber: xhci-hcd.3.auto
Sep 24 06:23:29 omarchy-m2 kernel: hub 1-0:1.0: USB hub found
Sep 24 06:23:29 omarchy-m2 kernel: hub 1-0:1.0: 1 port detected
Sep 24 06:23:29 omarchy-m2 kernel: usb usb2: We don't know the algorithms for LPM for this host, disabling LPM.
Sep 24 06:23:29 omarchy-m2 kernel: usb usb2: New USB device found, idVendor=1d6b, idProduct=0003, bcdDevice= 7.01
Sep 24 06:23:29 omarchy-m2 kernel: usb usb2: New USB device strings: Mfr=3, Product=2, SerialNumber=1
Sep 24 06:23:29 omarchy-m2 kernel: usb usb2: Product: xHCI Host Controller
Sep 24 06:23:29 omarchy-m2 kernel: usb usb2: Manufacturer: Linux 7.1.12-2.5-1-ARCH xhci-hcd
Sep 24 06:23:29 omarchy-m2 kernel: usb usb2: SerialNumber: xhci-hcd.3.auto
Sep 24 06:23:29 omarchy-m2 kernel: hub 2-0:1.0: USB hub found
Sep 24 06:23:29 omarchy-m2 kernel: hub 2-0:1.0: 1 port detected
Sep 24 06:23:29 omarchy-m2 kernel: thunderbolt-apple-acio 701ac0000.cio: RTKit: syslog message: lane_init.c:343: Entering Phase 2
Sep 24 06:23:29 omarchy-m2 kernel: thunderbolt-apple-acio 701ac0000.cio: RTKit: syslog message: lane_init.c:396: Entering Phase 3
Sep 24 06:23:29 omarchy-m2 kernel: thunderbolt-apple-acio 701ac0000.cio: RTKit: syslog message: lane_init.c:882: Got AT register 12. 3 bytes. 0x00 0xf3 0x5f
Sep 24 06:23:29 omarchy-m2 kernel: thunderbolt-apple-acio 701ac0000.cio: RTKit: syslog message: lane_init.c:1024: Entering Connected
Sep 24 06:23:29 omarchy-m2 kernel: thunderbolt-apple-acio 701ac0000.cio: RTKit: syslog message: high_speed_lane.c:2212: RT Broadcast LOCAL: gen=2, legacy=0, rs_fec=1, usb4=1, l0_en=1, l1_en=1
Sep 24 06:23:29 omarchy-m2 kernel: thunderbolt-apple-acio 701ac0000.cio: RTKit: syslog message: high_speed_lane.c:2212: RT Broadcast LOCAL: gen=2, legacy=0, rs_fec=1, usb4=1, l0_en=1, l1_en=1
Sep 24 06:23:29 omarchy-m2 kernel: thunderbolt-apple-acio 701ac0000.cio: RTKit: syslog message: high_speed_lane.c:2219: RT Broadcast REMOTE: gen=2, legacy=0, rs_fec=1, usb4=1, l0_en=1, l1_en=1
Sep 24 06:23:29 omarchy-m2 kernel: thunderbolt-apple-acio 701ac0000.cio: RTKit: syslog message: high_speed_lane.c:2219: RT Broadcast REMOTE: gen=2, legacy=0, rs_fec=1, usb4=1, l0_en=1, l1_en=1
Sep 24 06:23:29 omarchy-m2 kernel: usb 1-1: new high-speed USB device number 2 using xhci-hcd
Sep 24 06:23:29 omarchy-m2 kernel: thunderbolt-apple-acio 701ac0000.cio: RTKit: syslog message: high_speed_lane.c:289: Gen2/3 link error. lane=0, error=84
Sep 24 06:23:29 omarchy-m2 kernel: thunderbolt-apple-acio 701ac0000.cio: RTKit: syslog message: high_speed_lane.c:289: Gen2/3 link error. lane=1, error=84
Sep 24 06:23:29 omarchy-m2 kernel: thunderbolt-apple-acio 701ac0000.cio: RTKit: syslog message: lane_training_cl0.c:24: Gen2/3 lane=0 entered CL0!
Sep 24 06:23:29 omarchy-m2 kernel: thunderbolt-apple-acio 701ac0000.cio: RTKit: syslog message: lane_training_cl0.c:24: Gen2/3 lane=1 entered CL0!
Sep 24 06:23:29 omarchy-m2 kernel: thunderbolt 0-1: new device found, vendor=0x5a device=0xde81
Sep 24 06:23:29 omarchy-m2 kernel: thunderbolt 0-1: Other World Computing Thunderbolt 5 Hub
Sep 24 06:23:29 omarchy-m2 kernel: usb 1-1: New USB device found, idVendor=1d5c, idProduct=5801, bcdDevice= 1.01
Sep 24 06:23:29 omarchy-m2 kernel: usb 1-1: New USB device strings: Mfr=1, Product=2, SerialNumber=0
Sep 24 06:23:29 omarchy-m2 kernel: usb 1-1: Product: USB2.0 Hub
Sep 24 06:23:29 omarchy-m2 kernel: usb 1-1: Manufacturer: Fresco Logic, Inc.
Sep 24 06:23:29 omarchy-m2 kernel: hub 1-1:1.0: USB hub found
Sep 24 06:23:29 omarchy-m2 kernel: hub 1-1:1.0: 5 ports detected
Sep 24 06:23:30 omarchy-m2 kernel: thunderbolt 0-0:1.1: new retimer found, vendor=0x5ac device=0x2200
Sep 24 06:23:30 omarchy-m2 kernel: Bluetooth: RFCOMM TTY layer initialized
Sep 24 06:23:30 omarchy-m2 kernel: Bluetooth: RFCOMM socket layer initialized
Sep 24 06:23:30 omarchy-m2 kernel: Bluetooth: RFCOMM ver 1.11
Sep 24 06:23:30 omarchy-m2 kernel: thunderbolt-apple-acio 701ac0000.cio: RTKit: syslog message: clx.c:776: CLX CFG: clx_en changed 0x0 --> 0x0
Sep 24 06:23:30 omarchy-m2 kernel: thunderbolt-apple-acio 701ac0000.cio: RTKit: syslog message: clx.c:776: CLX CFG: clx_en changed 0x0 --> 0x3
Sep 24 06:23:30 omarchy-m2 kernel: usb 1-1.1: new full-speed USB device number 3 using xhci-hcd
Sep 24 06:23:30 omarchy-m2 kernel: thunderbolt-apple-acio 701ac0000.cio: RTKit: syslog message: iguration_space_tx.c:57: TX path: src port=14, null port=0, hopid=8
Sep 24 06:23:30 omarchy-m2 kernel: thunderbolt-apple-acio 701ac0000.cio: RTKit: syslog message: ration_space_null.c:140: RX path: null port=0, queue=1, target port=14, hopid=8
Sep 24 06:23:30 omarchy-m2 kernel: thunderbolt-apple-acio 701ac0000.cio: RTKit: syslog message: iguration_space_tx.c:57: TX path: src port=13, null port=0, hopid=9
Sep 24 06:23:30 omarchy-m2 kernel: thunderbolt-apple-acio 701ac0000.cio: RTKit: syslog message: ration_space_null.c:140: RX path: null port=0, queue=2, target port=13, hopid=8
Sep 24 06:23:30 omarchy-m2 kernel: thunderbolt-apple-acio 701ac0000.cio: error -ENODEV: PCIe-C requires a successful m1n1 preinit handoff
Sep 24 06:23:30 omarchy-m2 kernel: thunderbolt-apple-acio 701ac0000.cio: deferred PCIe-C activation failed: -19
Sep 24 06:23:30 omarchy-m2 kernel: thunderbolt-apple-acio 701ac0000.cio: RTKit: syslog message: iguration_space_tx.c:57: TX path: src port=15, null port=0, hopid=10
Sep 24 06:23:30 omarchy-m2 kernel: thunderbolt-apple-acio 701ac0000.cio: RTKit: syslog message: iguration_space_tx.c:57: TX path: src port=16, null port=0, hopid=11
Sep 24 06:23:30 omarchy-m2 kernel: thunderbolt-apple-acio 701ac0000.cio: RTKit: syslog message: ration_space_null.c:140: RX path: null port=0, queue=3, target port=16, hopid=8
Sep 24 06:23:30 omarchy-m2 kernel: thunderbolt-apple-nhi 701f00000.nhi: 0:5: USB4 DPTX Discovery closed (CS13 writable, CS9 static); AE=0 VE=0
Sep 24 06:23:30 omarchy-m2 kernel: thunderbolt-apple-nhi 701f00000.nhi: 0:5: DP IN CS0=c0090400 CS1=00004008 CS2=241021c2 CS3=00000000 LOCAL=15402334 REMOTE=0547a135 STAT=00000000 COMMON=15402134 CS8=00000000 VE=1 AE=1 HPD=1 DPRX=0
Sep 24 06:23:30 omarchy-m2 kernel: thunderbolt-apple-nhi 701f00000.nhi: 1:19: DP OUT CS0=c0090400 CS1=00004008 CS2=00000040 CS3=00000000 LOCAL=05c7a335 REMOTE=15402334 STAT=04000000 COMMON=05402334 CS8=00000000 VE=1 AE=1 HPD=1 DPRX=0
Sep 24 06:23:30 omarchy-m2 kernel: thunderbolt-apple-nhi 701f00000.nhi: 0:5 <-> 1:19 (DP): Apple: DP IN HPD=1 typec=0 (DPTX should use this adapter, not ATC)
Sep 24 06:23:30 omarchy-m2 kernel: thunderbolt-apple-nhi 701f00000.nhi: DP IN tunnel routing: tunnel 0:5 <-> 1:19
Sep 24 06:23:30 omarchy-m2 kernel: thunderbolt-apple-acio 701ac0000.cio: ACIO RC ctrl 0x0: 000=00003010 004=00000011 018=00040000 01c=00000001 024=09600258 028=00000001 030=000007af 034=00000001 038=00000001 03c=d90fe03d 040=0000000b 044=00000001 048=00000001 060=00000001 064=00000001 068=00000001 070=00000001 074=00000001 078=00000001 0a8=01000000 0ac=00200001 0d0=00000062
Sep 24 06:23:30 omarchy-m2 kernel: thunderbolt-apple-nhi 701f00000.nhi: 0: Apple VSE cap=53: 00=ca0005ff 01=00000013 02=00000000 03=00000000 04=00000000 05=00000000 06=00000000 07=00000000 08=00000000 09=00000000 0a=00000000 0b=00000000 0c=00000fff 0d=00000fff 0e=00000000 0f=00000000
Sep 24 06:23:30 omarchy-m2 kernel: apple-dcp 289c00000.dcp: dcp_dptx_disconnect(port=0)
Sep 24 06:23:30 omarchy-m2 kernel: apple-display-crossbar 130304c000.mux: Switched dpphy to disconnected state
Sep 24 06:23:30 omarchy-m2 kernel: apple-display-crossbar 130304c000.mux: t602x idle: 000=00000000 004=000001ff 008=00000000 00c=00000000 014=000001ff 018=00000000 01c=00000000 024=00000011 028=00000000 02c=00000000 030=00000000 034=00000100 040=0005ad6b 044=02b5ad6b 048=00000000 04c=00000000 050=00000000 060=00000000 070=00000000
Sep 24 06:23:30 omarchy-m2 kernel: apple-display-crossbar 130304c000.mux: t602x idle clk: 000=00000000 800=00000000 020=00000100 820=00000000 024=00000011 81c=00000011
Sep 24 06:23:30 omarchy-m2 kernel: apple-dcp 289c00000.dcp: allocated Type-C DPTX PHY 0
Sep 24 06:23:30 omarchy-m2 kernel: apple-dcp 289c00000.dcp: display routed to Thunderbolt DP tunnel dpin0
Sep 24 06:23:30 omarchy-m2 kernel: apple-dcp 289c00000.dcp: dcp_dptx_connect(port=0) target=0:0 dfp=1 typec=1 route=borrowed conn_type=20 connected=0
Sep 24 06:23:30 omarchy-m2 kernel: apple-dcp 289c00000.dcp: DPTX validate: call #1 this boot target=0x8001 core=1 atc=0 die=0 attrs=0x101 caller=dcp_dptx_connect+0x130/0x354 [appledrm]
Sep 24 06:23:30 omarchy-m2 kernel: apple-dcp 289c00000.dcp: DPTX connect: call #1 this boot target=0x8001 unk=0x101 caller=dcp_dptx_connect+0x188/0x354 [appledrm]
Sep 24 06:23:30 omarchy-m2 kernel: apple-dcp 289c00000.dcp: DPTX request_display: call #1 this boot caller=dcp_dptx_connect+0x1c0/0x354 [appledrm]
Sep 24 06:23:30 omarchy-m2 kernel: apple-dcp 289c00000.dcp: RTKit: syslog message: AppleDCPDPTX.cpp:355: [AFK]powering nub 0x854670
Sep 24 06:23:30 omarchy-m2 kernel: apple-dcp 289c00000.dcp: DPTXPort: APCALL 18 (32 bytes)
Sep 24 06:23:30 omarchy-m2 kernel: DPTXPort: apcall data: 00000000: 00 00 00 00 00 00 00 00 00 00 00 00 00 00 00 00  ................
Sep 24 06:23:30 omarchy-m2 kernel: DPTXPort: apcall data: 00000010: 00 00 00 00 00 00 00 00 00 00 00 00 00 00 00 00  ................
Sep 24 06:23:30 omarchy-m2 kernel: apple-dcp 289c00000.dcp: DPTXPort: GET_SUPPORTS_HPD 1 usb4=1
Sep 24 06:23:30 omarchy-m2 kernel: apple-dcp 289c00000.dcp: DPTXPort: APCALL 10 (32 bytes)
Sep 24 06:23:30 omarchy-m2 kernel: DPTXPort: apcall data: 00000000: 00 00 00 00 00 00 00 00 00 00 00 00 00 00 00 00  ................
Sep 24 06:23:30 omarchy-m2 kernel: DPTXPort: apcall data: 00000010: 00 00 00 00 00 00 00 00 00 00 00 00 00 00 00 00  ................
Sep 24 06:23:30 omarchy-m2 kernel: apple-dcp 289c00000.dcp: DPTXPort: APCALL 0 (16 bytes)
Sep 24 06:23:30 omarchy-m2 kernel: DPTXPort: apcall data: 00000000: 00 00 00 00 00 00 00 00 00 00 00 00 00 00 00 00  ................
Sep 24 06:23:30 omarchy-m2 kernel: thunderbolt-apple-nhi 701f00000.nhi: 0:5: host DP IN type=0e0101 cap=9 CS0=c0090400 CS1=00004008 CS2=241021c2 CS3=00000000 LOCAL=15402334 REMOTE=0547a135 STAT=00000000 COMMON=15402134 CS8=00000000 CS9=41000553 CS10=00000000 ADP_CS4=0b300000 VE=1 AE=1 HPD=1 DPRX=0 LCK=0
Sep 24 06:23:30 omarchy-m2 kernel: thunderbolt-apple-nhi 701f00000.nhi: 0:5: host DP IN CS11=00000000 CS12=00000000 CS13=00000000 CS14=00000000 CS15=00000000 CS16=00000000 disc=0
Sep 24 06:23:30 omarchy-m2 kernel: thunderbolt-apple-nhi 701f00000.nhi: 0:6: host DP IN type=0e0101 cap=9 CS0=00090400 CS1=00004008 CS2=00000000 CS3=00000000 LOCAL=15402334 REMOTE=00000000 STAT=00000000 COMMON=00000000 CS8=00000000 CS9=41000553 CS10=00000000 ADP_CS4=0b300000 VE=0 AE=0 HPD=0 DPRX=0 LCK=0
Sep 24 06:23:30 omarchy-m2 kernel: thunderbolt-apple-nhi 701f00000.nhi: 0:6: host DP IN CS11=00000000 CS12=00000000 CS13=00000000 CS14=00000000 CS15=00000000 CS16=00000000 disc=0
Sep 24 06:23:30 omarchy-m2 kernel: thunderbolt-apple-nhi 701f00000.nhi: 0:5: DP IN hop 8 enable=1 out=1 next=11 credits=1
Sep 24 06:23:30 omarchy-m2 kernel: thunderbolt-apple-nhi 701f00000.nhi: 0:5: DP IN hop 9 enable=1 out=1 next=10 credits=0
Sep 24 06:23:30 omarchy-m2 kernel: thunderbolt-apple-acio 701ac0000.cio: dpin0: active handshake=0
Sep 24 06:23:30 omarchy-m2 kernel: apple-dcp 289c00000.dcp: DPTX request_display: call #1 result=0
Sep 24 06:23:30 omarchy-m2 kernel: thunderbolt-apple-nhi 701f00000.nhi: 1:19: hub DP OUT type=0e0102 cap=57 CS0=c0090400 CS1=00004008 CS2=00000040 CS3=00000000 LOCAL=05c7a335 REMOTE=15402334 STAT=04000000 COMMON=05402334 CS8=00000000 CS9=00000000 CS10=00000000 ADP_CS4=40800000 VE=1 AE=1 HPD=1 DPRX=0 LCK=0
Sep 24 06:23:30 omarchy-m2 kernel: thunderbolt-apple-nhi 701f00000.nhi: 1:19: hub DP OUT CS11=00000000 CS12=00000000 CS13=00000000 CS14=00000000 CS15=00000000 CS16=00000000 disc=0
Sep 24 06:23:30 omarchy-m2 kernel: thunderbolt-apple-nhi 701f00000.nhi: 0:5 <-> 1:19 (DP): Apple: DP tunnel paths up, not waiting for DPRX
Sep 24 06:23:30 omarchy-m2 kernel: usb 1-1.1: New USB device found, idVendor=1e91, idProduct=de81, bcdDevice= 0.04
Sep 24 06:23:30 omarchy-m2 kernel: usb 1-1.1: New USB device strings: Mfr=1, Product=2, SerialNumber=3
Sep 24 06:23:30 omarchy-m2 kernel: usb 1-1.1: Product: Thunderbolt 5 Hub
Sep 24 06:23:30 omarchy-m2 kernel: usb 1-1.1: Manufacturer: Other World Computing
Sep 24 06:23:30 omarchy-m2 kernel: usb 1-1.1: SerialNumber: 0052
Sep 24 06:23:30 omarchy-m2 kernel: apple-dcp 289c00000.dcp: RTKit: syslog message: DCPDP13Service.cpp:60: [AFK]version: 14
Sep 24 06:23:30 omarchy-m2 kernel: apple-dcp 289c00000.dcp: RTKit: syslog message: DCPDPService.cpp:76: [AFK]version: 14
Sep 24 06:23:30 omarchy-m2 kernel: apple-dcp 289c00000.dcp: AFK[ep:28]: new service DCPDP13Service on channel 1
Sep 24 06:23:30 omarchy-m2 kernel: apple-dcp 289c00000.dcp: AFK[ep:28]: new service DCPDP13Service on channel 3
Sep 24 06:23:30 omarchy-m2 kernel: apple-dcp 289c00000.dcp: DPTXPort: APCALL 21 (144 bytes)
Sep 24 06:23:30 omarchy-m2 kernel: DPTXPort: apcall data: 00000000: 01 00 00 00 00 00 00 00 00 00 00 00 00 00 00 00  ................
Sep 24 06:23:30 omarchy-m2 kernel: DPTXPort: apcall data: 00000010: ff ff ff 00 00 00 00 00 00 00 00 00 00 00 00 00  ................
Sep 24 06:23:30 omarchy-m2 kernel: DPTXPort: apcall data: 00000020: 00 00 00 00 00 00 00 00 00 00 00 00 00 00 00 00  ................
Sep 24 06:23:30 omarchy-m2 kernel: DPTXPort: apcall data: 00000030: 00 00 00 00 00 00 00 00 00 0a 00 00 a0 05 00 00  ................
Sep 24 06:23:30 omarchy-m2 kernel: apple-dcp 289c00000.dcp: DPTXPort: APCALL 7 (32 bytes)
Sep 24 06:23:30 omarchy-m2 kernel: DPTXPort: apcall data: 00000000: 00 00 00 00 00 00 00 00 00 00 00 00 00 00 00 00  ................
Sep 24 06:23:30 omarchy-m2 kernel: DPTXPort: apcall data: 00000010: 00 00 00 00 00 00 00 00 00 00 00 00 00 00 00 00  ................
Sep 24 06:23:30 omarchy-m2 kernel: apple-dcp 289c00000.dcp: DPTXPort: APCALL 13 (32 bytes)
Sep 24 06:23:30 omarchy-m2 kernel: DPTXPort: apcall data: 00000000: 00 00 00 00 00 00 00 00 00 00 00 00 00 00 00 00  ................
Sep 24 06:23:30 omarchy-m2 kernel: DPTXPort: apcall data: 00000010: 00 00 00 00 00 00 00 00 00 00 00 00 00 00 00 00  ................
Sep 24 06:23:30 omarchy-m2 kernel: apple-dcp 289c00000.dcp: DPTXPort: APCALL 7 (32 bytes)
Sep 24 06:23:30 omarchy-m2 kernel: DPTXPort: apcall data: 00000000: 00 00 00 00 00 00 00 00 00 00 00 00 00 00 00 00  ................
Sep 24 06:23:30 omarchy-m2 kernel: DPTXPort: apcall data: 00000010: 00 00 00 00 00 00 00 00 00 00 00 00 00 00 00 00  ................
Sep 24 06:23:30 omarchy-m2 kernel: apple-dcp 289c00000.dcp: DPTXPort: APCALL 15 (32 bytes)
Sep 24 06:23:30 omarchy-m2 kernel: DPTXPort: apcall data: 00000000: 00 00 00 00 00 00 00 00 00 00 00 00 00 00 00 00  ................
Sep 24 06:23:30 omarchy-m2 kernel: DPTXPort: apcall data: 00000010: 00 00 00 00 00 00 00 00 00 00 00 00 00 00 00 00  ................
Sep 24 06:23:30 omarchy-m2 kernel: apple-dcp 289c00000.dcp: DPTXPort: APCALL 5 (16 bytes)
Sep 24 06:23:30 omarchy-m2 kernel: DPTXPort: apcall data: 00000000: 00 00 00 00 00 00 00 00 00 00 00 00 00 00 00 00  ................
Sep 24 06:23:30 omarchy-m2 kernel: apple-dcp 289c00000.dcp: DPTXPort: APCALL 12 (32 bytes)
Sep 24 06:23:30 omarchy-m2 kernel: DPTXPort: apcall data: 00000000: 00 00 00 00 00 00 00 00 00 00 00 00 00 00 00 00  ................
Sep 24 06:23:30 omarchy-m2 kernel: DPTXPort: apcall data: 00000010: 00 00 00 00 00 00 00 00 00 00 00 00 00 00 00 00  ................
Sep 24 06:23:30 omarchy-m2 kernel: apple-dcp 289c00000.dcp: DPTXPort: APCALL 9 (32 bytes)
Sep 24 06:23:30 omarchy-m2 kernel: DPTXPort: apcall data: 00000000: 00 00 00 00 00 00 00 00 00 00 00 00 00 00 00 00  ................
Sep 24 06:23:30 omarchy-m2 kernel: DPTXPort: apcall data: 00000010: 0a 00 00 00 00 00 00 00 00 00 00 00 00 00 00 00  ................
Sep 24 06:23:30 omarchy-m2 kernel: apple-dcp 289c00000.dcp: DPTXPort: SET_LINK_RATE 0xa
Sep 24 06:23:30 omarchy-m2 kernel: phy-apple-atc 703000000.phy: USB4 tunnel clock preflight: +7000=0000e001 +2200=00002000 +2000=10000000 +7044=00000000
Sep 24 06:23:30 omarchy-m2 kernel: phy-apple-atc 703000000.phy: DP tunnel clock: rate=0xa result=0
Sep 24 06:23:30 omarchy-m2 kernel: apple-dcp 289c00000.dcp: DPTXPort: APCALL 6 (16 bytes)
Sep 24 06:23:30 omarchy-m2 kernel: DPTXPort: apcall data: 00000000: 00 00 00 00 00 00 00 00 00 00 00 00 00 00 00 00  ................
Sep 24 06:23:30 omarchy-m2 kernel: apple-display-crossbar 70304c000.mux: Switched dpin0 to disconnected state
Sep 24 06:23:30 omarchy-m2 kernel: apple-display-crossbar 70304c000.mux: t602x idle: 000=00000000 004=000001ff 008=00000000 00c=00000000 014=000001ff 018=00000000 01c=00000000 024=00000111 028=00000000 02c=00000000 030=00000000 034=00000000 040=0005ad6b 044=02b5ad6b 048=00000000 04c=00000000 050=00000000 060=00000000 070=00000000
Sep 24 06:23:30 omarchy-m2 kernel: apple-display-crossbar 70304c000.mux: t602x idle clk: 000=00000000 800=00000000 020=00000000 820=00000000 024=00000111 81c=00000111
Sep 24 06:23:30 omarchy-m2 kernel: apple-dcp 289c00000.dcp: DP tunnel crossbar up failed: -22
Sep 24 06:23:30 omarchy-m2 kernel: apple-dcp 289c00000.dcp: DPTXPort: APCALL 13 (32 bytes)
Sep 24 06:23:30 omarchy-m2 kernel: DPTXPort: apcall data: 00000000: 00 00 00 00 00 00 00 00 00 00 00 00 00 00 00 00  ................
Sep 24 06:23:30 omarchy-m2 kernel: DPTXPort: apcall data: 00000010: 00 00 00 00 00 00 00 00 00 00 00 00 00 00 00 00  ................
Sep 24 06:23:30 omarchy-m2 kernel: apple-dcp 289c00000.dcp: DPTXPort: APCALL 12 (32 bytes)
Sep 24 06:23:30 omarchy-m2 kernel: DPTXPort: apcall data: 00000000: 00 00 00 00 00 00 00 00 00 00 00 00 00 00 00 00  ................
Sep 24 06:23:30 omarchy-m2 kernel: DPTXPort: apcall data: 00000010: 04 00 00 00 00 00 00 00 00 00 00 00 00 00 00 00  ................
Sep 24 06:23:30 omarchy-m2 kernel: apple-dcp 289c00000.dcp: set_active_lane_count: unexpected lane count:4 phy: 0
Sep 24 06:23:30 omarchy-m2 kernel: apple-dcp 289c00000.dcp: USB4/DPTX: SET_ACTIVE_LANE_COUNT 4
Sep 24 06:23:30 omarchy-m2 kernel: apple-dcp 289c00000.dcp: DPTXPort: APCALL 3 (64 bytes)
Sep 24 06:23:30 omarchy-m2 kernel: DPTXPort: apcall data: 00000000: 90 83 eb 40 ff ff ff ff 02 00 00 00 00 00 00 00  ...@............
Sep 24 06:23:30 omarchy-m2 kernel: DPTXPort: apcall data: 00000010: 04 00 00 00 00 00 00 00 0e 00 00 00 00 00 00 00  ................
Sep 24 06:23:30 omarchy-m2 kernel: DPTXPort: apcall data: 00000020: 00 00 00 00 00 00 00 00 00 00 00 00 00 00 00 00  ................
Sep 24 06:23:30 omarchy-m2 kernel: DPTXPort: apcall data: 00000030: 00 00 00 00 00 00 00 00 00 00 00 00 00 00 00 00  ................
Sep 24 06:23:30 omarchy-m2 kernel: apple-dcp 289c00000.dcp: set_drive_settings: 4:0:14:0:0:0:0
Sep 24 06:23:30 omarchy-m2 kernel: apple-dcp 289c00000.dcp: DPTXPort: APCALL 2 (32 bytes)
Sep 24 06:23:30 omarchy-m2 kernel: DPTXPort: apcall data: 00000000: 00 00 00 00 00 00 00 00 00 00 00 00 00 00 00 00  ................
Sep 24 06:23:30 omarchy-m2 kernel: DPTXPort: apcall data: 00000010: 00 00 00 00 00 00 00 00 00 00 00 00 00 00 00 00  ................
Sep 24 06:23:30 omarchy-m2 kernel: apple-dcp 289c00000.dcp: DPTXPort: APCALL 3 (64 bytes)
Sep 24 06:23:30 omarchy-m2 kernel: DPTXPort: apcall data: 00000000: 00 00 00 00 00 00 00 00 00 00 00 00 00 00 00 00  ................
Sep 24 06:23:30 omarchy-m2 kernel: DPTXPort: apcall data: 00000010: 04 00 00 00 00 00 00 00 00 00 00 00 00 00 00 00  ................
Sep 24 06:23:30 omarchy-m2 kernel: DPTXPort: apcall data: 00000020: 00 00 00 00 00 00 00 00 00 00 00 00 00 00 00 00  ................
Sep 24 06:23:30 omarchy-m2 kernel: DPTXPort: apcall data: 00000030: 00 00 00 00 00 00 00 00 00 00 00 00 00 00 00 00  ................
Sep 24 06:23:30 omarchy-m2 kernel: apple-dcp 289c00000.dcp: set_drive_settings: 4:0:0:0:0:0:0
Sep 24 06:23:30 omarchy-m2 kernel: apple-dcp 289c00000.dcp: DPTXPort: APCALL 2 (32 bytes)
Sep 24 06:23:30 omarchy-m2 kernel: DPTXPort: apcall data: 00000000: 00 00 00 00 00 00 00 00 00 00 00 00 00 00 00 00  ................
Sep 24 06:23:30 omarchy-m2 kernel: DPTXPort: apcall data: 00000010: 00 00 00 00 00 00 00 00 00 00 00 00 00 00 00 00  ................
Sep 24 06:23:30 omarchy-m2 kernel: apple-dcp 289c00000.dcp: DPTXPort: APCALL 3 (64 bytes)
Sep 24 06:23:30 omarchy-m2 kernel: DPTXPort: apcall data: 00000000: 00 00 00 00 00 00 00 00 00 00 00 00 00 00 00 00  ................
Sep 24 06:23:30 omarchy-m2 kernel: DPTXPort: apcall data: 00000010: 04 00 00 00 00 00 00 00 00 00 00 00 00 00 00 00  ................
Sep 24 06:23:30 omarchy-m2 kernel: DPTXPort: apcall data: 00000020: 00 00 00 00 00 00 00 00 00 00 00 00 00 00 00 00  ................
Sep 24 06:23:30 omarchy-m2 kernel: DPTXPort: apcall data: 00000030: 00 00 00 00 00 00 00 00 00 00 00 00 00 00 00 00  ................
Sep 24 06:23:30 omarchy-m2 kernel: apple-dcp 289c00000.dcp: set_drive_settings: 4:0:0:0:0:0:0
Sep 24 06:23:30 omarchy-m2 kernel: apple-dcp 289c00000.dcp: DPTXPort: APCALL 2 (32 bytes)
Sep 24 06:23:30 omarchy-m2 kernel: DPTXPort: apcall data: 00000000: 00 00 00 00 00 00 00 00 00 00 00 00 00 00 00 00  ................
Sep 24 06:23:30 omarchy-m2 kernel: DPTXPort: apcall data: 00000010: 00 00 00 00 00 00 00 00 00 00 00 00 00 00 00 00  ................
Sep 24 06:23:30 omarchy-m2 kernel: apple-dcp 289c00000.dcp: DPTXPort: APCALL 3 (64 bytes)
Sep 24 06:23:30 omarchy-m2 kernel: DPTXPort: apcall data: 00000000: 00 00 00 00 00 00 00 00 00 00 00 00 00 00 00 00  ................
Sep 24 06:23:30 omarchy-m2 kernel: DPTXPort: apcall data: 00000010: 04 00 00 00 00 00 00 00 00 00 00 00 00 00 00 00  ................
Sep 24 06:23:30 omarchy-m2 kernel: DPTXPort: apcall data: 00000020: 00 00 00 00 00 00 00 00 00 00 00 00 00 00 00 00  ................
Sep 24 06:23:30 omarchy-m2 kernel: DPTXPort: apcall data: 00000030: 00 00 00 00 00 00 00 00 00 00 00 00 00 00 00 00  ................
Sep 24 06:23:30 omarchy-m2 kernel: apple-dcp 289c00000.dcp: set_drive_settings: 4:0:0:0:0:0:0
Sep 24 06:23:30 omarchy-m2 kernel: apple-dcp 289c00000.dcp: DPTXPort: APCALL 2 (32 bytes)
Sep 24 06:23:30 omarchy-m2 kernel: DPTXPort: apcall data: 00000000: 00 00 00 00 00 00 00 00 00 00 00 00 00 00 00 00  ................
Sep 24 06:23:30 omarchy-m2 kernel: DPTXPort: apcall data: 00000010: 00 00 00 00 00 00 00 00 00 00 00 00 00 00 00 00  ................
Sep 24 06:23:30 omarchy-m2 kernel: usb 1-1.2: new high-speed USB device number 4 using xhci-hcd
Sep 24 06:23:30 omarchy-m2 kernel: usb 1-1.2: New USB device found, idVendor=06cb, idProduct=7100, bcdDevice= 1.c4
Sep 24 06:23:30 omarchy-m2 kernel: usb 1-1.2: New USB device strings: Mfr=1, Product=2, SerialNumber=3
Sep 24 06:23:30 omarchy-m2 kernel: usb 1-1.2: Product: VMM7100
Sep 24 06:23:30 omarchy-m2 kernel: usb 1-1.2: Manufacturer: Synaptics
Sep 24 06:23:30 omarchy-m2 kernel: usb 1-1.2: SerialNumber: 000000000000
Sep 24 06:23:30 omarchy-m2 kernel: apple-dcp 289c00000.dcp: RTKit: syslog message: eoInterfaceIOAV.cpp:135: IOMFB: IOAVVideoInterface published
Sep 24 06:23:30 omarchy-m2 kernel: apple-dcp 289c00000.dcp: RTKit: syslog message: eoInterfaceIOAV.cpp:714: IOMFBStatus VideoInterfaceIOAV::plug_gated(IOAVVideoInterface *, bool): display HPD asserted
Sep 24 06:23:30 omarchy-m2 kernel: apple-dcp 289c00000.dcp: RTKit: syslog message: oInterfaceIOAV.cpp:1701: Got peer ID 0
Sep 24 06:23:30 omarchy-m2 kernel: apple-dcp 289c00000.dcp: RTKit: syslog message: oInterfaceIOAV.cpp:1701: Got peer ID 0
Sep 24 06:23:30 omarchy-m2 kernel: apple-dcp 289c00000.dcp: RTKit: syslog message: oInterfaceIOAV.cpp:1701: Got peer ID 0
Sep 24 06:23:30 omarchy-m2 kernel: apple-dcp 289c00000.dcp: RTKit: syslog message: oInterfaceIOAV.cpp:1701: Got peer ID 0
Sep 24 06:23:30 omarchy-m2 kernel: apple-dcp 289c00000.dcp: RTKit: syslog message: oInterfaceIOAV.cpp:1701: Got peer ID 0
Sep 24 06:23:30 omarchy-m2 kernel: apple-dcp 289c00000.dcp: RTKit: syslog message: oInterfaceIOAV.cpp:1701: Got peer ID 0
Sep 24 06:23:30 omarchy-m2 kernel: apple-dcp 289c00000.dcp: RTKit: syslog message: oInterfaceIOAV.cpp:1701: Got peer ID 0
Sep 24 06:23:30 omarchy-m2 kernel: apple-dcp 289c00000.dcp: RTKit: syslog message: oInterfaceIOAV.cpp:1701: Got peer ID 0
Sep 24 06:23:30 omarchy-m2 kernel: apple-dcp 289c00000.dcp: RTKit: syslog message: oInterfaceIOAV.cpp:1701: Got peer ID 0
Sep 24 06:23:30 omarchy-m2 kernel: apple-dcp 289c00000.dcp: RTKit: syslog message: oInterfaceIOAV.cpp:1701: Got peer ID 0
Sep 24 06:23:30 omarchy-m2 kernel: apple-dcp 289c00000.dcp: RTKit: syslog message: oInterfaceIOAV.cpp:1701: Got peer ID 0
Sep 24 06:23:30 omarchy-m2 kernel: apple-dcp 289c00000.dcp: RTKit: syslog message: oInterfaceIOAV.cpp:1701: Got peer ID 0
Sep 24 06:23:30 omarchy-m2 kernel: apple-dcp 289c00000.dcp: RTKit: syslog message: oInterfaceIOAV.cpp:1701: Got peer ID 0
Sep 24 06:23:30 omarchy-m2 kernel: apple-dcp 289c00000.dcp: RTKit: syslog message: oInterfaceIOAV.cpp:1701: Got peer ID 0
Sep 24 06:23:30 omarchy-m2 kernel: apple-dcp 289c00000.dcp: RTKit: syslog message: oInterfaceIOAV.cpp:1701: Got peer ID 0
Sep 24 06:23:30 omarchy-m2 kernel: apple-dcp 289c00000.dcp: RTKit: syslog message: oInterfaceIOAV.cpp:1701: Got peer ID 0
Sep 24 06:23:30 omarchy-m2 kernel: apple-dcp 289c00000.dcp: RTKit: syslog message: oInterfaceIOAV.cpp:1701: Got peer ID 0
Sep 24 06:23:30 omarchy-m2 kernel: apple-dcp 289c00000.dcp: RTKit: syslog message: oInterfaceIOAV.cpp:1701: Got peer ID 0
Sep 24 06:23:30 omarchy-m2 kernel: apple-dcp 289c00000.dcp: RTKit: syslog message: oInterfaceIOAV.cpp:1701: Got peer ID 0
Sep 24 06:23:30 omarchy-m2 kernel: apple-dcp 289c00000.dcp: RTKit: syslog message: oInterfaceIOAV.cpp:1701: Got peer ID 0
Sep 24 06:23:30 omarchy-m2 kernel: apple-dcp 289c00000.dcp: RTKit: syslog message: oInterfaceIOAV.cpp:1701: Got peer ID 0
Sep 24 06:23:30 omarchy-m2 kernel: apple-dcp 289c00000.dcp: RTKit: syslog message: oInterfaceIOAV.cpp:1701: Got peer ID 0
Sep 24 06:23:30 omarchy-m2 kernel: apple-dcp 289c00000.dcp: RTKit: syslog message: oInterfaceIOAV.cpp:1701: Got peer ID 0
Sep 24 06:23:30 omarchy-m2 kernel: apple-dcp 289c00000.dcp: RTKit: syslog message: oInterfaceIOAV.cpp:1701: Got peer ID 0
Sep 24 06:23:30 omarchy-m2 kernel: apple-dcp 289c00000.dcp: RTKit: syslog message: oInterfaceIOAV.cpp:1701: Got peer ID 0
Sep 24 06:23:30 omarchy-m2 kernel: apple-dcp 289c00000.dcp: RTKit: syslog message: oInterfaceIOAV.cpp:1701: Got peer ID 0
Sep 24 06:23:30 omarchy-m2 kernel: apple-dcp 289c00000.dcp: RTKit: syslog message: oInterfaceIOAV.cpp:1701: Got peer ID 0
Sep 24 06:23:30 omarchy-m2 kernel: apple-dcp 289c00000.dcp: RTKit: syslog message: oInterfaceIOAV.cpp:1701: Got peer ID 0
Sep 24 06:23:30 omarchy-m2 kernel: apple-dcp 289c00000.dcp: RTKit: syslog message: oInterfaceIOAV.cpp:1701: Got peer ID 0
Sep 24 06:23:30 omarchy-m2 kernel: apple-dcp 289c00000.dcp: RTKit: syslog message: oInterfaceIOAV.cpp:1701: Got peer ID 0
Sep 24 06:23:30 omarchy-m2 kernel: apple-dcp 289c00000.dcp: RTKit: syslog message: oInterfaceIOAV.cpp:1701: Got peer ID 0
Sep 24 06:23:30 omarchy-m2 kernel: apple-dcp 289c00000.dcp: RTKit: syslog message: oInterfaceIOAV.cpp:1701: Got peer ID 0
Sep 24 06:23:30 omarchy-m2 kernel: apple-dcp 289c00000.dcp: RTKit: syslog message: oInterfaceIOAV.cpp:1701: Got peer ID 0
Sep 24 06:23:30 omarchy-m2 kernel: apple-dcp 289c00000.dcp: RTKit: syslog message: oInterfaceIOAV.cpp:1701: Got peer ID 0
Sep 24 06:23:30 omarchy-m2 kernel: apple-dcp 289c00000.dcp: RTKit: syslog message: oInterfaceIOAV.cpp:1701: Got peer ID 0
Sep 24 06:23:30 omarchy-m2 kernel: apple-dcp 289c00000.dcp: RTKit: syslog message: oInterfaceIOAV.cpp:1701: Got peer ID 0
Sep 24 06:23:30 omarchy-m2 kernel: apple-dcp 289c00000.dcp: DCP property key=ColorElements bytes=5049 accepted=1 nr_modes=0
Sep 24 06:23:30 omarchy-m2 kernel: apple-dcp 289c00000.dcp: DCP property key=TimingElements bytes=205757 accepted=1 nr_modes=22
Sep 24 06:23:30 omarchy-m2 kernel: apple-dcp 289c00000.dcp: DCP property key=DisplayAttributes bytes=1285 accepted=1 nr_modes=22
Sep 24 06:23:30 omarchy-m2 kernel: apple-dcp 289c00000.dcp: DCP property key=Transport bytes=53 accepted=1 nr_modes=22
Sep 24 06:23:30 omarchy-m2 kernel: apple-dcp 289c00000.dcp: RTKit: syslog message: oInterfaceIOAV.cpp:1701: Got peer ID 0
Sep 24 06:23:30 omarchy-m2 kernel: apple-dcp 289c00000.dcp: cb_hotplug() connected:1, valid_mode:0 nr_modes:22
Sep 24 06:23:30 omarchy-m2 kernel: apple-dcp 289c00000.dcp: dcp_hotplug() connected:1 valid_mode:0 nr_modes:22
Sep 24 06:23:30 omarchy-m2 kernel: usb 2-1: new SuperSpeed Plus Gen 2x1 USB device number 2 using xhci-hcd
Sep 24 06:23:30 omarchy-m2 kernel: usb 2-1: New USB device found, idVendor=8087, idProduct=5787, bcdDevice= 0.00
Sep 24 06:23:30 omarchy-m2 kernel: usb 2-1: New USB device strings: Mfr=1, Product=2, SerialNumber=0
Sep 24 06:23:30 omarchy-m2 kernel: usb 2-1: Product: USB3 HUB
Sep 24 06:23:30 omarchy-m2 kernel: usb 2-1: Manufacturer: Intel Corporation
Sep 24 06:23:30 omarchy-m2 kernel: hub 2-1:1.0: USB hub found
Sep 24 06:23:30 omarchy-m2 kernel: hub 2-1:1.0: 4 ports detected
Sep 24 06:23:30 omarchy-m2 kernel: usb 1-1.3: new full-speed USB device number 5 using xhci-hcd
Sep 24 06:23:30 omarchy-m2 kernel: usb 1-1.3: New USB device found, idVendor=3434, idProduct=0140, bcdDevice= 1.04
Sep 24 06:23:30 omarchy-m2 kernel: usb 1-1.3: New USB device strings: Mfr=1, Product=2, SerialNumber=0
Sep 24 06:23:30 omarchy-m2 kernel: usb 1-1.3: Product: Keychron Q4
Sep 24 06:23:30 omarchy-m2 kernel: usb 1-1.3: Manufacturer: Keychron
Sep 24 06:23:30 omarchy-m2 kernel: usbhid 1-1.2:1.0: couldn't find an input interrupt endpoint
Sep 24 06:23:30 omarchy-m2 kernel: input: Keychron Keychron Q4 as /devices/platform/soc/702280000.usb/xhci-hcd.3.auto/usb1/1-1/1-1.3/1-1.3:1.0/0003:3434:0140.0006/input/input6
Sep 24 06:23:30 omarchy-m2 kernel: thunderbolt-apple-nhi 701f00000.nhi: 0:5: DP IN CS changed CS0=c0090400 CS2=241021c2 CS9=41000553 CS13=00000000 COMMON=b7402134 VE=1 AE=1 HPD=1 DPRX=1 disc=0
Sep 24 06:23:30 omarchy-m2 kernel: thunderbolt-apple-nhi 701f00000.nhi: 0:5: DP IN DPRX_DONE=1 (ACIO AUX completed)
Sep 24 06:23:30 omarchy-m2 kernel: thunderbolt-apple-acio 701ac0000.cio: ACIO RC dpin0 analog DPRX done 0x4000: 000=80000000 004=00400040 008=00000004 00c=80000000 010=00000040 014=00000004 018=0000100a 01c=00000010 020=00000000 024=00000004 028=80000000 02c=00000010 030=00000004 034=80000000 038=01010101 03c=00000101 040=00000001 044=01010101 048=00000001 04c=00000004 050=00000000 054=00000000 058=00000000
Sep 24 06:23:30 omarchy-m2 kernel: thunderbolt-apple-acio 701ac0000.cio: ACIO RC dpin0 analog DPRX done 0x4000: 05c=00000000 060=00000000 064=00000000 068=00000000 06c=00000000 070=00000000 074=00000000 078=00000000 07c=00000000
Sep 24 06:23:30 omarchy-m2 kernel: thunderbolt-apple-acio 701ac0000.cio: ACIO RC dpin1 analog 0x8000: 000=80000000 004=00040004 008=00000004 00c=00030000 010=00040004 014=00000000 018=00000004 01c=10070005 020=00040004 024=00000000 028=00000004 02c=80010000 030=00000004 034=80000000 038=00000004 03c=80000000 040=00000004 044=80000000 048=00000004 04c=80000000 050=00000004 054=80000000 058=00000004
Sep 24 06:23:30 omarchy-m2 kernel: thunderbolt-apple-acio 701ac0000.cio: ACIO RC dpin1 analog 0x8000: 05c=80000000 060=00000004 064=00000000 068=00000000 06c=00000000 070=00000000 074=00000000 078=00000000 07c=00000000
Sep 24 06:23:31 omarchy-m2 kernel: hid-generic 0003:3434:0140.0006: input,hidraw3: USB HID v1.11 Keyboard [Keychron Keychron Q4] on usb-xhci-hcd.3.auto-1.3/input0
Sep 24 06:23:31 omarchy-m2 kernel: hid-generic 0003:3434:0140.0007: hiddev96,hidraw4: USB HID v1.11 Device [Keychron Keychron Q4] on usb-xhci-hcd.3.auto-1.3/input1
Sep 24 06:23:31 omarchy-m2 kernel: input: Keychron Keychron Q4 Mouse as /devices/platform/soc/702280000.usb/xhci-hcd.3.auto/usb1/1-1/1-1.3/1-1.3:1.2/0003:3434:0140.0008/input/input7
Sep 24 06:23:31 omarchy-m2 kernel: input: Keychron Keychron Q4 System Control as /devices/platform/soc/702280000.usb/xhci-hcd.3.auto/usb1/1-1/1-1.3/1-1.3:1.2/0003:3434:0140.0008/input/input8
Sep 24 06:23:31 omarchy-m2 kernel: input: Keychron Keychron Q4 Consumer Control as /devices/platform/soc/702280000.usb/xhci-hcd.3.auto/usb1/1-1/1-1.3/1-1.3:1.2/0003:3434:0140.0008/input/input9
Sep 24 06:23:31 omarchy-m2 kernel: input: Keychron Keychron Q4 Keyboard as /devices/platform/soc/702280000.usb/xhci-hcd.3.auto/usb1/1-1/1-1.3/1-1.3:1.2/0003:3434:0140.0008/input/input10
Sep 24 06:23:31 omarchy-m2 kernel: hid-generic 0003:3434:0140.0008: input,hidraw5: USB HID v1.11 Mouse [Keychron Keychron Q4] on usb-xhci-hcd.3.auto-1.3/input2
Sep 24 06:23:31 omarchy-m2 kernel: usbcore: registered new interface driver usbhid
Sep 24 06:23:31 omarchy-m2 kernel: usbhid: USB HID core driver
Sep 24 06:23:32 omarchy-m2 kernel: apple-dcp 289c00000.dcp: dcp_dptx_connect: timed out waiting for port 0 link configuration
Sep 24 06:23:32 omarchy-m2 kernel: apple-dcp 289c00000.dcp: DPTX release_display: call #1 this boot caller=dcp_dptx_connect+0x320/0x354 [appledrm]
Sep 24 06:23:32 omarchy-m2 kernel: apple-dcp 289c00000.dcp: DPTXPort: APCALL 21 (144 bytes)
Sep 24 06:23:32 omarchy-m2 kernel: DPTXPort: apcall data: 00000000: 00 00 00 00 00 00 00 00 00 00 00 00 00 00 00 00  ................
Sep 24 06:23:32 omarchy-m2 kernel: DPTXPort: apcall data: 00000010: ff ff ff 00 00 00 00 00 00 00 00 00 00 00 00 00  ................
Sep 24 06:23:32 omarchy-m2 kernel: DPTXPort: apcall data: 00000020: 00 00 00 00 00 00 00 00 00 00 00 00 00 00 00 00  ................
Sep 24 06:23:32 omarchy-m2 kernel: DPTXPort: apcall data: 00000030: 00 00 00 00 00 00 00 00 00 00 00 00 00 00 00 00  ................
Sep 24 06:23:32 omarchy-m2 kernel: apple-dcp 289c00000.dcp: RTKit: syslog message: eoInterfaceIOAV.cpp:146: IOMFB: IOAVVideoInterface terminated
Sep 24 06:23:32 omarchy-m2 kernel: apple-dcp 289c00000.dcp: RTKit: syslog message: oInterfaceIOAV.cpp:1094: void VideoInterfaceIOAV::unplug_gated(IOAVVideoInterface *): display HPD removed
Sep 24 06:23:32 omarchy-m2 kernel: apple-dcp 289c00000.dcp: cb_hotplug() connected:0, valid_mode:0 nr_modes:22
Sep 24 06:23:32 omarchy-m2 kernel: apple-dcp 289c00000.dcp: RTKit: syslog message: dpointInterface.cpp:606: [AFK][AFKMailboxSharedMemoryEndpointInterface:#78] if:3 inCmd:0 inResp:0 outRepErr:0 outCmdErr:0 t:843969673
Sep 24 06:23:32 omarchy-m2 kernel: apple-dcp 289c00000.dcp: RTKit: syslog message: dpointInterface.cpp:606: [AFK][AFKMailboxSharedMemoryEndpointInterface:#76] if:1 inCmd:1 inResp:1 outRepErr:0 outCmdErr:0 t:843972101
Sep 24 06:23:32 omarchy-m2 kernel: apple-dcp 289c00000.dcp: DPTXPort: APCALL 5 (16 bytes)
Sep 24 06:23:32 omarchy-m2 kernel: DPTXPort: apcall data: 00000000: 00 00 00 00 00 00 00 00 00 00 00 00 00 00 00 00  ................
Sep 24 06:23:32 omarchy-m2 kernel: apple-dcp 289c00000.dcp: DPTXPort: APCALL 12 (32 bytes)
Sep 24 06:23:32 omarchy-m2 kernel: DPTXPort: apcall data: 00000000: 00 00 00 00 00 00 00 00 00 00 00 00 00 00 00 00  ................
Sep 24 06:23:32 omarchy-m2 kernel: DPTXPort: apcall data: 00000010: 00 00 00 00 00 00 00 00 00 00 00 00 00 00 00 00  ................
Sep 24 06:23:32 omarchy-m2 kernel: apple-dcp 289c00000.dcp: DPTXPort: APCALL 9 (32 bytes)
Sep 24 06:23:32 omarchy-m2 kernel: DPTXPort: apcall data: 00000000: 00 00 00 00 00 00 00 00 00 00 00 00 00 00 00 00  ................
Sep 24 06:23:32 omarchy-m2 kernel: DPTXPort: apcall data: 00000010: 00 00 00 00 00 00 00 00 00 00 00 00 00 00 00 00  ................
Sep 24 06:23:32 omarchy-m2 kernel: apple-dcp 289c00000.dcp: DPTXPort: SET_LINK_RATE 0x0
Sep 24 06:23:32 omarchy-m2 kernel: apple-dcp 289c00000.dcp: DPTXPort: APCALL 6 (16 bytes)
Sep 24 06:23:32 omarchy-m2 kernel: DPTXPort: apcall data: 00000000: 00 00 00 00 00 00 00 00 00 00 00 00 00 00 00 00  ................
Sep 24 06:23:32 omarchy-m2 kernel: apple-dcp 289c00000.dcp: dcp_hotplug() connected:0 valid_mode:0 nr_modes:22
Sep 24 06:23:32 omarchy-m2 kernel: apple-dcp 289c00000.dcp: DPTXPort: APCALL 1 (16 bytes)
Sep 24 06:23:32 omarchy-m2 kernel: DPTXPort: apcall data: 00000000: 00 00 00 00 00 00 00 00 00 00 00 00 00 00 00 00  ................
Sep 24 06:23:32 omarchy-m2 kernel: apple-dcp 289c00000.dcp: DPTXPort: DEACTIVATE
Sep 24 06:23:32 omarchy-m2 kernel: thunderbolt-apple-acio 701ac0000.cio: dpin0: inactive handshake=0
Sep 24 06:23:32 omarchy-m2 kernel: apple-dcp 289c00000.dcp: DPTX release_display: call #1 result=0
Sep 24 06:23:32 omarchy-m2 kernel: kauditd_printk_skb: 262 callbacks suppressed
Sep 24 06:23:32 omarchy-m2 kernel: audit: type=1130 audit(1790223812.502:162): pid=1 uid=0 auid=4294967295 ses=4294967295 subj=unconfined msg='unit=udisks2 comm="systemd" exe="/usr/lib/systemd/systemd" hostname=? addr=? terminal=? res=success'
Sep 24 06:23:33 omarchy-m2 kernel: audit: type=1131 audit(1790223813.478:163): pid=1 uid=0 auid=4294967295 ses=4294967295 subj=unconfined msg='unit=systemd-rfkill comm="systemd" exe="/usr/lib/systemd/systemd" hostname=? addr=? terminal=? res=success'
Sep 24 06:23:33 omarchy-m2 kernel: apple-dcp 289c00000.dcp: dcp_dptx_connect(port=0) target=0:0 dfp=1 typec=1 route=borrowed conn_type=20 connected=0
Sep 24 06:23:33 omarchy-m2 kernel: apple-dcp 289c00000.dcp: DPTX validate: call #2 this boot target=0x8001 core=1 atc=0 die=0 attrs=0x101 caller=dcp_dptx_connect+0x130/0x354 [appledrm]
Sep 24 06:23:33 omarchy-m2 kernel: apple-dcp 289c00000.dcp: DPTX connect: call #2 this boot target=0x8001 unk=0x101 caller=dcp_dptx_connect+0x188/0x354 [appledrm]
Sep 24 06:23:33 omarchy-m2 kernel: apple-dcp 289c00000.dcp: DPTX request_display: call #2 this boot caller=dcp_dptx_connect+0x1c0/0x354 [appledrm]
Sep 24 06:23:33 omarchy-m2 kernel: apple-dcp 289c00000.dcp: RTKit: syslog message: AppleDCPDPTX.cpp:355: [AFK]powering nub 0x854670
Sep 24 06:23:33 omarchy-m2 kernel: apple-dcp 289c00000.dcp: DPTXPort: APCALL 18 (32 bytes)
Sep 24 06:23:33 omarchy-m2 kernel: DPTXPort: apcall data: 00000000: 00 00 00 00 00 00 00 00 00 00 00 00 00 00 00 00  ................
Sep 24 06:23:33 omarchy-m2 kernel: DPTXPort: apcall data: 00000010: 00 00 00 00 00 00 00 00 00 00 00 00 00 00 00 00  ................
Sep 24 06:23:33 omarchy-m2 kernel: apple-dcp 289c00000.dcp: DPTXPort: GET_SUPPORTS_HPD 1 usb4=1
Sep 24 06:23:33 omarchy-m2 kernel: apple-dcp 289c00000.dcp: DPTXPort: APCALL 10 (32 bytes)
Sep 24 06:23:33 omarchy-m2 kernel: DPTXPort: apcall data: 00000000: 00 00 00 00 00 00 00 00 00 00 00 00 00 00 00 00  ................
Sep 24 06:23:33 omarchy-m2 kernel: DPTXPort: apcall data: 00000010: 00 00 00 00 00 00 00 00 00 00 00 00 00 00 00 00  ................
Sep 24 06:23:33 omarchy-m2 kernel: apple-dcp 289c00000.dcp: DPTXPort: APCALL 0 (16 bytes)
Sep 24 06:23:33 omarchy-m2 kernel: DPTXPort: apcall data: 00000000: 00 00 00 00 00 00 00 00 00 00 00 00 00 00 00 00  ................
Sep 24 06:23:33 omarchy-m2 kernel: thunderbolt-apple-acio 701ac0000.cio: dpin0: active handshake=0
Sep 24 06:23:33 omarchy-m2 kernel: apple-dcp 289c00000.dcp: DPTX request_display: call #2 result=0
Sep 24 06:23:33 omarchy-m2 kernel: apple-dcp 289c00000.dcp: RTKit: syslog message: DCPDP13Service.cpp:60: [AFK]version: 14
Sep 24 06:23:33 omarchy-m2 kernel: apple-dcp 289c00000.dcp: RTKit: syslog message: DCPDPService.cpp:76: [AFK]version: 14
Sep 24 06:23:33 omarchy-m2 kernel: apple-dcp 289c00000.dcp: AFK[ep:28]: new service DCPDP13Service on channel 5
Sep 24 06:23:33 omarchy-m2 kernel: apple-dcp 289c00000.dcp: AFK[ep:28]: new service DCPDP13Service on channel 7
Sep 24 06:23:33 omarchy-m2 kernel: apple-dcp 289c00000.dcp: DPTXPort: APCALL 21 (144 bytes)
Sep 24 06:23:33 omarchy-m2 kernel: DPTXPort: apcall data: 00000000: 01 00 00 00 00 00 00 00 00 00 00 00 00 00 00 00  ................
Sep 24 06:23:33 omarchy-m2 kernel: DPTXPort: apcall data: 00000010: ff ff ff 00 00 00 00 00 00 00 00 00 00 00 00 00  ................
Sep 24 06:23:33 omarchy-m2 kernel: DPTXPort: apcall data: 00000020: 00 00 00 00 00 00 00 00 00 00 00 00 00 00 00 00  ................
Sep 24 06:23:33 omarchy-m2 kernel: DPTXPort: apcall data: 00000030: 00 00 00 00 00 00 00 00 00 0a 00 00 a0 05 00 00  ................
Sep 24 06:23:33 omarchy-m2 kernel: apple-dcp 289c00000.dcp: DPTXPort: APCALL 7 (32 bytes)
Sep 24 06:23:33 omarchy-m2 kernel: DPTXPort: apcall data: 00000000: 00 00 00 00 00 00 00 00 00 00 00 00 00 00 00 00  ................
Sep 24 06:23:33 omarchy-m2 kernel: DPTXPort: apcall data: 00000010: 00 00 00 00 00 00 00 00 00 00 00 00 00 00 00 00  ................
Sep 24 06:23:33 omarchy-m2 kernel: apple-dcp 289c00000.dcp: DPTXPort: APCALL 13 (32 bytes)
Sep 24 06:23:33 omarchy-m2 kernel: DPTXPort: apcall data: 00000000: 00 00 00 00 00 00 00 00 00 00 00 00 00 00 00 00  ................
Sep 24 06:23:33 omarchy-m2 kernel: DPTXPort: apcall data: 00000010: 00 00 00 00 00 00 00 00 00 00 00 00 00 00 00 00  ................
Sep 24 06:23:33 omarchy-m2 kernel: apple-dcp 289c00000.dcp: DPTXPort: APCALL 7 (32 bytes)
Sep 24 06:23:33 omarchy-m2 kernel: DPTXPort: apcall data: 00000000: 00 00 00 00 00 00 00 00 00 00 00 00 00 00 00 00  ................
Sep 24 06:23:33 omarchy-m2 kernel: DPTXPort: apcall data: 00000010: 00 00 00 00 00 00 00 00 00 00 00 00 00 00 00 00  ................
Sep 24 06:23:33 omarchy-m2 kernel: apple-dcp 289c00000.dcp: DPTXPort: APCALL 15 (32 bytes)
Sep 24 06:23:33 omarchy-m2 kernel: DPTXPort: apcall data: 00000000: 00 00 00 00 00 00 00 00 00 00 00 00 00 00 00 00  ................
Sep 24 06:23:33 omarchy-m2 kernel: DPTXPort: apcall data: 00000010: 00 00 00 00 00 00 00 00 00 00 00 00 00 00 00 00  ................
Sep 24 06:23:33 omarchy-m2 kernel: apple-dcp 289c00000.dcp: DPTXPort: APCALL 5 (16 bytes)
Sep 24 06:23:33 omarchy-m2 kernel: DPTXPort: apcall data: 00000000: 00 00 00 00 00 00 00 00 00 00 00 00 00 00 00 00  ................
Sep 24 06:23:33 omarchy-m2 kernel: apple-dcp 289c00000.dcp: DPTXPort: APCALL 12 (32 bytes)
Sep 24 06:23:33 omarchy-m2 kernel: DPTXPort: apcall data: 00000000: 00 00 00 00 00 00 00 00 00 00 00 00 00 00 00 00  ................
Sep 24 06:23:33 omarchy-m2 kernel: DPTXPort: apcall data: 00000010: 00 00 00 00 00 00 00 00 00 00 00 00 00 00 00 00  ................
Sep 24 06:23:33 omarchy-m2 kernel: apple-dcp 289c00000.dcp: DPTXPort: APCALL 9 (32 bytes)
Sep 24 06:23:33 omarchy-m2 kernel: DPTXPort: apcall data: 00000000: 00 00 00 00 00 00 00 00 00 00 00 00 00 00 00 00  ................
Sep 24 06:23:33 omarchy-m2 kernel: DPTXPort: apcall data: 00000010: 0a 00 00 00 00 00 00 00 00 00 00 00 00 00 00 00  ................
Sep 24 06:23:33 omarchy-m2 kernel: apple-dcp 289c00000.dcp: DPTXPort: SET_LINK_RATE 0xa
Sep 24 06:23:33 omarchy-m2 kernel: phy-apple-atc 703000000.phy: DP tunnel clock: rate=0xa result=-114
Sep 24 06:23:33 omarchy-m2 kernel: apple-dcp 289c00000.dcp: DP tunnel pixel clock (rate 0xa) failed: -114
Sep 24 06:23:33 omarchy-m2 kernel: apple-dcp 289c00000.dcp: DPTXPort: APCALL 6 (16 bytes)
Sep 24 06:23:33 omarchy-m2 kernel: DPTXPort: apcall data: 00000000: 00 00 00 00 00 00 00 00 00 00 00 00 00 00 00 00  ................
Sep 24 06:23:33 omarchy-m2 kernel: apple-dcp 289c00000.dcp: no DP tunnel pixel clock, crossbar left down
Sep 24 06:23:33 omarchy-m2 kernel: apple-dcp 289c00000.dcp: DPTXPort: APCALL 13 (32 bytes)
Sep 24 06:23:33 omarchy-m2 kernel: DPTXPort: apcall data: 00000000: 00 00 00 00 00 00 00 00 00 00 00 00 00 00 00 00  ................
Sep 24 06:23:33 omarchy-m2 kernel: DPTXPort: apcall data: 00000010: 00 00 00 00 00 00 00 00 00 00 00 00 00 00 00 00  ................
Sep 24 06:23:33 omarchy-m2 kernel: apple-dcp 289c00000.dcp: DPTXPort: APCALL 12 (32 bytes)
Sep 24 06:23:33 omarchy-m2 kernel: DPTXPort: apcall data: 00000000: 00 00 00 00 00 00 00 00 00 00 00 00 00 00 00 00  ................
Sep 24 06:23:33 omarchy-m2 kernel: DPTXPort: apcall data: 00000010: 04 00 00 00 00 00 00 00 00 00 00 00 00 00 00 00  ................
Sep 24 06:23:33 omarchy-m2 kernel: apple-dcp 289c00000.dcp: set_active_lane_count: unexpected lane count:4 phy: 0
Sep 24 06:23:33 omarchy-m2 kernel: apple-dcp 289c00000.dcp: USB4/DPTX: SET_ACTIVE_LANE_COUNT 4
Sep 24 06:23:33 omarchy-m2 kernel: apple-dcp 289c00000.dcp: DPTXPort: APCALL 3 (64 bytes)
Sep 24 06:23:33 omarchy-m2 kernel: DPTXPort: apcall data: 00000000: 50 36 e6 40 ff ff ff ff 02 00 00 00 00 00 00 00  P6.@............
Sep 24 06:23:33 omarchy-m2 kernel: DPTXPort: apcall data: 00000010: 04 00 00 00 00 00 00 00 2a 00 00 00 00 00 00 00  ........*.......
Sep 24 06:23:33 omarchy-m2 kernel: DPTXPort: apcall data: 00000020: 00 00 00 00 00 00 00 00 00 00 00 00 00 00 00 00  ................
Sep 24 06:23:33 omarchy-m2 kernel: DPTXPort: apcall data: 00000030: 00 00 00 00 00 00 00 00 00 00 00 00 00 00 00 00  ................
Sep 24 06:23:33 omarchy-m2 kernel: apple-dcp 289c00000.dcp: set_drive_settings: 4:0:42:0:0:0:0
Sep 24 06:23:33 omarchy-m2 kernel: apple-dcp 289c00000.dcp: DPTXPort: APCALL 2 (32 bytes)
Sep 24 06:23:33 omarchy-m2 kernel: DPTXPort: apcall data: 00000000: 00 00 00 00 00 00 00 00 00 00 00 00 00 00 00 00  ................
Sep 24 06:23:33 omarchy-m2 kernel: DPTXPort: apcall data: 00000010: 00 00 00 00 00 00 00 00 00 00 00 00 00 00 00 00  ................
Sep 24 06:23:33 omarchy-m2 kernel: apple-dcp 289c00000.dcp: DPTXPort: APCALL 3 (64 bytes)
Sep 24 06:23:33 omarchy-m2 kernel: DPTXPort: apcall data: 00000000: 00 00 00 00 00 00 00 00 00 00 00 00 00 00 00 00  ................
Sep 24 06:23:33 omarchy-m2 kernel: DPTXPort: apcall data: 00000010: 04 00 00 00 00 00 00 00 00 00 00 00 00 00 00 00  ................
Sep 24 06:23:33 omarchy-m2 kernel: DPTXPort: apcall data: 00000020: 00 00 00 00 00 00 00 00 00 00 00 00 00 00 00 00  ................
Sep 24 06:23:33 omarchy-m2 kernel: DPTXPort: apcall data: 00000030: 00 00 00 00 00 00 00 00 00 00 00 00 00 00 00 00  ................
Sep 24 06:23:33 omarchy-m2 kernel: apple-dcp 289c00000.dcp: set_drive_settings: 4:0:0:0:0:0:0
Sep 24 06:23:33 omarchy-m2 kernel: apple-dcp 289c00000.dcp: DPTXPort: APCALL 2 (32 bytes)
Sep 24 06:23:33 omarchy-m2 kernel: DPTXPort: apcall data: 00000000: 00 00 00 00 00 00 00 00 00 00 00 00 00 00 00 00  ................
Sep 24 06:23:33 omarchy-m2 kernel: DPTXPort: apcall data: 00000010: 00 00 00 00 00 00 00 00 00 00 00 00 00 00 00 00  ................
Sep 24 06:23:33 omarchy-m2 kernel: apple-dcp 289c00000.dcp: DPTXPort: APCALL 3 (64 bytes)
Sep 24 06:23:33 omarchy-m2 kernel: DPTXPort: apcall data: 00000000: 00 00 00 00 00 00 00 00 00 00 00 00 00 00 00 00  ................
Sep 24 06:23:33 omarchy-m2 kernel: DPTXPort: apcall data: 00000010: 04 00 00 00 00 00 00 00 00 00 00 00 00 00 00 00  ................
Sep 24 06:23:33 omarchy-m2 kernel: DPTXPort: apcall data: 00000020: 00 00 00 00 00 00 00 00 00 00 00 00 00 00 00 00  ................
Sep 24 06:23:33 omarchy-m2 kernel: DPTXPort: apcall data: 00000030: 00 00 00 00 00 00 00 00 00 00 00 00 00 00 00 00  ................
Sep 24 06:23:33 omarchy-m2 kernel: apple-dcp 289c00000.dcp: set_drive_settings: 4:0:0:0:0:0:0
Sep 24 06:23:33 omarchy-m2 kernel: apple-dcp 289c00000.dcp: DPTXPort: APCALL 2 (32 bytes)
Sep 24 06:23:33 omarchy-m2 kernel: DPTXPort: apcall data: 00000000: 00 00 00 00 00 00 00 00 00 00 00 00 00 00 00 00  ................
Sep 24 06:23:33 omarchy-m2 kernel: DPTXPort: apcall data: 00000010: 00 00 00 00 00 00 00 00 00 00 00 00 00 00 00 00  ................
Sep 24 06:23:33 omarchy-m2 kernel: apple-dcp 289c00000.dcp: RTKit: syslog message: eoInterfaceIOAV.cpp:135: IOMFB: IOAVVideoInterface published
Sep 24 06:23:33 omarchy-m2 kernel: apple-dcp 289c00000.dcp: RTKit: syslog message: eoInterfaceIOAV.cpp:714: IOMFBStatus VideoInterfaceIOAV::plug_gated(IOAVVideoInterface *, bool): display HPD asserted
Sep 24 06:23:33 omarchy-m2 kernel: apple-dcp 289c00000.dcp: RTKit: syslog message: oInterfaceIOAV.cpp:1701: Got peer ID 0
Sep 24 06:23:33 omarchy-m2 kernel: apple-dcp 289c00000.dcp: RTKit: syslog message: oInterfaceIOAV.cpp:1701: Got peer ID 0
Sep 24 06:23:33 omarchy-m2 kernel: apple-dcp 289c00000.dcp: RTKit: syslog message: oInterfaceIOAV.cpp:1701: Got peer ID 0
Sep 24 06:23:33 omarchy-m2 kernel: apple-dcp 289c00000.dcp: RTKit: syslog message: oInterfaceIOAV.cpp:1701: Got peer ID 0
Sep 24 06:23:33 omarchy-m2 kernel: apple-dcp 289c00000.dcp: RTKit: syslog message: oInterfaceIOAV.cpp:1701: Got peer ID 0
Sep 24 06:23:33 omarchy-m2 kernel: apple-dcp 289c00000.dcp: RTKit: syslog message: oInterfaceIOAV.cpp:1701: Got peer ID 0
Sep 24 06:23:33 omarchy-m2 kernel: apple-dcp 289c00000.dcp: RTKit: syslog message: oInterfaceIOAV.cpp:1701: Got peer ID 0
Sep 24 06:23:33 omarchy-m2 kernel: apple-dcp 289c00000.dcp: RTKit: syslog message: oInterfaceIOAV.cpp:1701: Got peer ID 0
Sep 24 06:23:33 omarchy-m2 kernel: apple-dcp 289c00000.dcp: RTKit: syslog message: oInterfaceIOAV.cpp:1701: Got peer ID 0
Sep 24 06:23:33 omarchy-m2 kernel: apple-dcp 289c00000.dcp: RTKit: syslog message: oInterfaceIOAV.cpp:1701: Got peer ID 0
Sep 24 06:23:33 omarchy-m2 kernel: apple-dcp 289c00000.dcp: RTKit: syslog message: oInterfaceIOAV.cpp:1701: Got peer ID 0
Sep 24 06:23:33 omarchy-m2 kernel: apple-dcp 289c00000.dcp: RTKit: syslog message: oInterfaceIOAV.cpp:1701: Got peer ID 0
Sep 24 06:23:33 omarchy-m2 kernel: apple-dcp 289c00000.dcp: RTKit: syslog message: oInterfaceIOAV.cpp:1701: Got peer ID 0
Sep 24 06:23:33 omarchy-m2 kernel: apple-dcp 289c00000.dcp: RTKit: syslog message: oInterfaceIOAV.cpp:1701: Got peer ID 0
Sep 24 06:23:33 omarchy-m2 kernel: apple-dcp 289c00000.dcp: RTKit: syslog message: oInterfaceIOAV.cpp:1701: Got peer ID 0
Sep 24 06:23:33 omarchy-m2 kernel: apple-dcp 289c00000.dcp: RTKit: syslog message: oInterfaceIOAV.cpp:1701: Got peer ID 0
Sep 24 06:23:33 omarchy-m2 kernel: apple-dcp 289c00000.dcp: RTKit: syslog message: oInterfaceIOAV.cpp:1701: Got peer ID 0
Sep 24 06:23:33 omarchy-m2 kernel: apple-dcp 289c00000.dcp: RTKit: syslog message: oInterfaceIOAV.cpp:1701: Got peer ID 0
Sep 24 06:23:33 omarchy-m2 kernel: apple-dcp 289c00000.dcp: RTKit: syslog message: oInterfaceIOAV.cpp:1701: Got peer ID 0
Sep 24 06:23:33 omarchy-m2 kernel: apple-dcp 289c00000.dcp: RTKit: syslog message: oInterfaceIOAV.cpp:1701: Got peer ID 0
Sep 24 06:23:33 omarchy-m2 kernel: apple-dcp 289c00000.dcp: RTKit: syslog message: oInterfaceIOAV.cpp:1701: Got peer ID 0
Sep 24 06:23:33 omarchy-m2 kernel: apple-dcp 289c00000.dcp: RTKit: syslog message: oInterfaceIOAV.cpp:1701: Got peer ID 0
Sep 24 06:23:33 omarchy-m2 kernel: apple-dcp 289c00000.dcp: RTKit: syslog message: oInterfaceIOAV.cpp:1701: Got peer ID 0
Sep 24 06:23:33 omarchy-m2 kernel: apple-dcp 289c00000.dcp: RTKit: syslog message: oInterfaceIOAV.cpp:1701: Got peer ID 0
Sep 24 06:23:33 omarchy-m2 kernel: apple-dcp 289c00000.dcp: RTKit: syslog message: oInterfaceIOAV.cpp:1701: Got peer ID 0
Sep 24 06:23:33 omarchy-m2 kernel: apple-dcp 289c00000.dcp: RTKit: syslog message: oInterfaceIOAV.cpp:1701: Got peer ID 0
Sep 24 06:23:33 omarchy-m2 kernel: apple-dcp 289c00000.dcp: RTKit: syslog message: oInterfaceIOAV.cpp:1701: Got peer ID 0
Sep 24 06:23:33 omarchy-m2 kernel: apple-dcp 289c00000.dcp: RTKit: syslog message: oInterfaceIOAV.cpp:1701: Got peer ID 0
Sep 24 06:23:33 omarchy-m2 kernel: apple-dcp 289c00000.dcp: RTKit: syslog message: oInterfaceIOAV.cpp:1701: Got peer ID 0
Sep 24 06:23:33 omarchy-m2 kernel: apple-dcp 289c00000.dcp: RTKit: syslog message: oInterfaceIOAV.cpp:1701: Got peer ID 0
Sep 24 06:23:33 omarchy-m2 kernel: apple-dcp 289c00000.dcp: RTKit: syslog message: oInterfaceIOAV.cpp:1701: Got peer ID 0
Sep 24 06:23:33 omarchy-m2 kernel: apple-dcp 289c00000.dcp: RTKit: syslog message: oInterfaceIOAV.cpp:1701: Got peer ID 0
Sep 24 06:23:33 omarchy-m2 kernel: apple-dcp 289c00000.dcp: RTKit: syslog message: oInterfaceIOAV.cpp:1701: Got peer ID 0
Sep 24 06:23:33 omarchy-m2 kernel: apple-dcp 289c00000.dcp: RTKit: syslog message: oInterfaceIOAV.cpp:1701: Got peer ID 0
Sep 24 06:23:33 omarchy-m2 kernel: apple-dcp 289c00000.dcp: RTKit: syslog message: oInterfaceIOAV.cpp:1701: Got peer ID 0
Sep 24 06:23:33 omarchy-m2 kernel: apple-dcp 289c00000.dcp: RTKit: syslog message: oInterfaceIOAV.cpp:1701: Got peer ID 0
Sep 24 06:23:33 omarchy-m2 kernel: apple-dcp 289c00000.dcp: DCP property key=ColorElements bytes=5049 accepted=1 nr_modes=22
Sep 24 06:23:33 omarchy-m2 kernel: apple-dcp 289c00000.dcp: DCP property key=TimingElements bytes=205757 accepted=1 nr_modes=22
Sep 24 06:23:33 omarchy-m2 kernel: apple-dcp 289c00000.dcp: DCP property key=DisplayAttributes bytes=1285 accepted=1 nr_modes=22
Sep 24 06:23:33 omarchy-m2 kernel: apple-dcp 289c00000.dcp: DCP property key=Transport bytes=53 accepted=1 nr_modes=22
Sep 24 06:23:33 omarchy-m2 kernel: apple-dcp 289c00000.dcp: RTKit: syslog message: oInterfaceIOAV.cpp:1701: Got peer ID 0
Sep 24 06:23:33 omarchy-m2 kernel: apple-dcp 289c00000.dcp: cb_hotplug() connected:1, valid_mode:0 nr_modes:22
Sep 24 06:23:33 omarchy-m2 kernel: apple-dcp 289c00000.dcp: dcp_hotplug() connected:1 valid_mode:0 nr_modes:22
Sep 24 06:23:34 omarchy-m2 kernel: ieee80211 phy0: brcmf_c_set_joinpref_default: Set join_pref error (-52)
Sep 24 06:23:34 omarchy-m2 kernel: audit: type=1334 audit(1790223814.661:164): prog-id=57 op=LOAD
Sep 24 06:23:34 omarchy-m2 kernel: audit: type=1300 audit(1790223814.661:164): arch=c00000b7 syscall=280 success=yes exit=26 a0=5 a1=fffff7f65a40 a2=a8 a3=ffff267ac540 items=0 ppid=1 pid=877 auid=4294967295 uid=0 gid=0 euid=0 suid=0 fsuid=0 egid=0 sgid=0 fsgid=0 tty=(none) ses=4294967295 comm="NetworkManager" exe="/usr/bin/NetworkManager" subj=unconfined key=(null)
Sep 24 06:23:34 omarchy-m2 kernel: audit: type=1327 audit(1790223814.661:164): proctitle=2F7573722F62696E2F4E6574776F726B4D616E61676572002D2D6E6F2D6461656D6F6E
Sep 24 06:23:34 omarchy-m2 kernel: audit: type=1334 audit(1790223814.829:165): prog-id=58 op=LOAD
Sep 24 06:23:34 omarchy-m2 kernel: audit: type=1300 audit(1790223814.829:165): arch=c00000b7 syscall=280 success=yes exit=26 a0=5 a1=fffff7f65a40 a2=a8 a3=ffff267ac540 items=0 ppid=1 pid=877 auid=4294967295 uid=0 gid=0 euid=0 suid=0 fsuid=0 egid=0 sgid=0 fsgid=0 tty=(none) ses=4294967295 comm="NetworkManager" exe="/usr/bin/NetworkManager" subj=unconfined key=(null)
Sep 24 06:23:34 omarchy-m2 kernel: audit: type=1327 audit(1790223814.829:165): proctitle=2F7573722F62696E2F4E6574776F726B4D616E61676572002D2D6E6F2D6461656D6F6E
Sep 24 06:23:34 omarchy-m2 kernel: audit: type=1334 audit(1790223814.834:166): prog-id=57 op=UNLOAD
Sep 24 06:23:35 omarchy-m2 kernel: [UFW BLOCK] IN=wlan0 OUT= MAC=5c:e9:1e:be:44:b9:7e:85:ee:ca:ad:88:08:00 SRC=192.168.0.100 DST=192.168.0.126 LEN=152 TOS=0x00 PREC=0x00 TTL=64 ID=58515 PROTO=UDP SPT=41641 DPT=41641 LEN=132 
Sep 24 06:23:35 omarchy-m2 kernel: apple-dcp 289c00000.dcp: dcp_dptx_connect: timed out waiting for port 0 link configuration
Sep 24 06:23:35 omarchy-m2 kernel: apple-dcp 289c00000.dcp: DPTX release_display: call #2 this boot caller=dcp_dptx_connect+0x320/0x354 [appledrm]
Sep 24 06:23:35 omarchy-m2 kernel: apple-dcp 289c00000.dcp: DPTXPort: APCALL 21 (144 bytes)
Sep 24 06:23:35 omarchy-m2 kernel: DPTXPort: apcall data: 00000000: 00 00 00 00 00 00 00 00 00 00 00 00 00 00 00 00  ................
Sep 24 06:23:35 omarchy-m2 kernel: DPTXPort: apcall data: 00000010: ff ff ff 00 00 00 00 00 00 00 00 00 00 00 00 00  ................
Sep 24 06:23:35 omarchy-m2 kernel: DPTXPort: apcall data: 00000020: 00 00 00 00 00 00 00 00 00 00 00 00 00 00 00 00  ................
Sep 24 06:23:35 omarchy-m2 kernel: DPTXPort: apcall data: 00000030: 00 00 00 00 00 00 00 00 00 00 00 00 00 00 00 00  ................
Sep 24 06:23:35 omarchy-m2 kernel: apple-dcp 289c00000.dcp: RTKit: syslog message: eoInterfaceIOAV.cpp:146: IOMFB: IOAVVideoInterface terminated
Sep 24 06:23:35 omarchy-m2 kernel: apple-dcp 289c00000.dcp: RTKit: syslog message: oInterfaceIOAV.cpp:1094: void VideoInterfaceIOAV::unplug_gated(IOAVVideoInterface *): display HPD removed
Sep 24 06:23:35 omarchy-m2 kernel: apple-dcp 289c00000.dcp: cb_hotplug() connected:0, valid_mode:0 nr_modes:22
Sep 24 06:23:35 omarchy-m2 kernel: apple-dcp 289c00000.dcp: DPTXPort: APCALL 5 (16 bytes)
Sep 24 06:23:35 omarchy-m2 kernel: DPTXPort: apcall data: 00000000: 00 00 00 00 00 00 00 00 00 00 00 00 00 00 00 00  ................
Sep 24 06:23:35 omarchy-m2 kernel: apple-dcp 289c00000.dcp: DPTXPort: APCALL 12 (32 bytes)
Sep 24 06:23:35 omarchy-m2 kernel: DPTXPort: apcall data: 00000000: 00 00 00 00 00 00 00 00 00 00 00 00 00 00 00 00  ................
Sep 24 06:23:35 omarchy-m2 kernel: DPTXPort: apcall data: 00000010: 00 00 00 00 00 00 00 00 00 00 00 00 00 00 00 00  ................
Sep 24 06:23:35 omarchy-m2 kernel: apple-dcp 289c00000.dcp: RTKit: syslog message: dpointInterface.cpp:606: [AFK][AFKMailboxSharedMemoryEndpointInterface:#90] if:7 inCmd:0 inResp:0 outRepErr:0 outCmdErr:0 t:917718508
Sep 24 06:23:35 omarchy-m2 kernel: apple-dcp 289c00000.dcp: RTKit: syslog message: dpointInterface.cpp:606: [AFK][AFKMailboxSharedMemoryEndpointInterface:#88] if:5 inCmd:1 inResp:1 outRepErr:0 outCmdErr:0 t:917722480
Sep 24 06:23:35 omarchy-m2 kernel: apple-dcp 289c00000.dcp: DPTXPort: APCALL 9 (32 bytes)
Sep 24 06:23:35 omarchy-m2 kernel: DPTXPort: apcall data: 00000000: 00 00 00 00 00 00 00 00 00 00 00 00 00 00 00 00  ................
Sep 24 06:23:35 omarchy-m2 kernel: DPTXPort: apcall data: 00000010: 00 00 00 00 00 00 00 00 00 00 00 00 00 00 00 00  ................
Sep 24 06:23:35 omarchy-m2 kernel: apple-dcp 289c00000.dcp: DPTXPort: SET_LINK_RATE 0x0
Sep 24 06:23:35 omarchy-m2 kernel: apple-dcp 289c00000.dcp: DPTXPort: APCALL 6 (16 bytes)
Sep 24 06:23:35 omarchy-m2 kernel: DPTXPort: apcall data: 00000000: 00 00 00 00 00 00 00 00 00 00 00 00 00 00 00 00  ................
Sep 24 06:23:35 omarchy-m2 kernel: apple-dcp 289c00000.dcp: dcp_hotplug() connected:0 valid_mode:0 nr_modes:22
Sep 24 06:23:35 omarchy-m2 kernel: apple-dcp 289c00000.dcp: DPTXPort: APCALL 1 (16 bytes)
Sep 24 06:23:35 omarchy-m2 kernel: DPTXPort: apcall data: 00000000: 00 00 00 00 00 00 00 00 00 00 00 00 00 00 00 00  ................
Sep 24 06:23:35 omarchy-m2 kernel: apple-dcp 289c00000.dcp: DPTXPort: DEACTIVATE
Sep 24 06:23:35 omarchy-m2 kernel: thunderbolt-apple-acio 701ac0000.cio: dpin0: inactive handshake=0
Sep 24 06:23:35 omarchy-m2 kernel: apple-dcp 289c00000.dcp: DPTX release_display: call #2 result=0
Sep 24 06:23:35 omarchy-m2 kernel: apple-dcp 289c00000.dcp: USB4 protocol probe finished: -110; no automatic retry
Sep 24 06:23:36 omarchy-m2 kernel: audit: type=1325 audit(1790223816.837:167): table=filter:36 family=2 entries=1 op=nft_register_chain pid=4384 subj=unconfined comm="iptables"
Sep 24 06:23:36 omarchy-m2 kernel: [UFW BLOCK] IN=wlan0 OUT= MAC=5c:e9:1e:be:44:b9:7c:13:1d:e6:5f:50:08:00 SRC=192.168.0.78 DST=192.168.0.126 LEN=301 TOS=0x00 PREC=0x00 TTL=64 ID=32399 DF PROTO=UDP SPT=1900 DPT=54494 LEN=281 
Sep 24 06:23:36 omarchy-m2 kernel: [UFW BLOCK] IN=wlan0 OUT= MAC=5c:e9:1e:be:44:b9:7c:13:1d:e6:5f:50:08:00 SRC=192.168.0.78 DST=192.168.0.126 LEN=301 TOS=0x00 PREC=0x00 TTL=64 ID=32400 DF PROTO=UDP SPT=1900 DPT=54494 LEN=281 
Sep 24 06:23:36 omarchy-m2 kernel: [UFW BLOCK] IN=wlan0 OUT= MAC=5c:e9:1e:be:44:b9:7c:13:1d:e6:5f:50:08:00 SRC=192.168.0.78 DST=192.168.0.126 LEN=310 TOS=0x00 PREC=0x00 TTL=64 ID=32401 DF PROTO=UDP SPT=1900 DPT=54494 LEN=290 
Sep 24 06:23:36 omarchy-m2 kernel: [UFW BLOCK] IN=wlan0 OUT= MAC=5c:e9:1e:be:44:b9:7c:13:1d:e6:5f:50:08:00 SRC=192.168.0.78 DST=192.168.0.126 LEN=310 TOS=0x00 PREC=0x00 TTL=64 ID=32402 DF PROTO=UDP SPT=1900 DPT=54494 LEN=290 
Sep 24 06:23:36 omarchy-m2 kernel: [UFW BLOCK] IN=wlan0 OUT= MAC=5c:e9:1e:be:44:b9:7c:13:1d:e6:5f:50:08:00 SRC=192.168.0.78 DST=192.168.0.126 LEN=365 TOS=0x00 PREC=0x00 TTL=64 ID=32403 DF PROTO=UDP SPT=1900 DPT=54494 LEN=345 
Sep 24 06:23:36 omarchy-m2 kernel: [UFW BLOCK] IN=wlan0 OUT= MAC=5c:e9:1e:be:44:b9:7c:13:1d:e6:5f:50:08:00 SRC=192.168.0.78 DST=192.168.0.126 LEN=365 TOS=0x00 PREC=0x00 TTL=64 ID=32404 DF PROTO=UDP SPT=1900 DPT=54494 LEN=345 
Sep 24 06:23:36 omarchy-m2 kernel: [UFW BLOCK] IN=wlan0 OUT= MAC=5c:e9:1e:be:44:b9:7c:13:1d:e6:5f:50:08:00 SRC=192.168.0.78 DST=192.168.0.126 LEN=375 TOS=0x00 PREC=0x00 TTL=64 ID=32405 DF PROTO=UDP SPT=1900 DPT=54494 LEN=355 
Sep 24 06:23:36 omarchy-m2 kernel: [UFW BLOCK] IN=wlan0 OUT= MAC=5c:e9:1e:be:44:b9:7c:13:1d:e6:5f:50:08:00 SRC=192.168.0.78 DST=192.168.0.126 LEN=375 TOS=0x00 PREC=0x00 TTL=64 ID=32406 DF PROTO=UDP SPT=1900 DPT=54494 LEN=355 
Sep 24 06:23:37 omarchy-m2 kernel: [UFW BLOCK] IN=wlan0 OUT= MAC=5c:e9:1e:be:44:b9:7c:13:1d:e6:5f:50:08:00 SRC=192.168.0.78 DST=192.168.0.126 LEN=301 TOS=0x00 PREC=0x00 TTL=64 ID=32444 DF PROTO=UDP SPT=1900 DPT=46857 LEN=281 
Sep 24 06:23:38 omarchy-m2 kernel: kauditd_printk_skb: 98 callbacks suppressed
Sep 24 06:23:38 omarchy-m2 kernel: audit: type=1131 audit(1790223818.615:200): pid=1 uid=0 auid=4294967295 ses=4294967295 subj=unconfined msg='unit=NetworkManager-dispatcher comm="systemd" exe="/usr/lib/systemd/systemd" hostname=? addr=? terminal=? res=success'
