[   11.118876] omarchy-m2 kernel: Booting Linux on physical CPU 0x0000000000 [0x611f0340]
[   11.118904] omarchy-m2 kernel: Linux version 7.1.12-2.5-1-ARCH (linux-aurora@archlinux) (gcc (GCC) 16.1.1 20260430, GNU ld (GNU Binutils) 2.46.0) #1 SMP PREEMPT_DYNAMIC Sun, 20 Sep 2026 02:52:44 +0000
[   11.118916] omarchy-m2 kernel: random: crng init done
[   11.118924] omarchy-m2 kernel: Machine model: Apple MacBook Pro (16-inch, M2 Pro, 2023)
[   11.118932] omarchy-m2 kernel: efi: EFI v2.11 by Das U-Boot
[   11.118939] omarchy-m2 kernel: efi: RTPROP=0x107d4312040 SMBIOS 3.0=0x107d53c2000 INITRD=0x107d42f8040 MEMRESERVE=0x107d42f7040 
[   11.118948] omarchy-m2 kernel: OF: reserved mem: 0x000001000196c000..0x0000010001c7ffff (3152 KiB) nomap non-reusable asc-firmware@1000196c000
[   11.118956] omarchy-m2 kernel: OF: reserved mem: 0x00000100009fc000..0x000001000132ffff (9424 KiB) nomap non-reusable asc-firmware@100009fc000
[   11.118964] omarchy-m2 kernel: OF: reserved mem: 0x00000107d9478000..0x00000107d947bfff (16 KiB) nomap non-reusable sio-firmware-data@107d9478000
[   11.118971] omarchy-m2 kernel: OF: reserved mem: 0x00000107d947c000..0x00000107d947ffff (16 KiB) nomap non-reusable sio-firmware-data@107d947c000
[   11.118979] omarchy-m2 kernel: OF: reserved mem: 0x00000107d9480000..0x00000107d949ffff (128 KiB) nomap non-reusable sio-firmware-data@107d9480000
[   11.118986] omarchy-m2 kernel: OF: reserved mem: 0x00000107d94a0000..0x00000107d94a3fff (16 KiB) nomap non-reusable sio-firmware-data@107d94a0000
[   11.118993] omarchy-m2 kernel: OF: reserved mem: 0x0000010001d48000..0x0000010001e3ffff (992 KiB) nomap non-reusable asc-firmware@10001d48000
[   11.119007] omarchy-m2 kernel: OF: reserved mem: 0x00000100013e4000..0x00000100013fffff (112 KiB) nomap non-reusable asc-firmware@100013e4000
[   11.119018] omarchy-m2 kernel: OF: reserved mem: 0x00000107ddc80000..0x00000107e4f43fff (117520 KiB) nomap non-reusable framebuffer@107ddc80000
[   11.119026] omarchy-m2 kernel: OF: reserved mem: 0x00000107db37c000..0x00000107dc37bfff (16384 KiB) nomap non-reusable asc-firmware@107db37c000
[   11.119034] omarchy-m2 kernel: OF: reserved mem: 0x00000107dc37c000..0x00000107dc67bfff (3072 KiB) nomap non-reusable asc-firmware@107dc37c000
[   11.119041] omarchy-m2 kernel: OF: reserved mem: 0x00000107dc67c000..0x00000107dd67bfff (16384 KiB) nomap non-reusable asc-firmware@107dc67c000
[   11.119049] omarchy-m2 kernel: OF: reserved mem: 0x00000107dd67c000..0x00000107dd97bfff (3072 KiB) nomap non-reusable asc-firmware@107dd67c000
[   11.119056] omarchy-m2 kernel: OF: reserved mem: 0x00000107ddc7c000..0x00000107ddc7ffff (16 KiB) nomap non-reusable region157@107ddc7c000
[   11.119064] omarchy-m2 kernel: OF: reserved mem: 0x00000107e4f44000..0x00000107e5003fff (768 KiB) nomap non-reusable region95@107e4f44000
[   11.119071] omarchy-m2 kernel: OF: reserved mem: 0x00000107e5004000..0x00000107e5363fff (3456 KiB) nomap non-reusable region94@107e5004000
[   11.119078] omarchy-m2 kernel: OF: reserved mem: 0x00000107e5364000..0x00000107e6363fff (16384 KiB) nomap non-reusable region57@107e5364000
[   11.119086] omarchy-m2 kernel: OF: reserved mem: 0x00000107dd97c000..0x00000107ddc7bfff (3072 KiB) nomap non-reusable dcp_data@107dd97c000
[   11.119093] omarchy-m2 kernel: OF: reserved mem: 0x0000010000230000..0x0000010000833fff (6160 KiB) nomap non-reusable asc-firmware@10000230000
[   11.119101] omarchy-m2 kernel: OF: reserved mem: 0x00000107d94c8000..0x00000107d94cbfff (16 KiB) map non-reusable flash@107d94c8000
[   11.119108] omarchy-m2 kernel: OF: reserved mem: 0x00000100032ac000..0x0000010003323fff (480 KiB) map non-reusable flash@100032ac000
[   11.119116] omarchy-m2 kernel: OF: reserved mem: 0x00000107d94a4000..0x00000107d94bbfff (96 KiB) map non-reusable globals
[   11.119123] omarchy-m2 kernel: OF: reserved mem: 0x00000107d94c0000..0x00000107d94c7fff (32 KiB) map non-reusable hw-cal-a
[   11.119131] omarchy-m2 kernel: OF: reserved mem: 0x00000107d94bc000..0x00000107d94bffff (16 KiB) map non-reusable hw-cal-b
[   11.119138] omarchy-m2 kernel: OF: reserved mem: 0x00000107fff70000..0x00000107fff73fff (16 KiB) map non-reusable uat-handoff
[   11.119145] omarchy-m2 kernel: OF: reserved mem: 0x00000107fff78000..0x00000107fffb7fff (256 KiB) map non-reusable uat-pagetables
[   11.119153] omarchy-m2 kernel: OF: reserved mem: 0x00000107fffb8000..0x00000107fffbbfff (16 KiB) map non-reusable uat-ttbs
[   11.119160] omarchy-m2 kernel: OF: reserved mem: 0x00000107d94cc000..0x00000107d9783fff (2784 KiB) nomap non-reusable isp-heap
[   11.119167] omarchy-m2 kernel: cma: Reserved 64 MiB at 0x0000010008000000
[   11.119174] omarchy-m2 kernel: Zone ranges:
[   11.119181] omarchy-m2 kernel:   DMA      [mem 0x0000010000230000-0x00000107fffbbfff]
[   11.119188] omarchy-m2 kernel:   DMA32    empty
[   11.119195] omarchy-m2 kernel:   Normal   empty
[   11.119203] omarchy-m2 kernel: Movable zone start for each node
[   11.119211] omarchy-m2 kernel: Early memory node ranges
[   11.119219] omarchy-m2 kernel:   node   0: [mem 0x0000010000230000-0x0000010000833fff]
[   11.119226] omarchy-m2 kernel:   node   0: [mem 0x00000100009fc000-0x000001000132ffff]
[   11.119233] omarchy-m2 kernel:   node   0: [mem 0x00000100013e4000-0x00000100013fffff]
[   11.119240] omarchy-m2 kernel:   node   0: [mem 0x000001000196c000-0x0000010001c7ffff]
[   11.119247] omarchy-m2 kernel:   node   0: [mem 0x0000010001d48000-0x0000010001e3ffff]
[   11.119254] omarchy-m2 kernel:   node   0: [mem 0x0000010001e40000-0x000001000337bfff]
[   11.119261] omarchy-m2 kernel:   node   0: [mem 0x000001000337c000-0x000001000348bfff]
[   11.119268] omarchy-m2 kernel:   node   0: [mem 0x000001000348c000-0x0000010006113fff]
[   11.119275] omarchy-m2 kernel:   node   0: [mem 0x0000010006114000-0x0000010006123fff]
[   11.119283] omarchy-m2 kernel:   node   0: [mem 0x0000010006124000-0x0000010006127fff]
[   11.119291] omarchy-m2 kernel:   node   0: [mem 0x0000010006128000-0x0000010006137fff]
[   11.119298] omarchy-m2 kernel:   node   0: [mem 0x0000010006138000-0x000001000613bfff]
[   11.119305] omarchy-m2 kernel:   node   0: [mem 0x000001000613c000-0x000001000614bfff]
[   11.119312] omarchy-m2 kernel:   node   0: [mem 0x000001000614c000-0x000001000614ffff]
[   11.119319] omarchy-m2 kernel:   node   0: [mem 0x0000010006150000-0x000001000615ffff]
[   11.119326] omarchy-m2 kernel:   node   0: [mem 0x0000010006160000-0x0000010006163fff]
[   11.119335] omarchy-m2 kernel:   node   0: [mem 0x0000010006164000-0x0000010006173fff]
[   11.119342] omarchy-m2 kernel:   node   0: [mem 0x0000010006174000-0x0000010006177fff]
[   11.119349] omarchy-m2 kernel:   node   0: [mem 0x0000010006178000-0x0000010006187fff]
[   11.119356] omarchy-m2 kernel:   node   0: [mem 0x0000010006188000-0x000001000618bfff]
[   11.119363] omarchy-m2 kernel:   node   0: [mem 0x000001000618c000-0x000001000619bfff]
[   11.119370] omarchy-m2 kernel:   node   0: [mem 0x000001000619c000-0x000001000619ffff]
[   11.119378] omarchy-m2 kernel:   node   0: [mem 0x00000100061a0000-0x00000100061affff]
[   11.119385] omarchy-m2 kernel:   node   0: [mem 0x00000100061b0000-0x00000100061b3fff]
[   11.119392] omarchy-m2 kernel:   node   0: [mem 0x00000100061b4000-0x00000100061c3fff]
[   11.119399] omarchy-m2 kernel:   node   0: [mem 0x00000100061c4000-0x00000100061c7fff]
[   11.119407] omarchy-m2 kernel:   node   0: [mem 0x00000100061c8000-0x00000100061d7fff]
[   11.119414] omarchy-m2 kernel:   node   0: [mem 0x00000100061d8000-0x00000100061dbfff]
[   11.119421] omarchy-m2 kernel:   node   0: [mem 0x00000100061dc000-0x00000100061ebfff]
[   11.119428] omarchy-m2 kernel:   node   0: [mem 0x00000100061ec000-0x00000100061effff]
[   11.119436] omarchy-m2 kernel:   node   0: [mem 0x00000100061f0000-0x0000010006223fff]
[   11.119443] omarchy-m2 kernel:   node   0: [mem 0x0000010006224000-0x000001073b3fffff]
[   11.119450] omarchy-m2 kernel:   node   0: [mem 0x000001073b400000-0x000001073b403fff]
[   11.119457] omarchy-m2 kernel:   node   0: [mem 0x000001073b404000-0x00000107d430ffff]
[   11.119464] omarchy-m2 kernel:   node   0: [mem 0x00000107d4310000-0x00000107d4337fff]
[   11.119471] omarchy-m2 kernel:   node   0: [mem 0x00000107d4338000-0x00000107d53bffff]
[   11.119478] omarchy-m2 kernel:   node   0: [mem 0x00000107d53c0000-0x00000107d53c3fff]
[   11.119486] omarchy-m2 kernel:   node   0: [mem 0x00000107d53c4000-0x00000107d938ffff]
[   11.119493] omarchy-m2 kernel:   node   0: [mem 0x00000107d9390000-0x00000107d939ffff]
[   11.119500] omarchy-m2 kernel:   node   0: [mem 0x00000107d93a0000-0x00000107d9473fff]
[   11.119507] omarchy-m2 kernel:   node   0: [mem 0x00000107d9478000-0x00000107d94a3fff]
[   11.119514] omarchy-m2 kernel:   node   0: [mem 0x00000107d94a4000-0x00000107d94cbfff]
[   11.119521] omarchy-m2 kernel:   node   0: [mem 0x00000107d94cc000-0x00000107d9783fff]
[   11.119529] omarchy-m2 kernel:   node   0: [mem 0x00000107db37c000-0x00000107e6363fff]
[   11.119536] omarchy-m2 kernel:   node   0: [mem 0x00000107fff70000-0x00000107fff73fff]
[   11.119543] omarchy-m2 kernel:   node   0: [mem 0x00000107fff78000-0x00000107fffbbfff]
[   11.119550] omarchy-m2 kernel: Initmem setup node 0 [mem 0x0000010000230000-0x00000107fffbbfff]
[   11.119559] omarchy-m2 kernel: On node 0, zone DMA: 140 pages in unavailable ranges
[   11.119566] omarchy-m2 kernel: On node 0, zone DMA: 114 pages in unavailable ranges
[   11.119574] omarchy-m2 kernel: On node 0, zone DMA: 45 pages in unavailable ranges
[   11.119581] omarchy-m2 kernel: On node 0, zone DMA: 347 pages in unavailable ranges
[   11.119588] omarchy-m2 kernel: On node 0, zone DMA: 50 pages in unavailable ranges
[   11.119595] omarchy-m2 kernel: On node 0, zone DMA: 1 pages in unavailable ranges
[   11.119603] omarchy-m2 kernel: On node 0, zone DMA: 1790 pages in unavailable ranges
[   11.119610] omarchy-m2 kernel: On node 0, zone DMA: 9987 pages in unavailable ranges
[   11.119617] omarchy-m2 kernel: On node 0, zone DMA: 1 pages in unavailable ranges
[   11.119624] omarchy-m2 kernel: On node 0, zone DMA: 17 pages in unavailable ranges
[   11.119632] omarchy-m2 kernel: percpu: Embedded 9 pages/cpu s103320 r8192 d35944 u147456
[   11.119639] omarchy-m2 kernel: pcpu-alloc: s103320 r8192 d35944 u147456 alloc=9*16384
[   11.119646] omarchy-m2 kernel: pcpu-alloc: [0] 00 [0] 01 [0] 02 [0] 03 [0] 04 [0] 05 [0] 06 [0] 07 
[   11.119654] omarchy-m2 kernel: pcpu-alloc: [0] 08 [0] 09 [0] 10 [0] 11 
[   11.119661] omarchy-m2 kernel: Detected PIPT I-cache on CPU0
[   11.119668] omarchy-m2 kernel: CPU features: detected: Address authentication (IMP DEF algorithm)
[   11.119675] omarchy-m2 kernel: CPU features: detected: Virtualization Host Extensions
[   11.119682] omarchy-m2 kernel: CPU features: detected: Spectre-v4
[   11.119690] omarchy-m2 kernel: CPU features: detected: Spectre-BHB
[   11.119697] omarchy-m2 kernel: CPU features: detected: Apple IMPDEF PMUv3 Traps
[   11.119704] omarchy-m2 kernel: alternatives: applying boot alternatives
[   11.119713] omarchy-m2 kernel: Kernel command line: BOOT_IMAGE=/vmlinuz-linux-aurora root=UUID=725346d2-f127-47bc-b464-9dd46155e8d6 rw rootflags=subvol=@ cryptdevice=UUID=de26457c-f363-450f-916a-888a0b9b1fd6:root:allow-discards loglevel=3 quiet splash
[   11.119721] omarchy-m2 kernel: Unknown kernel command line parameters "splash cryptdevice=UUID=de26457c-f363-450f-916a-888a0b9b1fd6:root:allow-discards", will be passed to user space.
[   11.119728] omarchy-m2 kernel: printk: log buffer data + meta data: 262144 + 1114112 = 1376256 bytes
[   11.119744] omarchy-m2 kernel: Dentry cache hash table entries: 4194304 (order: 11, 33554432 bytes, linear)
[   11.119752] omarchy-m2 kernel: Inode-cache hash table entries: 2097152 (order: 10, 16777216 bytes, linear)
[   11.119759] omarchy-m2 kernel: software IO TLB: SWIOTLB bounce buffer size adjusted to 31MB
[   11.119766] omarchy-m2 kernel: software IO TLB: area num 16.
[   11.119773] omarchy-m2 kernel: software IO TLB: SWIOTLB bounce buffer size roundup to 32MB
[   11.119780] omarchy-m2 kernel: software IO TLB: mapped [mem 0x00000107d228c000-0x00000107d428c000] (32MB)
[   11.119791] omarchy-m2 kernel: Built 1 zonelists, mobility grouping on.  Total pages: 2068276
[   11.119798] omarchy-m2 kernel: mem auto-init: stack:off, heap alloc:on, heap free:off
[   11.119805] omarchy-m2 kernel: SLUB: HWalign=64, Order=0-3, MinObjects=0, CPUs=12, Nodes=1
[   11.119812] omarchy-m2 kernel: Dynamic Preempt: full
[   11.119819] omarchy-m2 kernel: rcu: Preemptible hierarchical RCU implementation.
[   11.119827] omarchy-m2 kernel: rcu:         RCU restricting CPUs from NR_CPUS=64 to nr_cpu_ids=12.
[   11.119834] omarchy-m2 kernel:         Trampoline variant of Tasks RCU enabled.
[   11.119842] omarchy-m2 kernel:         Tracing variant of Tasks RCU enabled.
[   11.119849] omarchy-m2 kernel: rcu: RCU calculated value of scheduler-enlistment delay is 100 jiffies.
[   11.119856] omarchy-m2 kernel: rcu: Adjusting geometry for rcu_fanout_leaf=16, nr_cpu_ids=12
[   11.119863] omarchy-m2 kernel: RCU Tasks: Setting shift to 4 and lim to 1 rcu_task_cb_adjust=1 rcu_task_cpu_ids=12.
[   11.119870] omarchy-m2 kernel: NR_IRQS: 64, nr_irqs: 64, preallocated irqs: 0
[   11.119877] omarchy-m2 kernel: Root IRQ handler: aic_handle_irq
[   11.119884] omarchy-m2 kernel: Root FIQ handler: aic_handle_fiq
[   11.119892] omarchy-m2 kernel: irq_apple_aic: Using Fast IPIs
[   11.119899] omarchy-m2 kernel: irq_apple_aic: Initialized with 1961/4096 IRQs * 1/8 die(s), 7 FIQs, 32 vIPIs
[   11.119906] omarchy-m2 kernel: rcu: srcu_init: Setting srcu_struct sizes based on contention.
[   11.119913] omarchy-m2 kernel: clocksource: jiffies: mask: 0xffffffff max_cycles: 0xffffffff, max_idle_ns: 1911260446275000 ns
[   11.119920] omarchy-m2 kernel: arch_timer: cp15 timer running at 24.00MHz (phys).
[   11.119928] omarchy-m2 kernel: clocksource: arch_sys_counter: mask: 0xffffffffffffff max_cycles: 0x588fe9dc0, max_idle_ns: 440795202592 ns
[   11.119935] omarchy-m2 kernel: sched_clock: 56 bits at 24MHz, resolution 41ns, wraps every 4398046511097ns
[   11.119942] omarchy-m2 kernel: Console: colour dummy device 80x25
[   11.119950] omarchy-m2 kernel: printk: legacy console [tty0] enabled
[   11.119959] omarchy-m2 kernel: Calibrating delay loop (skipped), value calculated using timer frequency.. 48.00 BogoMIPS (lpj=24000)
[   11.119968] omarchy-m2 kernel: pid_max: default: 32768 minimum: 301
[   11.119976] omarchy-m2 kernel: landlock: Up and running.
[   11.119984] omarchy-m2 kernel: Yama: becoming mindful.
[   11.119992] omarchy-m2 kernel: AppArmor: AppArmor initialized
[   11.119999] omarchy-m2 kernel: Mount-cache hash table entries: 65536 (order: 5, 524288 bytes, linear)
[   11.120013] omarchy-m2 kernel: Mountpoint-cache hash table entries: 65536 (order: 5, 524288 bytes, linear)
[   11.120021] omarchy-m2 kernel: VFS: Finished mounting rootfs on nullfs
[   11.120029] omarchy-m2 kernel: rcu: Hierarchical SRCU implementation.
[   11.120037] omarchy-m2 kernel: rcu:         Max phase no-delay instances is 400.
[   11.120044] omarchy-m2 kernel: Timer migration: 2 hierarchy levels; 8 children per group; 2 crossnode level
[   11.120052] omarchy-m2 kernel: Remapping and enabling EFI services.
[   11.120060] omarchy-m2 kernel: smp: Bringing up secondary CPUs ...
[   11.120068] omarchy-m2 kernel: Detected PIPT I-cache on CPU1
[   11.120076] omarchy-m2 kernel: CPU1: Booted secondary processor 0x0000000001 [0x611f0340]
[   11.120083] omarchy-m2 kernel: Detected PIPT I-cache on CPU2
[   11.120091] omarchy-m2 kernel: CPU2: Booted secondary processor 0x0000000002 [0x611f0340]
[   11.120099] omarchy-m2 kernel: Detected PIPT I-cache on CPU3
[   11.120106] omarchy-m2 kernel: CPU3: Booted secondary processor 0x0000000003 [0x611f0340]
[   11.120114] omarchy-m2 kernel: Detected PIPT I-cache on CPU4
[   11.120121] omarchy-m2 kernel: CPU4: Booted secondary processor 0x0000010100 [0x611f0350]
[   11.120129] omarchy-m2 kernel: Detected PIPT I-cache on CPU5
[   11.120137] omarchy-m2 kernel: CPU5: Booted secondary processor 0x0000010101 [0x611f0350]
[   11.120144] omarchy-m2 kernel: Detected PIPT I-cache on CPU6
[   11.120152] omarchy-m2 kernel: CPU6: Booted secondary processor 0x0000010102 [0x611f0350]
[   11.120160] omarchy-m2 kernel: Detected PIPT I-cache on CPU7
[   11.120168] omarchy-m2 kernel: CPU7: Booted secondary processor 0x0000010103 [0x611f0350]
[   11.120175] omarchy-m2 kernel: Detected PIPT I-cache on CPU8
[   11.120183] omarchy-m2 kernel: CPU8: Booted secondary processor 0x0000010200 [0x611f0350]
[   11.120191] omarchy-m2 kernel: Detected PIPT I-cache on CPU9
[   11.120199] omarchy-m2 kernel: CPU9: Booted secondary processor 0x0000010201 [0x611f0350]
[   11.120219] omarchy-m2 kernel: Detected PIPT I-cache on CPU10
[   11.120227] omarchy-m2 kernel: CPU10: Booted secondary processor 0x0000010202 [0x611f0350]
[   11.120234] omarchy-m2 kernel: Detected PIPT I-cache on CPU11
[   11.120242] omarchy-m2 kernel: CPU11: Booted secondary processor 0x0000010203 [0x611f0350]
[   11.120250] omarchy-m2 kernel: smp: Brought up 1 node, 12 CPUs
[   11.120257] omarchy-m2 kernel: SMP: Total of 12 processors activated.
[   11.120276] omarchy-m2 kernel: CPU: All CPU(s) started at EL2
[   11.120287] omarchy-m2 kernel: CPU features: detected: Branch Target Identification
[   11.120294] omarchy-m2 kernel: CPU features: detected: ARMv8.4 Translation Table Level
[   11.120302] omarchy-m2 kernel: CPU features: detected: Data cache clean to the PoU not required for I/D coherence
[   11.120310] omarchy-m2 kernel: CPU features: detected: Common not Private translations
[   11.120318] omarchy-m2 kernel: CPU features: detected: CRC32 instructions
[   11.120326] omarchy-m2 kernel: CPU features: detected: Data independent timing control (DIT)
[   11.120334] omarchy-m2 kernel: CPU features: detected: E0PD
[   11.120342] omarchy-m2 kernel: CPU features: detected: Enhanced Counter Virtualization
[   11.120350] omarchy-m2 kernel: CPU features: detected: Enhanced Virtualization Traps
[   11.120358] omarchy-m2 kernel: CPU features: detected: Fine Grained Traps
[   11.120366] omarchy-m2 kernel: CPU features: detected: Generic authentication (IMP DEF algorithm)
[   11.120374] omarchy-m2 kernel: CPU features: detected: RCpc load-acquire (LDAPR)
[   11.120382] omarchy-m2 kernel: CPU features: detected: LSE atomic instructions
[   11.120390] omarchy-m2 kernel: CPU features: detected: Privileged Access Never
[   11.120398] omarchy-m2 kernel: CPU features: detected: RAS Extension Support
[   11.120406] omarchy-m2 kernel: CPU features: detected: Speculation barrier (SB)
[   11.120413] omarchy-m2 kernel: CPU features: detected: Stage-2 Force Write-Back
[   11.120421] omarchy-m2 kernel: CPU features: detected: TLB range maintenance instructions
[   11.120429] omarchy-m2 kernel: CPU features: detected: XNX
[   11.120436] omarchy-m2 kernel: CPU features: detected: Speculative Store Bypassing Safe (SSBS)
[   11.120444] omarchy-m2 kernel: alternatives: applying system-wide alternatives
[   11.120452] omarchy-m2 kernel: CPU features: detected: ACTLR virtualization (architectural?)
[   11.120460] omarchy-m2 kernel: CPU features: detected: ICV_DIR_EL1 trapping
[   11.120467] omarchy-m2 kernel: CPU features: detected: TSO memory model (Apple)
[   11.120475] omarchy-m2 kernel: Memory: 32517168K/33092416K available (16192K kernel code, 2850K rwdata, 11904K rodata, 2048K init, 664K bss, 496576K reserved, 65536K cma-reserved)
[   11.120483] omarchy-m2 kernel: devtmpfs: initialized
[   11.120491] omarchy-m2 kernel: posixtimers hash table entries: 8192 (order: 3, 131072 bytes, linear)
[   11.120499] omarchy-m2 kernel: futex hash table entries: 4096 (262144 bytes on 1 NUMA nodes, total 256 KiB, linear).
[   11.120507] omarchy-m2 kernel: 6060 pages in range for non-PLT usage
[   11.120515] omarchy-m2 kernel: 128940 pages in range for PLT usage
[   11.120522] omarchy-m2 kernel: DMI: SMBIOS 3.7.0 present.
[   11.120531] omarchy-m2 kernel: DMI: Apple Inc. Mac14,10/J416s, BIOS 2026.07 07/01/2026
[   11.120539] omarchy-m2 kernel: DMI: Memory slots populated: 1/1
[   11.120546] omarchy-m2 kernel: NET: Registered PF_NETLINK/PF_ROUTE protocol family
[   11.120554] omarchy-m2 kernel: DMA: preallocated 4096 KiB GFP_KERNEL|GFP_DMA pool for atomic allocations
[   11.120562] omarchy-m2 kernel: audit: initializing netlink subsys (disabled)
[   11.120571] omarchy-m2 kernel: audit: type=2000 audit(0.011:1): state=initialized audit_enabled=0 res=1
[   11.120579] omarchy-m2 kernel: thermal_sys: Registered thermal governor 'fair_share'
[   11.120588] omarchy-m2 kernel: thermal_sys: Registered thermal governor 'bang_bang'
[   11.120596] omarchy-m2 kernel: thermal_sys: Registered thermal governor 'step_wise'
[   11.120604] omarchy-m2 kernel: thermal_sys: Registered thermal governor 'user_space'
[   11.120611] omarchy-m2 kernel: thermal_sys: Registered thermal governor 'power_allocator'
[   11.120619] omarchy-m2 kernel: cpuidle: using governor ladder
[   11.120627] omarchy-m2 kernel: cpuidle: using governor menu
[   11.120635] omarchy-m2 kernel: hw-breakpoint: found 6 breakpoint and 4 watchpoint registers.
[   11.120643] omarchy-m2 kernel: ASID allocator initialised with 256 entries
[   11.120651] omarchy-m2 kernel: /soc/i2c@39b040000/usb-pd@38/connector: Fixed dependency cycle(s) with /soc/dcp@289c00000/typec-routes/route@0
[   11.120660] omarchy-m2 kernel: /soc/i2c@39b040000/usb-pd@38/connector: Fixed dependency cycle(s) with /soc/dcp@315c00000/typec-routes/route@0
[   11.120668] omarchy-m2 kernel: /soc/i2c@39b040000/usb-pd@38/connector: Fixed dependency cycle(s) with /soc/cio@701ac0000
[   11.120676] omarchy-m2 kernel: /soc/i2c@39b040000/usb-pd@38/connector: Fixed dependency cycle(s) with /soc/phy@703000000
[   11.120684] omarchy-m2 kernel: /soc/i2c@39b040000/usb-pd@38/connector: Fixed dependency cycle(s) with /soc/usb@702280000
[   11.120691] omarchy-m2 kernel: /soc/i2c@39b040000/usb-pd@3f/connector: Fixed dependency cycle(s) with /soc/dcp@289c00000/typec-routes/route@1
[   11.120699] omarchy-m2 kernel: /soc/i2c@39b040000/usb-pd@3f/connector: Fixed dependency cycle(s) with /soc/dcp@315c00000/typec-routes/route@1
[   11.120717] omarchy-m2 kernel: /soc/i2c@39b040000/usb-pd@3f/connector: Fixed dependency cycle(s) with /soc/cio@b01ac0000
[   11.120725] omarchy-m2 kernel: /soc/i2c@39b040000/usb-pd@3f/connector: Fixed dependency cycle(s) with /soc/phy@b03000000
[   11.120733] omarchy-m2 kernel: /soc/i2c@39b040000/usb-pd@3f/connector: Fixed dependency cycle(s) with /soc/usb@b02280000
[   11.120741] omarchy-m2 kernel: /soc/i2c@39b040000/usb-pd@3b/connector: Fixed dependency cycle(s) with /soc/dcp@289c00000/typec-routes/route@2
[   11.120749] omarchy-m2 kernel: /soc/i2c@39b040000/usb-pd@3b/connector: Fixed dependency cycle(s) with /soc/dcp@315c00000/typec-routes/route@2
[   11.120757] omarchy-m2 kernel: /soc/i2c@39b040000/usb-pd@3b/connector: Fixed dependency cycle(s) with /soc/cio@f01ac0000
[   11.120765] omarchy-m2 kernel: /soc/i2c@39b040000/usb-pd@3b/connector: Fixed dependency cycle(s) with /soc/phy@f03000000
[   11.120773] omarchy-m2 kernel: /soc/i2c@39b040000/usb-pd@3b/connector: Fixed dependency cycle(s) with /soc/usb@f02280000
[   11.120781] omarchy-m2 kernel: /soc/pcie@580000000: Fixed dependency cycle(s) with /soc/pcie@580000000
[   11.120789] omarchy-m2 kernel: /soc/pcie@580000000/pci@0,0: Fixed dependency cycle(s) with /soc/pcie@580000000/pci@0,0
[   11.120798] omarchy-m2 kernel: /soc/pcie@580000000/pci@1,0: Fixed dependency cycle(s) with /soc/pcie@580000000/pci@1,0
[   11.120806] omarchy-m2 kernel: /soc/dcp@289c00000: Fixed dependency cycle(s) with /soc/audio-controller@39b504000
[   11.120814] omarchy-m2 kernel: /soc/dcp@289c00000: Fixed dependency cycle(s) with /soc/phy@1303000000
[   11.120822] omarchy-m2 kernel: /soc/dcp@289c00000/typec-routes/route@0: Fixed dependency cycle(s) with /soc/i2c@39b040000/usb-pd@38/connector
[   11.120830] omarchy-m2 kernel: /soc/dcp@289c00000/typec-routes/route@1: Fixed dependency cycle(s) with /soc/i2c@39b040000/usb-pd@3f/connector
[   11.120839] omarchy-m2 kernel: /soc/dcp@289c00000/typec-routes/route@2: Fixed dependency cycle(s) with /soc/i2c@39b040000/usb-pd@3b/connector
[   11.120847] omarchy-m2 kernel: /soc/dcp@315c00000: Fixed dependency cycle(s) with /soc/audio-controller@39b508000
[   11.120856] omarchy-m2 kernel: /soc/dcp@315c00000/typec-routes/route@0: Fixed dependency cycle(s) with /soc/i2c@39b040000/usb-pd@38/connector
[   11.120864] omarchy-m2 kernel: /soc/dcp@315c00000/typec-routes/route@1: Fixed dependency cycle(s) with /soc/i2c@39b040000/usb-pd@3f/connector
[   11.120872] omarchy-m2 kernel: /soc/dcp@315c00000/typec-routes/route@2: Fixed dependency cycle(s) with /soc/i2c@39b040000/usb-pd@3b/connector
[   11.120880] omarchy-m2 kernel: /soc/audio-controller@39b504000: Fixed dependency cycle(s) with /soc/dcp@289c00000
[   11.120887] omarchy-m2 kernel: /soc/audio-controller@39b508000: Fixed dependency cycle(s) with /soc/dcp@315c00000
[   11.120895] omarchy-m2 kernel: /soc/cio@701ac0000: Fixed dependency cycle(s) with /soc/i2c@39b040000/usb-pd@38/connector
[   11.120903] omarchy-m2 kernel: /soc/usb4-pcie-tunnel-0/pcie@730000000: Fixed dependency cycle(s) with /soc/usb4-pcie-tunnel-0/pcie@730000000
[   11.120911] omarchy-m2 kernel: /soc/usb4-pcie-tunnel-0/pcie@730000000/pci@0,0: Fixed dependency cycle(s) with /soc/usb4-pcie-tunnel-0/pcie@730000000/pci@0,0
[   11.120919] omarchy-m2 kernel: /soc/usb@702280000: Fixed dependency cycle(s) with /soc/i2c@39b040000/usb-pd@38/connector
[   11.120927] omarchy-m2 kernel: /soc/usb@702280000: Fixed dependency cycle(s) with /soc/phy@703000000
[   11.120936] omarchy-m2 kernel: /soc/phy@703000000: Fixed dependency cycle(s) with /soc/usb@702280000
[   11.120944] omarchy-m2 kernel: /soc/phy@703000000: Fixed dependency cycle(s) with /soc/i2c@39b040000/usb-pd@38/connector
[   11.120951] omarchy-m2 kernel: /soc/cio@b01ac0000: Fixed dependency cycle(s) with /soc/i2c@39b040000/usb-pd@3f/connector
[   11.120959] omarchy-m2 kernel: /soc/usb4-pcie-tunnel-1/pcie@b30000000: Fixed dependency cycle(s) with /soc/usb4-pcie-tunnel-1/pcie@b30000000
[   11.120968] omarchy-m2 kernel: /soc/usb4-pcie-tunnel-1/pcie@b30000000/pci@0,0: Fixed dependency cycle(s) with /soc/usb4-pcie-tunnel-1/pcie@b30000000/pci@0,0
[   11.120976] omarchy-m2 kernel: /soc/usb@b02280000: Fixed dependency cycle(s) with /soc/i2c@39b040000/usb-pd@3f/connector
[   11.120984] omarchy-m2 kernel: /soc/usb@b02280000: Fixed dependency cycle(s) with /soc/phy@b03000000
[   11.120992] omarchy-m2 kernel: /soc/phy@b03000000: Fixed dependency cycle(s) with /soc/usb@b02280000
[   11.121003] omarchy-m2 kernel: /soc/phy@b03000000: Fixed dependency cycle(s) with /soc/i2c@39b040000/usb-pd@3f/connector
[   11.121011] omarchy-m2 kernel: /soc/cio@f01ac0000: Fixed dependency cycle(s) with /soc/i2c@39b040000/usb-pd@3b/connector
[   11.121019] omarchy-m2 kernel: /soc/usb4-pcie-tunnel-2/pcie@f30000000: Fixed dependency cycle(s) with /soc/usb4-pcie-tunnel-2/pcie@f30000000
[   11.121027] omarchy-m2 kernel: /soc/usb4-pcie-tunnel-2/pcie@f30000000/pci@0,0: Fixed dependency cycle(s) with /soc/usb4-pcie-tunnel-2/pcie@f30000000/pci@0,0
[   11.121036] omarchy-m2 kernel: /soc/usb@f02280000: Fixed dependency cycle(s) with /soc/i2c@39b040000/usb-pd@3b/connector
[   11.121045] omarchy-m2 kernel: /soc/usb@f02280000: Fixed dependency cycle(s) with /soc/phy@f03000000
[   11.121053] omarchy-m2 kernel: /soc/phy@f03000000: Fixed dependency cycle(s) with /soc/usb@f02280000
[   11.121061] omarchy-m2 kernel: /soc/phy@f03000000: Fixed dependency cycle(s) with /soc/i2c@39b040000/usb-pd@3b/connector
[   11.121070] omarchy-m2 kernel: /soc/usb4-pcie-tunnel-3/pcie@1330000000: Fixed dependency cycle(s) with /soc/usb4-pcie-tunnel-3/pcie@1330000000
[   11.121078] omarchy-m2 kernel: /soc/usb4-pcie-tunnel-3/pcie@1330000000/pci@0,0: Fixed dependency cycle(s) with /soc/usb4-pcie-tunnel-3/pcie@1330000000/pci@0,0
[   11.121086] omarchy-m2 kernel: /soc/phy@1303000000: Fixed dependency cycle(s) with /soc/dcp@289c00000
[   11.121093] omarchy-m2 kernel: /soc/i2c@39b040000/usb-pd@38/connector: Fixed dependency cycle(s) with /soc/dcp@289c00000/typec-routes/route@0
[   11.121101] omarchy-m2 kernel: /soc/i2c@39b040000/usb-pd@38/connector: Fixed dependency cycle(s) with /soc/dcp@315c00000/typec-routes/route@0
[   11.121109] omarchy-m2 kernel: /soc/i2c@39b040000/usb-pd@38/connector: Fixed dependency cycle(s) with /soc/cio@701ac0000
[   11.121117] omarchy-m2 kernel: /soc/i2c@39b040000/usb-pd@38/connector: Fixed dependency cycle(s) with /soc/phy@703000000
[   11.121126] omarchy-m2 kernel: /soc/i2c@39b040000/usb-pd@38/connector: Fixed dependency cycle(s) with /soc/usb@702280000
[   11.121134] omarchy-m2 kernel: /soc/i2c@39b040000/usb-pd@3f/connector: Fixed dependency cycle(s) with /soc/dcp@289c00000/typec-routes/route@1
[   11.121142] omarchy-m2 kernel: /soc/i2c@39b040000/usb-pd@3f/connector: Fixed dependency cycle(s) with /soc/dcp@315c00000/typec-routes/route@1
[   11.121150] omarchy-m2 kernel: /soc/i2c@39b040000/usb-pd@3f/connector: Fixed dependency cycle(s) with /soc/cio@b01ac0000
[   11.121158] omarchy-m2 kernel: /soc/i2c@39b040000/usb-pd@3f/connector: Fixed dependency cycle(s) with /soc/phy@b03000000
[   11.121165] omarchy-m2 kernel: /soc/i2c@39b040000/usb-pd@3f/connector: Fixed dependency cycle(s) with /soc/usb@b02280000
[   11.121173] omarchy-m2 kernel: /soc/i2c@39b040000/usb-pd@3b/connector: Fixed dependency cycle(s) with /soc/dcp@289c00000/typec-routes/route@2
[   11.121181] omarchy-m2 kernel: /soc/i2c@39b040000/usb-pd@3b/connector: Fixed dependency cycle(s) with /soc/dcp@315c00000/typec-routes/route@2
[   11.121189] omarchy-m2 kernel: /soc/i2c@39b040000/usb-pd@3b/connector: Fixed dependency cycle(s) with /soc/cio@f01ac0000
[   11.121196] omarchy-m2 kernel: /soc/i2c@39b040000/usb-pd@3b/connector: Fixed dependency cycle(s) with /soc/phy@f03000000
[   11.121212] omarchy-m2 kernel: /soc/i2c@39b040000/usb-pd@3b/connector: Fixed dependency cycle(s) with /soc/usb@f02280000
[   11.121220] omarchy-m2 kernel: /soc/pcie@580000000: Fixed dependency cycle(s) with /soc/pcie@580000000
[   11.121229] omarchy-m2 kernel: /soc/pcie@580000000/pci@0,0: Fixed dependency cycle(s) with /soc/pcie@580000000/pci@0,0
[   11.121237] omarchy-m2 kernel: /soc/pcie@580000000/pci@1,0: Fixed dependency cycle(s) with /soc/pcie@580000000/pci@1,0
[   11.121245] omarchy-m2 kernel: /soc/dcp@289c00000: Fixed dependency cycle(s) with /soc/audio-controller@39b504000
[   11.121252] omarchy-m2 kernel: /soc/dcp@289c00000: Fixed dependency cycle(s) with /soc/phy@f03000000
[   11.121260] omarchy-m2 kernel: /soc/dcp@289c00000: Fixed dependency cycle(s) with /soc/phy@b03000000
[   11.121269] omarchy-m2 kernel: /soc/dcp@289c00000: Fixed dependency cycle(s) with /soc/phy@703000000
[   11.121277] omarchy-m2 kernel: /soc/dcp@289c00000: Fixed dependency cycle(s) with /soc/phy@1303000000
[   11.121285] omarchy-m2 kernel: /soc/dcp@289c00000/typec-routes/route@0: Fixed dependency cycle(s) with /soc/i2c@39b040000/usb-pd@38/connector
[   11.121292] omarchy-m2 kernel: /soc/dcp@289c00000/typec-routes/route@1: Fixed dependency cycle(s) with /soc/i2c@39b040000/usb-pd@3f/connector
[   11.121300] omarchy-m2 kernel: /soc/dcp@289c00000/typec-routes/route@2: Fixed dependency cycle(s) with /soc/i2c@39b040000/usb-pd@3b/connector
[   11.121308] omarchy-m2 kernel: /soc/dcp@315c00000: Fixed dependency cycle(s) with /soc/audio-controller@39b508000
[   11.121315] omarchy-m2 kernel: /soc/dcp@315c00000: Fixed dependency cycle(s) with /soc/phy@f03000000
[   11.121324] omarchy-m2 kernel: /soc/dcp@315c00000: Fixed dependency cycle(s) with /soc/phy@b03000000
[   11.121332] omarchy-m2 kernel: /soc/dcp@315c00000: Fixed dependency cycle(s) with /soc/phy@703000000
[   11.121339] omarchy-m2 kernel: /soc/dcp@315c00000/typec-routes/route@0: Fixed dependency cycle(s) with /soc/i2c@39b040000/usb-pd@38/connector
[   11.121347] omarchy-m2 kernel: /soc/dcp@315c00000/typec-routes/route@1: Fixed dependency cycle(s) with /soc/i2c@39b040000/usb-pd@3f/connector
[   11.121355] omarchy-m2 kernel: /soc/dcp@315c00000/typec-routes/route@2: Fixed dependency cycle(s) with /soc/i2c@39b040000/usb-pd@3b/connector
[   11.121363] omarchy-m2 kernel: /soc/dcp@289c00000: Fixed dependency cycle(s) with /soc/audio-controller@39b504000
[   11.121371] omarchy-m2 kernel: /soc/audio-controller@39b504000: Fixed dependency cycle(s) with /soc/dcp@289c00000
[   11.121379] omarchy-m2 kernel: /soc/dcp@315c00000: Fixed dependency cycle(s) with /soc/audio-controller@39b508000
[   11.121386] omarchy-m2 kernel: /soc/audio-controller@39b508000: Fixed dependency cycle(s) with /soc/dcp@315c00000
[   11.121394] omarchy-m2 kernel: /soc/i2c@39b040000/usb-pd@38/connector: Fixed dependency cycle(s) with /soc/cio@701ac0000
[   11.121402] omarchy-m2 kernel: /soc/cio@701ac0000: Fixed dependency cycle(s) with /soc/i2c@39b040000/usb-pd@38/connector
[   11.121410] omarchy-m2 kernel: /soc/i2c@39b040000/usb-pd@38/connector: Fixed dependency cycle(s) with /soc/usb@702280000
[   11.121418] omarchy-m2 kernel: /soc/usb@702280000: Fixed dependency cycle(s) with /soc/i2c@39b040000/usb-pd@38/connector
[   11.121426] omarchy-m2 kernel: /soc/usb@702280000: Fixed dependency cycle(s) with /soc/phy@703000000
[   11.121433] omarchy-m2 kernel: /soc/usb@702280000: Fixed dependency cycle(s) with /soc/phy@703000000
[   11.121441] omarchy-m2 kernel: /soc/dcp@315c00000: Fixed dependency cycle(s) with /soc/phy@703000000
[   11.121449] omarchy-m2 kernel: /soc/dcp@289c00000: Fixed dependency cycle(s) with /soc/phy@703000000
[   11.121457] omarchy-m2 kernel: /soc/i2c@39b040000/usb-pd@38/connector: Fixed dependency cycle(s) with /soc/phy@703000000
[   11.121464] omarchy-m2 kernel: /soc/phy@703000000: Fixed dependency cycle(s) with /soc/usb@702280000
[   11.121474] omarchy-m2 kernel: /soc/phy@703000000: Fixed dependency cycle(s) with /soc/i2c@39b040000/usb-pd@38/connector
[   11.121483] omarchy-m2 kernel: /soc/i2c@39b040000/usb-pd@3f/connector: Fixed dependency cycle(s) with /soc/cio@b01ac0000
[   11.121490] omarchy-m2 kernel: /soc/cio@b01ac0000: Fixed dependency cycle(s) with /soc/i2c@39b040000/usb-pd@3f/connector
[   11.121498] omarchy-m2 kernel: /soc/i2c@39b040000/usb-pd@3f/connector: Fixed dependency cycle(s) with /soc/usb@b02280000
[   11.121506] omarchy-m2 kernel: /soc/usb@b02280000: Fixed dependency cycle(s) with /soc/i2c@39b040000/usb-pd@3f/connector
[   11.121514] omarchy-m2 kernel: /soc/usb@b02280000: Fixed dependency cycle(s) with /soc/phy@b03000000
[   11.121521] omarchy-m2 kernel: /soc/usb@b02280000: Fixed dependency cycle(s) with /soc/phy@b03000000
[   11.121529] omarchy-m2 kernel: /soc/dcp@315c00000: Fixed dependency cycle(s) with /soc/phy@b03000000
[   11.121537] omarchy-m2 kernel: /soc/dcp@289c00000: Fixed dependency cycle(s) with /soc/phy@b03000000
[   11.121544] omarchy-m2 kernel: /soc/i2c@39b040000/usb-pd@3f/connector: Fixed dependency cycle(s) with /soc/phy@b03000000
[   11.121552] omarchy-m2 kernel: /soc/phy@b03000000: Fixed dependency cycle(s) with /soc/usb@b02280000
[   11.121559] omarchy-m2 kernel: /soc/phy@b03000000: Fixed dependency cycle(s) with /soc/i2c@39b040000/usb-pd@3f/connector
[   11.121567] omarchy-m2 kernel: /soc/i2c@39b040000/usb-pd@3b/connector: Fixed dependency cycle(s) with /soc/cio@f01ac0000
[   11.121575] omarchy-m2 kernel: /soc/cio@f01ac0000: Fixed dependency cycle(s) with /soc/i2c@39b040000/usb-pd@3b/connector
[   11.121583] omarchy-m2 kernel: /soc/i2c@39b040000/usb-pd@3b/connector: Fixed dependency cycle(s) with /soc/usb@f02280000
[   11.121590] omarchy-m2 kernel: /soc/usb@f02280000: Fixed dependency cycle(s) with /soc/i2c@39b040000/usb-pd@3b/connector
[   11.121598] omarchy-m2 kernel: /soc/usb@f02280000: Fixed dependency cycle(s) with /soc/phy@f03000000
[   11.121606] omarchy-m2 kernel: /soc/usb@f02280000: Fixed dependency cycle(s) with /soc/phy@f03000000
[   11.121614] omarchy-m2 kernel: /soc/dcp@315c00000: Fixed dependency cycle(s) with /soc/phy@f03000000
[   11.121622] omarchy-m2 kernel: /soc/dcp@289c00000: Fixed dependency cycle(s) with /soc/phy@f03000000
[   11.121629] omarchy-m2 kernel: /soc/i2c@39b040000/usb-pd@3b/connector: Fixed dependency cycle(s) with /soc/phy@f03000000
[   11.121637] omarchy-m2 kernel: /soc/phy@f03000000: Fixed dependency cycle(s) with /soc/usb@f02280000
[   11.121644] omarchy-m2 kernel: /soc/phy@f03000000: Fixed dependency cycle(s) with /soc/i2c@39b040000/usb-pd@3b/connector
[   11.121652] omarchy-m2 kernel: /soc/dcp@289c00000: Fixed dependency cycle(s) with /soc/phy@1303000000
[   11.121660] omarchy-m2 kernel: /soc/phy@1303000000: Fixed dependency cycle(s) with /soc/dcp@289c00000
[   11.121668] omarchy-m2 kernel: HugeTLB: registered 1.00 GiB page size, pre-allocated 0 pages
[   11.121676] omarchy-m2 kernel: HugeTLB: 0 KiB vmemmap can be freed for a 1.00 GiB page
[   11.121696] omarchy-m2 kernel: HugeTLB: registered 32.0 MiB page size, pre-allocated 0 pages
[   11.121705] omarchy-m2 kernel: HugeTLB: 0 KiB vmemmap can be freed for a 32.0 MiB page
[   11.121713] omarchy-m2 kernel: HugeTLB: registered 2.00 MiB page size, pre-allocated 0 pages
[   11.121721] omarchy-m2 kernel: HugeTLB: 0 KiB vmemmap can be freed for a 2.00 MiB page
[   11.121729] omarchy-m2 kernel: iommu: Default domain type: Translated
[   11.121736] omarchy-m2 kernel: iommu: DMA domain TLB invalidation policy: strict mode
[   11.121744] omarchy-m2 kernel: SCSI subsystem initialized
[   11.121752] omarchy-m2 kernel: usbcore: registered new interface driver usbfs
[   11.121760] omarchy-m2 kernel: usbcore: registered new interface driver hub
[   11.121768] omarchy-m2 kernel: usbcore: registered new device driver usb
[   11.121775] omarchy-m2 kernel: pps_core: LinuxPPS API ver. 1 registered
[   11.121783] omarchy-m2 kernel: pps_core: Software ver. 5.3.6 - Copyright 2005-2007 Rodolfo Giometti <giometti@linux.it>
[   11.121790] omarchy-m2 kernel: efivars: Registered efivars operations
[   11.121798] omarchy-m2 kernel: Advanced Linux Sound Architecture Driver Initialized.
[   11.121806] omarchy-m2 kernel: NetLabel: Initializing
[   11.121813] omarchy-m2 kernel: NetLabel:  domain hash size = 128
[   11.121821] omarchy-m2 kernel: NetLabel:  protocols = UNLABELED CIPSOv4 CALIPSO
[   11.121828] omarchy-m2 kernel: NetLabel:  unlabeled traffic allowed by default
[   11.121836] omarchy-m2 kernel: vgaarb: loaded
[   11.121844] omarchy-m2 kernel: clocksource: Switched to clocksource arch_sys_counter
[   11.121851] omarchy-m2 kernel: VFS: Disk quotas dquot_6.6.0
[   11.121859] omarchy-m2 kernel: VFS: Dquot-cache hash table entries: 2048 (order 0, 16384 bytes)
[   11.121867] omarchy-m2 kernel: AppArmor: AppArmor Filesystem Enabled
[   11.121875] omarchy-m2 kernel: NET: Registered PF_INET protocol family
[   11.121883] omarchy-m2 kernel: IP idents hash table entries: 262144 (order: 7, 2097152 bytes, linear)
[   11.121891] omarchy-m2 kernel: tcp_listen_portaddr_hash hash table entries: 16384 (order: 4, 262144 bytes, linear)
[   11.121899] omarchy-m2 kernel: Table-perturb hash table entries: 65536 (order: 4, 262144 bytes, linear)
[   11.121908] omarchy-m2 kernel: TCP established hash table entries: 262144 (order: 7, 2097152 bytes, linear)
[   11.121916] omarchy-m2 kernel: TCP bind hash table entries: 65536 (order: 7, 2097152 bytes, linear)
[   11.121924] omarchy-m2 kernel: TCP: Hash tables configured (established 262144 bind 65536)
[   11.121932] omarchy-m2 kernel: MPTCP token hash table entries: 32768 (order: 6, 786432 bytes, linear)
[   11.121941] omarchy-m2 kernel: UDP hash table entries: 16384 (order: 6, 1048576 bytes, linear)
[   11.121949] omarchy-m2 kernel: NET: Registered PF_UNIX/PF_LOCAL protocol family
[   11.121957] omarchy-m2 kernel: RPC: Registered named UNIX socket transport module.
[   11.121964] omarchy-m2 kernel: RPC: Registered udp transport module.
[   11.121972] omarchy-m2 kernel: RPC: Registered tcp transport module.
[   11.121979] omarchy-m2 kernel: RPC: Registered tcp-with-tls transport module.
[   11.121987] omarchy-m2 kernel: RPC: Registered tcp NFSv4.1 backchannel transport module.
[   11.121994] omarchy-m2 kernel: PCI: CLS 0 bytes, default 64
[   11.122010] omarchy-m2 kernel: Trying to unpack rootfs image as initramfs...
[   11.122018] omarchy-m2 kernel: kvm [1]: nv: 570 coarse grained trap handlers
[   11.122026] omarchy-m2 kernel: kvm [1]: nv: 710 fine grained trap handlers
[   11.122033] omarchy-m2 kernel: kvm [1]: IPA Size Limit: 42 bits
[   11.122042] omarchy-m2 kernel: kvm [1]: Non-architectural vgic, tainting kernel
[   11.122050] omarchy-m2 kernel: kvm [1]: GICv3: no GICV resource entry
[   11.122057] omarchy-m2 kernel: kvm [1]: disabling GICv2 emulation
[   11.122065] omarchy-m2 kernel: kvm [1]: GICv3 with broken locally generated SEI
[   11.122073] omarchy-m2 kernel: kvm [1]: GICv3 sysreg trapping enabled ([G0G1D], reduced performance)
[   11.122080] omarchy-m2 kernel: kvm [1]: GIC system register CPU interface enabled
[   11.122088] omarchy-m2 kernel: kvm [1]: vgic interrupt IRQ33
[   11.122095] omarchy-m2 kernel: kvm [1]: VHE mode initialized successfully
[   11.122103] omarchy-m2 kernel: Initialise system trusted keyrings
[   11.122111] omarchy-m2 kernel: workingset: timestamp_bits=46 (anon: 42) max_order=21 bucket_order=0 (anon: 0)
[   11.122118] omarchy-m2 kernel: NFS: Registering the id_resolver key type
[   11.122126] omarchy-m2 kernel: Key type id_resolver registered
[   11.122133] omarchy-m2 kernel: Key type id_legacy registered
[   11.122140] omarchy-m2 kernel: nfs4filelayout_init: NFSv4 File Layout Driver Registering...
[   11.122148] omarchy-m2 kernel: nfs4flexfilelayout_init: NFSv4 Flexfile Layout Driver Registering...
[   11.122156] omarchy-m2 kernel: cryptd: max_cpu_qlen set to 1000
[   11.122163] omarchy-m2 kernel: NET: Registered PF_ALG protocol family
[   11.122171] omarchy-m2 kernel: Key type asymmetric registered
[   11.122178] omarchy-m2 kernel: Asymmetric key parser 'x509' registered
[   11.122186] omarchy-m2 kernel: Asymmetric key parser 'pkcs8' registered
[   11.122194] omarchy-m2 kernel: Block layer SCSI generic (bsg) driver version 0.4 loaded (major 248)
[   11.122212] omarchy-m2 kernel: io scheduler mq-deadline registered
[   11.122220] omarchy-m2 kernel: io scheduler kyber registered
[   11.122228] omarchy-m2 kernel: io scheduler bfq registered
[   11.122235] omarchy-m2 kernel: ledtrig-cpu: registered to indicate activity on CPUs
[   11.122311] omarchy-m2 kernel: apple-pmgr-pwrstate 28e080000.power-management:power-controller@240: always-on domain atc3_common is not on at boot
[   11.122364] omarchy-m2 kernel: apple-pmgr-pwrstate 28e080000.power-management:power-controller@278: always-on domain atc0_pcie is not on at boot
[   11.122413] omarchy-m2 kernel: apple-pmgr-pwrstate 28e080000.power-management:power-controller@288: always-on domain atc1_pcie is not on at boot
[   11.122465] omarchy-m2 kernel: apple-pmgr-pwrstate 28e080000.power-management:power-controller@298: always-on domain atc2_pcie is not on at boot
[   11.122512] omarchy-m2 kernel: apple-pmgr-pwrstate 28e080000.power-management:power-controller@2a8: always-on domain atc3_pcie is not on at boot
[   11.122565] omarchy-m2 kernel: apple-pmgr-pwrstate 29e280000.power-management:power-controller@78: always-on domain msg is not on at boot
[   11.122616] omarchy-m2 kernel: apple-pmgr-pwrstate 29e280000.power-management:power-controller@a8: always-on domain atc3_usb_aon is not on at boot
[   11.122626] omarchy-m2 kernel: 39b200000.serial: ttySAC0 at MMIO 0x39b200000 (irq = 69, base_baud = 0) is a APPLE S5L
[   11.122820] omarchy-m2 kernel: apple-dart 28e300000.iommu: DART [pagesize 4000, 16 streams, bypass support: 1, bypass forced: 0, locked: 1, AS 42 -> 42] initialized
[   11.122978] omarchy-m2 kernel: platform 2a6980000.dma-controller: Adding to iommu group 0
[   11.123129] omarchy-m2 kernel: platform 2a6c00000.aop: Adding to iommu group 1
[   11.123274] omarchy-m2 kernel: apple-dart 2a6808000.iommu: DART [pagesize 4000, 16 streams, bypass support: 1, bypass forced: 0, locked: 0, AS 42 -> 42] initialized
[   11.123419] omarchy-m2 kernel: apple-dart 2a9808000.iommu: Limiting DMA range to 0x0000010000000000..0x00000100ffffffff
[   11.123568] omarchy-m2 kernel: platform 2a9400000.mtp: Adding to iommu group 2
[   11.123722] omarchy-m2 kernel: platform 2a9b30000.input: Adding to iommu group 2
[   11.123859] omarchy-m2 kernel: apple-dart 2a9808000.iommu: DART [pagesize 4000, 16 streams, bypass support: 1, bypass forced: 0, locked: 0, AS 42 -> 42] initialized
[   11.124008] omarchy-m2 kernel: apple-dart 3860e8000.iommu: Limiting DMA range to 0x0000010000000000..0x00000100ffffffff
[   11.124143] omarchy-m2 kernel: apple-dart 3860e8000.iommu: DART [pagesize 4000, 16 streams, bypass support: 1, bypass forced: 0, locked: 0, AS 42 -> 42] initialized
[   11.124283] omarchy-m2 kernel: apple-dart 3860f4000.iommu: Limiting DMA range to 0x0000010000000000..0x00000100ffffffff
[   11.124421] omarchy-m2 kernel: apple-dart 3860f4000.iommu: DART [pagesize 4000, 16 streams, bypass support: 1, bypass forced: 0, locked: 0, AS 42 -> 42] initialized
[   11.124565] omarchy-m2 kernel: apple-dart 3860fc000.iommu: Limiting DMA range to 0x0000010000000000..0x00000100ffffffff
[   11.124709] omarchy-m2 kernel: platform 384000000.isp: Adding to iommu group 3
[   11.124847] omarchy-m2 kernel: apple-dart 3860fc000.iommu: DART [pagesize 4000, 16 streams, bypass support: 1, bypass forced: 0, locked: 0, AS 42 -> 42] initialized
[   11.124991] omarchy-m2 kernel: apple-dart 389304000.iommu: Limiting DMA range to 0x0000010000000000..0x0000010fffffffff
[   11.125134] omarchy-m2 kernel: apple-dart 389304000.iommu: DART [pagesize 4000, 16 streams, bypass support: 1, bypass forced: 0, locked: 1, AS 42 -> 42] initialized
[   11.125275] omarchy-m2 kernel: apple-dart 38930c000.iommu: Limiting DMA range to 0x0000010000000000..0x0000010fffffffff
[   11.125420] omarchy-m2 kernel: platform 389c00000.dcp: Adding to iommu group 4
[   11.125557] omarchy-m2 kernel: apple-dart 38930c000.iommu: Limited to ias=36 due to lock
[   11.125695] omarchy-m2 kernel: apple-dart 38930c000.iommu: DART [pagesize 4000, 16 streams, bypass support: 1, bypass forced: 0, locked: 1, AS 42 -> 42] initialized
[   11.125834] omarchy-m2 kernel: apple-dart 594000000.iommu: DART [pagesize 4000, 16 streams, bypass support: 1, bypass forced: 0, locked: 0, AS 42 -> 42] initialized
[   11.125978] omarchy-m2 kernel: apple-dart 595000000.iommu: DART [pagesize 4000, 16 streams, bypass support: 1, bypass forced: 0, locked: 0, AS 42 -> 42] initialized
[   11.126118] omarchy-m2 kernel: platform 287080000.avd: Adding to iommu group 5
[   11.126262] omarchy-m2 kernel: apple-dart 287010000.iommu: DART [pagesize 4000, 16 streams, bypass support: 1, bypass forced: 0, locked: 0, AS 42 -> 42] initialized
[   11.126400] omarchy-m2 kernel: apple-dart 315304000.iommu: Limiting DMA range to 0x0000010000000000..0x0000010fffffffff
[   11.126538] omarchy-m2 kernel: apple-dart 315304000.iommu: DART [pagesize 4000, 16 streams, bypass support: 1, bypass forced: 0, locked: 1, AS 42 -> 42] initialized
[   11.126672] omarchy-m2 kernel: apple-dart 31530c000.iommu: Limiting DMA range to 0x0000010000000000..0x0000010fffffffff
[   11.126817] omarchy-m2 kernel: platform 315c00000.dcp: Adding to iommu group 6
[   11.126953] omarchy-m2 kernel: apple-dart 31530c000.iommu: Limited to ias=36 due to lock
[   11.127096] omarchy-m2 kernel: apple-dart 31530c000.iommu: DART [pagesize 4000, 16 streams, bypass support: 1, bypass forced: 0, locked: 1, AS 42 -> 42] initialized
[   11.127236] omarchy-m2 kernel: platform 39b400000.dma-controller: Adding to iommu group 7
[   11.127383] omarchy-m2 kernel: platform 39bc00000.sio: Adding to iommu group 8
[   11.127525] omarchy-m2 kernel: apple-dart 39b008000.iommu: DART [pagesize 4000, 16 streams, bypass support: 1, bypass forced: 0, locked: 0, AS 42 -> 42] initialized
[   11.127669] omarchy-m2 kernel: apple-dart 702f00000.iommu: DART [pagesize 4000, 16 streams, bypass support: 1, bypass forced: 0, locked: 0, AS 42 -> 42] initialized
[   11.127811] omarchy-m2 kernel: platform 702280000.usb: Adding to iommu group 9
[   11.127952] omarchy-m2 kernel: apple-dart 702f80000.iommu: DART [pagesize 4000, 16 streams, bypass support: 1, bypass forced: 0, locked: 0, AS 42 -> 42] initialized
[   11.128104] omarchy-m2 kernel: apple-dart b02f00000.iommu: DART [pagesize 4000, 16 streams, bypass support: 1, bypass forced: 0, locked: 0, AS 42 -> 42] initialized
[   11.128245] omarchy-m2 kernel: platform b02280000.usb: Adding to iommu group 10
[   11.128380] omarchy-m2 kernel: apple-dart b02f80000.iommu: DART [pagesize 4000, 16 streams, bypass support: 1, bypass forced: 0, locked: 0, AS 42 -> 42] initialized
[   11.128525] omarchy-m2 kernel: apple-dart f02f00000.iommu: DART [pagesize 4000, 16 streams, bypass support: 1, bypass forced: 0, locked: 0, AS 42 -> 42] initialized
[   11.128663] omarchy-m2 kernel: platform f02280000.usb: Adding to iommu group 11
[   11.128807] omarchy-m2 kernel: apple-dart f02f80000.iommu: DART [pagesize 4000, 16 streams, bypass support: 1, bypass forced: 0, locked: 0, AS 42 -> 42] initialized
[   11.128817] omarchy-m2 kernel: [drm] Initialized simpledrm 1.0.0 for 107ddd79c00.framebuffer on minor 0
[   11.128825] omarchy-m2 kernel: Console: switching to colour frame buffer device 216x67
[   11.128961] omarchy-m2 kernel: simple-framebuffer 107ddd79c00.framebuffer: [drm] fb0: simpledrmdrmfb frame buffer device
[   11.129112] omarchy-m2 kernel: asahi 406400000.gpu: Probing...
[   11.129253] omarchy-m2 kernel: asahi 406400000.gpu: MMU: Initializing...
[   11.129394] omarchy-m2 kernel: asahi 406400000.gpu: MMU: Initializing kernel page table
[   11.129536] omarchy-m2 kernel: asahi 406400000.gpu: MMU: Creating kernel page tables
[   11.129678] omarchy-m2 kernel: asahi 406400000.gpu: MMU: Kernel page tables created
[   11.129816] omarchy-m2 kernel: asahi 406400000.gpu: MMU: Initializing TTBs
[   11.129956] omarchy-m2 kernel: asahi 406400000.gpu: MMU: initialized
[   11.130089] omarchy-m2 kernel: asahi 406400000.gpu: GPU ID registers: 0x6031100 0x60602 0x21020a 0x40404 0x1320311 0x400c1802
[   11.130229] omarchy-m2 kernel: asahi 406400000.gpu: Core masks: [
                                      0x7ffff,
                                      0x0,
                                      0x0,
                                  ]
[   11.130367] omarchy-m2 kernel: asahi 406400000.gpu: GPU Information:
[   11.130506] omarchy-m2 kernel: asahi 406400000.gpu:   Type: G14S
[   11.130647] omarchy-m2 kernel: asahi 406400000.gpu:   Clusters: 2
[   11.130781] omarchy-m2 kernel: asahi 406400000.gpu:   Cores: 10 (20)
[   11.130917] omarchy-m2 kernel: asahi 406400000.gpu:   Frags: 10 (20)
[   11.131053] omarchy-m2 kernel: asahi 406400000.gpu:   GPs: 4 (8)
[   11.131187] omarchy-m2 kernel: asahi 406400000.gpu:   Core masks: [
                                      0x3ff,
                                      0x1ff,
                                  ]
[   11.131320] omarchy-m2 kernel: asahi 406400000.gpu:   Active cores: 19
[   11.131453] omarchy-m2 kernel: asahi 406400000.gpu: Getting configuration from device tree...
[   11.131591] omarchy-m2 kernel: asahi 406400000.gpu: Dynamic configuration fetched
[   11.131728] omarchy-m2 kernel: asahi 406400000.gpu: !!! Hwdata A match
[   11.131869] omarchy-m2 kernel: asahi 406400000.gpu: !!! Hwdata B match
[   11.132009] omarchy-m2 kernel: asahi 406400000.gpu: !!! Globals match
[   11.132154] omarchy-m2 kernel: asahi 406400000.gpu: MMU: IO map: 0x404d00000:0x144000 -> 0xffffffaf00000000
[   11.132292] omarchy-m2 kernel: asahi 406400000.gpu: MMU: IO map: 0x20e100000:0x4000 -> 0xffffffaf00148000
[   11.132422] omarchy-m2 kernel: asahi 406400000.gpu: MMU: IO map: 0x28e104000:0x8000 -> 0xffffffaf00150000
[   11.132561] omarchy-m2 kernel: asahi 406400000.gpu: MMU: IO map: 0x404000000:0x20000 -> 0xffffffaf0015c000
[   11.132692] omarchy-m2 kernel: asahi 406400000.gpu: MMU: IO map: 0x28e460000:0x4000 -> 0xffffffaf00180000
[   11.132824] omarchy-m2 kernel: asahi 406400000.gpu: MMU: IO map: 0x404e08000:0x8000 -> 0xffffffaf00188000
[   11.132959] omarchy-m2 kernel: asahi 406400000.gpu: MMU: IO map: 0x200000000:0xd8000 -> 0xffffffaf00194000
[   11.133110] omarchy-m2 kernel: asahi 406400000.gpu: MMU: IO map: 0x201000000:0xd8000 -> 0xffffffaf0026c000
[   11.133245] omarchy-m2 kernel: asahi 406400000.gpu: MMU: IO map: 0x202000000:0xd8000 -> 0xffffffaf00344000
[   11.133390] omarchy-m2 kernel: asahi 406400000.gpu: MMU: IO map: 0x203000000:0xd8000 -> 0xffffffaf0041c000
[   11.133530] omarchy-m2 kernel: asahi 406400000.gpu: MMU: IO map: 0x28e118000:0x4000 -> 0xffffffaf004f8000
[   11.133667] omarchy-m2 kernel: asahi 406400000.gpu: MMU: IO map: 0x28e3d0000:0x4000 -> 0xffffffaf00500000
[   11.133803] omarchy-m2 kernel: asahi 406400000.gpu: MMU: IO map: 0x28e3c0000:0x4000 -> 0xffffffaf00508000
[   11.133937] omarchy-m2 kernel: asahi 406400000.gpu: MMU: IO map: 0x28e3d8000:0x4000 -> 0xffffffaf00510000
[   11.134081] omarchy-m2 kernel: asahi 406400000.gpu: MMU: IO map: 0x404eac000:0x4000 -> 0xffffffaf00518000
[   11.134218] omarchy-m2 kernel: asahi 406400000.gpu: MMU: IO map: 0x404d60000:0x20000 -> 0xffffffaf00520000
[   11.134361] omarchy-m2 kernel: asahi 406400000.gpu: RTKit: Initializing (protocol version 12)
[   11.134371] omarchy-m2 kernel: [drm] Initialized asahi 0.0.0 for 406400000.gpu on minor 1
[   11.134513] omarchy-m2 kernel: macsmc 2a2400000.smc: RTKit: Initializing (protocol version 12)
[   11.134658] omarchy-m2 kernel: macsmc-gpio macsmc-gpio: First GPIO key: gP01 (0x67503031)
[   11.134668] omarchy-m2 kernel: macsmc-low-gpio: Failed to locate of_node [id: -1]
[   11.134676] omarchy-m2 kernel: mousedev: PS/2 mouse device common for all mice
[   11.134684] omarchy-m2 kernel: input: Apple SMC power/lid events as /devices/platform/soc/2a2400000.smc/macsmc-input/input/input0
[   11.134834] omarchy-m2 kernel: hwmon hwmon2: temp1_input not attached to any thermal zone
[   11.134976] omarchy-m2 kernel: hwmon hwmon2: temp2_input not attached to any thermal zone
[   11.135123] omarchy-m2 kernel: hwmon hwmon2: temp3_input not attached to any thermal zone
[   11.135264] omarchy-m2 kernel: hwmon hwmon2: temp4_input not attached to any thermal zone
[   11.135273] omarchy-m2 kernel: device-mapper: uevent: version 1.0.3
[   11.135281] omarchy-m2 kernel: device-mapper: ioctl: 4.50.0-ioctl (2025-04-28) initialised: dm-devel@lists.linux.dev
[   11.135289] omarchy-m2 kernel: hid: raw HID events driver (C) Jiri Kosina
[   11.135297] omarchy-m2 kernel: watchdog: NMI not fully supported
[   11.135304] omarchy-m2 kernel: watchdog: Hard watchdog permanently disabled
[   11.135312] omarchy-m2 kernel: hw perfevents: enabled with apple_blizzard_pmu PMU driver, 10 (0,000003ff) counters available
[   11.135320] omarchy-m2 kernel: hw perfevents: enabled with apple_avalanche_pmu PMU driver, 10 (0,000003ff) counters available
[   11.135328] omarchy-m2 kernel: Initializing XFRM netlink socket
[   11.135337] omarchy-m2 kernel: NET: Registered PF_INET6 protocol family
[   11.135345] omarchy-m2 kernel: Segment Routing with IPv6
[   11.135353] omarchy-m2 kernel: In-situ OAM (IOAM) with IPv6
[   11.135360] omarchy-m2 kernel: mip6: Mobile IPv6
[   11.135368] omarchy-m2 kernel: NET: Registered PF_PACKET protocol family
[   11.135376] omarchy-m2 kernel: Key type dns_resolver registered
[   11.135384] omarchy-m2 kernel: registered taskstats version 1
[   11.135392] omarchy-m2 kernel: Loading compiled-in X.509 certificates
[   11.135400] omarchy-m2 kernel: Key type .fscrypt registered
[   11.135407] omarchy-m2 kernel: Key type fscrypt-provisioning registered
[   11.135415] omarchy-m2 kernel: Key type encrypted registered
[   11.135423] omarchy-m2 kernel: AppArmor: AppArmor sha256 policy hashing enabled
[   11.135556] omarchy-m2 kernel: leds_pwm led-controller: failed to read period for kbd_backlight, default to off
[   11.135702] omarchy-m2 kernel: apple-admac 2a6980000.dma-controller: Audio DMA Controller
[   11.135844] omarchy-m2 kernel: rtkit-helper 2a9400000.mtp: RTKit: Initializing (protocol version 12)
[   11.135981] omarchy-m2 kernel: rtkit-helper 2a9400000.mtp: RTKit: Unknown oslog message: 300006e69620420
[   11.136126] omarchy-m2 kernel: rtkit-helper 2a9400000.mtp: RTKit: Unknown oslog message: 400002000000105
[   11.136258] omarchy-m2 kernel: rtkit-helper 2a9400000.mtp: RTKit: Unknown oslog message: 400004001050000
[   11.136398] omarchy-m2 kernel: rtkit-helper 2a9400000.mtp: RTKit: Unknown oslog message: 400006000000000
[   11.136534] omarchy-m2 kernel: rtkit-helper 2a9400000.mtp: RTKit: Unknown oslog message: 50672694670744d
[   11.136674] omarchy-m2 kernel: rtkit-helper 2a9400000.mtp: RTKit: Unknown oslog message: 56500657261776d
[   11.136817] omarchy-m2 kernel: apple-dart 289304000.iommu: Limiting DMA range to 0x0000010000000000..0x0000010fffffffff
[   11.136962] omarchy-m2 kernel: platform soc:display-subsystem: Adding to iommu group 12
[   11.137104] omarchy-m2 kernel: apple-dart 389304000.iommu: Limited to ias=36 due to lock
[   11.137244] omarchy-m2 kernel: apple-dart 289304000.iommu: DART [pagesize 4000, 16 streams, bypass support: 1, bypass forced: 0, locked: 1, AS 42 -> 42] initialized
[   11.137384] omarchy-m2 kernel: apple-dart 28930c000.iommu: Limiting DMA range to 0x0000010000000000..0x0000010fffffffff
[   11.137528] omarchy-m2 kernel: platform 289c00000.dcp: Adding to iommu group 13
[   11.137668] omarchy-m2 kernel: apple-dart 28930c000.iommu: Limited to ias=36 due to lock
[   11.137806] omarchy-m2 kernel: apple-dart 28930c000.iommu: DART [pagesize 4000, 16 streams, bypass support: 1, bypass forced: 0, locked: 1, AS 42 -> 42] initialized
[   11.137947] omarchy-m2 kernel: nvme-apple 34bcc0000.nvme: RTKit: Initializing (protocol version 12)
[   11.138103] omarchy-m2 kernel: macsmc-rtc macsmc-rtc: registered as rtc0
[   11.138248] omarchy-m2 kernel: macsmc-rtc macsmc-rtc: setting system clock to 2026-09-22T12:50:05 UTC (1790081405)
[   11.138389] omarchy-m2 kernel: nvme-apple 34bcc0000.nvme: RTKit: syslog message: apcie.c:1110: power up done[0]: PMU=Ocarina, PWR=0
[   11.138532] omarchy-m2 kernel: nvme-apple 34bcc0000.nvme: RTKit: syslog message: apcie.c:1110: power up done[1]: PMU=Undefined, PWR=0
[   11.138672] omarchy-m2 kernel: nvme-apple 34bcc0000.nvme: RTKit: syslog message: apcie.c:423: APCIe 1 is configured as unused.
[   11.138805] omarchy-m2 kernel: nvme-apple 34bcc0000.nvme: RTKit: syslog message: pre_nand_eng.c:6158: enabled 1p0v 1, enabled prog-no-exec 1
[   11.138932] omarchy-m2 kernel: nvme-apple 34bcc0000.nvme: RTKit: syslog message: pre_nand_eng.c:6158: enabled 1p0v 1, enabled prog-no-exec 1
[   11.139077] omarchy-m2 kernel: nvme-apple 34bcc0000.nvme: RTKit: syslog message: cmd.c:6546:  boot mode normal
[   11.139203] omarchy-m2 kernel: nvme nvme0: passthrough uses implicit buffer lengths
[   11.139215] omarchy-m2 kernel:  nvme0n1: p1 p2 p3 p4 p5 p6
[   11.139358] omarchy-m2 kernel: macsmc-reboot macsmc-reboot: Handling reboot and poweroff requests via SMC
[   11.139498] omarchy-m2 kernel: pcie-apple 580000000.pcie: host bridge /soc/pcie@580000000 ranges:
[   11.139640] omarchy-m2 kernel: pcie-apple 580000000.pcie:      MEM 0x05a0000000..0x05bfffffff -> 0x05a0000000
[   11.139775] omarchy-m2 kernel: pcie-apple 580000000.pcie:      MEM 0x05c0000000..0x05ffffffff -> 0x00c0000000
[   11.139908] omarchy-m2 kernel: pcie-apple 580000000.pcie: Using 0 auxiliary PERST#
[   11.139918] omarchy-m2 kernel: Freeing initrd memory: 24928K
[   11.140061] omarchy-m2 kernel: pcie-apple 580000000.pcie: Using 0 auxiliary PERST#
[   11.140197] omarchy-m2 kernel: pcie-apple 580000000.pcie: ECAM at [mem 0x580000000-0x580ffffff] for [bus 00-04]
[   11.140327] omarchy-m2 kernel: pcie-apple 580000000.pcie: PCI host bridge to bus 0000:00
[   11.140483] omarchy-m2 kernel: pci_bus 0000:00: root bus resource [bus 00-04]
[   11.140623] omarchy-m2 kernel: pci_bus 0000:00: root bus resource [mem 0x5a0000000-0x5bfffffff pref]
[   11.140761] omarchy-m2 kernel: pci_bus 0000:00: root bus resource [mem 0x5c0000000-0x5ffffffff] (bus address [0xc0000000-0xffffffff])
[   11.140926] omarchy-m2 kernel: pci 0000:00:00.0: [106b:100c] type 01 class 0x060400 PCIe Root Port
[   11.141109] omarchy-m2 kernel: pci 0000:00:00.0: PCI bridge to [bus 01]
[   11.141203] omarchy-m2 kernel: pci 0000:00:00.0: PME# supported from D0 D3hot D3cold
[   11.141210] omarchy-m2 kernel: OF: /soc/pcie@580000000: no iommu-map translation for id 0x0 on (null)
[   11.141215] omarchy-m2 kernel: /soc/pcie@580000000/pci@0,0: Fixed dependency cycle(s) with /soc/pcie@580000000/pci@0,0
[   11.141293] omarchy-m2 kernel: pci 0000:00:01.0: [106b:100c] type 01 class 0x060400 PCIe Root Port
[   11.141365] omarchy-m2 kernel: pci 0000:00:01.0: PCI bridge to [bus 02]
[   11.141436] omarchy-m2 kernel: pci 0000:00:01.0: PME# supported from D0 D3hot D3cold
[   11.141441] omarchy-m2 kernel: OF: /soc/pcie@580000000: no iommu-map translation for id 0x8 on (null)
[   11.141445] omarchy-m2 kernel: /soc/pcie@580000000/pci@1,0: Fixed dependency cycle(s) with /soc/pcie@580000000/pci@1,0
[   11.141523] omarchy-m2 kernel: pci 0000:01:00.0: [14e4:4434] type 00 class 0x028000 PCIe Endpoint
[   11.141597] omarchy-m2 kernel: pci 0000:01:00.0: BAR 0 [mem 0x00000000-0x0000ffff 64bit]
[   11.141670] omarchy-m2 kernel: pci 0000:01:00.0: BAR 2 [mem 0x00000000-0x00ffffff 64bit]
[   11.141740] omarchy-m2 kernel: pci 0000:01:00.0: supports D1 D2
[   11.141811] omarchy-m2 kernel: pci 0000:01:00.0: PME# supported from D0 D1 D2 D3hot D3cold
[   11.141882] omarchy-m2 kernel: pci 0000:01:00.0: Adding to iommu group 14
[   11.141957] omarchy-m2 kernel: pci 0000:01:00.1: [14e4:5f72] type 00 class 0x028000 PCIe Endpoint
[   11.142035] omarchy-m2 kernel: pci 0000:01:00.1: BAR 0 [mem 0x00000000-0x00007fff 64bit]
[   11.142107] omarchy-m2 kernel: pci 0000:01:00.1: BAR 2 [mem 0x00000000-0x00ffffff 64bit]
[   11.142177] omarchy-m2 kernel: pci 0000:01:00.1: supports D1 D2
[   11.142248] omarchy-m2 kernel: pci 0000:01:00.1: PME# supported from D0 D1 D2 D3hot D3cold
[   11.142318] omarchy-m2 kernel: pci 0000:01:00.1: Adding to iommu group 14
[   11.142387] omarchy-m2 kernel: pci 0000:01:00.0: ASPM: default states L1
[   11.142460] omarchy-m2 kernel: pci_bus 0000:01: busn_res: [bus 01-04] end is updated to 01
[   11.142536] omarchy-m2 kernel: pci 0000:02:00.0: [17a0:9755] type 00 class 0x080501 PCIe Endpoint
[   11.142608] omarchy-m2 kernel: pci 0000:02:00.0: BAR 0 [mem 0x00000000-0x00000fff]
[   11.142681] omarchy-m2 kernel: pci 0000:02:00.0: supports D1 D2
[   11.142751] omarchy-m2 kernel: pci 0000:02:00.0: PME# supported from D1 D2 D3hot D3cold
[   11.142821] omarchy-m2 kernel: pci 0000:02:00.0: Adding to iommu group 15
[   11.142892] omarchy-m2 kernel: pci 0000:02:00.0: ASPM: default states L1
[   11.142961] omarchy-m2 kernel: pci_bus 0000:02: busn_res: [bus 02-04] end is updated to 02
[   11.143032] omarchy-m2 kernel: pci 0000:00:00.0: bridge window [mem 0x5c0000000-0x5c20fffff]: assigned
[   11.143100] omarchy-m2 kernel: pci 0000:00:01.0: bridge window [mem 0x5c2100000-0x5c21fffff]: assigned
[   11.143172] omarchy-m2 kernel: pci 0000:01:00.0: BAR 2 [mem 0x5c0000000-0x5c0ffffff 64bit]: assigned
[   11.143243] omarchy-m2 kernel: pci 0000:01:00.1: BAR 2 [mem 0x5c1000000-0x5c1ffffff 64bit]: assigned
[   11.143316] omarchy-m2 kernel: pci 0000:01:00.0: BAR 0 [mem 0x5c2000000-0x5c200ffff 64bit]: assigned
[   11.143387] omarchy-m2 kernel: pci 0000:01:00.1: BAR 0 [mem 0x5c2010000-0x5c2017fff 64bit]: assigned
[   11.143455] omarchy-m2 kernel: pci 0000:00:00.0: PCI bridge to [bus 01]
[   11.143523] omarchy-m2 kernel: pci 0000:00:00.0:   bridge window [mem 0x5c0000000-0x5c20fffff]
[   11.143594] omarchy-m2 kernel: pci 0000:02:00.0: BAR 0 [mem 0x5c2100000-0x5c2100fff]: assigned
[   11.143662] omarchy-m2 kernel: pci 0000:00:01.0: PCI bridge to [bus 02]
[   11.143729] omarchy-m2 kernel: pci 0000:00:01.0:   bridge window [mem 0x5c2100000-0x5c21fffff]
[   11.143795] omarchy-m2 kernel: pci_bus 0000:00: resource 4 [mem 0x5a0000000-0x5bfffffff pref]
[   11.143858] omarchy-m2 kernel: pci_bus 0000:00: resource 5 [mem 0x5c0000000-0x5ffffffff]
[   11.143922] omarchy-m2 kernel: pci_bus 0000:01: resource 1 [mem 0x5c0000000-0x5c20fffff]
[   11.143988] omarchy-m2 kernel: pci_bus 0000:02: resource 1 [mem 0x5c2100000-0x5c21fffff]
[   11.143993] omarchy-m2 kernel: OF: /soc/pcie@580000000: no iommu-map translation for id 0x0 on (null)
[   11.144064] omarchy-m2 kernel: pcieport 0000:00:00.0: PME: Signaling with IRQ 116
[   11.144131] omarchy-m2 kernel: pcieport 0000:00:00.0: AER: enabled with IRQ 116
[   11.144137] omarchy-m2 kernel: OF: /soc/pcie@580000000: no iommu-map translation for id 0x8 on (null)
[   11.144202] omarchy-m2 kernel: pcieport 0000:00:01.0: PME: Signaling with IRQ 118
[   11.144271] omarchy-m2 kernel: pcieport 0000:00:01.0: AER: enabled with IRQ 118
[   11.144338] omarchy-m2 kernel: pcieport 0000:00:01.0: mask Replay Timer Timeout Correctable Errors due to 0000:02:00.0 hardware defect
[   11.144406] omarchy-m2 kernel: apple-admac 39b400000.dma-controller: Audio DMA Controller
[   11.144412] omarchy-m2 kernel: /soc/i2c@39b040000/usb-pd@38/connector: Fixed dependency cycle(s) with /soc/dcp@289c00000/typec-routes/route@0
[   11.144416] omarchy-m2 kernel: /soc/i2c@39b040000/usb-pd@38/connector: Fixed dependency cycle(s) with /soc/dcp@315c00000/typec-routes/route@0
[   11.144421] omarchy-m2 kernel: /soc/i2c@39b040000/usb-pd@38/connector: Fixed dependency cycle(s) with /soc/cio@701ac0000
[   11.144425] omarchy-m2 kernel: /soc/i2c@39b040000/usb-pd@38/connector: Fixed dependency cycle(s) with /soc/phy@703000000
[   11.144429] omarchy-m2 kernel: /soc/i2c@39b040000/usb-pd@38/connector: Fixed dependency cycle(s) with /soc/usb@702280000
[   11.144433] omarchy-m2 kernel: /soc/i2c@39b040000/usb-pd@3f/connector: Fixed dependency cycle(s) with /soc/dcp@289c00000/typec-routes/route@1
[   11.144437] omarchy-m2 kernel: /soc/i2c@39b040000/usb-pd@3f/connector: Fixed dependency cycle(s) with /soc/dcp@315c00000/typec-routes/route@1
[   11.144441] omarchy-m2 kernel: /soc/i2c@39b040000/usb-pd@3f/connector: Fixed dependency cycle(s) with /soc/cio@b01ac0000
[   11.144445] omarchy-m2 kernel: /soc/i2c@39b040000/usb-pd@3f/connector: Fixed dependency cycle(s) with /soc/phy@b03000000
[   11.144449] omarchy-m2 kernel: /soc/i2c@39b040000/usb-pd@3f/connector: Fixed dependency cycle(s) with /soc/usb@b02280000
[   11.144453] omarchy-m2 kernel: /soc/i2c@39b040000/usb-pd@3b/connector: Fixed dependency cycle(s) with /soc/dcp@289c00000/typec-routes/route@2
[   11.144457] omarchy-m2 kernel: /soc/i2c@39b040000/usb-pd@3b/connector: Fixed dependency cycle(s) with /soc/dcp@315c00000/typec-routes/route@2
[   11.144461] omarchy-m2 kernel: /soc/i2c@39b040000/usb-pd@3b/connector: Fixed dependency cycle(s) with /soc/cio@f01ac0000
[   11.144465] omarchy-m2 kernel: /soc/i2c@39b040000/usb-pd@3b/connector: Fixed dependency cycle(s) with /soc/phy@f03000000
[   11.144469] omarchy-m2 kernel: /soc/i2c@39b040000/usb-pd@3b/connector: Fixed dependency cycle(s) with /soc/usb@f02280000
[   11.144472] omarchy-m2 kernel: clk: Disabling unused clocks
[   11.144476] omarchy-m2 kernel: PM: genpd: Disabling unused power domains
[   11.144480] omarchy-m2 kernel: ALSA device list:
[   11.144484] omarchy-m2 kernel:   No soundcards found.
[   11.144489] omarchy-m2 kernel: Freeing unused kernel memory: 2048K
[   11.144493] omarchy-m2 kernel: Checked W+X mappings: passed, no W+X pages found
[   11.144497] omarchy-m2 kernel: Run /init as init process
[   11.144501] omarchy-m2 kernel:   with arguments:
[   11.144505] omarchy-m2 kernel:     /init
[   11.144510] omarchy-m2 kernel:     splash
[   11.144513] omarchy-m2 kernel:   with environment:
[   11.144517] omarchy-m2 kernel:     HOME=/
[   11.144521] omarchy-m2 kernel:     TERM=linux
[   11.144525] omarchy-m2 kernel:     cryptdevice=UUID=de26457c-f363-450f-916a-888a0b9b1fd6:root:allow-discards
[   11.144529] omarchy-m2 kernel: raid6: neonx8   gen() 34306 MB/s
[   11.144533] omarchy-m2 kernel: raid6: neonx4   gen() 37593 MB/s
[   11.144537] omarchy-m2 kernel: raid6: neonx2   gen() 37464 MB/s
[   11.144541] omarchy-m2 kernel: raid6: neonx1   gen() 34271 MB/s
[   11.144545] omarchy-m2 kernel: raid6: int64x8  gen() 14994 MB/s
[   11.144549] omarchy-m2 kernel: raid6: int64x4  gen() 13177 MB/s
[   11.144552] omarchy-m2 kernel: raid6: int64x2  gen() 12005 MB/s
[   11.144556] omarchy-m2 kernel: raid6: int64x1  gen() 10470 MB/s
[   11.144560] omarchy-m2 kernel: raid6: using algorithm neonx4 gen() 37593 MB/s
[   11.144564] omarchy-m2 kernel: raid6: .... xor() 31031 MB/s, rmw enabled
[   11.144569] omarchy-m2 kernel: raid6: using neon recovery algorithm
[   11.144573] omarchy-m2 kernel: xor: measuring software checksum speed
[   11.144576] omarchy-m2 kernel:    eor3            : 51297 MB/sec
[   11.144581] omarchy-m2 kernel:    32regs          : 48486 MB/sec
[   11.144585] omarchy-m2 kernel:    8regs           : 27236 MB/sec
[   11.144589] omarchy-m2 kernel: xor: using function: eor3 (51297 MB/sec)
[   11.144593] omarchy-m2 kernel: Btrfs loaded, zoned=yes, fsverity=no
[   11.144597] omarchy-m2 kernel: thunderbolt: loading out-of-tree module taints kernel.
[   11.144601] omarchy-m2 kernel: /soc/i2c@39b040000/usb-pd@38/connector: Fixed dependency cycle(s) with /soc/phy@703000000
[   11.144665] omarchy-m2 kernel: apple-dcp 289c00000.dcp: Failed to get dp-phy: -517
[   11.144671] omarchy-m2 kernel: /soc/i2c@39b040000/usb-pd@3f/connector: Fixed dependency cycle(s) with /soc/phy@b03000000
[   11.144735] omarchy-m2 kernel: dockchannel-hid 2a9b30000.input: Initialized, awaiting packets
[   11.144800] omarchy-m2 kernel: dockchannel-hid 2a9b30000.input: Product name for stm: Apple Internal Keyboard / Trackpad
[   11.144864] omarchy-m2 kernel: dockchannel-hid 2a9b30000.input: Product name for multi-touch: Apple Internal Keyboard / Trackpad
[   11.144926] omarchy-m2 kernel: dockchannel-hid 2a9b30000.input: Product name for keyboard: Apple Internal Keyboard / Trackpad
[   11.144986] omarchy-m2 kernel: dockchannel-hid 2a9b30000.input: Product name for tp_accel: Apple Internal Keyboard / Trackpad
[   11.145049] omarchy-m2 kernel: dockchannel-hid 2a9b30000.input: Product name for actuator: Apple Internal Keyboard / Trackpad
[   11.145110] omarchy-m2 kernel: dockchannel-hid 2a9b30000.input: Product name for stm: Apple Internal Keyboard / Trackpad
[   11.145167] omarchy-m2 kernel: dockchannel-hid 2a9b30000.input: New interface stm
[   11.145228] omarchy-m2 kernel: rtkit-helper 2a9400000.mtp: RTKit: syslog message: stm_cr.c:98: ST management interface configuration completed
[   11.145290] omarchy-m2 kernel: rtkit-helper 2a9400000.mtp: RTKit: syslog message: stm.c:97: ST management ready
[   11.145349] omarchy-m2 kernel: dockchannel-hid 2a9b30000.input: Interface stm is now ready
[   11.145406] omarchy-m2 kernel: apple-dcp 289c00000.dcp: Failed to get dp-phy: -517
[   11.145463] omarchy-m2 kernel: apple-dcp 289c00000.dcp: Failed to get dp-phy: -517
[   11.145536] omarchy-m2 kernel: hid-generic 0019:0000:0000.0001: hidraw0: HOST HID v0.00 Device [Apple MTP stm] on 2a9b30000.input.3 (stm)
[   11.145595] omarchy-m2 kernel: apple-dcp 289c00000.dcp: Failed to get dp-phy: -517
[   11.145599] omarchy-m2 kernel: /soc/i2c@39b040000/usb-pd@3b/connector: Fixed dependency cycle(s) with /soc/phy@f03000000
[   11.145654] omarchy-m2 kernel: apple-dcp 289c00000.dcp: Failed to get dp-phy: -517
[   11.145711] omarchy-m2 kernel: apple-dcp 289c00000.dcp: Failed to get dp-xbar: -517
[   11.145780] omarchy-m2 kernel: sdhci-pci 0000:02:00.0: SDHCI controller found [17a0:9755] (rev 1)
[   11.145846] omarchy-m2 kernel: sdhci-pci 0000:02:00.0: enabling device (0000 -> 0002)
[   11.145904] omarchy-m2 kernel: apple-dcp 289c00000.dcp: Failed to get dp-xbar: -517
[   11.145963] omarchy-m2 kernel: dockchannel-hid 2a9b30000.input: New interface multi-touch
[   11.146026] omarchy-m2 kernel: dockchannel-hid 2a9b30000.input: New interface keyboard
[   11.146085] omarchy-m2 kernel: dockchannel-hid 2a9b30000.input: New interface actuator
[   11.146145] omarchy-m2 kernel: dockchannel-hid 2a9b30000.input: New interface tp_accel
[   11.146207] omarchy-m2 kernel: rtkit-helper 2a9400000.mtp: RTKit: syslog message: touch_iface.c:212: Grape interface configuration completed
[   11.146268] omarchy-m2 kernel: rtkit-helper 2a9400000.mtp: RTKit: syslog message: keyboard_cr.c:78: Keyboard interface configuration completed
[   11.146329] omarchy-m2 kernel: rtkit-helper 2a9400000.mtp: RTKit: syslog message: keyboard.c:75: Keyboard ready
[   11.146387] omarchy-m2 kernel: dockchannel-hid 2a9b30000.input: Interface keyboard is now ready
[   11.146446] omarchy-m2 kernel: rtkit-helper 2a9400000.mtp: RTKit: syslog message: actuator_cr.c:88: Actuator interface configuration completed
[   11.146505] omarchy-m2 kernel: rtkit-helper 2a9400000.mtp: RTKit: syslog message: actuator.c:72: Actuator ready
[   11.146564] omarchy-m2 kernel: dockchannel-hid 2a9b30000.input: Interface actuator is now ready
[   11.146622] omarchy-m2 kernel: rtkit-helper 2a9400000.mtp: RTKit: syslog message: accel_cr.c:78: Accel interface configuration completed
[   11.146681] omarchy-m2 kernel: dockchannel-hid 2a9b30000.input: Interface tp_accel is now ready
[   11.146741] omarchy-m2 kernel: rtkit-helper 2a9400000.mtp: RTKit: syslog message: accel.c:72: Accel ready
[   11.146745] omarchy-m2 kernel: input: Apple MTP multi-touch as /devices/platform/soc/2a9b14000.fifo/2a9b30000.input/0019:05AC:0353.0002/input/input1
[   11.146749] omarchy-m2 kernel: input: Apple MTP keyboard as /devices/platform/soc/2a9b14000.fifo/2a9b30000.input/0019:05AC:0353.0003/input/input2
[   11.146817] omarchy-m2 kernel: magicmouse 0019:05AC:0353.0002: input,hidraw1: HOST HID v2.70 Mouse [Apple MTP multi-touch] on 2a9b30000.input.1 (multi-touch)
[   11.146876] omarchy-m2 kernel: apple-dcp 289c00000.dcp: Failed to get dp-xbar: -517
[   11.146880] omarchy-m2 kernel: mmc0: SDHCI controller on PCI [0000:02:00.0] using ADMA 64-bit
[   11.146937] omarchy-m2 kernel: apple-dcp 289c00000.dcp: Failed to get dp-xbar: -517
[   11.146996] omarchy-m2 kernel: dockchannel-hid 2a9b30000.input: Starting interface multi-touch
[   11.147056] omarchy-m2 kernel: dockchannel-hid 2a9b30000.input: Requesting GPIO multi-touch#167: afe-reset
[   11.147115] omarchy-m2 kernel: dockchannel-hid 2a9b30000.input: Sending firmware for multi-touch
[   11.147174] omarchy-m2 kernel: rtkit-helper 2a9400000.mtp: RTKit: syslog message: afe_transport.c:143: Z2 AFE transport initialized
[   11.147233] omarchy-m2 kernel: rtkit-helper 2a9400000.mtp: RTKit: syslog message: boot.c:151: [Touch]: AFE transport initialization complete
[   11.147293] omarchy-m2 kernel: rtkit-helper 2a9400000.mtp: RTKit: syslog message: boot.c:153: [Touch]: Touch initialized
[   11.147351] omarchy-m2 kernel: dockchannel-hid 2a9b30000.input: Resetting multi-touch
[   11.147410] omarchy-m2 kernel: rtkit-helper 2a9400000.mtp: RTKit: syslog message: touch.c:88: Touch Reset Ext Request: OK
[   11.147470] omarchy-m2 kernel: dockchannel-hid 2a9b30000.input: GPIO command: multi-touch#167: 3
[   11.147537] omarchy-m2 kernel: apple 0019:05AC:0353.0003: input,hidraw2: HOST HID v2.70 Keyboard [Apple MTP keyboard] on 2a9b30000.input.2 (keyboard)
[   11.147595] omarchy-m2 kernel: apple-dcp 289c00000.dcp: Failed to get dp-xbar: -517
[   11.147654] omarchy-m2 kernel: rtkit-helper 2a9400000.mtp: RTKit: syslog message: boot.c:382: Calibration blob 'TCAL' updated
[   11.147713] omarchy-m2 kernel: rtkit-helper 2a9400000.mtp: RTKit: syslog message: boot.c:382: Calibration blob 'FCAL' updated
[   11.147773] omarchy-m2 kernel: rtkit-helper 2a9400000.mtp: RTKit: syslog message: afe_transport.c:177: afe_transport_start() Z2 running
[   11.147833] omarchy-m2 kernel: rtkit-helper 2a9400000.mtp: RTKit: syslog message: touch_pwr_mgr.c:216: [TPM] Mac Power Manager State Machine Started
[   11.147895] omarchy-m2 kernel: rtkit-helper 2a9400000.mtp: RTKit: syslog message: touch.c:128: Touch interface ready
[   11.147953] omarchy-m2 kernel: rtkit-helper 2a9400000.mtp: RTKit: syslog message: touch.c:143: Touch MT ready
[   11.148015] omarchy-m2 kernel: dockchannel-hid 2a9b30000.input: Interface multi-touch is now ready
[   11.148074] omarchy-m2 kernel: rtkit-helper 2a9400000.mtp: RTKit: syslog message: touch_pwr_mgr_fsm.c:286: Sending Cumulus Report to enter Dependent Mode (9A)
[   11.148079] omarchy-m2 kernel: BTRFS: device label asahi-root devid 1 transid 6603 /dev/mapper/root (252:0) scanned by mount (491)
[   11.148083] omarchy-m2 kernel: BTRFS info (device dm-0): first mount of filesystem 725346d2-f127-47bc-b464-9dd46155e8d6
[   11.148087] omarchy-m2 kernel: BTRFS info (device dm-0): using crc32c checksum algorithm
[   11.148091] omarchy-m2 kernel: BTRFS info (device dm-0): enabling ssd optimizations
[   11.148095] omarchy-m2 kernel: BTRFS info (device dm-0): turning on async discard
[   11.148099] omarchy-m2 kernel: BTRFS info (device dm-0): enabling free space tree
[   11.148104] omarchy-m2 systemd[1]: systemd 261.3-1-arch running in system mode (+PAM +AUDIT -SELINUX +APPARMOR -IMA +IPE +SMACK +SECCOMP +GCRYPT +GNUTLS +OPENSSL +ACL +BLKID +CURL +ELFUTILS +FIDO2 +IDN2 +KMOD +LIBCRYPTSETUP +LIBCRYPTSETUP_PLUGINS +LIBFDISK +PCRE2 +PWQUALITY +P11KIT +QRENCODE +TPM2 +BZIP2 +LZ4 +XZ +ZLIB +ZSTD +BPF_FRAMEWORK -BTF +XKBCOMMON +UTMP +LIBARCHIVE)
[   11.148110] omarchy-m2 systemd[1]: Detected architecture arm64.
[   11.148115] omarchy-m2 systemd[1]: Hostname set to <omarchy-m2>.
[   11.148120] omarchy-m2 systemd[1]: bpf-restrict-fs: BPF LSM hook not enabled in the kernel, BPF LSM not supported.
[   11.148124] omarchy-m2 kernel: zram: Added device: zram0
[   11.148128] omarchy-m2 systemd[1]: Queued start job for default target Graphical Interface.
[   11.148132] omarchy-m2 systemd[1]: Created slice CUPS Slice.
[   11.148136] omarchy-m2 systemd[1]: Created slice Slice /system/dirmngr.
[   11.148140] omarchy-m2 systemd[1]: Created slice Slice /system/getty.
[   11.148145] omarchy-m2 systemd[1]: Created slice Slice /system/gpg-agent.
[   11.148149] omarchy-m2 systemd[1]: Created slice Slice /system/gpg-agent-browser.
[   11.148153] omarchy-m2 systemd[1]: Created slice Slice /system/gpg-agent-extra.
[   11.148158] omarchy-m2 systemd[1]: Created slice Slice /system/gpg-agent-ssh.
[   11.148162] omarchy-m2 systemd[1]: Created slice Slice /system/keyboxd.
[   11.148166] omarchy-m2 systemd[1]: Created slice Slice /system/modprobe.
[   11.148170] omarchy-m2 systemd[1]: Created slice Slice /system/systemd-fsck.
[   11.148174] omarchy-m2 systemd[1]: Created slice Slice /system/systemd-growfs.
[   11.148178] omarchy-m2 systemd[1]: Created slice Slice /system/systemd-zram-setup.
[   11.148182] omarchy-m2 systemd[1]: Created slice User and Session Slice.
[   11.148186] omarchy-m2 systemd[1]: Started Forward Password Requests to Wall Directory Watch.
[   11.148190] omarchy-m2 systemd[1]: Set up automount Arbitrary Executable File Formats File System Automount Point.
[   11.148194] omarchy-m2 systemd[1]: Expecting device /dev/disk/by-uuid/530E-CC8F...
[   11.148199] omarchy-m2 systemd[1]: Expecting device /dev/disk/by-uuid/725346d2-f127-47bc-b464-9dd46155e8d6...
[   11.148203] omarchy-m2 systemd[1]: Expecting device /dev/zram0...
[   11.148207] omarchy-m2 systemd[1]: Reached target Login Prompts.
[   11.148211] omarchy-m2 systemd[1]: Reached target Image Downloads.
[   11.148215] omarchy-m2 systemd[1]: Reached target Local Integrity Protected Volumes.
[   11.148219] omarchy-m2 systemd[1]: Reached target Preparation for Network.
[   11.148223] omarchy-m2 systemd[1]: Reached target Remote Encrypted Volumes.
[   11.148227] omarchy-m2 systemd[1]: Reached target Remote File Systems.
[   11.148232] omarchy-m2 systemd[1]: Reached target Remote Integrity Protected Volumes.
[   11.148236] omarchy-m2 systemd[1]: Reached target Remote Verity Protected Volumes.
[   11.148240] omarchy-m2 systemd[1]: Reached target Slice Units.
[   11.148244] omarchy-m2 systemd[1]: Reached target Local Verity Protected Volumes.
[   11.148248] omarchy-m2 systemd[1]: Listening on Device-mapper event daemon FIFOs.
[   11.148252] omarchy-m2 systemd[1]: Listening on Query the User Interactively for a Password.
[   11.148256] omarchy-m2 systemd[1]: Listening on Process Core Dump Socket.
[   11.148261] omarchy-m2 systemd[1]: Listening on Credential Encryption/Decryption.
[   11.148265] omarchy-m2 systemd[1]: Listening on Factory Reset Management.
[   11.148269] omarchy-m2 systemd[1]: Listening on Hostname Service Socket.
[   11.148273] omarchy-m2 systemd[1]: Listening on Journal Audit Socket.
[   11.148278] omarchy-m2 systemd[1]: Listening on Journal Socket (/dev/log).
[   11.148282] omarchy-m2 systemd[1]: Listening on Journal Sockets.
[   11.148286] omarchy-m2 systemd[1]: Listening on DDI File System Mounter Socket.
[   11.148290] omarchy-m2 systemd[1]: Listening on Console Output Muting Service Socket.
[   11.148294] omarchy-m2 systemd[1]: Listening on Namespace Resource Manager Socket.
[   11.148299] omarchy-m2 systemd[1]: Listening on Userspace Out-Of-Memory (OOM) Killer Socket.
[   11.148303] omarchy-m2 systemd[1]: TPM PCR Measurements skipped, unmet condition check ConditionSecurity=measured-os
[   11.148307] omarchy-m2 systemd[1]: Make TPM PCR Policy skipped, unmet condition check ConditionSecurity=measured-uki
[   11.148311] omarchy-m2 systemd[1]: Listening on Disk Repartitioning Service Socket.
[   11.148315] omarchy-m2 systemd[1]: Listening on Report System Basic Metrics Socket.
[   11.148319] omarchy-m2 systemd[1]: Listening on CGroup Report Varlink Socket.
[   11.148323] omarchy-m2 systemd[1]: Listening on Resolve Monitor Varlink Socket.
[   11.148327] omarchy-m2 systemd[1]: Listening on Resolve Service Varlink Socket.
[   11.148332] omarchy-m2 systemd[1]: Listening on Simple Block Device Backed Storage Provider.
[   11.148335] omarchy-m2 systemd[1]: Listening on Simple File System Backed Storage Provider.
[   11.148340] omarchy-m2 systemd[1]: Listening on udev Control Socket.
[   11.148344] omarchy-m2 systemd[1]: Listening on udev Kernel Socket.
[   11.148348] omarchy-m2 systemd[1]: Listening on udev Varlink Socket.
[   11.148352] omarchy-m2 systemd[1]: Listening on User Database Manager Socket.
[   11.148356] omarchy-m2 systemd[1]: Mounting Huge Pages File System...
[   11.148361] omarchy-m2 systemd[1]: Mounting POSIX Message Queue File System...
[   11.148365] omarchy-m2 systemd[1]: Mounting Kernel Debug File System...
[   11.148369] omarchy-m2 systemd[1]: Mounting Kernel Trace File System...
[   11.148373] omarchy-m2 systemd[1]: Starting Create List of Static Device Nodes...
[   11.148377] omarchy-m2 systemd[1]: Load Kernel Module configfs skipped, unmet condition check ConditionKernelModuleLoaded=!configfs
[   11.148381] omarchy-m2 systemd[1]: Mounting Kernel Configuration File System...
[   11.148386] omarchy-m2 systemd[1]: Load Kernel Module drm skipped, unmet condition check ConditionKernelModuleLoaded=!drm
[   11.148390] omarchy-m2 systemd[1]: Load Kernel Module efi_pstore skipped, unmet condition check ConditionKernelModuleLoaded=!efi_pstore
[   11.148394] omarchy-m2 systemd[1]: Starting Load Kernel Module fuse...
[   11.148400] omarchy-m2 systemd[1]: Clear SysFail Entry If The Boot Is Successful skipped, unmet condition check ConditionPathExists=/sys/firmware/efi/efivars/LoaderEntrySysFail-4a67b082-0a4c-41cf-b6c7-440b29bb8c4f
[   11.148404] omarchy-m2 systemd[1]: Clear Stale Hibernate Storage Info skipped, unmet condition check ConditionPathExists=/sys/firmware/efi/efivars/HibernateLocation-8cf2644b-4b0b-428f-9387-6d876050dc67
[   11.148409] omarchy-m2 systemd[1]: Starting Journal Service...
[   11.148413] omarchy-m2 systemd[1]: Starting Load Kernel Modules...
[   11.148417] omarchy-m2 systemd[1]: TPM PCR Machine ID Measurement skipped, unmet condition check ConditionSecurity=measured-os
[   11.148421] omarchy-m2 systemd[1]: TPM PCR OS Separator skipped, unmet condition check ConditionSecurity=measured-os
[   11.148426] omarchy-m2 systemd[1]: Starting Remount Root and Kernel File Systems...
[   11.148430] omarchy-m2 systemd[1]: Early TPM SRK Setup skipped, unmet condition check ConditionSecurity=measured-os
[   11.148434] omarchy-m2 systemd[1]: TPM PCR NvPCR Initialization Separator skipped, unmet condition check ConditionPathExists=/etc/initrd-release
[   11.148438] omarchy-m2 systemd[1]: TPM NvPCR Product ID Measurement skipped, unmet condition check ConditionSecurity=measured-os
[   11.148442] omarchy-m2 systemd[1]: Starting Load udev Rules from Credentials...
[   11.148446] omarchy-m2 systemd[1]: Starting Coldplug All udev Devices...
[   11.148451] omarchy-m2 systemd[1]: Starting Virtual Console Setup...
[   11.148454] omarchy-m2 systemd[1]: Finished Create List of Static Device Nodes.
[   11.148459] omarchy-m2 systemd[1]: Starting Create Static Device Nodes in /dev gracefully...
[   11.148463] omarchy-m2 systemd[1]: Mounted POSIX Message Queue File System.
[   11.148467] omarchy-m2 systemd[1]: Mounted Huge Pages File System.
[   11.148471] omarchy-m2 systemd[1]: Mounted Kernel Debug File System.
[   11.148476] omarchy-m2 systemd[1]: Mounted Kernel Trace File System.
[   11.148480] omarchy-m2 systemd[1]: Mounted Kernel Configuration File System.
[   11.148484] omarchy-m2 systemd[1]: Finished Load udev Rules from Credentials.
[   11.148488] omarchy-m2 kernel: fuse: init (API version 7.45)
[   11.148492] omarchy-m2 systemd[1]: Finished Virtual Console Setup.
[   11.148496] omarchy-m2 systemd[1]: modprobe@fuse.service: Deactivated successfully.
[   11.148500] omarchy-m2 systemd[1]: Finished Load Kernel Module fuse.
[   11.148504] omarchy-m2 kernel: i2c_dev: i2c /dev entries driver
[   11.148508] omarchy-m2 systemd[1]: Finished Load Kernel Modules.
[   11.148512] omarchy-m2 systemd[1]: Starting Apply Kernel Variables...
[   11.148526] omarchy-m2 systemd-journald[589]: Collecting audit messages is enabled.
[   11.148537] omarchy-m2 systemd[1]: Finished Apply Kernel Variables.
[   11.148542] omarchy-m2 kernel: audit: type=1130 audit(1790081416.442:2): pid=1 uid=0 auid=4294967295 ses=4294967295 subj=unconfined msg='unit=systemd-sysctl comm="systemd" exe="/usr/lib/systemd/systemd" hostname=? addr=? terminal=? res=success'
[   11.148547] omarchy-m2 systemd[1]: Starting CLI Netfilter Manager...
[   11.180005] omarchy-m2 systemd[1]: Starting Load Kernel Module tun...
[   11.181005] omarchy-m2 kernel: audit: type=1334 audit(1790081416.502:3): prog-id=19 op=LOAD
[   11.181014] omarchy-m2 kernel: audit: type=1334 audit(1790081416.502:4): prog-id=20 op=LOAD
[   11.181022] omarchy-m2 kernel: audit: type=1334 audit(1790081416.502:5): prog-id=21 op=LOAD
[   11.181026] omarchy-m2 systemd[1]: Starting User Database Manager...
[   11.181033] omarchy-m2 systemd[1]: Started Journal Service.
[   11.181038] omarchy-m2 kernel: audit: type=1130 audit(1790081416.502:6): pid=1 uid=0 auid=4294967295 ses=4294967295 subj=unconfined msg='unit=systemd-journald comm="systemd" exe="/usr/lib/systemd/systemd" hostname=? addr=? terminal=? res=success'
[   11.187006] omarchy-m2 kernel: tun: Universal TUN/TAP device driver, 1.6
[   11.188019] omarchy-m2 kernel: audit: type=1130 audit(1790081416.509:7): pid=1 uid=0 auid=4294967295 ses=4294967295 subj=unconfined msg='unit=modprobe@tun comm="systemd" exe="/usr/lib/systemd/systemd" hostname=? addr=? terminal=? res=success'
[   11.188072] omarchy-m2 kernel: audit: type=1131 audit(1790081416.509:8): pid=1 uid=0 auid=4294967295 ses=4294967295 subj=unconfined msg='unit=modprobe@tun comm="systemd" exe="/usr/lib/systemd/systemd" hostname=? addr=? terminal=? res=success'
[   11.188138] omarchy-m2 kernel: audit: type=1334 audit(1790081416.509:9): prog-id=22 op=LOAD
[   11.188150] omarchy-m2 kernel: audit: type=1334 audit(1790081416.509:10): prog-id=23 op=LOAD
[   11.188160] omarchy-m2 kernel: audit: type=1334 audit(1790081416.509:11): prog-id=24 op=LOAD
[   11.223008] omarchy-m2 kernel: BTRFS info (device dm-0 state M): use zstd compression, level 1
[   11.233145] omarchy-m2 kernel: apple-dcp 289c00000.dcp: Failed to get dp-xbar: -517
[   11.253004] omarchy-m2 kernel: platform 315c00000.dcp: deferred probe pending: apple-dcp: /soc/dcp@315c00000/typec-routes/route@0: failed to get display crossbar
[   11.253101] omarchy-m2 kernel: platform 289c00000.dcp: deferred probe pending: (reason unknown)
[   11.253166] omarchy-m2 kernel: i2c 0-003b: deferred probe pending: (reason unknown)
[   11.253244] omarchy-m2 kernel: i2c 0-003f: deferred probe pending: (reason unknown)
[   11.253316] omarchy-m2 kernel: i2c 0-0038: deferred probe pending: (reason unknown)
[   11.253387] omarchy-m2 kernel: apple-pmgr-pwrstate 28e080000.power-management:power-controller@268: sync_state() pending due to 287080000.avd
[   11.253413] omarchy-m2 kernel: apple-pmgr-pwrstate 28e080000.power-management:power-controller@2d8: sync_state() pending due to 289c00000.dcp
[   11.253433] omarchy-m2 kernel: apple-pmgr-pwrstate 290280000.power-management:power-controller@270: sync_state() pending due to 39b600000.mca
[   11.253456] omarchy-m2 kernel: apple-pmgr-pwrstate 290280000.power-management:power-controller@398: sync_state() pending due to 39b600000.mca
[   11.253476] omarchy-m2 kernel: apple-pmgr-pwrstate 290280000.power-management:power-controller@3a0: sync_state() pending due to 39b600000.mca
[   11.253496] omarchy-m2 kernel: apple-pmgr-pwrstate 290280000.power-management:power-controller@3a8: sync_state() pending due to 39b600000.mca
[   11.253518] omarchy-m2 kernel: apple-pmgr-pwrstate 290280000.power-management:power-controller@3b0: sync_state() pending due to 39b600000.mca
[   11.253538] omarchy-m2 kernel: apple-pmgr-pwrstate 290280000.power-management:power-controller@4000: sync_state() pending due to 384000000.isp
[   11.253558] omarchy-m2 kernel: apple-pmgr-pwrstate 290280000.power-management:power-controller@4008: sync_state() pending due to 384000000.isp
[   11.253577] omarchy-m2 kernel: apple-pmgr-pwrstate 290280000.power-management:power-controller@4010: sync_state() pending due to 384000000.isp
[   11.253599] omarchy-m2 kernel: apple-pmgr-pwrstate 290280000.power-management:power-controller@4018: sync_state() pending due to 384000000.isp
[   11.253618] omarchy-m2 kernel: apple-pmgr-pwrstate 290280000.power-management:power-controller@4020: sync_state() pending due to 384000000.isp
[   11.253637] omarchy-m2 kernel: apple-pmgr-pwrstate 290280000.power-management:power-controller@4028: sync_state() pending due to 384000000.isp
[   11.253657] omarchy-m2 kernel: apple-pmgr-pwrstate 290280000.power-management:power-controller@4030: sync_state() pending due to 384000000.isp
[   11.253677] omarchy-m2 kernel: apple-pmgr-pwrstate 28e080000.power-management:power-controller@2b8: sync_state() pending due to 315c00000.dcp
[   11.253697] omarchy-m2 kernel: apple-pmgr-pwrstate 290280000.power-management:power-controller@1e0: sync_state() pending due to 39bc00000.sio
[   11.253717] omarchy-m2 kernel: apple-pmgr-pwrstate 28e080000.power-management:power-controller@278: sync_state() pending due to 701ac0000.cio
[   11.253737] omarchy-m2 kernel: apple-pmgr-pwrstate 28e080000.power-management:power-controller@2f0: sync_state() pending due to 701ac0000.cio
[   11.253757] omarchy-m2 kernel: apple-pmgr-pwrstate 28e080000.power-management:power-controller@2e8: sync_state() pending due to 701ac0000.cio
[   11.253776] omarchy-m2 kernel: apple-pmgr-pwrstate 28e080000.power-management:power-controller@270: sync_state() pending due to 701ac0000.cio
[   11.253796] omarchy-m2 kernel: apple-pmgr-pwrstate 29e280000.power-management:power-controller@c8: sync_state() pending due to 702280000.usb
[   11.253817] omarchy-m2 kernel: apple-pmgr-pwrstate 29e280000.power-management:power-controller@c8: sync_state() pending due to 70304c000.mux
[   11.253836] omarchy-m2 kernel: apple-pmgr-pwrstate 28e080000.power-management:power-controller@288: sync_state() pending due to b01ac0000.cio
[   11.253856] omarchy-m2 kernel: apple-pmgr-pwrstate 28e080000.power-management:power-controller@300: sync_state() pending due to b01ac0000.cio
[   11.253875] omarchy-m2 kernel: apple-pmgr-pwrstate 28e080000.power-management:power-controller@2f8: sync_state() pending due to b01ac0000.cio
[   11.253894] omarchy-m2 kernel: apple-pmgr-pwrstate 28e080000.power-management:power-controller@280: sync_state() pending due to b01ac0000.cio
[   11.253915] omarchy-m2 kernel: apple-pmgr-pwrstate 29e280000.power-management:power-controller@d0: sync_state() pending due to b02280000.usb
[   11.253935] omarchy-m2 kernel: apple-pmgr-pwrstate 29e280000.power-management:power-controller@d0: sync_state() pending due to b0304c000.mux
[   11.253955] omarchy-m2 kernel: apple-pmgr-pwrstate 28e080000.power-management:power-controller@298: sync_state() pending due to f01ac0000.cio
[   11.253975] omarchy-m2 kernel: apple-pmgr-pwrstate 28e080000.power-management:power-controller@310: sync_state() pending due to f01ac0000.cio
[   11.253995] omarchy-m2 kernel: apple-pmgr-pwrstate 28e080000.power-management:power-controller@308: sync_state() pending due to f01ac0000.cio
[   11.254018] omarchy-m2 kernel: apple-pmgr-pwrstate 28e080000.power-management:power-controller@290: sync_state() pending due to f01ac0000.cio
[   11.254038] omarchy-m2 kernel: apple-pmgr-pwrstate 29e280000.power-management:power-controller@d8: sync_state() pending due to f02280000.usb
[   11.254058] omarchy-m2 kernel: apple-pmgr-pwrstate 29e280000.power-management:power-controller@d8: sync_state() pending due to f0304c000.mux
[   11.254077] omarchy-m2 kernel: apple-pmgr-pwrstate 29e280000.power-management:power-controller@e0: sync_state() pending due to 130304c000.mux
[   11.344004] omarchy-m2 kernel: zram0: detected capacity change from 0 to 65245184
[   11.358466] omarchy-m2 kernel: mc: Linux media interface: v0.10
[   11.365017] omarchy-m2 kernel: apple-display-crossbar 70304c000.mux: Switched dpphy to disconnected state
[   11.365711] omarchy-m2 kernel: apple-display-crossbar 70304c000.mux: t602x idle: 000=00000000 004=000001ff 008=00000000 00c=00000000 014=000001ff 018=00000000 01c=00000000 024=00000111 028=00000000 02c=00000000 030=00000000 034=00000000 040=0005ad6b 044=02b5ad6b 048=00000000 04c=00000000 050=00000000 060=00000000 070=00000000
[   11.368423] omarchy-m2 kernel: apple-display-crossbar 70304c000.mux: t602x idle clk: 000=00000000 800=00000000 020=00000000 820=00000000 024=00000111 81c=00000111
[   11.368498] omarchy-m2 kernel: apple-display-crossbar 70304c000.mux: Switched dpin0 to disconnected state
[   11.368567] omarchy-m2 kernel: apple-display-crossbar 70304c000.mux: t602x idle: 000=00000000 004=000001ff 008=00000000 00c=00000000 014=000001ff 018=00000000 01c=00000000 024=00000111 028=00000000 02c=00000000 030=00000000 034=00000000 040=0005ad6b 044=02b5ad6b 048=00000000 04c=00000000 050=00000000 060=00000000 070=00000000
[   11.368645] omarchy-m2 kernel: apple-display-crossbar 70304c000.mux: t602x idle clk: 000=00000000 800=00000000 020=00000000 820=00000000 024=00000111 81c=00000111
[   11.371770] omarchy-m2 kernel: apple-display-crossbar 70304c000.mux: Switched dpin1 to disconnected state
[   11.374206] omarchy-m2 kernel: apple-display-crossbar 70304c000.mux: t602x idle: 000=00000000 004=000001ff 008=00000000 00c=00000000 014=000001ff 018=00000000 01c=00000000 024=00000111 028=00000000 02c=00000000 030=00000000 034=00000000 040=0005ad6b 044=02b5ad6b 048=00000000 04c=00000000 050=00000000 060=00000000 070=00000000
[   11.380195] omarchy-m2 kernel: apple-display-crossbar 70304c000.mux: t602x idle clk: 000=00000000 800=00000000 020=00000000 820=00000000 024=00000111 81c=00000111
[   11.380754] omarchy-m2 kernel: apple-display-crossbar b0304c000.mux: Switched dpphy to disconnected state
[   11.383722] omarchy-m2 kernel: apple-display-crossbar b0304c000.mux: t602x idle: 000=00000000 004=000001ff 008=00000000 00c=00000000 014=000001ff 018=00000000 01c=00000000 024=00000111 028=00000000 02c=00000000 030=00000000 034=00000000 040=0005ad6b 044=02b5ad6b 048=00000000 04c=00000000 050=00000000 060=00000000 070=00000000
[   11.388630] omarchy-m2 kernel: apple-display-crossbar b0304c000.mux: t602x idle clk: 000=00000000 800=00000000 020=00000000 820=00000000 024=00000111 81c=00000111
[   11.391995] omarchy-m2 kernel: apple-display-crossbar b0304c000.mux: Switched dpin0 to disconnected state
[   11.393912] omarchy-m2 kernel: apple-display-crossbar b0304c000.mux: t602x idle: 000=00000000 004=000001ff 008=00000000 00c=00000000 014=000001ff 018=00000000 01c=00000000 024=00000111 028=00000000 02c=00000000 030=00000000 034=00000000 040=0005ad6b 044=02b5ad6b 048=00000000 04c=00000000 050=00000000 060=00000000 070=00000000
[   11.394021] omarchy-m2 kernel: apple-display-crossbar b0304c000.mux: t602x idle clk: 000=00000000 800=00000000 020=00000000 820=00000000 024=00000111 81c=00000111
[   11.397644] omarchy-m2 kernel: apple-display-crossbar b0304c000.mux: Switched dpin1 to disconnected state
[   11.397757] omarchy-m2 kernel: apple-display-crossbar b0304c000.mux: t602x idle: 000=00000000 004=000001ff 008=00000000 00c=00000000 014=000001ff 018=00000000 01c=00000000 024=00000111 028=00000000 02c=00000000 030=00000000 034=00000000 040=0005ad6b 044=02b5ad6b 048=00000000 04c=00000000 050=00000000 060=00000000 070=00000000
[   11.397850] omarchy-m2 kernel: apple-display-crossbar b0304c000.mux: t602x idle clk: 000=00000000 800=00000000 020=00000000 820=00000000 024=00000111 81c=00000111
[   11.398061] omarchy-m2 kernel: apple-dcp 315c00000.dcp: typec0 USB4 DP IN using crossbar mux 1
[   11.398169] omarchy-m2 kernel: apple-display-crossbar f0304c000.mux: Switched dpphy to disconnected state
[   11.398268] omarchy-m2 kernel: apple-display-crossbar f0304c000.mux: t602x idle: 000=00000000 004=000001ff 008=00000000 00c=00000000 014=000001ff 018=00000000 01c=00000000 024=00000111 028=00000000 02c=00000000 030=00000000 034=00000000 040=0005ad6b 044=02b5ad6b 048=00000000 04c=00000000 050=00000000 060=00000000 070=00000000
[   11.399838] omarchy-m2 kernel: apple-display-crossbar f0304c000.mux: t602x idle clk: 000=00000000 800=00000000 020=00000000 820=00000000 024=00000111 81c=00000111
[   11.403407] omarchy-m2 kernel: apple-display-crossbar f0304c000.mux: Switched dpin0 to disconnected state
[   11.405021] omarchy-m2 kernel: apple-display-crossbar f0304c000.mux: t602x idle: 000=00000000 004=000001ff 008=00000000 00c=00000000 014=000001ff 018=00000000 01c=00000000 024=00000111 028=00000000 02c=00000000 030=00000000 034=00000000 040=0005ad6b 044=02b5ad6b 048=00000000 04c=00000000 050=00000000 060=00000000 070=00000000
[   11.409199] omarchy-m2 kernel: apple-display-crossbar f0304c000.mux: t602x idle clk: 000=00000000 800=00000000 020=00000000 820=00000000 024=00000111 81c=00000111
[   11.413278] omarchy-m2 kernel: apple-display-crossbar f0304c000.mux: Switched dpin1 to disconnected state
[   11.416355] omarchy-m2 kernel: apple-display-crossbar f0304c000.mux: t602x idle: 000=00000000 004=000001ff 008=00000000 00c=00000000 014=000001ff 018=00000000 01c=00000000 024=00000111 028=00000000 02c=00000000 030=00000000 034=00000000 040=0005ad6b 044=02b5ad6b 048=00000000 04c=00000000 050=00000000 060=00000000 070=00000000
[   11.418544] omarchy-m2 kernel: apple-display-crossbar f0304c000.mux: t602x idle clk: 000=00000000 800=00000000 020=00000000 820=00000000 024=00000111 81c=00000111
[   11.419155] omarchy-m2 kernel: apple-display-crossbar 130304c000.mux: Switched dpphy to disconnected state
[   11.421078] omarchy-m2 kernel: apple-display-crossbar 130304c000.mux: t602x idle: 000=00000000 004=000001ff 008=00000000 00c=00000000 014=000001ff 018=00000000 01c=00000000 024=00000111 028=00000000 02c=00000000 030=00000000 034=00000000 040=0005ad6b 044=02b5ad6b 048=00000000 04c=00000000 050=00000000 060=00000000 070=00000000
[   11.422624] omarchy-m2 kernel: apple-display-crossbar 130304c000.mux: t602x idle clk: 000=00000000 800=00000000 020=00000000 820=00000000 024=00000111 81c=00000111
[   11.423852] omarchy-m2 kernel: apple-display-crossbar 130304c000.mux: Switched dpin0 to disconnected state
[   11.424030] omarchy-m2 kernel: apple-display-crossbar 130304c000.mux: t602x idle: 000=00000000 004=000001ff 008=00000000 00c=00000000 014=000001ff 018=00000000 01c=00000000 024=00000111 028=00000000 02c=00000000 030=00000000 034=00000000 040=0005ad6b 044=02b5ad6b 048=00000000 04c=00000000 050=00000000 060=00000000 070=00000000
[   11.424172] omarchy-m2 kernel: apple-display-crossbar 130304c000.mux: t602x idle clk: 000=00000000 800=00000000 020=00000000 820=00000000 024=00000111 81c=00000111
[   11.424297] omarchy-m2 kernel: apple-display-crossbar 130304c000.mux: Switched dpin1 to disconnected state
[   11.424439] omarchy-m2 kernel: apple-display-crossbar 130304c000.mux: t602x idle: 000=00000000 004=000001ff 008=00000000 00c=00000000 014=000001ff 018=00000000 01c=00000000 024=00000111 028=00000000 02c=00000000 030=00000000 034=00000000 040=0005ad6b 044=02b5ad6b 048=00000000 04c=00000000 050=00000000 060=00000000 070=00000000
[   11.424545] omarchy-m2 kernel: apple-display-crossbar 130304c000.mux: t602x idle clk: 000=00000000 800=00000000 020=00000000 820=00000000 024=00000111 81c=00000111
[   11.424822] omarchy-m2 kernel: apple-dcp 315c00000.dcp: typec1 USB4 DP IN using crossbar mux 1
[   11.424976] omarchy-m2 kernel: videodev: Linux video capture interface: v2.00
[   11.424981] omarchy-m2 kernel: apple-dcp 315c00000.dcp: typec2 USB4 DP IN using crossbar mux 1
[   11.425125] omarchy-m2 kernel: apple_aop 2a6c00000.aop: RTKit: Initializing (protocol version 12)
[   11.425265] omarchy-m2 kernel: apple_aop 2a6c00000.aop: RTKit: syslog message: AOP_oslog_init.cpp:96: Start AOP OSLog init
[   11.425377] omarchy-m2 kernel: apple_aop 2a6c00000.aop: RTKit: syslog message: P_os_log_support.cpp:60: AOP os log initialized
[   11.425512] omarchy-m2 kernel: Adding 32622576k swap on /dev/zram0.  Priority:100 extents:1 across:32622576k SSDsc
[   11.425517] omarchy-m2 kernel: apple-display-crossbar 130304c000.mux: Switched dpphy to dispext0,0 (t602x atc=0x100 mux=0x0)
[   11.425666] omarchy-m2 kernel: apple-display-crossbar 130304c000.mux: t602x dpphy: 000=00000001 004=000001fe 008=00000001 00c=00000001 014=000001fb 018=00000001 01c=00000100 024=00000011 028=00000100 02c=00000001 030=00000000 034=00000100 040=0005ad6b 044=02b5ad6b 048=00000000 04c=00000000 050=00000000 060=00000000 070=00000000
[   11.425757] omarchy-m2 kernel: apple-display-crossbar 130304c000.mux: t602x dpphy clk: 000=00000001 800=00000000 020=00000000 820=00000000 024=00000011 81c=00000011
[   11.425861] omarchy-m2 kernel: apple-isp 384000000.isp: ISP firmware-compat: 13.5 (FW: 13.5)
[   11.425979] omarchy-m2 kernel: apple-dcp 289c00000.dcp: typec_mux_set() returned: 0
[   11.426122] omarchy-m2 kernel: apple-dcp 289c00000.dcp: typec0 USB4 DP IN using crossbar mux 1
[   11.426240] omarchy-m2 kernel: apple-sio 39bc00000.sio: RTKit: Initializing (protocol version 12)
[   11.426337] omarchy-m2 kernel: apple-sio 39bc00000.sio: SIO protocol v9
[   11.426457] omarchy-m2 kernel: apple-dcp 289c00000.dcp: typec1 USB4 DP IN using crossbar mux 1
[   11.426571] omarchy-m2 kernel: apple-dcp 289c00000.dcp: typec2 USB4 DP IN using crossbar mux 1
[   11.426652] omarchy-m2 kernel: apple-dcp 389c00000.dcp: Detected display with notch of 74 pixel
[   11.426738] omarchy-m2 kernel: apple-isp 384000000.isp: IPC surface iova: 0x10000f00000
[   11.426836] omarchy-m2 kernel: apple-isp 384000000.isp: Data surface iova: 0x10000f1c000
[   11.426930] omarchy-m2 kernel: platform 389c00000.dcp:piodma: Adding to iommu group 16
[   11.427055] omarchy-m2 kernel: apple-dart 389304000.iommu: Limited to ias=36 due to lock
[   11.427158] omarchy-m2 kernel: apple-dcp 389c00000.dcp: RTKit: Initializing (protocol version 12)
[   11.427267] omarchy-m2 kernel: apple-dcp 389c00000.dcp: shmem_setup: iova: 10080238000 -> pa: 107ddbb4000 -> iomem: ffff80008eec0000
[   11.427356] omarchy-m2 kernel: apple-dcp 389c00000.dcp: shmem_setup: iova: 10fffffc000, buffer: ffff800087b2c000
[   11.427449] omarchy-m2 kernel: apple-dcp 389c00000.dcp: shmem_setup: iova: 10fffff8000, buffer: ffff800087af4000
[   11.427516] omarchy-m2 kernel: apple-drm soc:display-subsystem: bound 389c00000.dcp (ops dcp_comp_ops [appledrm])
[   11.427604] omarchy-m2 kernel: apple-dcp 289c00000.dcp: DCP index:1 dptx target phy: 3 dptx die: 0
[   11.427678] omarchy-m2 kernel: apple-dcp 389c00000.dcp: RTKit: syslog message: ck_PCC2DBlm_v5.cpp:2611: IOMFB LACS_ERROR: DCP took too long to respond to LAS stats
[   11.427750] omarchy-m2 kernel: apple-dcp 389c00000.dcp: RTKit: syslog message: ck_PCC2DBlm_v5.cpp:2646: IOMFB: BLM LTS data hasn't been read in more than 10 secs
[   11.427816] omarchy-m2 kernel: platform 289c00000.dcp:piodma: Adding to iommu group 17
[   11.427913] omarchy-m2 kernel: apple-dart 289304000.iommu: Limited to ias=36 due to lock
[   11.427995] omarchy-m2 kernel: apple-dcp 289c00000.dcp: RTKit: Initializing (protocol version 12)
[   11.428116] omarchy-m2 kernel: apple-dcp 289c00000.dcp: shmem_setup: iova: 10080238000 -> pa: 107dd8b4000 -> iomem: ffff80008ef30000
[   11.428184] omarchy-m2 kernel: apple-dcp 289c00000.dcp: shmem_setup: iova: 10fffffc000, buffer: ffff800087a34000
[   11.428270] omarchy-m2 kernel: avd 287080000.avd: booting hw version: 30010
[   11.428334] omarchy-m2 kernel: apple-dcp 289c00000.dcp: shmem_setup: iova: 10fffff8000, buffer: ffff80008975c000
[   11.428411] omarchy-m2 kernel: apple-drm soc:display-subsystem: bound 289c00000.dcp (ops dcp_comp_ops [appledrm])
[   11.428472] omarchy-m2 kernel: apple-drm soc:display-subsystem: bound 39b540000.audio-controller (ops dcpaud_comp_ops [appledrm])
[   11.428551] omarchy-m2 kernel: apple-dcp 315c00000.dcp: DCP index:2 dptx target phy: 1 dptx die: 0
[   11.428620] omarchy-m2 kernel: platform 315c00000.dcp:piodma: Adding to iommu group 18
[   11.428702] omarchy-m2 kernel: apple-dart 315304000.iommu: Limited to ias=36 due to lock
[   11.428767] omarchy-m2 kernel: apple-dcp 315c00000.dcp: RTKit: Initializing (protocol version 12)
[   11.428844] omarchy-m2 kernel: apple-dcp 315c00000.dcp: shmem_setup: iova: 10080238000 -> pa: 107dc5b4000 -> iomem: ffff80008ef50000
[   11.428909] omarchy-m2 kernel: apple-dcp 315c00000.dcp: shmem_setup: iova: 10fffffc000, buffer: ffff80008ebf8000
[   11.430010] omarchy-m2 kernel: apple-dcp 315c00000.dcp: shmem_setup: iova: 10fffff8000, buffer: ffff80008eed4000
[   11.430118] omarchy-m2 kernel: apple-drm soc:display-subsystem: bound 315c00000.dcp (ops dcp_comp_ops [appledrm])
[   11.430206] omarchy-m2 kernel: apple-drm soc:display-subsystem: bound 39b580000.audio-controller (ops dcpaud_comp_ops [appledrm])
[   11.430285] omarchy-m2 kernel: apple-dcp 389c00000.dcp: RTKit: syslog message: ap_link.c:299: shared memory dva: 0x10fffe00000 0xffffffff00680000
[   11.430365] omarchy-m2 kernel: apple-dcp 389c00000.dcp: RTKit: syslog message: ap_link.c:276: ap_link: IOMFB: DCP heap size: 0x1030000 [iBoot:0x1030000] [LinkService:0x0]
[   11.432017] omarchy-m2 kernel: apple-dcp 389c00000.dcp: RTKit: syslog message: nifiedPipeline.cpp:4191: IOMFB: Could not find Backlight service
[   11.432209] omarchy-m2 kernel: apple-dcp 389c00000.dcp: RTKit: syslog message: nifiedPipeline.cpp:4199: IOMFB: Could not find nvram service
[   11.432485] omarchy-m2 kernel: apple-dcp 389c00000.dcp: RTKit: syslog message: nifiedPipeline.cpp:1838: virtual bool UnifiedPipeline::start_ios_gated(): Created AP Services
[   11.432727] omarchy-m2 kernel: apple-dcp 389c00000.dcp: RTKit: syslog message: nifiedPipeline.cpp:1864: start_ios_gated: trigger pending HPD notification
[   11.433132] omarchy-m2 kernel: apple-dcp 389c00000.dcp: cb_hotplug() connected:1, valid_mode:0 nr_modes:0
[   11.433219] omarchy-m2 kernel: apple-dcp 389c00000.dcp: dcp_hotplug() connected:1 valid_mode:0 nr_modes:0
[   11.433813] omarchy-m2 kernel: tas2764 1-003a: supply SDZ not found, using dummy regulator
[   11.436516] omarchy-m2 kernel: tas2764 1-0038: supply SDZ not found, using dummy regulator
[   11.438576] omarchy-m2 kernel: tas2764 1-0039: supply SDZ not found, using dummy regulator
[   11.440116] omarchy-m2 kernel: apple_aop 2a6c00000.aop: RTKit: syslog message: ALSVD6286.cpp:80: [ALS1] VD6286 device found. Calibration Override:0
[   11.441732] omarchy-m2 kernel: apple-dcp 389c00000.dcp: RTKit: syslog message: nifiedPipeline.cpp:1871: virtual bool UnifiedPipeline::start_ios_gated(): Flushed RTPs
[   11.443367] omarchy-m2 kernel: apple-dcp 389c00000.dcp: RTKit: syslog message: ableCompensator.cpp:903: IOMFB setup_table: Could not find table 'display-backlight-compensation-v1' in registry. Using default table.
[   11.444340] omarchy-m2 kernel: apple-dcp 389c00000.dcp: RTKit: syslog message: PPipeDCP_H13P.cpp:11092: IOMFB updateFrequencies: minimum-frequency property not found, using getClockFrequency(0) instead.
[   11.444488] omarchy-m2 kernel: apple-dcp 389c00000.dcp: RTKit: syslog message: PPipeDCP_H13P.cpp:11109: IOMFB updateFrequencies EDT ERROR: getClockFrequency(0) (257142848) < videoClock 521064960! Giving up on frequencies.
[   11.444620] omarchy-m2 kernel: apple-dcp 389c00000.dcp: RTKit: syslog message: UPPipeDCP_H13P.cpp:1532: IOMFB: videoClock is zero, defaulting to 521065000
[   11.444725] omarchy-m2 kernel: apple-dcp 389c00000.dcp: RTKit: syslog message: nifiedPipeline.cpp:1356: set_device_enabled_gated: current state: 1, requested state: 1
[   11.444872] omarchy-m2 kernel: apple-dcp 389c00000.dcp: RTKit: syslog message: PPipeDCP_H13P.cpp:11092: IOMFB updateFrequencies: minimum-frequency property not found, using getClockFrequency(0) instead.
[   11.444966] omarchy-m2 kernel: apple-dcp 389c00000.dcp: RTKit: syslog message: PPipeDCP_H13P.cpp:11109: IOMFB updateFrequencies EDT ERROR: getClockFrequency(0) (257142848) < videoClock 521064960! Giving up on frequencies.
[   11.445051] omarchy-m2 kernel: apple-dcp 389c00000.dcp: RTKit: syslog message: PPipeDCP_H13P.cpp:10490: set_run_mode_safe: deferring: 2 -> 4
[   11.445122] omarchy-m2 kernel: apple-dcp 389c00000.dcp: RTKit: syslog message: PPipeDCP_H13P.cpp:10395: virtual IOMFBStatus IOMFB::UPPipeDCP_H13P::ready_for_run_mode_change(IOMFB::AppleRegisterStream *): initiating deferred run mod
[   11.445238] omarchy-m2 kernel: apple-dcp 389c00000.dcp: RTKit: syslog message: M3Hal_v1.cpp:197: IOMFB: load APT M3 IMem : size 0x7b40
[   11.445325] omarchy-m2 kernel: apple-dcp 389c00000.dcp: RTKit: syslog message: M3Hal_v1.cpp:197: IOMFB: load APT M3 DMem : size 0x6fd4
[   11.445427] omarchy-m2 kernel: apple-dcp 389c00000.dcp: RTKit: syslog message: CAHandler.cpp:188: IOMFB load_ca_data: Unrecognized data version 0 (expected 1 or 2)
[   11.445528] omarchy-m2 kernel: tas2764 3-003d: supply SDZ not found, using dummy regulator
[   11.448031] omarchy-m2 kernel: spi-nor spi0.0: supply vcc not found, using dummy regulator
[   11.448460] omarchy-m2 kernel: apple-dcp 289c00000.dcp: AFK[ep:20]: new service system on channel 1
[   11.448565] omarchy-m2 kernel: apple-dcp 289c00000.dcp: AFK[ep:20]: new service powerlog-service on channel 3
[   11.448730] omarchy-m2 kernel: tas2764 3-003b: supply SDZ not found, using dummy regulator
[   11.448834] omarchy-m2 kernel: apple-dcp 389c00000.dcp: RTKit: syslog message: PPipeDCP_H13P.cpp:14085: IOMFB Int RTBandwidth: program_M3_rt_config: Using Dashboard 28e3d1208
[   11.448913] omarchy-m2 kernel: apple-dcp 389c00000.dcp: AFK[ep:20]: new service system on channel 5
[   11.449006] omarchy-m2 kernel: apple-dcp 389c00000.dcp: AFK[ep:20]: new service powerlog-service on channel 7
[   11.449625] omarchy-m2 kernel: apple-dcp 389c00000.dcp: RTKit: syslog message: dpointInterface.cpp:606: [AFK][AFKMailboxSharedMemoryEndpointInterface:#62] if:1 inCmd:0 inResp:0 outRepErr:0 outCmdErr:0 t:869740382
[   11.449716] omarchy-m2 kernel: apple-dcp 389c00000.dcp: RTKit: syslog message: dpointInterface.cpp:606: [AFK][AFKMailboxSharedMemoryEndpointInterface:#65] if:3 inCmd:0 inResp:0 outRepErr:0 outCmdErr:0 t:869746487
[   11.451107] omarchy-m2 kernel: apple-dcp 389c00000.dcp: RTKit: syslog message: UPTSQManager.cpp:133: IOMFB: clearing M3 reset
[   11.451174] omarchy-m2 kernel: apple-dcp 389c00000.dcp: RTKit: syslog message: UPTSQ_Hal_v1.cpp:349: IOMFB: timebase_offset = 4
[   11.451235] omarchy-m2 kernel: cs42l84 2-004b: Cirrus Logic CS42L84, Revision: 36
[   11.455032] omarchy-m2 kernel: tas2764 3-003c: supply SDZ not found, using dummy regulator
[   11.455246] omarchy-m2 kernel: 1 fixed-partitions partitions found on MTD device spi0.0
[   11.455254] omarchy-m2 kernel: Creating 1 MTD partitions on "spi0.0":
[   11.455260] omarchy-m2 kernel: 0x000000700000-0x000000800000 : "nvram"
[   11.455265] omarchy-m2 kernel: thunderbolt-apple-acio 701ac0000.cio: PCIe-C tunnel disabled: m1n1 handoff is not initialized
[   11.455358] omarchy-m2 kernel: thunderbolt-apple-acio b01ac0000.cio: PCIe-C tunnel disabled: m1n1 handoff is not initialized
[   11.455435] omarchy-m2 kernel: thunderbolt-apple-acio f01ac0000.cio: PCIe-C tunnel disabled: m1n1 handoff is not initialized
[   11.455683] omarchy-m2 kernel: apple-dcp 389c00000.dcp: RTKit: syslog message: UPTSQManager.cpp:105: IOMFB: switch to normal mode succeeded
[   11.455779] omarchy-m2 kernel: cfg80211: Loading compiled-in X.509 certificates for regulatory database
[   11.459020] omarchy-m2 kernel: Loaded X.509 cert 'sforshee: 00b28ddf47aef9cea7'
[   11.459028] omarchy-m2 kernel: apple-dcp 389c00000.dcp: RTKit: syslog message: ck_PCC2DBlm_v5.cpp:2611: IOMFB LACS_ERROR: DCP took too long to respond to LAS stats
[   11.459274] omarchy-m2 kernel: apple-dcp 389c00000.dcp: DCP booted
[   11.460637] omarchy-m2 kernel: Loaded X.509 cert 'wens: 61c038651aabdcf94bd0ac7ff06c7248db18c600'
[   11.460645] omarchy-m2 kernel: apple-dcp 389c00000.dcp: DCP is_main_display: 1
[   11.460718] omarchy-m2 kernel: apple-dcp 389c00000.dcp: dcp_hotplug() connected:1 valid_mode:0 nr_modes:6
[   11.471019] omarchy-m2 kernel: apple_aop 2a6c00000.aop: RTKit: syslog message: iggerController.cpp:129: VoiceTrig ready!! <AppleAOPVoiceTriggerController v240.2 built: Jun 30 202317:4
[   11.473683] omarchy-m2 kernel: apple_aop 2a6c00000.aop: RTKit: syslog message: SPU_init.cpp:320: ===( AOP IS READY )===
[   11.475812] omarchy-m2 kernel: Bluetooth: Core ver 2.22
[   11.475819] omarchy-m2 kernel: NET: Registered PF_BLUETOOTH protocol family
[   11.475824] omarchy-m2 kernel: Bluetooth: HCI device and connection manager initialized
[   11.475829] omarchy-m2 kernel: Bluetooth: HCI socket layer initialized
[   11.475834] omarchy-m2 kernel: Bluetooth: L2CAP socket layer initialized
[   11.475838] omarchy-m2 kernel: Bluetooth: SCO socket layer initialized
[   11.475843] omarchy-m2 kernel: usbcore: registered new interface driver brcmfmac
[   11.476005] omarchy-m2 kernel: brcmfmac 0000:01:00.0: enabling device (0000 -> 0002)
[   11.480006] omarchy-m2 kernel: hci_bcm4377 0000:01:00.1: resetting
[   11.490006] omarchy-m2 kernel: brcmfmac: brcmf_fw_alloc_request: using brcm/brcmfmac4388c0-pcie for chip BCM4388/4
[   11.588015] omarchy-m2 kernel: hci_bcm4377 0000:01:00.1: reset done
[   11.698914] omarchy-m2 kernel: hci_bcm4377 0000:01:00.1: enabling device (0000 -> 0002)
[   12.204135] omarchy-m2 systemd-journald[589]: Received client request to flush runtime journal.
[   12.354026] omarchy-m2 kernel: input: keyd virtual keyboard as /devices/virtual/input/input3
[   12.386012] omarchy-m2 kernel: apple-isp: CISP_CMD_CONFIG_GET: 
[   12.386061] omarchy-m2 kernel: apple-isp: 00000000 00000003 016e3600 00000001 0000000a 00000000 00000001
[   12.386073] omarchy-m2 kernel: apple-isp 384000000.isp: found sensor 558 CC2248101BGPNTV7H on ch 0
[   12.386339] omarchy-m2 kernel: apple-isp: ch: CISP_CMD_CH_INFO_GET: 0
[   12.386390] omarchy-m2 kernel: apple-isp: ch: 00000000 0000010d 00000000 07dc0001 00010090 00010007 00000006 00000001
[   12.386470] omarchy-m2 kernel: apple-isp: ch: 00000558 00000009 00001410 00000002 00000000 00000000 00000000 00000000
[   12.386490] omarchy-m2 kernel: apple-isp: ch: 00000000 00000000 00000000 00050000 00000001 00000000 00000004 00000020
[   12.386505] omarchy-m2 kernel: apple-isp: ch: 00000006 00000000 00004680 00000040 00000001 00000002 00004000 00000040
[   12.386521] omarchy-m2 kernel: apple-isp: ch: 00000001 00000000 00000000 00000036 00000000 00000000 000f4240 434300a0
[   12.386530] omarchy-m2 kernel: apple-isp: ch: 38343232 42313031 544e5047 00483756 00000000 00000008 00000000 00000000
[   12.386539] omarchy-m2 kernel: apple-isp: ch: 00000001 00000000 00000100 00000000 00000000 00000000 00000000 00ff0000
[   12.386548] omarchy-m2 kernel: apple-isp: ch: 00000c00 00000000 0000001c 00000680 00000004 00000004 00000000 00000000
[   12.386557] omarchy-m2 kernel: apple-isp: ch: 00000000 00000000 00000000 00000000 07800000 00000780
[   12.386576] omarchy-m2 kernel: apple-isp: ps: CISP_CMD_CH_CAMERA_CONFIG_GET: 0
[   12.386593] omarchy-m2 kernel: apple-isp: ps: 00000000 00000106 00000000 00000000 07800780 07800780 00000000 00001df8
[   12.386602] omarchy-m2 kernel: apple-isp: ps: 00000100 00000001 00000040 00000040 00000040 00000040 00000040 00000040
[   12.386624] omarchy-m2 kernel: apple-isp: ps: 00000003 00000040 00000040 00000005 00000000 0100041e 00000001 00000000
[   12.386843] omarchy-m2 kernel: apple-isp: ps: 0bdebefc 00000006 00000007 00000000 00000009 000f4240 00000012 00000000
[   12.386854] omarchy-m2 kernel: apple-isp: ps: 00008000 00000014 00000015 00000000 00000000 00000000 00000780 00000780
[   12.386869] omarchy-m2 kernel: apple-isp: ps: 00010000 00000000 93f00000 00000040 0000001f 00000000 00000000 00000000
[   12.386885] omarchy-m2 kernel: apple-isp: ps: 00000780 00000780 00000100 00000000 00000000 00000780 00000780
[   12.386895] omarchy-m2 kernel: apple-isp: ps: CISP_CMD_CH_CAMERA_CONFIG_GET: 1
[   12.386922] omarchy-m2 kernel: apple-isp: ps: 00000000 00000106 00000000 00000001 08700780 08700780 00000000 00001df8
[   12.386932] omarchy-m2 kernel: apple-isp: ps: 00000100 00000001 00000040 00000040 00000040 00000040 00000040 00000040
[   12.386940] omarchy-m2 kernel: apple-isp: ps: 00000003 00000040 00000040 00000005 00000000 0100041e 00000001 00000000
[   12.386954] omarchy-m2 kernel: apple-isp: ps: 0bdebefc 00000006 00000007 00000000 00000009 000f4240 00000012 00000000
[   12.386963] omarchy-m2 kernel: apple-isp: ps: 00008000 00000014 00000015 00000000 00000000 00000000 00000780 00000438
[   12.386992] omarchy-m2 kernel: apple-isp: ps: 00010001 00000000 93f00000 00000040 0000001f 00000000 00000000 00000000
[   12.387025] omarchy-m2 kernel: apple-isp: ps: 00000780 00000870 00000100 00000000 00000000 00000780 00000438
[   12.387034] omarchy-m2 kernel: apple-isp: ps: CISP_CMD_CH_CAMERA_CONFIG_GET: 2
[   12.387056] omarchy-m2 kernel: apple-isp: ps: 00000000 00000106 00000000 00000002 0f000438 0f000438 00000000 00001df8
[   12.387077] omarchy-m2 kernel: apple-isp: ps: 00000100 00000001 00000040 00000040 00000040 00000040 00000040 00000040
[   12.387086] omarchy-m2 kernel: apple-isp: ps: 00000003 00000040 00000040 00000005 00000000 0100041e 00000001 00000000
[   12.387099] omarchy-m2 kernel: apple-isp: ps: 0bdebefc 00000006 00000007 00000000 00000009 000f4240 0000000d 00000000
[   12.387109] omarchy-m2 kernel: apple-isp: ps: 00008000 00000014 00000015 00000000 00000000 00000000 00000438 00000780
[   12.387117] omarchy-m2 kernel: apple-isp: ps: 00010001 00000000 93f00000 00000040 0000001f 00000000 00000000 00000000
[   12.387134] omarchy-m2 kernel: apple-isp: ps: 00000438 00000f00 00000100 00000000 00000000 00000438 00000780
[   12.387143] omarchy-m2 kernel: apple-isp: ps: CISP_CMD_CH_CAMERA_CONFIG_GET: 3
[   12.387157] omarchy-m2 kernel: apple-isp: ps: 00000000 00000106 00000000 00000003 0a6006e0 0a6006e0 00000000 00001df8
[   12.387166] omarchy-m2 kernel: apple-isp: ps: 00000100 00000001 00000040 00000040 00000040 00000040 00000040 00000040
[   12.387185] omarchy-m2 kernel: apple-isp: ps: 00000003 00000040 00000040 00000005 00000000 0100041e 00000001 00000000
[   12.387193] omarchy-m2 kernel: apple-isp: ps: 0bdebefc 00000006 00000007 00000000 00000009 000f4240 00000010 00000000
[   12.387202] omarchy-m2 kernel: apple-isp: ps: 00008000 00000014 00000015 00000000 00000000 00000000 000006e0 00000530
[   12.387211] omarchy-m2 kernel: apple-isp: ps: 00010001 00000000 93f00000 00000040 0000001f 00000000 00000000 00000000
[   12.387226] omarchy-m2 kernel: apple-isp: ps: 000006e0 00000a60 00000100 00000000 00000000 000006e0 00000530
[   12.387247] omarchy-m2 kernel: apple-isp: ps: CISP_CMD_CH_CAMERA_CONFIG_GET: 4
[   12.387261] omarchy-m2 kernel: apple-isp: ps: 00000000 00000106 00000000 00000004 0dc00530 0dc00530 00000000 00001df8
[   12.387269] omarchy-m2 kernel: apple-isp: ps: 00000100 00000001 00000040 00000040 00000040 00000040 00000040 00000040
[   12.387282] omarchy-m2 kernel: apple-isp: ps: 00000003 00000040 00000040 00000005 00000000 0100041e 00000001 00000000
[   12.387289] omarchy-m2 kernel: apple-isp: ps: 0bdebefc 00000006 00000007 00000000 00000009 000f4240 0000000e 00000000
[   12.387307] omarchy-m2 kernel: apple-isp: ps: 00008000 00000014 00000015 00000000 00000000 00000000 00000530 000006e0
[   12.387316] omarchy-m2 kernel: apple-isp: ps: 00010001 00000000 93f00000 00000040 0000001f 00000000 00000000 00000000
[   12.387334] omarchy-m2 kernel: apple-isp: ps: 00000530 00000dc0 00000100 00000000 00000000 00000530 000006e0
[   12.387348] omarchy-m2 kernel: apple-isp: ps: CISP_CMD_CH_CAMERA_CONFIG_GET: 5
[   12.387361] omarchy-m2 kernel: apple-isp: ps: 00000000 00000106 00000000 00000005 0c200610 0c200610 00000000 00001df8
[   12.387370] omarchy-m2 kernel: apple-isp: ps: 00000100 00000001 00000040 00000040 00000040 00000040 00000040 00000040
[   12.387384] omarchy-m2 kernel: apple-isp: ps: 00000003 00000040 00000040 00000005 00000000 0100041e 00000001 00000000
[   12.387392] omarchy-m2 kernel: apple-isp: ps: 0bdebefc 00000006 00000007 00000000 00000009 000f4240 0000000f 00000000
[   12.387406] omarchy-m2 kernel: apple-isp: ps: 00008000 00000014 00000015 00000000 00000000 00000000 00000610 00000610
[   12.387415] omarchy-m2 kernel: apple-isp: ps: 00010001 00000000 93f00000 00000040 0000001f 00000000 00000000 00000000
[   12.387423] omarchy-m2 kernel: apple-isp: ps: 00000610 00000c20 00000100 00000000 00000000 00000610 00000610
[   12.387448] omarchy-m2 kernel: input: keyd virtual pointer as /devices/virtual/input/input4
[   12.394006] omarchy-m2 kernel: apple-isp 384000000.isp: apple-isp probe!
[   12.453010] omarchy-m2 kernel: apple-dcp 289c00000.dcp: AFK[ep:23]: new service disp0-service on channel 1
[   12.459008] omarchy-m2 kernel: apple-dcp 289c00000.dcp: AFK[ep:2a]: new service AppleDCPDPTXRemotePort on channel 1
[   12.459195] omarchy-m2 kernel: apple-dcp 289c00000.dcp: AFK[ep:2a]: new service AppleDCPDPTXRemotePort on channel 3
[   12.459336] omarchy-m2 kernel: apple-dcp 289c00000.dcp: RTKit: syslog message: ap_link.c:299: shared memory dva: 0x10fffe00000 0xffffffff00027000
[   12.459481] omarchy-m2 kernel: apple-dcp 289c00000.dcp: RTKit: syslog message: ap_link.c:276: ap_link: IOMFB: DCP heap size: 0x1030000 [iBoot:0x1030000] [LinkService:0x0]
[   12.460007] omarchy-m2 kernel: apple-dcp 289c00000.dcp: RTKit: syslog message: nifiedPipeline.cpp:4191: IOMFB: Could not find Backlight service
[   12.460145] omarchy-m2 kernel: apple-dcp 289c00000.dcp: RTKit: syslog message: nifiedPipeline.cpp:4199: IOMFB: Could not find nvram service
[   12.460280] omarchy-m2 kernel: apple-dcp 289c00000.dcp: RTKit: syslog message: nifiedPipeline.cpp:1838: virtual bool UnifiedPipeline::start_ios_gated(): Created AP Services
[   12.463007] omarchy-m2 kernel: apple-dcp 289c00000.dcp: RTKit: syslog message: nifiedPipeline.cpp:1871: virtual bool UnifiedPipeline::start_ios_gated(): Flushed RTPs
[   12.464007] omarchy-m2 kernel: apple-dcp 289c00000.dcp: RTKit: syslog message: PPipeDCP_H13P.cpp:11122: IOMFB setup_video_limits called on secondary display with no timing set
[   12.464173] omarchy-m2 kernel: apple-dcp 289c00000.dcp: read_edt_data key=initial-vbi-advance-lines count=1 default0=0x2 ret=0
[   12.465418] omarchy-m2 kernel: apple-dcp 289c00000.dcp: RTKit: syslog message: nifiedPipeline.cpp:1356: set_device_enabled_gated: current state: 1, requested state: 1
[   12.465591] omarchy-m2 kernel: apple-dcp 289c00000.dcp: RTKit: syslog message: PPipeDCP_H13P.cpp:11122: IOMFB setup_video_limits called on secondary display with no timing set
[   12.467006] omarchy-m2 kernel: apple-dcp 289c00000.dcp: RTKit: syslog message: PPipeDCP_H13P.cpp:10468: set_run_mode_safe: no need to defer: 2 -> 1
[   12.467155] omarchy-m2 kernel: apple-dcp 289c00000.dcp: RTKit: syslog message: PPipeDCP_H13P.cpp:10468: set_run_mode_safe: no need to defer: 1 -> 0
[   12.467289] omarchy-m2 kernel: apple-dcp 315c00000.dcp: AFK[ep:20]: new service system on channel 1
[   12.467435] omarchy-m2 kernel: apple-dcp 315c00000.dcp: AFK[ep:20]: new service powerlog-service on channel 3
[   12.467564] omarchy-m2 kernel: apple-dcp 289c00000.dcp: RTKit: syslog message: nifiedPipeline.cpp:1356: set_device_enabled_gated: current state: 1, requested state: 0
[   12.467688] omarchy-m2 kernel: apple-dcp 289c00000.dcp: DCP booted
[   12.467812] omarchy-m2 kernel: apple-dcp 289c00000.dcp: DCP is_main_display: 0
[   12.467934] omarchy-m2 kernel: apple-dcp 289c00000.dcp: dcp_hotplug() connected:0 valid_mode:0 nr_modes:0
[   12.786082] omarchy-m2 kernel: brcmfmac: brcmf_c_process_txcap_blob: TxCap blob found, loading
[   12.788021] omarchy-m2 kernel: brcmfmac: brcmf_c_process_cal_blob: Calibration blob provided by platform, loading
[   12.801036] omarchy-m2 kernel: brcmfmac: brcmf_c_preinit_dcmds: Firmware: BCM4388/4 wl0: Jun 11 2023 05:20:59 version 23.20.95.0.40.50.92 FWID 01-ec505a98
[   12.807027] omarchy-m2 kernel: ieee80211 phy0: brcmf_c_set_joinpref_default: Set join_pref error (-52)
[   13.076013] omarchy-m2 kernel: ieee80211 phy0: brcmf_c_set_joinpref_default: Set join_pref error (-52)
[   13.160007] omarchy-m2 kernel: ieee80211 phy0: brcmf_dongle_roam: WLC_SET_ROAM_DELTA error (-52)
[   13.287027] omarchy-m2 kernel: Bluetooth: BNEP (Ethernet Emulation) ver 1.3
[   13.287091] omarchy-m2 kernel: Bluetooth: BNEP filters: protocol multicast
[   13.287117] omarchy-m2 kernel: Bluetooth: BNEP socket layer initialized
[   13.476052] omarchy-m2 kernel: apple-dcp 315c00000.dcp: AFK[ep:23]: new service disp0-service on channel 1
[   13.482009] omarchy-m2 kernel: apple-dcp 315c00000.dcp: AFK[ep:2a]: new service AppleDCPDPTXRemotePort on channel 1
[   13.482169] omarchy-m2 kernel: apple-dcp 315c00000.dcp: AFK[ep:2a]: new service AppleDCPDPTXRemotePort on channel 3
[   13.482339] omarchy-m2 kernel: apple-dcp 289c00000.dcp: dcp_enable_dp2hdmi_hpd: DP2HDMI HPD connected:0
[   13.482509] omarchy-m2 kernel: apple-dcp 315c00000.dcp: RTKit: syslog message: ap_link.c:299: shared memory dva: 0x10fffe00000 0xffffffff00027000
[   13.482659] omarchy-m2 kernel: apple-dcp 315c00000.dcp: RTKit: syslog message: ap_link.c:276: ap_link: IOMFB: DCP heap size: 0x1030000 [iBoot:0x1030000] [LinkService:0x0]
[   13.482784] omarchy-m2 kernel: apple-dcp 289c00000.dcp: RTKit: syslog message: FramebufferDCP.cpp:1962: IOMFB: swap_submit_dcp: swallowed swap ID 2 as fControllerPowerState is 0 for External Display
[   13.482920] omarchy-m2 kernel: apple-dcp 289c00000.dcp: RTKit: syslog message: FramebufferDCP.cpp:1967: IOMFB: swap_submit_dcp: swallowed swap ID 2 as timinsg are not enabled for External Display
[   13.483068] omarchy-m2 kernel: apple-dcp 289c00000.dcp: dcp_poweroff() done
[   13.483211] omarchy-m2 kernel: apple-dcp 315c00000.dcp: RTKit: syslog message: nifiedPipeline.cpp:4191: IOMFB: Could not find Backlight service
[   13.483340] omarchy-m2 kernel: apple-dcp 315c00000.dcp: RTKit: syslog message: nifiedPipeline.cpp:4199: IOMFB: Could not find nvram service
[   13.483491] omarchy-m2 kernel: apple-dcp 315c00000.dcp: RTKit: syslog message: nifiedPipeline.cpp:1838: virtual bool UnifiedPipeline::start_ios_gated(): Created AP Services
[   13.487007] omarchy-m2 kernel: apple-dcp 315c00000.dcp: RTKit: syslog message: nifiedPipeline.cpp:1871: virtual bool UnifiedPipeline::start_ios_gated(): Flushed RTPs
[   13.487144] omarchy-m2 kernel: apple-dcp 315c00000.dcp: RTKit: syslog message: PPipeDCP_H13P.cpp:11122: IOMFB setup_video_limits called on secondary display with no timing set
[   13.487283] omarchy-m2 kernel: apple-dcp 315c00000.dcp: read_edt_data key=initial-vbi-advance-lines count=1 default0=0x2 ret=0
[   13.488007] omarchy-m2 kernel: apple-dcp 315c00000.dcp: RTKit: syslog message: nifiedPipeline.cpp:1356: set_device_enabled_gated: current state: 1, requested state: 1
[   13.488136] omarchy-m2 kernel: apple-dcp 315c00000.dcp: RTKit: syslog message: PPipeDCP_H13P.cpp:11122: IOMFB setup_video_limits called on secondary display with no timing set
[   13.490024] omarchy-m2 kernel: apple-dcp 315c00000.dcp: RTKit: syslog message: PPipeDCP_H13P.cpp:10468: set_run_mode_safe: no need to defer: 2 -> 1
[   13.490147] omarchy-m2 kernel: apple-dcp 315c00000.dcp: RTKit: syslog message: PPipeDCP_H13P.cpp:10468: set_run_mode_safe: no need to defer: 1 -> 0
[   13.490273] omarchy-m2 kernel: apple-dcp 315c00000.dcp: RTKit: syslog message: nifiedPipeline.cpp:1356: set_device_enabled_gated: current state: 1, requested state: 0
[   13.490415] omarchy-m2 kernel: apple-dcp 315c00000.dcp: DCP booted
[   13.490548] omarchy-m2 kernel: apple-dcp 315c00000.dcp: DCP is_main_display: 0
[   13.596036] omarchy-m2 kernel: Console: switching to colour dummy device 80x25
[   13.598023] omarchy-m2 kernel: [drm] Initialized apple 1.0.0 for soc:display-subsystem on minor 2
[   13.600029] omarchy-m2 kernel: apple-dcp 389c00000.dcp: dcp_poweron() starting
[   13.600538] omarchy-m2 kernel: apple-dcp 389c00000.dcp: dcp_set_power_state_req returned, 10000 ms remaining
[   13.600897] omarchy-m2 kernel: apple-dcp 389c00000.dcp: set_digital_out_mode(color:1 timing:2) "3456x2160": 120 1042130 3456 3464 3496 3536 2160 2278 2360 2456 0x48 0x0
[   13.601258] omarchy-m2 kernel: apple-dcp 389c00000.dcp: set_digital_out_mode() color mode depth:8 format:0 colorimetry:16 eotf:0 range:0 vrr:1
[   13.601590] omarchy-m2 kernel: apple-dcp 389c00000.dcp: RTKit: syslog message: FramebufferDCP.cpp:5931: IOMFBParameter_adaptive_sync Req minRR = 0x0, mediaTargetRate = 0x0, Fractional Rate = 0
[   13.601908] omarchy-m2 kernel: apple-dcp 389c00000.dcp: RTKit: syslog message: nifiedPipeline.cpp:7462: set_digital_out_mode: Modeset requested for colorID: 1, timingID: 2
[   13.602241] omarchy-m2 kernel: apple-dcp 389c00000.dcp: RTKit: syslog message: PPipeDCP_H13P.cpp:18011: Dual pipe disabled offset 0
[   13.602550] omarchy-m2 kernel: apple-dcp 389c00000.dcp: RTKit: syslog message: PPipeDCP_H13P.cpp:10490: set_run_mode_safe: deferring: 4 -> 1
[   13.602868] omarchy-m2 kernel: apple-dcp 389c00000.dcp: RTKit: syslog message: PPipeDCP_H13P.cpp:10395: virtual IOMFBStatus IOMFB::UPPipeDCP_H13P::ready_for_run_mode_change(IOMFB::AppleRegisterStream *): initiating deferred run mod
[   13.603201] omarchy-m2 kernel: apple-dcp 389c00000.dcp: RTKit: syslog message: UPTSQManager.cpp:150: IOMFBStatus IOMFB::UPTSQManager::power_down_M3(IOMFB::AppleRegisterStream *, UPTSQManager::ModeChangeWaiter *): request mode ch
[   13.606026] omarchy-m2 kernel: apple-dcp 389c00000.dcp: RTKit: syslog message: UPTSQManager.cpp:162: IOMFBStatus IOMFB::UPTSQManager::power_down_M3(IOMFB::AppleRegisterStream *, UPTSQManager::ModeChangeWaiter *): disabling M3
[   13.606345] omarchy-m2 kernel: apple-dcp 389c00000.dcp: RTKit: syslog message: PPipeDCP_H13P.cpp:10468: set_run_mode_safe: no need to defer: 1 -> 0
[   13.607027] omarchy-m2 kernel: apple-dcp 389c00000.dcp: RTKit: syslog message: ck_PCC2DBlm_v5.cpp:3300: Quiescing callback
[   13.674007] omarchy-m2 kernel: Bluetooth: hci0: HCI LE Coded PHY feature bit is set, but its usage is not supported.
[   13.685019] omarchy-m2 kernel: apple-dcp 389c00000.dcp: RTKit: syslog message: nifiedPipeline.cpp:1356: set_device_enabled_gated: current state: 1, requested state: 0
[   13.685273] omarchy-m2 kernel: apple-dcp 389c00000.dcp: RTKit: syslog message: nifiedPipeline.cpp:7700: set_mode: timingID: 2 colorID: 1
[   13.687013] omarchy-m2 kernel: apple-dcp 389c00000.dcp: RTKit: syslog message: PPipeDCP_H13P.cpp:11092: IOMFB updateFrequencies: minimum-frequency property not found, using getClockFrequency(0) instead.
[   13.687241] omarchy-m2 kernel: apple-dcp 389c00000.dcp: RTKit: syslog message: PPipeDCP_H13P.cpp:11109: IOMFB updateFrequencies EDT ERROR: getClockFrequency(0) (257142848) < videoClock 521064960! Giving up on frequencies.
[   13.687420] omarchy-m2 kernel: apple-dcp 389c00000.dcp: RTKit: syslog message: nifiedPipeline.cpp:7356: IOMFBStatus UnifiedPipeline::mode_set_gated(uint32_t, uint32_t): 3456x2234@120 Hz link: 1
[   13.687586] omarchy-m2 kernel: apple-dcp 389c00000.dcp: RTKit: syslog message: nifiedPipeline.cpp:1356: set_device_enabled_gated: current state: 0, requested state: 1
[   13.687770] omarchy-m2 kernel: apple-dcp 389c00000.dcp: RTKit: syslog message: PPipeDCP_H13P.cpp:10468: set_run_mode_safe: no need to defer: 0 -> 1
[   13.687944] omarchy-m2 kernel: apple-dcp 389c00000.dcp: RTKit: syslog message: ock_Tunables_v1.cpp:651: IOMFB: Writing tunables with target 4
[   13.689011] omarchy-m2 kernel: apple-dcp 389c00000.dcp: RTKit: syslog message: ck_Config_H13P.cpp:1771: program_frame_size: pixel_clock 1042130000, vid0 521065000, 00020910 0000007e
[   13.689445] omarchy-m2 kernel: apple-dcp 389c00000.dcp: RTKit: syslog message: M3Hal_v1.cpp:197: IOMFB: load LED M3 IMem : size 0x7b74
[   13.689831] omarchy-m2 kernel: apple-dcp 389c00000.dcp: RTKit: syslog message: M3Hal_v1.cpp:197: IOMFB: load LED M3 DMem : size 0x102e0
[   13.692021] omarchy-m2 kernel: apple-dcp 389c00000.dcp: RTKit: syslog message: ock_PCC2DLTM_v4.cpp:324: IOMFBStatus IOMFB::UPBlock_PCC2DLTM_v4::set_mcpu_power(IOMFB::AppleRegisterStream *, bool) Loading M3 Hal
[   13.692458] omarchy-m2 kernel: apple-dcp 389c00000.dcp: RTKit: syslog message: M3Hal_v1.cpp:197: IOMFB: load LTM M3 IMem : size 0x7308
[   13.692765] omarchy-m2 kernel: apple-dcp 389c00000.dcp: RTKit: syslog message: M3Hal_v1.cpp:197: IOMFB: load LTM M3 DMem : size 0xd190
[   13.694013] omarchy-m2 kernel: apple-dcp 389c00000.dcp: RTKit: syslog message: ck_PCC2DBlm_v5.cpp:4938: [set_lts_buffer] buffer 0x10001cc4000 Add_lo = 0x1cc4000, Add_hi = 0x100, size 0x2900 stride 0x100
[   13.701012] omarchy-m2 kernel: apple-dcp 389c00000.dcp: RTKit: syslog message: PPipeDCP_H13P.cpp:10468: set_run_mode_safe: no need to defer: 1 -> 2
[   13.701182] omarchy-m2 kernel: apple-dcp 389c00000.dcp: RTKit: syslog message: UPPipeDCP_H13P.cpp:1532: IOMFB: videoClock is zero, defaulting to 521065000
[   13.701306] omarchy-m2 kernel: apple-dcp 389c00000.dcp: RTKit: syslog message: M3Hal_v1.cpp:197: IOMFB: load BLM M3 IMem : size 0x764c
[   13.701404] omarchy-m2 kernel: apple-dcp 389c00000.dcp: RTKit: syslog message: M3Hal_v1.cpp:197: IOMFB: load BLM M3 DMem : size 0xaf6c
[   13.702004] omarchy-m2 kernel: apple-dcp 389c00000.dcp: RTKit: syslog message: FBPropertyManager.h:189: value_t<P> IOMFB::PropMgr::getVal(IOMFB::RuntimeProperty) [P = IOMFB::RuntimePropertyType::boolean]: WARNING - type mismatch on
[   13.702130] omarchy-m2 kernel: apple-dcp 389c00000.dcp: RTKit: syslog message: PPipeDCP_H13P.cpp:10490: set_run_mode_safe: deferring: 2 -> 4
[   13.702274] omarchy-m2 kernel: apple-dcp 389c00000.dcp: RTKit: syslog message: PPipeDCP_H13P.cpp:10395: virtual IOMFBStatus IOMFB::UPPipeDCP_H13P::ready_for_run_mode_change(IOMFB::AppleRegisterStream *): initiating deferred run mod
[   13.702410] omarchy-m2 kernel: apple-dcp 389c00000.dcp: RTKit: syslog message: M3Hal_v1.cpp:197: IOMFB: load APT M3 IMem : size 0x7b40
[   13.702545] omarchy-m2 kernel: apple-dcp 389c00000.dcp: RTKit: syslog message: M3Hal_v1.cpp:197: IOMFB: load APT M3 DMem : size 0x6fd4
[   13.702679] omarchy-m2 kernel: apple-dcp 389c00000.dcp: RTKit: syslog message: CAHandler.cpp:188: IOMFB load_ca_data: Unrecognized data version 0 (expected 1 or 2)
[   13.703006] omarchy-m2 kernel: apple-dcp 389c00000.dcp: RTKit: syslog message: PPipeDCP_H13P.cpp:14085: IOMFB Int RTBandwidth: program_M3_rt_config: Using Dashboard 28e3d1208
[   13.703144] omarchy-m2 kernel: apple-dcp 389c00000.dcp: RTKit: syslog message: UPTSQManager.cpp:133: IOMFB: clearing M3 reset
[   13.703275] omarchy-m2 kernel: apple-dcp 389c00000.dcp: RTKit: syslog message: UPTSQ_Hal_v1.cpp:349: IOMFB: timebase_offset = 4
[   13.718006] omarchy-m2 kernel: apple-dcp 389c00000.dcp: RTKit: syslog message: UPTSQManager.cpp:105: IOMFB: switch to normal mode succeeded
[   13.718178] omarchy-m2 kernel: apple-dcp 389c00000.dcp: RTKit: syslog message: eoInterfaceIOAV.cpp:296: IOMFB: VideoInterfaceIOAV::power_on: m_power_ctrl->setPower( 1 )
[   13.721009] omarchy-m2 kernel: Bluetooth: hci0: Failed to read codec capabilities (-22)
[   13.722019] omarchy-m2 kernel: Bluetooth: hci0: Failed to read codec capabilities (-22)
[   13.723017] omarchy-m2 kernel: Bluetooth: hci0: Failed to read codec capabilities (-22)
[   13.724012] omarchy-m2 kernel: apple-dcp 389c00000.dcp: set_digital_out_mode finished:8376
[   13.724307] omarchy-m2 kernel: apple-dcp 389c00000.dcp: RTKit: syslog message: MMailboxHandler.cpp:214: pcc firmware: MailBox Printf is enabled in BLM Pipe Line Init
[   13.724589] omarchy-m2 kernel: Console: switching to colour frame buffer device 216x67
[   13.724618] omarchy-m2 kernel: Bluetooth: hci0: Failed to read codec capabilities (-22)
[   13.725013] omarchy-m2 kernel: Bluetooth: hci0: Failed to read codec capabilities (-22)
[   13.726008] omarchy-m2 kernel: Bluetooth: hci0: Failed to read codec capabilities (-22)
[   13.727037] omarchy-m2 kernel: Bluetooth: hci0: Failed to read codec capabilities (-22)
[   13.728015] omarchy-m2 kernel: apple-dcp 389c00000.dcp: RTKit: syslog message: PPipeDCP_H13P.cpp:17179: handle_stage1_enable blm_en 1 ltm_en 0
[   13.728271] omarchy-m2 kernel: Bluetooth: hci0: Failed to read codec capabilities (-22)
[   13.729006] omarchy-m2 kernel: Bluetooth: hci0: Failed to read codec capabilities (-22)
[   13.730008] omarchy-m2 kernel: Bluetooth: hci0: Failed to read codec capabilities (-22)
[   13.735015] omarchy-m2 kernel: Bluetooth: MGMT ver 1.23
[   13.750015] omarchy-m2 kernel: apple-drm soc:display-subsystem: [drm] fb0: appledrmfb frame buffer device
[   13.756004] omarchy-m2 kernel: apple-dcp 315c00000.dcp: typec mux set typec2 alt=0000000000000000 svid=0000 mode=0 dp=0 usb4=0 tbt=0 usb4_xbar=yes
[   13.759005] omarchy-m2 kernel: Bluetooth: hci0: Bad flag given (0x1) vs supported (0xe)
[   13.761559] omarchy-m2 kernel: apple-dcp 315c00000.dcp: typec mux set typec1 alt=0000000000000000 svid=0000 mode=0 dp=0 usb4=0 tbt=0 usb4_xbar=yes
[   13.767022] omarchy-m2 kernel: apple-dcp 315c00000.dcp: typec mux set typec0 alt=0000000000000000 svid=0000 mode=0 dp=0 usb4=0 tbt=0 usb4_xbar=yes
[   13.847035] omarchy-m2 kernel: ieee80211 phy0: brcmf_p2p_set_firmware: failed to update device address ret -52
[   13.847418] omarchy-m2 kernel: ieee80211 phy0: brcmf_p2p_create_p2pdev: set p2p_disc error
[   13.847738] omarchy-m2 kernel: ieee80211 phy0: brcmf_cfg80211_add_iface: add iface p2p-dev-wlan0 type 10 failed: err=-52
[   13.925006] omarchy-m2 kernel: input: MacBook Pro J416 Headphone Jack as /devices/platform/sound/sound/card1/input5
[   14.350009] omarchy-m2 kernel: Bluetooth: RFCOMM TTY layer initialized
[   14.350050] omarchy-m2 kernel: Bluetooth: RFCOMM socket layer initialized
[   14.350061] omarchy-m2 kernel: Bluetooth: RFCOMM ver 1.11
[   14.692019] omarchy-m2 kernel: snd-soc-macaudio sound: Speaker volumes unlocked
[   16.851011] omarchy-m2 kernel: kauditd_printk_skb: 260 callbacks suppressed
[   16.851036] omarchy-m2 kernel: audit: type=1130 audit(1790081422.172:160): pid=1 uid=0 auid=4294967295 ses=4294967295 subj=unconfined msg='unit=udisks2 comm="systemd" exe="/usr/lib/systemd/systemd" hostname=? addr=? terminal=? res=success'
[   18.245028] omarchy-m2 kernel: audit: type=1131 audit(1790081423.566:161): pid=1 uid=0 auid=4294967295 ses=4294967295 subj=unconfined msg='unit=systemd-rfkill comm="systemd" exe="/usr/lib/systemd/systemd" hostname=? addr=? terminal=? res=success'
[   18.804037] omarchy-m2 kernel: ieee80211 phy0: brcmf_set_key_mgmt: get okc_enable failed (-52)
[   18.808017] omarchy-m2 kernel: ieee80211 phy0: brcmf_c_set_joinpref_default: Set join_pref error (-52)
[   19.075015] omarchy-m2 kernel: audit: type=1334 audit(1790081424.395:162): prog-id=57 op=LOAD
[   19.075065] omarchy-m2 kernel: audit: type=1300 audit(1790081424.395:162): arch=c00000b7 syscall=280 success=yes exit=26 a0=5 a1=ffffd944bc30 a2=a8 a3=ffff1f69c540 items=0 ppid=1 pid=856 auid=4294967295 uid=0 gid=0 euid=0 suid=0 fsuid=0 egid=0 sgid=0 fsgid=0 tty=(none) ses=4294967295 comm="NetworkManager" exe="/usr/bin/NetworkManager" subj=unconfined key=(null)
[   19.075088] omarchy-m2 kernel: audit: type=1327 audit(1790081424.395:162): proctitle=2F7573722F62696E2F4E6574776F726B4D616E61676572002D2D6E6F2D6461656D6F6E
[   19.215011] omarchy-m2 kernel: audit: type=1334 audit(1790081424.535:163): prog-id=58 op=LOAD
[   19.215062] omarchy-m2 kernel: audit: type=1300 audit(1790081424.535:163): arch=c00000b7 syscall=280 success=yes exit=26 a0=5 a1=ffffd944bc30 a2=a8 a3=ffff1f69c540 items=0 ppid=1 pid=856 auid=4294967295 uid=0 gid=0 euid=0 suid=0 fsuid=0 egid=0 sgid=0 fsgid=0 tty=(none) ses=4294967295 comm="NetworkManager" exe="/usr/bin/NetworkManager" subj=unconfined key=(null)
[   19.215099] omarchy-m2 kernel: audit: type=1327 audit(1790081424.535:163): proctitle=2F7573722F62696E2F4E6574776F726B4D616E61676572002D2D6E6F2D6461656D6F6E
[   19.220016] omarchy-m2 kernel: audit: type=1334 audit(1790081424.541:164): prog-id=57 op=UNLOAD
[   21.361062] omarchy-m2 kernel: audit: type=1325 audit(1790081426.682:165): table=filter:36 family=2 entries=1 op=nft_register_chain pid=3031 subj=unconfined comm="iptables"
[   22.445004] omarchy-m2 kernel: kauditd_printk_skb: 98 callbacks suppressed
[   22.445015] omarchy-m2 kernel: audit: type=1131 audit(1790081427.766:198): pid=1 uid=0 auid=4294967295 ses=4294967295 subj=unconfined msg='unit=NetworkManager-dispatcher comm="systemd" exe="/usr/lib/systemd/systemd" hostname=? addr=? terminal=? res=success'
[   43.321065] omarchy-m2 kernel: audit: type=1131 audit(1790081448.641:199): pid=1 uid=0 auid=4294967295 ses=4294967295 subj=unconfined msg='unit=systemd-hostnamed comm="systemd" exe="/usr/lib/systemd/systemd" hostname=? addr=? terminal=? res=success'
[   43.350060] omarchy-m2 kernel: audit: type=1334 audit(1790081448.671:200): prog-id=38 op=UNLOAD
[   64.618017] omarchy-m2 kernel: audit: type=1101 audit(1790081469.939:201): pid=5930 uid=1001 auid=1001 ses=1 subj=unconfined msg='op=PAM:accounting grantors=pam_unix,pam_permit,pam_time acct="oliver" exe="/usr/bin/sudo" hostname=? addr=? terminal=? res=success'
[   64.619151] omarchy-m2 kernel: audit: type=1110 audit(1790081469.940:202): pid=5930 uid=1001 auid=1001 ses=1 subj=unconfined msg='op=PAM:setcred grantors=pam_faillock,pam_permit,pam_env,pam_faillock acct="root" exe="/usr/bin/sudo" hostname=? addr=? terminal=? res=success'
[   64.620018] omarchy-m2 kernel: audit: type=1105 audit(1790081469.941:203): pid=5930 uid=1001 auid=1001 ses=1 subj=unconfined msg='op=PAM:session_open grantors=pam_systemd_home,pam_limits,pam_unix,pam_permit,pam_systemd acct="root" exe="/usr/bin/sudo" hostname=? addr=? terminal=? res=success'
[   70.788013] omarchy-m2 kernel: audit: type=1106 audit(1790081476.108:204): pid=5930 uid=1001 auid=1001 ses=1 subj=unconfined msg='op=PAM:session_close grantors=pam_systemd_home,pam_limits,pam_unix,pam_permit,pam_systemd acct="root" exe="/usr/bin/sudo" hostname=? addr=? terminal=? res=success'
[   70.788116] omarchy-m2 kernel: audit: type=1104 audit(1790081476.108:205): pid=5930 uid=1001 auid=1001 ses=1 subj=unconfined msg='op=PAM:setcred grantors=pam_faillock,pam_permit,pam_env,pam_faillock acct="root" exe="/usr/bin/sudo" hostname=? addr=? terminal=? res=success'
[  159.714025] omarchy-m2 kernel: macsmc 2a2400000.smc: RTKit: syslog message: aceElec.cpp:1151:         Elec: Elec Cause 0x20
[  159.870016] omarchy-m2 kernel: macsmc 2a2400000.smc: RTKit: syslog message: charger.cpp:3180: Not charging:0
[  159.907008] omarchy-m2 kernel: macsmc 2a2400000.smc: RTKit: syslog message: aceElec.cpp:1151:         Elec: Elec Cause 0x200000
[  160.344020] omarchy-m2 kernel: apple-dcp 315c00000.dcp: typec mux set typec2 alt=0000000000000000 svid=0000 mode=4 dp=0 usb4=1 tbt=0 usb4_xbar=yes
[  160.344537] omarchy-m2 kernel: apple-dcp 315c00000.dcp: dcp_dptx_disconnect(port=0)
[  160.344840] omarchy-m2 kernel: apple-display-crossbar f0304c000.mux: Switched dpin0 to dispext1,0 (t602x atc=0x1 mux=0x2002)
[  160.345195] omarchy-m2 kernel: apple-display-crossbar f0304c000.mux: native DPIN0: route selected; gates deferred until clock setup
[  160.345487] omarchy-m2 kernel: apple-display-crossbar f0304c000.mux: t602x dpin0: 000=00000000 004=000001ff 008=00000000 00c=00000000 014=000001ff 018=00000000 01c=00000000 024=00000111 028=00000000 02c=00000000 030=00002002 034=00000000 040=0005ad6b 044=02b5ad6b 048=00000000 04c=00000000 050=00000000 060=00000000 070=00000000
[  160.345754] omarchy-m2 kernel: apple-display-crossbar f0304c000.mux: t602x dpin0 clk: 000=00000000 800=00000000 020=00000000 820=00000000 024=00000111 81c=00000111
[  160.346080] omarchy-m2 kernel: apple-dcp 315c00000.dcp: allocated Type-C DPTX PHY 4 (USB4 DP IN, ACIO AUX)
[  160.346371] omarchy-m2 kernel: apple-dcp 315c00000.dcp: USB4 dpin mux typec2; waiting for DP IN HPD
[  160.346668] omarchy-m2 kernel: thunderbolt-apple-acio f01ac0000.cio: RTKit: Initializing (protocol version 12)
[  160.346962] omarchy-m2 kernel: thunderbolt-apple-acio f01ac0000.cio: RTKit: syslog message: main.c:60: #ACIO FW IS READY# FW_VERSION_STRING=AppleCIOFirmware-475~290__2026-04-18-18:18
[  160.347188] omarchy-m2 kernel: thunderbolt-apple-acio f01ac0000.cio: RTKit: syslog message: main.c:61: FW state=1
[  160.347403] omarchy-m2 kernel: apple-dart f01a80000.iommu: DART [pagesize 4000, 16 streams, bypass support: 1, bypass forced: 0, locked: 0, AS 42 -> 42] initialized
[  160.347714] omarchy-m2 kernel: thunderbolt-apple-nhi f01f00000.nhi: device links to tunneled native ports are missing!
[  160.360006] omarchy-m2 kernel: thunderbolt-apple-acio f01ac0000.cio: RTKit: syslog message: lane_init.c:181: Entering Phase 1. action=0
[  160.360132] omarchy-m2 kernel: thunderbolt-apple-acio f01ac0000.cio: RTKit: syslog message: lane_init.c:78: Lane init parmas = 0x00000011
[  160.375004] omarchy-m2 kernel: audit: type=1130 audit(1790081565.696:206): pid=1 uid=0 auid=4294967295 ses=4294967295 subj=unconfined msg='unit=bolt comm="systemd" exe="/usr/lib/systemd/systemd" hostname=? addr=? terminal=? res=success'
[  160.382013] omarchy-m2 kernel: phy-apple-atc f03000000.phy: ATCPHY_PIPEHANDLER_STATE_USB4 not implemented; falling back to USB2
[  160.382185] omarchy-m2 kernel: xhci-hcd xhci-hcd.3.auto: xHCI Host Controller
[  160.382293] omarchy-m2 kernel: xhci-hcd xhci-hcd.3.auto: new USB bus registered, assigned bus number 1
[  160.382381] omarchy-m2 kernel: xhci-hcd xhci-hcd.3.auto: hcc params 0x0238ffcd hci version 0x110 quirks 0x0000808000000010
[  160.382463] omarchy-m2 kernel: xhci-hcd xhci-hcd.3.auto: irq 167, io mem 0xf02280000
[  160.382558] omarchy-m2 kernel: phy-apple-atc f03000000.phy: ATCPHY_PIPEHANDLER_STATE_USB4 not implemented; falling back to USB2
[  160.382644] omarchy-m2 kernel: xhci-hcd xhci-hcd.3.auto: xHCI Host Controller
[  160.382739] omarchy-m2 kernel: xhci-hcd xhci-hcd.3.auto: new USB bus registered, assigned bus number 2
[  160.382830] omarchy-m2 kernel: xhci-hcd xhci-hcd.3.auto: Host supports USB 3.1 Enhanced SuperSpeed
[  160.382924] omarchy-m2 kernel: usb usb1: New USB device found, idVendor=1d6b, idProduct=0002, bcdDevice= 7.01
[  160.383021] omarchy-m2 kernel: usb usb1: New USB device strings: Mfr=3, Product=2, SerialNumber=1
[  160.383094] omarchy-m2 kernel: usb usb1: Product: xHCI Host Controller
[  160.383157] omarchy-m2 kernel: usb usb1: Manufacturer: Linux 7.1.12-2.5-1-ARCH xhci-hcd
[  160.383225] omarchy-m2 kernel: usb usb1: SerialNumber: xhci-hcd.3.auto
[  160.383299] omarchy-m2 kernel: hub 1-0:1.0: USB hub found
[  160.383401] omarchy-m2 kernel: hub 1-0:1.0: 1 port detected
[  160.383489] omarchy-m2 kernel: usb usb2: We don't know the algorithms for LPM for this host, disabling LPM.
[  160.383576] omarchy-m2 kernel: usb usb2: New USB device found, idVendor=1d6b, idProduct=0003, bcdDevice= 7.01
[  160.383685] omarchy-m2 kernel: usb usb2: New USB device strings: Mfr=3, Product=2, SerialNumber=1
[  160.383783] omarchy-m2 kernel: usb usb2: Product: xHCI Host Controller
[  160.383881] omarchy-m2 kernel: usb usb2: Manufacturer: Linux 7.1.12-2.5-1-ARCH xhci-hcd
[  160.383974] omarchy-m2 kernel: usb usb2: SerialNumber: xhci-hcd.3.auto
[  160.384084] omarchy-m2 kernel: hub 2-0:1.0: USB hub found
[  160.384179] omarchy-m2 kernel: hub 2-0:1.0: 1 port detected
[  160.410006] omarchy-m2 kernel: thunderbolt-apple-acio f01ac0000.cio: RTKit: syslog message: lane_init.c:343: Entering Phase 2
[  160.426004] omarchy-m2 kernel: thunderbolt-apple-acio f01ac0000.cio: RTKit: syslog message: lane_init.c:396: Entering Phase 3
[  160.427004] omarchy-m2 kernel: thunderbolt-apple-acio f01ac0000.cio: RTKit: syslog message: lane_init.c:882: Got AT register 12. 3 bytes. 0x00 0xf3 0x5f
[  160.427107] omarchy-m2 kernel: thunderbolt-apple-acio f01ac0000.cio: RTKit: syslog message: lane_init.c:1024: Entering Connected
[  160.427197] omarchy-m2 kernel: thunderbolt-apple-acio f01ac0000.cio: RTKit: syslog message: high_speed_lane.c:2212: RT Broadcast LOCAL: gen=2, legacy=0, rs_fec=1, usb4=1, l0_en=1, l1_en=1
[  160.427281] omarchy-m2 kernel: thunderbolt-apple-acio f01ac0000.cio: RTKit: syslog message: high_speed_lane.c:2212: RT Broadcast LOCAL: gen=2, legacy=0, rs_fec=1, usb4=1, l0_en=1, l1_en=1
[  160.461029] omarchy-m2 kernel: thunderbolt-apple-acio f01ac0000.cio: RTKit: syslog message: high_speed_lane.c:2219: RT Broadcast REMOTE: gen=2, legacy=0, rs_fec=1, usb4=1, l0_en=1, l1_en=1
[  160.461338] omarchy-m2 kernel: thunderbolt-apple-acio f01ac0000.cio: RTKit: syslog message: high_speed_lane.c:2219: RT Broadcast REMOTE: gen=2, legacy=0, rs_fec=1, usb4=1, l0_en=1, l1_en=1
[  160.625030] omarchy-m2 kernel: usb 1-1: new high-speed USB device number 2 using xhci-hcd
[  160.686030] omarchy-m2 kernel: thunderbolt-apple-acio f01ac0000.cio: RTKit: syslog message: high_speed_lane.c:289: Gen2/3 link error. lane=0, error=84
[  160.686461] omarchy-m2 kernel: thunderbolt-apple-acio f01ac0000.cio: RTKit: syslog message: high_speed_lane.c:289: Gen2/3 link error. lane=1, error=84
[  160.686774] omarchy-m2 kernel: thunderbolt-apple-acio f01ac0000.cio: RTKit: syslog message: lane_training_cl0.c:24: Gen2/3 lane=0 entered CL0!
[  160.687098] omarchy-m2 kernel: thunderbolt-apple-acio f01ac0000.cio: RTKit: syslog message: lane_training_cl0.c:24: Gen2/3 lane=1 entered CL0!
[  160.704015] omarchy-m2 kernel: thunderbolt 0-1: new device found, vendor=0x5a device=0xde81
[  160.704413] omarchy-m2 kernel: thunderbolt 0-1: Other World Computing Thunderbolt 5 Hub
[  160.748014] omarchy-m2 kernel: usb 1-1: New USB device found, idVendor=1d5c, idProduct=5801, bcdDevice= 1.01
[  160.748150] omarchy-m2 kernel: usb 1-1: New USB device strings: Mfr=1, Product=2, SerialNumber=0
[  160.748245] omarchy-m2 kernel: usb 1-1: Product: USB2.0 Hub
[  160.748331] omarchy-m2 kernel: usb 1-1: Manufacturer: Fresco Logic, Inc.
[  160.754009] omarchy-m2 kernel: hub 1-1:1.0: USB hub found
[  160.755009] omarchy-m2 kernel: hub 1-1:1.0: 5 ports detected
[  160.930022] omarchy-m2 kernel: thunderbolt 0-0:1.1: new retimer found, vendor=0x5ac device=0x2200
[  161.032012] omarchy-m2 kernel: thunderbolt-apple-acio f01ac0000.cio: RTKit: syslog message: clx.c:776: CLX CFG: clx_en changed 0x0 --> 0x0
[  161.032092] omarchy-m2 kernel: thunderbolt-apple-acio f01ac0000.cio: RTKit: syslog message: clx.c:776: CLX CFG: clx_en changed 0x0 --> 0x3
[  161.297020] omarchy-m2 kernel: usb 1-1.1: new full-speed USB device number 3 using xhci-hcd
[  161.361011] omarchy-m2 kernel: thunderbolt-apple-acio f01ac0000.cio: RTKit: syslog message: iguration_space_tx.c:57: TX path: src port=14, null port=0, hopid=8
[  161.361117] omarchy-m2 kernel: thunderbolt-apple-acio f01ac0000.cio: RTKit: syslog message: ration_space_null.c:140: RX path: null port=0, queue=1, target port=14, hopid=8
[  161.363005] omarchy-m2 kernel: thunderbolt-apple-acio f01ac0000.cio: RTKit: syslog message: iguration_space_tx.c:57: TX path: src port=13, null port=0, hopid=9
[  161.363350] omarchy-m2 kernel: thunderbolt-apple-acio f01ac0000.cio: RTKit: syslog message: ration_space_null.c:140: RX path: null port=0, queue=2, target port=13, hopid=8
[  161.363750] omarchy-m2 kernel: thunderbolt-apple-acio f01ac0000.cio: error -ENODEV: PCIe-C requires a successful m1n1 preinit handoff
[  161.364202] omarchy-m2 kernel: thunderbolt-apple-acio f01ac0000.cio: deferred PCIe-C activation failed: -19
[  161.384017] omarchy-m2 kernel: usb 1-1.1: New USB device found, idVendor=1e91, idProduct=de81, bcdDevice= 0.04
[  161.384367] omarchy-m2 kernel: usb 1-1.1: New USB device strings: Mfr=1, Product=2, SerialNumber=3
[  161.384654] omarchy-m2 kernel: usb 1-1.1: Product: Thunderbolt 5 Hub
[  161.384910] omarchy-m2 kernel: usb 1-1.1: Manufacturer: Other World Computing
[  161.385181] omarchy-m2 kernel: usb 1-1.1: SerialNumber: 0052
[  161.465029] omarchy-m2 kernel: usb 1-1.2: new high-speed USB device number 4 using xhci-hcd
[  161.549058] omarchy-m2 kernel: usb 1-1.2: New USB device found, idVendor=06cb, idProduct=7100, bcdDevice= 1.c4
[  161.549220] omarchy-m2 kernel: usb 1-1.2: New USB device strings: Mfr=1, Product=2, SerialNumber=3
[  161.549356] omarchy-m2 kernel: usb 1-1.2: Product: VMM7100
[  161.549498] omarchy-m2 kernel: usb 1-1.2: Manufacturer: Synaptics
[  161.549637] omarchy-m2 kernel: usb 1-1.2: SerialNumber: 000000000000
[  161.571023] omarchy-m2 kernel: usbhid 1-1.2:1.0: couldn't find an input interrupt endpoint
[  161.571608] omarchy-m2 kernel: usbcore: registered new interface driver usbhid
[  161.571667] omarchy-m2 kernel: usbhid: USB HID core driver
[  162.095031] omarchy-m2 kernel: thunderbolt-apple-acio f01ac0000.cio: RTKit: syslog message: iguration_space_tx.c:57: TX path: src port=15, null port=0, hopid=10
[  162.095460] omarchy-m2 kernel: thunderbolt-apple-acio f01ac0000.cio: RTKit: syslog message: iguration_space_tx.c:57: TX path: src port=16, null port=0, hopid=11
[  162.095789] omarchy-m2 kernel: thunderbolt-apple-acio f01ac0000.cio: RTKit: syslog message: ration_space_null.c:140: RX path: null port=0, queue=3, target port=16, hopid=8
[  162.096107] omarchy-m2 kernel: thunderbolt-apple-nhi f01f00000.nhi: 0:5: USB4 DPTX Discovery closed (CS13 writable, CS9 static); AE=0 VE=0
[  162.097021] omarchy-m2 kernel: thunderbolt-apple-nhi f01f00000.nhi: 0:5: DP IN CS0=c0090400 CS1=00004008 CS2=241021c2 CS3=00000000 LOCAL=15402334 REMOTE=0547a135 STAT=00000000 COMMON=15402134 CS8=00000000 VE=1 AE=1 HPD=1 DPRX=0
[  162.097503] omarchy-m2 kernel: thunderbolt-apple-nhi f01f00000.nhi: 1:19: DP OUT CS0=c0090400 CS1=00004008 CS2=00000040 CS3=00000000 LOCAL=05c7a335 REMOTE=15402334 STAT=04000000 COMMON=05402334 CS8=00000000 VE=1 AE=1 HPD=1 DPRX=0
[  162.098204] omarchy-m2 kernel: thunderbolt-apple-nhi f01f00000.nhi: 0:5 <-> 1:19 (DP): Apple: DP IN HPD=1 typec=2 (DPTX should use this adapter, not ATC)
[  162.098815] omarchy-m2 kernel: thunderbolt-apple-nhi f01f00000.nhi: DP IN analog/AUX serializer: tunnel 0:5 <-> 1:19
[  162.099422] omarchy-m2 kernel: thunderbolt-apple-acio f01ac0000.cio: ACIO RC ctrl 0x0: 000=00003010 004=00000011 018=00040000 01c=00000001 024=09600258 028=00000001 030=000007af 034=00000001 038=00000001 03c=b2b10d42 040=00000042 044=00000001 048=00000001 060=00000001 064=00000001 068=00000001 070=00000001 074=00000001 078=00000001 0a8=01000000 0ac=04000001 0d0=00000062
[  162.100088] omarchy-m2 kernel: thunderbolt-apple-nhi f01f00000.nhi: 0: Apple VSE cap=53: 00=ca0005ff 01=00000011 02=00000000 03=00000000 04=00000000 05=00000000 06=00000000 07=00000000 08=00000000 09=00000000 0a=00000000 0b=00000000 0c=00000fff 0d=00000fff 0e=00000000 0f=00000000
[  162.100672] omarchy-m2 kernel: thunderbolt-apple-nhi f01f00000.nhi: DP IN analog block 0x4000 (port 5) dpin_aux=0 (0=hands-off)
[  162.101222] omarchy-m2 kernel: thunderbolt-apple-nhi f01f00000.nhi: DP IN analog: leaving PHY alone until DPRX timeout
[  162.101855] omarchy-m2 kernel: thunderbolt-apple-nhi f01f00000.nhi: 0:5: host DP IN type=0e0101 cap=9 CS0=c0090400 CS1=00004008 CS2=241021c2 CS3=00000000 LOCAL=15402334 REMOTE=0547a135 STAT=00000000 COMMON=15402134 CS8=00000000 CS9=41000553 CS10=00000000 ADP_CS4=0b300000 VE=1 AE=1 HPD=1 DPRX=0 LCK=0
[  162.102244] omarchy-m2 kernel: thunderbolt-apple-nhi f01f00000.nhi: 0:5: host DP IN CS11=00000000 CS12=00000000 CS13=00000000 CS14=00000000 CS15=00000000 CS16=00000000 disc=0
[  162.102557] omarchy-m2 kernel: thunderbolt-apple-nhi f01f00000.nhi: 0:6: host DP IN type=0e0101 cap=9 CS0=00090400 CS1=00004008 CS2=00000000 CS3=00000000 LOCAL=15402334 REMOTE=00000000 STAT=00000000 COMMON=00000000 CS8=00000000 CS9=41000553 CS10=00000000 ADP_CS4=0b300000 VE=0 AE=0 HPD=0 DPRX=0 LCK=0
[  162.102857] omarchy-m2 kernel: thunderbolt-apple-nhi f01f00000.nhi: 0:6: host DP IN CS11=00000000 CS12=00000000 CS13=00000000 CS14=00000000 CS15=00000000 CS16=00000000 disc=0
[  162.103199] omarchy-m2 kernel: thunderbolt-apple-nhi f01f00000.nhi: 0:5: DP IN hop 8 enable=1 out=1 next=11 credits=1
[  162.103514] omarchy-m2 kernel: thunderbolt-apple-nhi f01f00000.nhi: 0:5: DP IN hop 9 enable=1 out=1 next=10 credits=0
[  162.103831] omarchy-m2 kernel: thunderbolt-apple-nhi f01f00000.nhi: 1:19: hub DP OUT type=0e0102 cap=57 CS0=c0090400 CS1=00004008 CS2=00000040 CS3=00000000 LOCAL=05c7a335 REMOTE=15402334 STAT=04000000 COMMON=05402334 CS8=00000000 CS9=00000000 CS10=00000000 ADP_CS4=40800000 VE=1 AE=1 HPD=1 DPRX=0 LCK=0
[  162.104157] omarchy-m2 kernel: thunderbolt-apple-nhi f01f00000.nhi: 1:19: hub DP OUT CS11=00000000 CS12=00000000 CS13=00000000 CS14=00000000 CS15=00000000 CS16=00000000 disc=0
[  162.104452] omarchy-m2 kernel: thunderbolt-apple-nhi f01f00000.nhi: 0:5 <-> 1:19 (DP): Apple: DP tunnel paths up, not waiting for DPRX
[  162.152018] omarchy-m2 kernel: appledrm: DP IN HPD=1 typec2, dpin mux only (ACIO AUX, no DPTX PHY)
[  162.152062] omarchy-m2 kernel: apple-dcp 315c00000.dcp: USB4 DP IN armed typec2; DPTX HPD in 200 ms (no PHY connect)
[  162.360077] omarchy-m2 kernel: apple-dcp 315c00000.dcp: dcp_dptx_connect(port=0) target=0:4 typec=1 route=borrowed conn_type=20 connected=0
[  162.360419] omarchy-m2 kernel: apple-dcp 315c00000.dcp: USB4 protocol probe: target=0x8021 typec2, PHY absent, one attempt
[  162.360754] omarchy-m2 kernel: apple-dcp 315c00000.dcp: DPTX validate target=0x8021 core=1 atc=2 die=0 or=0x0
[  162.361055] omarchy-m2 kernel: apple-dcp 315c00000.dcp: USB4 protocol probe: validate=0
[  162.361352] omarchy-m2 kernel: apple-dcp 315c00000.dcp: DPTX connect target=0x8021 unk=0x100
[  162.361650] omarchy-m2 kernel: apple-dcp 315c00000.dcp: USB4 protocol probe: connect=0
[  162.361976] omarchy-m2 kernel: apple-dcp 315c00000.dcp: RTKit: syslog message: AppleDCPDPTX.cpp:355: [AFK]powering nub 0x854e10
[  162.362328] omarchy-m2 kernel: apple-dcp 315c00000.dcp: DPTXPort: APCALL 18 (32 bytes)
[  162.362633] omarchy-m2 kernel: apple-dcp 315c00000.dcp: DPTXPort: GET_SUPPORTS_HPD 1 usb4=1
[  162.362958] omarchy-m2 kernel: apple-dcp 315c00000.dcp: DPTXPort: APCALL 10 (32 bytes)
[  162.363289] omarchy-m2 kernel: apple-dcp 315c00000.dcp: get_max_lane_count: USB4 DP IN, 4 lanes
[  162.363613] omarchy-m2 kernel: apple-dcp 315c00000.dcp: DPTXPort: APCALL 0 (16 bytes)
[  162.363895] omarchy-m2 kernel: apple-display-crossbar f0304c000.mux: Switched dpin0 to disconnected state
[  162.364203] omarchy-m2 kernel: apple-display-crossbar f0304c000.mux: t602x idle: 000=00000000 004=000001ff 008=00000000 00c=00000000 014=000001ff 018=00000000 01c=00000000 024=00000111 028=00000000 02c=00000000 030=00000000 034=00000000 040=0005ad6b 044=02b5ad6b 048=00000000 04c=00000000 050=00000000 060=00000000 070=00000000
[  162.364502] omarchy-m2 kernel: apple-display-crossbar f0304c000.mux: t602x idle clk: 000=00000000 800=00000000 020=00000000 820=00000000 024=00000111 81c=00000111
[  162.364777] omarchy-m2 kernel: apple-display-crossbar f0304c000.mux: Switched dpin0 to dispext1,0 (t602x atc=0x1 mux=0x2002)
[  162.365068] omarchy-m2 kernel: apple-display-crossbar f0304c000.mux: native DPIN0: route selected; gates deferred until clock setup
[  162.365376] omarchy-m2 kernel: apple-display-crossbar f0304c000.mux: t602x dpin0: 000=00000000 004=000001ff 008=00000000 00c=00000000 014=000001ff 018=00000000 01c=00000000 024=00000111 028=00000000 02c=00000000 030=00002002 034=00000000 040=0005ad6b 044=02b5ad6b 048=00000000 04c=00000000 050=00000000 060=00000000 070=00000000
[  162.365693] omarchy-m2 kernel: apple-display-crossbar f0304c000.mux: t602x dpin0 clk: 000=00000000 800=00000000 020=00000000 820=00000000 024=00000111 81c=00000111
[  162.366028] omarchy-m2 kernel: thunderbolt-apple-acio f01ac0000.cio: native DPIN0: active=1 base=0x0000000f01e50000, CONTROL=0x0c ACK=0x10
[  162.366343] omarchy-m2 kernel: thunderbolt-apple-acio f01ac0000.cio: native DPIN0: active=1 handshake=0
[  162.366629] omarchy-m2 kernel: apple-dcp 315c00000.dcp: native DPIN0: DCP active=1 result=0
[  162.366924] omarchy-m2 kernel: apple-dcp 315c00000.dcp: USB4 protocol probe: request_display=0 modes=0
[  162.373024] omarchy-m2 kernel: apple-dcp 315c00000.dcp: RTKit: syslog message: DCPDP13Service.cpp:60: [AFK]version: 14
[  162.373332] omarchy-m2 kernel: apple-dcp 315c00000.dcp: RTKit: syslog message: DCPDPService.cpp:76: [AFK]version: 14
[  162.377023] omarchy-m2 kernel: apple-dcp 315c00000.dcp: AFK[ep:28]: new service DCPDP13Service on channel 1
[  162.382029] omarchy-m2 kernel: apple-dcp 315c00000.dcp: AFK[ep:28]: new service DCPDP13Service on channel 3
[  162.382322] omarchy-m2 kernel: apple-dcp 315c00000.dcp: USB4 protocol probe: HPD=0 cached_lanes=4 modes=0
[  162.382611] omarchy-m2 kernel: apple-dcp 315c00000.dcp: USB4 protocol probe finished: 0; no automatic retry
[  162.415014] omarchy-m2 kernel: apple-dcp 315c00000.dcp: DPTXPort: APCALL 21 (144 bytes)
[  162.417011] omarchy-m2 kernel: apple-dcp 315c00000.dcp: DPTXPort: APCALL 7 (32 bytes)
[  162.417323] omarchy-m2 kernel: apple-dcp 315c00000.dcp: DPTXPort: APCALL 13 (32 bytes)
[  162.417621] omarchy-m2 kernel: apple-dcp 315c00000.dcp: DPTXPort: APCALL 7 (32 bytes)
[  162.417918] omarchy-m2 kernel: apple-dcp 315c00000.dcp: DPTXPort: APCALL 15 (32 bytes)
[  162.418229] omarchy-m2 kernel: apple-dcp 315c00000.dcp: DPTXPort: APCALL 5 (16 bytes)
[  162.418510] omarchy-m2 kernel: apple-dcp 315c00000.dcp: DPTXPort: APCALL 12 (32 bytes)
[  162.418780] omarchy-m2 kernel: apple-dcp 315c00000.dcp: DPTXPort: APCALL 9 (32 bytes)
[  162.419051] omarchy-m2 kernel: apple-dcp 315c00000.dcp: DPTXPort: SET_LINK_RATE 0xa
[  162.419330] omarchy-m2 kernel: phy-apple-atc f03000000.phy: USB4 tunnel clock preflight: +7000=0000e001 +2200=00002000 +2000=10000000 +7044=00000000
[  162.419624] omarchy-m2 kernel: phy-apple-atc f03000000.phy: USB4 tunnel clock: rate=0xa result=0
[  162.419903] omarchy-m2 kernel: apple-dcp 315c00000.dcp: USB4 tunnel clock callback: rate=0xa result=0
[  162.420189] omarchy-m2 kernel: apple-dcp 315c00000.dcp: DPTXPort: APCALL 6 (16 bytes)
[  162.420468] omarchy-m2 kernel: apple-display-crossbar f0304c000.mux: t602x native-link-up-dpin0: 000=00000004 004=000001fb 008=00000004 00c=00000004 014=000001fb 018=00000010 01c=00000001 024=00000110 028=00000001 02c=00000004 030=00002002 034=00000000 040=0005ad6b 044=02b5ad6b 048=00000000 04c=00000000 050=00000000 060=00000000 070=00000000
[  162.420765] omarchy-m2 kernel: apple-display-crossbar f0304c000.mux: t602x native-link-up-dpin0 clk: 000=00000004 800=00000004 020=00000000 820=00000000 024=00000110 81c=00000110
[  162.421032] omarchy-m2 kernel: apple-display-crossbar f0304c000.mux: native DPIN0 crossbar bring-up result=0
[  162.421319] omarchy-m2 kernel: apple-dcp 315c00000.dcp: native DPIN0: DCP active=1 result=0
[  162.421596] omarchy-m2 kernel: apple-dcp 315c00000.dcp: native DPIN0: link-config up rate=0xa result=0
[  162.430026] omarchy-m2 kernel: apple-dcp 315c00000.dcp: DPTXPort: APCALL 13 (32 bytes)
[  162.430330] omarchy-m2 kernel: apple-dcp 315c00000.dcp: DPTXPort: APCALL 12 (32 bytes)
[  162.430595] omarchy-m2 kernel: apple-dcp 315c00000.dcp: set_active_lane_count: unexpected lane count:4 phy: 0
[  162.430881] omarchy-m2 kernel: apple-dcp 315c00000.dcp: USB4/DPTX: SET_ACTIVE_LANE_COUNT 4
[  162.431098] omarchy-m2 kernel: apple-dcp 315c00000.dcp: DPTXPort: APCALL 3 (64 bytes)
[  162.431158] omarchy-m2 kernel: apple-dcp 315c00000.dcp: set_drive_settings: 4:0:14:0:0:0:0
[  162.431218] omarchy-m2 kernel: apple-dcp 315c00000.dcp: DPTXPort: APCALL 2 (32 bytes)
[  162.432014] omarchy-m2 kernel: apple-dcp 315c00000.dcp: DPTXPort: APCALL 3 (64 bytes)
[  162.432284] omarchy-m2 kernel: apple-dcp 315c00000.dcp: set_drive_settings: 4:0:0:0:0:0:0
[  162.432550] omarchy-m2 kernel: apple-dcp 315c00000.dcp: DPTXPort: APCALL 2 (32 bytes)
[  162.432824] omarchy-m2 kernel: apple-dcp 315c00000.dcp: DPTXPort: APCALL 3 (64 bytes)
[  162.433120] omarchy-m2 kernel: apple-dcp 315c00000.dcp: set_drive_settings: 4:0:0:0:0:0:0
[  162.433386] omarchy-m2 kernel: apple-dcp 315c00000.dcp: DPTXPort: APCALL 2 (32 bytes)
[  162.435016] omarchy-m2 kernel: apple-dcp 315c00000.dcp: DPTXPort: APCALL 3 (64 bytes)
[  162.435300] omarchy-m2 kernel: apple-dcp 315c00000.dcp: set_drive_settings: 4:0:0:0:0:0:0
[  162.435573] omarchy-m2 kernel: apple-dcp 315c00000.dcp: DPTXPort: APCALL 2 (32 bytes)
[  162.552027] omarchy-m2 kernel: apple-dcp 315c00000.dcp: RTKit: syslog message: eoInterfaceIOAV.cpp:135: IOMFB: IOAVVideoInterface published
[  162.552337] omarchy-m2 kernel: apple-dcp 315c00000.dcp: RTKit: syslog message: eoInterfaceIOAV.cpp:714: IOMFBStatus VideoInterfaceIOAV::plug_gated(IOAVVideoInterface *, bool): display HPD asserted
[  162.556026] omarchy-m2 kernel: apple-dcp 315c00000.dcp: RTKit: syslog message: oInterfaceIOAV.cpp:1701: Got peer ID 1
[  162.556423] omarchy-m2 kernel: apple-dcp 315c00000.dcp: RTKit: syslog message: oInterfaceIOAV.cpp:1701: Got peer ID 1
[  162.556726] omarchy-m2 kernel: apple-dcp 315c00000.dcp: RTKit: syslog message: oInterfaceIOAV.cpp:1701: Got peer ID 1
[  162.556990] omarchy-m2 kernel: apple-dcp 315c00000.dcp: RTKit: syslog message: oInterfaceIOAV.cpp:1701: Got peer ID 1
[  162.557296] omarchy-m2 kernel: apple-dcp 315c00000.dcp: RTKit: syslog message: oInterfaceIOAV.cpp:1701: Got peer ID 1
[  162.557573] omarchy-m2 kernel: apple-dcp 315c00000.dcp: RTKit: syslog message: oInterfaceIOAV.cpp:1701: Got peer ID 1
[  162.557847] omarchy-m2 kernel: apple-dcp 315c00000.dcp: RTKit: syslog message: oInterfaceIOAV.cpp:1701: Got peer ID 1
[  162.558140] omarchy-m2 kernel: apple-dcp 315c00000.dcp: RTKit: syslog message: oInterfaceIOAV.cpp:1701: Got peer ID 1
[  162.558424] omarchy-m2 kernel: apple-dcp 315c00000.dcp: RTKit: syslog message: oInterfaceIOAV.cpp:1701: Got peer ID 1
[  162.558699] omarchy-m2 kernel: apple-dcp 315c00000.dcp: RTKit: syslog message: oInterfaceIOAV.cpp:1701: Got peer ID 1
[  162.558964] omarchy-m2 kernel: apple-dcp 315c00000.dcp: RTKit: syslog message: oInterfaceIOAV.cpp:1701: Got peer ID 1
[  162.559248] omarchy-m2 kernel: apple-dcp 315c00000.dcp: RTKit: syslog message: oInterfaceIOAV.cpp:1701: Got peer ID 1
[  162.559517] omarchy-m2 kernel: apple-dcp 315c00000.dcp: RTKit: syslog message: oInterfaceIOAV.cpp:1701: Got peer ID 1
[  162.559791] omarchy-m2 kernel: apple-dcp 315c00000.dcp: RTKit: syslog message: oInterfaceIOAV.cpp:1701: Got peer ID 1
[  162.560089] omarchy-m2 kernel: apple-dcp 315c00000.dcp: RTKit: syslog message: oInterfaceIOAV.cpp:1701: Got peer ID 1
[  162.560377] omarchy-m2 kernel: apple-dcp 315c00000.dcp: RTKit: syslog message: oInterfaceIOAV.cpp:1701: Got peer ID 1
[  162.560652] omarchy-m2 kernel: apple-dcp 315c00000.dcp: RTKit: syslog message: oInterfaceIOAV.cpp:1701: Got peer ID 1
[  162.560931] omarchy-m2 kernel: apple-dcp 315c00000.dcp: RTKit: syslog message: oInterfaceIOAV.cpp:1701: Got peer ID 1
[  162.561222] omarchy-m2 kernel: apple-dcp 315c00000.dcp: RTKit: syslog message: oInterfaceIOAV.cpp:1701: Got peer ID 1
[  162.561503] omarchy-m2 kernel: apple-dcp 315c00000.dcp: RTKit: syslog message: oInterfaceIOAV.cpp:1701: Got peer ID 1
[  162.561781] omarchy-m2 kernel: apple-dcp 315c00000.dcp: RTKit: syslog message: oInterfaceIOAV.cpp:1701: Got peer ID 1
[  162.562055] omarchy-m2 kernel: apple-dcp 315c00000.dcp: RTKit: syslog message: oInterfaceIOAV.cpp:1701: Got peer ID 1
[  162.562319] omarchy-m2 kernel: apple-dcp 315c00000.dcp: RTKit: syslog message: oInterfaceIOAV.cpp:1701: Got peer ID 1
[  162.562595] omarchy-m2 kernel: apple-dcp 315c00000.dcp: RTKit: syslog message: oInterfaceIOAV.cpp:1701: Got peer ID 1
[  162.562860] omarchy-m2 kernel: apple-dcp 315c00000.dcp: RTKit: syslog message: oInterfaceIOAV.cpp:1701: Got peer ID 1
[  162.563133] omarchy-m2 kernel: apple-dcp 315c00000.dcp: RTKit: syslog message: oInterfaceIOAV.cpp:1701: Got peer ID 1
[  162.563410] omarchy-m2 kernel: apple-dcp 315c00000.dcp: RTKit: syslog message: oInterfaceIOAV.cpp:1701: Got peer ID 1
[  162.563672] omarchy-m2 kernel: apple-dcp 315c00000.dcp: RTKit: syslog message: oInterfaceIOAV.cpp:1701: Got peer ID 1
[  162.563948] omarchy-m2 kernel: apple-dcp 315c00000.dcp: RTKit: syslog message: oInterfaceIOAV.cpp:1701: Got peer ID 1
[  162.564248] omarchy-m2 kernel: apple-dcp 315c00000.dcp: RTKit: syslog message: oInterfaceIOAV.cpp:1701: Got peer ID 1
[  162.564514] omarchy-m2 kernel: apple-dcp 315c00000.dcp: RTKit: syslog message: oInterfaceIOAV.cpp:1701: Got peer ID 1
[  162.564779] omarchy-m2 kernel: apple-dcp 315c00000.dcp: RTKit: syslog message: oInterfaceIOAV.cpp:1701: Got peer ID 1
[  162.565052] omarchy-m2 kernel: apple-dcp 315c00000.dcp: RTKit: syslog message: oInterfaceIOAV.cpp:1701: Got peer ID 1
[  162.565325] omarchy-m2 kernel: apple-dcp 315c00000.dcp: RTKit: syslog message: oInterfaceIOAV.cpp:1701: Got peer ID 1
[  162.565591] omarchy-m2 kernel: apple-dcp 315c00000.dcp: RTKit: syslog message: oInterfaceIOAV.cpp:1701: Got peer ID 1
[  162.565861] omarchy-m2 kernel: apple-dcp 315c00000.dcp: RTKit: syslog message: oInterfaceIOAV.cpp:1701: Got peer ID 1
[  162.566136] omarchy-m2 kernel: apple-dcp 315c00000.dcp: DCP property key=ColorElements bytes=5049 accepted=1 nr_modes=0
[  162.608026] omarchy-m2 kernel: thunderbolt-apple-nhi f01f00000.nhi: 0:5: DP IN CS changed CS0=c0090400 CS2=241021c2 CS9=41000553 CS13=00000000 COMMON=b7402134 VE=1 AE=1 HPD=1 DPRX=1 disc=0
[  162.608343] omarchy-m2 kernel: thunderbolt-apple-nhi f01f00000.nhi: 0:5: DP IN DPRX_DONE=1 (ACIO AUX completed)
[  162.608634] omarchy-m2 kernel: thunderbolt-apple-acio f01ac0000.cio: ACIO RC dpin0 analog DPRX done 0x4000: 000=80000000 004=00400040 008=00000004 00c=80000000 010=00000040 014=00000004 018=00001017 01c=00000010 020=00000000 024=00000004 028=80000000 02c=00000010 030=00000004 034=80000000 038=01010101 03c=00000101 040=00000001 044=01010101 048=00000001 04c=00000004 050=00000000 054=00000000 058=00000000
[  162.608919] omarchy-m2 kernel: thunderbolt-apple-acio f01ac0000.cio: ACIO RC dpin0 analog DPRX done 0x4000: 05c=00000000 060=00000000 064=00000000 068=00000000 06c=00000000 070=00000000 074=00000000 078=00000000 07c=00000000
[  162.609199] omarchy-m2 kernel: thunderbolt-apple-acio f01ac0000.cio: ACIO RC dpin1 analog 0x8000: 000=80000000 004=00040004 008=00000004 00c=10041007 010=00040004 014=00000000 018=00000004 01c=00000000 020=00040004 024=00000000 028=00000004 02c=80010000 030=00000004 034=80000000 038=00000004 03c=80000000 040=00000004 044=80000000 048=00000004 04c=80000000 050=00000004 054=80000000 058=00000004
[  162.609488] omarchy-m2 kernel: thunderbolt-apple-acio f01ac0000.cio: ACIO RC dpin1 analog 0x8000: 05c=80000000 060=00000004 064=00000000 068=00000000 06c=00000000 070=00000000 074=00000000 078=00000000 07c=00000000
[  162.617018] omarchy-m2 kernel: apple-dcp 315c00000.dcp: DCP property key=TimingElements bytes=205757 accepted=1 nr_modes=22
[  162.617358] omarchy-m2 kernel: apple-dcp 315c00000.dcp: DCP property key=DisplayAttributes bytes=1285 accepted=1 nr_modes=22
[  162.617658] omarchy-m2 kernel: apple-dcp 315c00000.dcp: DCP property key=Transport bytes=53 accepted=1 nr_modes=22
[  162.617959] omarchy-m2 kernel: apple-dcp 315c00000.dcp: RTKit: syslog message: oInterfaceIOAV.cpp:1701: Got peer ID 1
[  162.618260] omarchy-m2 kernel: apple-dcp 315c00000.dcp: cb_hotplug() connected:1, valid_mode:0 nr_modes:22
[  162.618561] omarchy-m2 kernel: apple-dcp 315c00000.dcp: dcp_hotplug() connected:1 valid_mode:0 nr_modes:22
[  162.633027] omarchy-m2 kernel: apple-dcp 315c00000.dcp: dcp_dptx_connect(port=0) target=0:4 typec=1 route=borrowed conn_type=20 connected=1
[  162.633358] omarchy-m2 kernel: apple-dcp 315c00000.dcp: dcp_poweron() starting
[  162.633640] omarchy-m2 kernel: apple-dcp 315c00000.dcp: RTKit: syslog message: FramebufferDCP.cpp:5931: IOMFBParameter_adaptive_sync Req minRR = 0x0, mediaTargetRate = 0x0, Fractional Rate = 0
[  162.633934] omarchy-m2 kernel: apple-dcp 315c00000.dcp: RTKit: syslog message: nifiedPipeline.cpp:1356: set_device_enabled_gated: current state: 0, requested state: 1
[  162.634268] omarchy-m2 kernel: apple-dcp 315c00000.dcp: RTKit: syslog message: PPipeDCP_H13P.cpp:10468: set_run_mode_safe: no need to defer: 0 -> 1
[  162.634573] omarchy-m2 kernel: apple-dcp 315c00000.dcp: RTKit: syslog message: PPipeDCP_H13P.cpp:10468: set_run_mode_safe: no need to defer: 1 -> 2
[  162.634868] omarchy-m2 kernel: apple-dcp 315c00000.dcp: read_edt_data key=initial-vbi-advance-lines count=1 default0=0x2 ret=0
[  162.635183] omarchy-m2 kernel: apple-dcp 315c00000.dcp: dcp_set_power_state_req returned, 9999 ms remaining
[  162.635473] omarchy-m2 kernel: apple-dcp 315c00000.dcp: set_digital_out_mode(color:88 timing:50) "2560x1440": 60 241500 2560 2608 2640 2720 1440 1443 1448 1481 0x48 0x0
[  162.635748] omarchy-m2 kernel: apple-dcp 315c00000.dcp: set_digital_out_mode() color mode depth:8 format:0 colorimetry:10 eotf:0 range:0 vrr:0
[  162.636034] omarchy-m2 kernel: apple-dcp 315c00000.dcp: RTKit: syslog message: nifiedPipeline.cpp:7462: set_digital_out_mode: Modeset requested for colorID: 88, timingID: 50
[  162.636307] omarchy-m2 kernel: apple-dcp 315c00000.dcp: RTKit: syslog message: PPipeDCP_H13P.cpp:18011: Dual pipe disabled offset 0
[  162.636588] omarchy-m2 kernel: apple-dcp 315c00000.dcp: RTKit: syslog message: PPipeDCP_H13P.cpp:10468: set_run_mode_safe: no need to defer: 2 -> 1
[  162.636868] omarchy-m2 kernel: apple-dcp 315c00000.dcp: RTKit: syslog message: PPipeDCP_H13P.cpp:10468: set_run_mode_safe: no need to defer: 1 -> 0
[  162.637160] omarchy-m2 kernel: apple-dcp 315c00000.dcp: RTKit: syslog message: nifiedPipeline.cpp:1356: set_device_enabled_gated: current state: 1, requested state: 0
[  162.836026] omarchy-m2 kernel: apple-dcp 315c00000.dcp: RTKit: syslog message: nifiedPipeline.cpp:7700: set_mode: timingID: 50 colorID: 88
[  162.836355] omarchy-m2 kernel: apple-dcp 315c00000.dcp: DPTXPort: APCALL 7 (32 bytes)
[  162.836636] omarchy-m2 kernel: apple-dcp 315c00000.dcp: DPTXPort: APCALL 13 (32 bytes)
[  162.836902] omarchy-m2 kernel: apple-dcp 315c00000.dcp: DPTXPort: APCALL 7 (32 bytes)
[  162.837180] omarchy-m2 kernel: apple-dcp 315c00000.dcp: DPTXPort: APCALL 14 (32 bytes)
[  162.837442] omarchy-m2 kernel: apple-dcp 315c00000.dcp: DPTXPort: APCALL 4 (64 bytes)
[  162.841025] omarchy-m2 kernel: apple-dcp 315c00000.dcp: RTKit: syslog message: PPipeDCP_H13P.cpp:11092: IOMFB updateFrequencies: minimum-frequency property not found, using getClockFrequency(0) instead.
[  162.841335] omarchy-m2 kernel: apple-dcp 315c00000.dcp: RTKit: syslog message: PPipeDCP_H13P.cpp:11109: IOMFB updateFrequencies EDT ERROR: getClockFrequency(0) (0) < videoClock 120749992! Giving up on frequencies.
[  162.841625] omarchy-m2 kernel: apple-dcp 315c00000.dcp: RTKit: syslog message: nifiedPipeline.cpp:7356: IOMFBStatus UnifiedPipeline::mode_set_gated(uint32_t, uint32_t): 2560x1440@59 Hz link: 1
[  162.841946] omarchy-m2 kernel: apple-dcp 315c00000.dcp: RTKit: syslog message: nifiedPipeline.cpp:1356: set_device_enabled_gated: current state: 0, requested state: 1
[  162.842244] omarchy-m2 kernel: apple-dcp 315c00000.dcp: RTKit: syslog message: PPipeDCP_H13P.cpp:10468: set_run_mode_safe: no need to defer: 0 -> 1
[  162.842536] omarchy-m2 kernel: apple-dcp 315c00000.dcp: RTKit: syslog message: ck_Config_H13P.cpp:1771: program_frame_size: pixel_clock 241500000, vid0 120750000, 000078c0 0000021f
[  162.842827] omarchy-m2 kernel: apple-dcp 315c00000.dcp: RTKit: syslog message: PPipeDCP_H13P.cpp:10468: set_run_mode_safe: no need to defer: 1 -> 2
[  162.843123] omarchy-m2 kernel: apple-dcp 315c00000.dcp: RTKit: syslog message: PPipeDCP_H13P.cpp:12351: IOMFB: Ext XPan M3 pixel_clock 241500000, htot 2720 vtot 1481
[  162.843395] omarchy-m2 kernel: apple-dcp 315c00000.dcp: RTKit: syslog message: PPipeDCP_H13P.cpp:12353: IOMFB: Ext XPan M3 SFM lines 1481, piodma_duration_lines 89, TSQ 1381
[  162.843703] omarchy-m2 kernel: apple-dcp 315c00000.dcp: RTKit: syslog message: PPipeDCP_H13P.cpp:12355: IOMFB: Ext XPan M3 SFM dur 400329, DisplayLead 27570
[  162.843996] omarchy-m2 kernel: apple-dcp 315c00000.dcp: read_edt_data key=initial-vbi-advance-lines count=1 default0=0x2 ret=0
[  162.844280] omarchy-m2 kernel: apple-dcp 315c00000.dcp: RTKit: syslog message: oTimingElement.cpp:1349: [AFK]SPLIT is 0
[  162.844554] omarchy-m2 kernel: apple-dcp 315c00000.dcp: RTKit: syslog message: PPipeDCP_H13P.cpp:10490: set_run_mode_safe: deferring: 2 -> 4
[  162.844818] omarchy-m2 kernel: apple-dcp 315c00000.dcp: RTKit: syslog message: PPipeDCP_H13P.cpp:10395: virtual IOMFBStatus IOMFB::UPPipeDCP_H13P::ready_for_run_mode_change(IOMFB::AppleRegisterStream *): initiating deferred run mod
[  162.845111] omarchy-m2 kernel: apple-dcp 315c00000.dcp: RTKit: syslog message: M3Hal_v1.cpp:197: IOMFB: load APT M3 IMem : size 0x7b40
[  162.845377] omarchy-m2 kernel: apple-dcp 315c00000.dcp: RTKit: syslog message: M3Hal_v1.cpp:197: IOMFB: load APT M3 DMem : size 0x6fd4
[  162.845660] omarchy-m2 kernel: apple-dcp 315c00000.dcp: RTKit: syslog message: CAHandler.cpp:188: IOMFB load_ca_data: Unrecognized data version 0 (expected 1 or 2)
[  162.845924] omarchy-m2 kernel: apple-dcp 315c00000.dcp: RTKit: syslog message: UPPipe.cpp:3767: IOMFB read_pmu_data_sync: pmu ram read error (e00002d8)
[  162.846210] omarchy-m2 kernel: apple-dcp 315c00000.dcp: RTKit: syslog message: PPipeDCP_H13P.cpp:14085: IOMFB Ext RTBandwidth: program_M3_rt_config: Using Dashboard 28e3d1218
[  162.846474] omarchy-m2 kernel: apple-dcp 315c00000.dcp: RTKit: syslog message: UPTSQManager.cpp:133: IOMFB: clearing M3 reset
[  162.847270] omarchy-m2 kernel: apple-dcp 315c00000.dcp: RTKit: syslog message: UPTSQ_Hal_v1.cpp:349: IOMFB: timebase_offset = 4
[  162.858028] omarchy-m2 kernel: apple-dcp 315c00000.dcp: RTKit: syslog message: UPTSQManager.cpp:105: IOMFB: switch to normal mode succeeded
[  162.859021] omarchy-m2 kernel: apple-dcp 315c00000.dcp: set_digital_out_mode finished:8275
[  162.859309] omarchy-m2 kernel: apple-dcp 315c00000.dcp: USB4 frame: flush entry valid=1 connected=1 busy=0
[  162.859581] omarchy-m2 kernel: apple-dcp 315c00000.dcp: USB4 frame: flush surface=1 enabled=0x80000007 ctm=1
[  162.859853] omarchy-m2 kernel: apple-dcp 315c00000.dcp: USB4 frame: start request connected=1
[  162.860140] omarchy-m2 kernel: apple-dcp 315c00000.dcp: USB4 frame: start ack; submit id=2
[  162.860412] omarchy-m2 kernel: apple-dcp 315c00000.dcp: USB4 frame: submit ack ret=0
[  162.876073] omarchy-m2 kernel: apple-dcp 315c00000.dcp: USB4 frame: complete id=2
[  162.876390] omarchy-m2 kernel: apple-display-crossbar f0304c000.mux: t602x after-frame-dpin0: 000=00000004 004=000001fb 008=00000004 00c=00000004 014=000001fb 018=00000010 01c=00000001 024=00000110 028=00000001 02c=00000004 030=00002002 034=00000000 040=0005ad6b 044=02b5ad6b 048=00000000 04c=00000000 050=00000000 060=00000000 070=00000000
[  162.876683] omarchy-m2 kernel: apple-display-crossbar f0304c000.mux: t602x after-frame-dpin0 clk: 000=00000004 800=00000004 020=00000000 820=00000000 024=00000110 81c=00000110
[  162.876951] omarchy-m2 kernel: apple-dcp 315c00000.dcp: Right frame: usb4=1 crossbar snapshot result=0
[  166.768023] omarchy-m2 kernel: macsmc 2a2400000.smc: RTKit: syslog message: aceElec.cpp:1151:         Elec: Elec Cause 0x1000
[  250.642006] omarchy-m2 kernel: audit: type=1101 audit(1790081655.962:207): pid=15210 uid=1001 auid=1001 ses=1 subj=unconfined msg='op=PAM:accounting grantors=pam_unix,pam_permit,pam_time acct="oliver" exe="/usr/bin/sudo" hostname=? addr=? terminal=? res=success'
[  250.643005] omarchy-m2 kernel: audit: type=1110 audit(1790081655.963:208): pid=15210 uid=1001 auid=1001 ses=1 subj=unconfined msg='op=PAM:setcred grantors=pam_faillock,pam_permit,pam_env,pam_faillock acct="root" exe="/usr/bin/sudo" hostname=? addr=? terminal=? res=success'
[  250.644006] omarchy-m2 kernel: audit: type=1105 audit(1790081655.964:209): pid=15210 uid=1001 auid=1001 ses=1 subj=unconfined msg='op=PAM:session_open grantors=pam_systemd_home,pam_limits,pam_unix,pam_permit,pam_systemd acct="root" exe="/usr/bin/sudo" hostname=? addr=? terminal=? res=success'
