[    8.693326] omarchy-m2 kernel: Booting Linux on physical CPU 0x0000000000 [0x611f0340]
[    8.693340] omarchy-m2 kernel: Linux version 7.1.12-2.5-1-ARCH (linux-aurora@archlinux) (gcc (GCC) 16.1.1 20260430, GNU ld (GNU Binutils) 2.46.0) #1 SMP PREEMPT_DYNAMIC Sun, 20 Sep 2026 02:52:44 +0000
[    8.693345] omarchy-m2 kernel: random: crng init done
[    8.693349] omarchy-m2 kernel: Machine model: Apple MacBook Pro (16-inch, M2 Pro, 2023)
[    8.693352] omarchy-m2 kernel: efi: EFI v2.11 by Das U-Boot
[    8.693356] omarchy-m2 kernel: efi: RTPROP=0x107d4312040 SMBIOS 3.0=0x107d53c2000 INITRD=0x107d42f8040 MEMRESERVE=0x107d42f7040 
[    8.693360] omarchy-m2 kernel: OF: reserved mem: 0x000001000196c000..0x0000010001c7ffff (3152 KiB) nomap non-reusable asc-firmware@1000196c000
[    8.693369] omarchy-m2 kernel: OF: reserved mem: 0x00000100009fc000..0x000001000132ffff (9424 KiB) nomap non-reusable asc-firmware@100009fc000
[    8.693373] omarchy-m2 kernel: OF: reserved mem: 0x00000107d9478000..0x00000107d947bfff (16 KiB) nomap non-reusable sio-firmware-data@107d9478000
[    8.693376] omarchy-m2 kernel: OF: reserved mem: 0x00000107d947c000..0x00000107d947ffff (16 KiB) nomap non-reusable sio-firmware-data@107d947c000
[    8.693381] omarchy-m2 kernel: OF: reserved mem: 0x00000107d9480000..0x00000107d949ffff (128 KiB) nomap non-reusable sio-firmware-data@107d9480000
[    8.693384] omarchy-m2 kernel: OF: reserved mem: 0x00000107d94a0000..0x00000107d94a3fff (16 KiB) nomap non-reusable sio-firmware-data@107d94a0000
[    8.693388] omarchy-m2 kernel: OF: reserved mem: 0x0000010001d48000..0x0000010001e3ffff (992 KiB) nomap non-reusable asc-firmware@10001d48000
[    8.693392] omarchy-m2 kernel: OF: reserved mem: 0x00000100013e4000..0x00000100013fffff (112 KiB) nomap non-reusable asc-firmware@100013e4000
[    8.693397] omarchy-m2 kernel: OF: reserved mem: 0x00000107ddc80000..0x00000107e4f43fff (117520 KiB) nomap non-reusable framebuffer@107ddc80000
[    8.693401] omarchy-m2 kernel: OF: reserved mem: 0x00000107db37c000..0x00000107dc37bfff (16384 KiB) nomap non-reusable asc-firmware@107db37c000
[    8.693405] omarchy-m2 kernel: OF: reserved mem: 0x00000107dc37c000..0x00000107dc67bfff (3072 KiB) nomap non-reusable asc-firmware@107dc37c000
[    8.693408] omarchy-m2 kernel: OF: reserved mem: 0x00000107dc67c000..0x00000107dd67bfff (16384 KiB) nomap non-reusable asc-firmware@107dc67c000
[    8.693412] omarchy-m2 kernel: OF: reserved mem: 0x00000107dd67c000..0x00000107dd97bfff (3072 KiB) nomap non-reusable asc-firmware@107dd67c000
[    8.693415] omarchy-m2 kernel: OF: reserved mem: 0x00000107ddc7c000..0x00000107ddc7ffff (16 KiB) nomap non-reusable region157@107ddc7c000
[    8.693419] omarchy-m2 kernel: OF: reserved mem: 0x00000107e4f44000..0x00000107e5003fff (768 KiB) nomap non-reusable region95@107e4f44000
[    8.693422] omarchy-m2 kernel: OF: reserved mem: 0x00000107e5004000..0x00000107e5363fff (3456 KiB) nomap non-reusable region94@107e5004000
[    8.693426] omarchy-m2 kernel: OF: reserved mem: 0x00000107e5364000..0x00000107e6363fff (16384 KiB) nomap non-reusable region57@107e5364000
[    8.693429] omarchy-m2 kernel: OF: reserved mem: 0x00000107dd97c000..0x00000107ddc7bfff (3072 KiB) nomap non-reusable dcp_data@107dd97c000
[    8.693433] omarchy-m2 kernel: OF: reserved mem: 0x0000010000230000..0x0000010000833fff (6160 KiB) nomap non-reusable asc-firmware@10000230000
[    8.693436] omarchy-m2 kernel: OF: reserved mem: 0x00000107d94c8000..0x00000107d94cbfff (16 KiB) map non-reusable flash@107d94c8000
[    8.693440] omarchy-m2 kernel: OF: reserved mem: 0x0000010002148000..0x00000100021bffff (480 KiB) map non-reusable flash@10002148000
[    8.693443] omarchy-m2 kernel: OF: reserved mem: 0x00000107d94a4000..0x00000107d94bbfff (96 KiB) map non-reusable globals
[    8.693447] omarchy-m2 kernel: OF: reserved mem: 0x00000107d94c0000..0x00000107d94c7fff (32 KiB) map non-reusable hw-cal-a
[    8.693450] omarchy-m2 kernel: OF: reserved mem: 0x00000107d94bc000..0x00000107d94bffff (16 KiB) map non-reusable hw-cal-b
[    8.693454] omarchy-m2 kernel: OF: reserved mem: 0x00000107fff70000..0x00000107fff73fff (16 KiB) map non-reusable uat-handoff
[    8.693457] omarchy-m2 kernel: OF: reserved mem: 0x00000107fff78000..0x00000107fffb7fff (256 KiB) map non-reusable uat-pagetables
[    8.693461] omarchy-m2 kernel: OF: reserved mem: 0x00000107fffb8000..0x00000107fffbbfff (16 KiB) map non-reusable uat-ttbs
[    8.693464] omarchy-m2 kernel: OF: reserved mem: 0x00000107d94cc000..0x00000107d9783fff (2784 KiB) nomap non-reusable isp-heap
[    8.693468] omarchy-m2 kernel: cma: Reserved 64 MiB at 0x0000010006000000
[    8.693471] omarchy-m2 kernel: Zone ranges:
[    8.693475] omarchy-m2 kernel:   DMA      [mem 0x0000010000230000-0x00000107fffbbfff]
[    8.693479] omarchy-m2 kernel:   DMA32    empty
[    8.693483] omarchy-m2 kernel:   Normal   empty
[    8.693486] omarchy-m2 kernel: Movable zone start for each node
[    8.693490] omarchy-m2 kernel: Early memory node ranges
[    8.693494] omarchy-m2 kernel:   node   0: [mem 0x0000010000230000-0x0000010000833fff]
[    8.693497] omarchy-m2 kernel:   node   0: [mem 0x00000100009fc000-0x000001000132ffff]
[    8.693501] omarchy-m2 kernel:   node   0: [mem 0x00000100013e4000-0x00000100013fffff]
[    8.693504] omarchy-m2 kernel:   node   0: [mem 0x000001000196c000-0x0000010001c7ffff]
[    8.693507] omarchy-m2 kernel:   node   0: [mem 0x0000010001d48000-0x0000010001e3ffff]
[    8.693510] omarchy-m2 kernel:   node   0: [mem 0x0000010001e40000-0x0000010002217fff]
[    8.693513] omarchy-m2 kernel:   node   0: [mem 0x0000010002218000-0x0000010002327fff]
[    8.693517] omarchy-m2 kernel:   node   0: [mem 0x0000010002328000-0x0000010004f13fff]
[    8.693520] omarchy-m2 kernel:   node   0: [mem 0x0000010004f14000-0x0000010004f23fff]
[    8.693523] omarchy-m2 kernel:   node   0: [mem 0x0000010004f24000-0x0000010004f27fff]
[    8.693527] omarchy-m2 kernel:   node   0: [mem 0x0000010004f28000-0x0000010004f37fff]
[    8.693530] omarchy-m2 kernel:   node   0: [mem 0x0000010004f38000-0x0000010004f3bfff]
[    8.693534] omarchy-m2 kernel:   node   0: [mem 0x0000010004f3c000-0x0000010004f4bfff]
[    8.693537] omarchy-m2 kernel:   node   0: [mem 0x0000010004f4c000-0x0000010004f4ffff]
[    8.693540] omarchy-m2 kernel:   node   0: [mem 0x0000010004f50000-0x0000010004f5ffff]
[    8.693544] omarchy-m2 kernel:   node   0: [mem 0x0000010004f60000-0x0000010004f63fff]
[    8.693548] omarchy-m2 kernel:   node   0: [mem 0x0000010004f64000-0x0000010004f73fff]
[    8.693551] omarchy-m2 kernel:   node   0: [mem 0x0000010004f74000-0x0000010004f77fff]
[    8.693554] omarchy-m2 kernel:   node   0: [mem 0x0000010004f78000-0x0000010004f87fff]
[    8.693557] omarchy-m2 kernel:   node   0: [mem 0x0000010004f88000-0x0000010004f8bfff]
[    8.693561] omarchy-m2 kernel:   node   0: [mem 0x0000010004f8c000-0x0000010004f9bfff]
[    8.693564] omarchy-m2 kernel:   node   0: [mem 0x0000010004f9c000-0x0000010004f9ffff]
[    8.693567] omarchy-m2 kernel:   node   0: [mem 0x0000010004fa0000-0x0000010004faffff]
[    8.693570] omarchy-m2 kernel:   node   0: [mem 0x0000010004fb0000-0x0000010004fb3fff]
[    8.693574] omarchy-m2 kernel:   node   0: [mem 0x0000010004fb4000-0x0000010004fc3fff]
[    8.693577] omarchy-m2 kernel:   node   0: [mem 0x0000010004fc4000-0x0000010004fc7fff]
[    8.693584] omarchy-m2 kernel:   node   0: [mem 0x0000010004fc8000-0x0000010004fd7fff]
[    8.693588] omarchy-m2 kernel:   node   0: [mem 0x0000010004fd8000-0x0000010004fdbfff]
[    8.693591] omarchy-m2 kernel:   node   0: [mem 0x0000010004fdc000-0x0000010004febfff]
[    8.693594] omarchy-m2 kernel:   node   0: [mem 0x0000010004fec000-0x0000010004feffff]
[    8.693597] omarchy-m2 kernel:   node   0: [mem 0x0000010004ff0000-0x0000010005023fff]
[    8.693600] omarchy-m2 kernel:   node   0: [mem 0x0000010005024000-0x000001073b3fffff]
[    8.693603] omarchy-m2 kernel:   node   0: [mem 0x000001073b400000-0x000001073b403fff]
[    8.693606] omarchy-m2 kernel:   node   0: [mem 0x000001073b404000-0x00000107d430ffff]
[    8.693609] omarchy-m2 kernel:   node   0: [mem 0x00000107d4310000-0x00000107d4337fff]
[    8.693612] omarchy-m2 kernel:   node   0: [mem 0x00000107d4338000-0x00000107d53bffff]
[    8.693616] omarchy-m2 kernel:   node   0: [mem 0x00000107d53c0000-0x00000107d53c3fff]
[    8.693619] omarchy-m2 kernel:   node   0: [mem 0x00000107d53c4000-0x00000107d938ffff]
[    8.693622] omarchy-m2 kernel:   node   0: [mem 0x00000107d9390000-0x00000107d939ffff]
[    8.693625] omarchy-m2 kernel:   node   0: [mem 0x00000107d93a0000-0x00000107d9473fff]
[    8.693629] omarchy-m2 kernel:   node   0: [mem 0x00000107d9478000-0x00000107d94a3fff]
[    8.693632] omarchy-m2 kernel:   node   0: [mem 0x00000107d94a4000-0x00000107d94cbfff]
[    8.693635] omarchy-m2 kernel:   node   0: [mem 0x00000107d94cc000-0x00000107d9783fff]
[    8.693638] omarchy-m2 kernel:   node   0: [mem 0x00000107db37c000-0x00000107e6363fff]
[    8.693641] omarchy-m2 kernel:   node   0: [mem 0x00000107fff70000-0x00000107fff73fff]
[    8.693645] omarchy-m2 kernel:   node   0: [mem 0x00000107fff78000-0x00000107fffbbfff]
[    8.693648] omarchy-m2 kernel: Initmem setup node 0 [mem 0x0000010000230000-0x00000107fffbbfff]
[    8.693651] omarchy-m2 kernel: On node 0, zone DMA: 140 pages in unavailable ranges
[    8.693654] omarchy-m2 kernel: On node 0, zone DMA: 114 pages in unavailable ranges
[    8.693658] omarchy-m2 kernel: On node 0, zone DMA: 45 pages in unavailable ranges
[    8.693661] omarchy-m2 kernel: On node 0, zone DMA: 347 pages in unavailable ranges
[    8.693664] omarchy-m2 kernel: On node 0, zone DMA: 50 pages in unavailable ranges
[    8.693667] omarchy-m2 kernel: On node 0, zone DMA: 1 pages in unavailable ranges
[    8.693671] omarchy-m2 kernel: On node 0, zone DMA: 1790 pages in unavailable ranges
[    8.693674] omarchy-m2 kernel: On node 0, zone DMA: 9987 pages in unavailable ranges
[    8.693677] omarchy-m2 kernel: On node 0, zone DMA: 1 pages in unavailable ranges
[    8.693680] omarchy-m2 kernel: On node 0, zone DMA: 17 pages in unavailable ranges
[    8.693684] omarchy-m2 kernel: percpu: Embedded 9 pages/cpu s103320 r8192 d35944 u147456
[    8.693687] omarchy-m2 kernel: pcpu-alloc: s103320 r8192 d35944 u147456 alloc=9*16384
[    8.693691] omarchy-m2 kernel: pcpu-alloc: [0] 00 [0] 01 [0] 02 [0] 03 [0] 04 [0] 05 [0] 06 [0] 07 
[    8.693694] omarchy-m2 kernel: pcpu-alloc: [0] 08 [0] 09 [0] 10 [0] 11 
[    8.693698] omarchy-m2 kernel: Detected PIPT I-cache on CPU0
[    8.693701] omarchy-m2 kernel: CPU features: detected: Address authentication (IMP DEF algorithm)
[    8.693704] omarchy-m2 kernel: CPU features: detected: Virtualization Host Extensions
[    8.693708] omarchy-m2 kernel: CPU features: detected: Spectre-v4
[    8.693712] omarchy-m2 kernel: CPU features: detected: Spectre-BHB
[    8.693715] omarchy-m2 kernel: CPU features: detected: Apple IMPDEF PMUv3 Traps
[    8.693718] omarchy-m2 kernel: alternatives: applying boot alternatives
[    8.693722] omarchy-m2 kernel: Kernel command line: BOOT_IMAGE=/vmlinuz-linux-aurora root=UUID=725346d2-f127-47bc-b464-9dd46155e8d6 rw rootflags=subvol=@ cryptdevice=UUID=de26457c-f363-450f-916a-888a0b9b1fd6:root:allow-discards loglevel=3 quiet splash
[    8.693726] omarchy-m2 kernel: Unknown kernel command line parameters "splash cryptdevice=UUID=de26457c-f363-450f-916a-888a0b9b1fd6:root:allow-discards", will be passed to user space.
[    8.693729] omarchy-m2 kernel: printk: log buffer data + meta data: 262144 + 1114112 = 1376256 bytes
[    8.693733] omarchy-m2 kernel: Dentry cache hash table entries: 4194304 (order: 11, 33554432 bytes, linear)
[    8.693736] omarchy-m2 kernel: Inode-cache hash table entries: 2097152 (order: 10, 16777216 bytes, linear)
[    8.693739] omarchy-m2 kernel: software IO TLB: SWIOTLB bounce buffer size adjusted to 31MB
[    8.693743] omarchy-m2 kernel: software IO TLB: area num 16.
[    8.693746] omarchy-m2 kernel: software IO TLB: SWIOTLB bounce buffer size roundup to 32MB
[    8.693749] omarchy-m2 kernel: software IO TLB: mapped [mem 0x00000107d228c000-0x00000107d428c000] (32MB)
[    8.693754] omarchy-m2 kernel: Built 1 zonelists, mobility grouping on.  Total pages: 2068276
[    8.693757] omarchy-m2 kernel: mem auto-init: stack:off, heap alloc:on, heap free:off
[    8.693761] omarchy-m2 kernel: SLUB: HWalign=64, Order=0-3, MinObjects=0, CPUs=12, Nodes=1
[    8.693764] omarchy-m2 kernel: Dynamic Preempt: full
[    8.693768] omarchy-m2 kernel: rcu: Preemptible hierarchical RCU implementation.
[    8.693771] omarchy-m2 kernel: rcu:         RCU restricting CPUs from NR_CPUS=64 to nr_cpu_ids=12.
[    8.693775] omarchy-m2 kernel:         Trampoline variant of Tasks RCU enabled.
[    8.693778] omarchy-m2 kernel:         Tracing variant of Tasks RCU enabled.
[    8.693782] omarchy-m2 kernel: rcu: RCU calculated value of scheduler-enlistment delay is 100 jiffies.
[    8.693790] omarchy-m2 kernel: rcu: Adjusting geometry for rcu_fanout_leaf=16, nr_cpu_ids=12
[    8.693793] omarchy-m2 kernel: RCU Tasks: Setting shift to 4 and lim to 1 rcu_task_cb_adjust=1 rcu_task_cpu_ids=12.
[    8.693797] omarchy-m2 kernel: NR_IRQS: 64, nr_irqs: 64, preallocated irqs: 0
[    8.693800] omarchy-m2 kernel: Root IRQ handler: aic_handle_irq
[    8.693803] omarchy-m2 kernel: Root FIQ handler: aic_handle_fiq
[    8.693807] omarchy-m2 kernel: irq_apple_aic: Using Fast IPIs
[    8.693811] omarchy-m2 kernel: irq_apple_aic: Initialized with 1961/4096 IRQs * 1/8 die(s), 7 FIQs, 32 vIPIs
[    8.693814] omarchy-m2 kernel: rcu: srcu_init: Setting srcu_struct sizes based on contention.
[    8.693818] omarchy-m2 kernel: clocksource: jiffies: mask: 0xffffffff max_cycles: 0xffffffff, max_idle_ns: 1911260446275000 ns
[    8.693821] omarchy-m2 kernel: arch_timer: cp15 timer running at 24.00MHz (phys).
[    8.693824] omarchy-m2 kernel: clocksource: arch_sys_counter: mask: 0xffffffffffffff max_cycles: 0x588fe9dc0, max_idle_ns: 440795202592 ns
[    8.693828] omarchy-m2 kernel: sched_clock: 56 bits at 24MHz, resolution 41ns, wraps every 4398046511097ns
[    8.693831] omarchy-m2 kernel: Console: colour dummy device 80x25
[    8.693835] omarchy-m2 kernel: printk: legacy console [tty0] enabled
[    8.693839] omarchy-m2 kernel: Calibrating delay loop (skipped), value calculated using timer frequency.. 48.00 BogoMIPS (lpj=24000)
[    8.693843] omarchy-m2 kernel: pid_max: default: 32768 minimum: 301
[    8.693847] omarchy-m2 kernel: landlock: Up and running.
[    8.693851] omarchy-m2 kernel: Yama: becoming mindful.
[    8.693855] omarchy-m2 kernel: AppArmor: AppArmor initialized
[    8.693858] omarchy-m2 kernel: Mount-cache hash table entries: 65536 (order: 5, 524288 bytes, linear)
[    8.693862] omarchy-m2 kernel: Mountpoint-cache hash table entries: 65536 (order: 5, 524288 bytes, linear)
[    8.693866] omarchy-m2 kernel: VFS: Finished mounting rootfs on nullfs
[    8.693870] omarchy-m2 kernel: rcu: Hierarchical SRCU implementation.
[    8.693874] omarchy-m2 kernel: rcu:         Max phase no-delay instances is 400.
[    8.693877] omarchy-m2 kernel: Timer migration: 2 hierarchy levels; 8 children per group; 2 crossnode level
[    8.693881] omarchy-m2 kernel: Remapping and enabling EFI services.
[    8.693885] omarchy-m2 kernel: smp: Bringing up secondary CPUs ...
[    8.693888] omarchy-m2 kernel: Detected PIPT I-cache on CPU1
[    8.693892] omarchy-m2 kernel: CPU1: Booted secondary processor 0x0000000001 [0x611f0340]
[    8.693896] omarchy-m2 kernel: Detected PIPT I-cache on CPU2
[    8.693899] omarchy-m2 kernel: CPU2: Booted secondary processor 0x0000000002 [0x611f0340]
[    8.693903] omarchy-m2 kernel: Detected PIPT I-cache on CPU3
[    8.693907] omarchy-m2 kernel: CPU3: Booted secondary processor 0x0000000003 [0x611f0340]
[    8.693911] omarchy-m2 kernel: Detected PIPT I-cache on CPU4
[    8.693914] omarchy-m2 kernel: CPU4: Booted secondary processor 0x0000010100 [0x611f0350]
[    8.693918] omarchy-m2 kernel: Detected PIPT I-cache on CPU5
[    8.693921] omarchy-m2 kernel: CPU5: Booted secondary processor 0x0000010101 [0x611f0350]
[    8.693925] omarchy-m2 kernel: Detected PIPT I-cache on CPU6
[    8.693928] omarchy-m2 kernel: CPU6: Booted secondary processor 0x0000010102 [0x611f0350]
[    8.693932] omarchy-m2 kernel: Detected PIPT I-cache on CPU7
[    8.693936] omarchy-m2 kernel: CPU7: Booted secondary processor 0x0000010103 [0x611f0350]
[    8.693939] omarchy-m2 kernel: Detected PIPT I-cache on CPU8
[    8.693943] omarchy-m2 kernel: CPU8: Booted secondary processor 0x0000010200 [0x611f0350]
[    8.693946] omarchy-m2 kernel: Detected PIPT I-cache on CPU9
[    8.693950] omarchy-m2 kernel: CPU9: Booted secondary processor 0x0000010201 [0x611f0350]
[    8.693954] omarchy-m2 kernel: Detected PIPT I-cache on CPU10
[    8.693958] omarchy-m2 kernel: CPU10: Booted secondary processor 0x0000010202 [0x611f0350]
[    8.693961] omarchy-m2 kernel: Detected PIPT I-cache on CPU11
[    8.693965] omarchy-m2 kernel: CPU11: Booted secondary processor 0x0000010203 [0x611f0350]
[    8.693969] omarchy-m2 kernel: smp: Brought up 1 node, 12 CPUs
[    8.693972] omarchy-m2 kernel: SMP: Total of 12 processors activated.
[    8.693976] omarchy-m2 kernel: CPU: All CPU(s) started at EL2
[    8.693980] omarchy-m2 kernel: CPU features: detected: Branch Target Identification
[    8.693984] omarchy-m2 kernel: CPU features: detected: ARMv8.4 Translation Table Level
[    8.693988] omarchy-m2 kernel: CPU features: detected: Data cache clean to the PoU not required for I/D coherence
[    8.693991] omarchy-m2 kernel: CPU features: detected: Common not Private translations
[    8.693995] omarchy-m2 kernel: CPU features: detected: CRC32 instructions
[    8.693998] omarchy-m2 kernel: CPU features: detected: Data independent timing control (DIT)
[    8.694004] omarchy-m2 kernel: CPU features: detected: E0PD
[    8.694008] omarchy-m2 kernel: CPU features: detected: Enhanced Counter Virtualization
[    8.694018] omarchy-m2 kernel: CPU features: detected: Enhanced Virtualization Traps
[    8.694021] omarchy-m2 kernel: CPU features: detected: Fine Grained Traps
[    8.694025] omarchy-m2 kernel: CPU features: detected: Generic authentication (IMP DEF algorithm)
[    8.694029] omarchy-m2 kernel: CPU features: detected: RCpc load-acquire (LDAPR)
[    8.694032] omarchy-m2 kernel: CPU features: detected: LSE atomic instructions
[    8.694036] omarchy-m2 kernel: CPU features: detected: Privileged Access Never
[    8.694039] omarchy-m2 kernel: CPU features: detected: RAS Extension Support
[    8.694043] omarchy-m2 kernel: CPU features: detected: Speculation barrier (SB)
[    8.694046] omarchy-m2 kernel: CPU features: detected: Stage-2 Force Write-Back
[    8.694050] omarchy-m2 kernel: CPU features: detected: TLB range maintenance instructions
[    8.694053] omarchy-m2 kernel: CPU features: detected: XNX
[    8.694057] omarchy-m2 kernel: CPU features: detected: Speculative Store Bypassing Safe (SSBS)
[    8.694061] omarchy-m2 kernel: alternatives: applying system-wide alternatives
[    8.694064] omarchy-m2 kernel: CPU features: detected: ACTLR virtualization (architectural?)
[    8.694068] omarchy-m2 kernel: CPU features: detected: ICV_DIR_EL1 trapping
[    8.694071] omarchy-m2 kernel: CPU features: detected: TSO memory model (Apple)
[    8.694075] omarchy-m2 kernel: Memory: 32517184K/33092416K available (16192K kernel code, 2850K rwdata, 11904K rodata, 2048K init, 664K bss, 496560K reserved, 65536K cma-reserved)
[    8.694079] omarchy-m2 kernel: devtmpfs: initialized
[    8.694083] omarchy-m2 kernel: posixtimers hash table entries: 8192 (order: 3, 131072 bytes, linear)
[    8.694087] omarchy-m2 kernel: futex hash table entries: 4096 (262144 bytes on 1 NUMA nodes, total 256 KiB, linear).
[    8.694090] omarchy-m2 kernel: 6060 pages in range for non-PLT usage
[    8.694094] omarchy-m2 kernel: 128940 pages in range for PLT usage
[    8.694098] omarchy-m2 kernel: DMI: SMBIOS 3.7.0 present.
[    8.694101] omarchy-m2 kernel: DMI: Apple Inc. Mac14,10/J416s, BIOS 2026.07 07/01/2026
[    8.694105] omarchy-m2 kernel: DMI: Memory slots populated: 1/1
[    8.694109] omarchy-m2 kernel: NET: Registered PF_NETLINK/PF_ROUTE protocol family
[    8.694113] omarchy-m2 kernel: DMA: preallocated 4096 KiB GFP_KERNEL|GFP_DMA pool for atomic allocations
[    8.694117] omarchy-m2 kernel: audit: initializing netlink subsys (disabled)
[    8.694121] omarchy-m2 kernel: audit: type=2000 audit(0.011:1): state=initialized audit_enabled=0 res=1
[    8.694125] omarchy-m2 kernel: thermal_sys: Registered thermal governor 'fair_share'
[    8.694129] omarchy-m2 kernel: thermal_sys: Registered thermal governor 'bang_bang'
[    8.694133] omarchy-m2 kernel: thermal_sys: Registered thermal governor 'step_wise'
[    8.694136] omarchy-m2 kernel: thermal_sys: Registered thermal governor 'user_space'
[    8.694140] omarchy-m2 kernel: thermal_sys: Registered thermal governor 'power_allocator'
[    8.694143] omarchy-m2 kernel: cpuidle: using governor ladder
[    8.694147] omarchy-m2 kernel: cpuidle: using governor menu
[    8.694150] omarchy-m2 kernel: hw-breakpoint: found 6 breakpoint and 4 watchpoint registers.
[    8.694154] omarchy-m2 kernel: ASID allocator initialised with 256 entries
[    8.694158] omarchy-m2 kernel: /soc/i2c@39b040000/usb-pd@38/connector: Fixed dependency cycle(s) with /soc/dcp@289c00000/typec-routes/route@0
[    8.694162] omarchy-m2 kernel: /soc/i2c@39b040000/usb-pd@38/connector: Fixed dependency cycle(s) with /soc/dcp@315c00000/typec-routes/route@0
[    8.694165] omarchy-m2 kernel: /soc/i2c@39b040000/usb-pd@38/connector: Fixed dependency cycle(s) with /soc/cio@701ac0000
[    8.694169] omarchy-m2 kernel: /soc/i2c@39b040000/usb-pd@38/connector: Fixed dependency cycle(s) with /soc/phy@703000000
[    8.694173] omarchy-m2 kernel: /soc/i2c@39b040000/usb-pd@38/connector: Fixed dependency cycle(s) with /soc/usb@702280000
[    8.694176] omarchy-m2 kernel: /soc/i2c@39b040000/usb-pd@3f/connector: Fixed dependency cycle(s) with /soc/dcp@289c00000/typec-routes/route@1
[    8.694180] omarchy-m2 kernel: /soc/i2c@39b040000/usb-pd@3f/connector: Fixed dependency cycle(s) with /soc/dcp@315c00000/typec-routes/route@1
[    8.694184] omarchy-m2 kernel: /soc/i2c@39b040000/usb-pd@3f/connector: Fixed dependency cycle(s) with /soc/cio@b01ac0000
[    8.694187] omarchy-m2 kernel: /soc/i2c@39b040000/usb-pd@3f/connector: Fixed dependency cycle(s) with /soc/phy@b03000000
[    8.694191] omarchy-m2 kernel: /soc/i2c@39b040000/usb-pd@3f/connector: Fixed dependency cycle(s) with /soc/usb@b02280000
[    8.694195] omarchy-m2 kernel: /soc/i2c@39b040000/usb-pd@3b/connector: Fixed dependency cycle(s) with /soc/dcp@289c00000/typec-routes/route@2
[    8.694199] omarchy-m2 kernel: /soc/i2c@39b040000/usb-pd@3b/connector: Fixed dependency cycle(s) with /soc/dcp@315c00000/typec-routes/route@2
[    8.694202] omarchy-m2 kernel: /soc/i2c@39b040000/usb-pd@3b/connector: Fixed dependency cycle(s) with /soc/cio@f01ac0000
[    8.694206] omarchy-m2 kernel: /soc/i2c@39b040000/usb-pd@3b/connector: Fixed dependency cycle(s) with /soc/phy@f03000000
[    8.694210] omarchy-m2 kernel: /soc/i2c@39b040000/usb-pd@3b/connector: Fixed dependency cycle(s) with /soc/usb@f02280000
[    8.694214] omarchy-m2 kernel: /soc/pcie@580000000: Fixed dependency cycle(s) with /soc/pcie@580000000
[    8.694218] omarchy-m2 kernel: /soc/pcie@580000000/pci@0,0: Fixed dependency cycle(s) with /soc/pcie@580000000/pci@0,0
[    8.694222] omarchy-m2 kernel: /soc/pcie@580000000/pci@1,0: Fixed dependency cycle(s) with /soc/pcie@580000000/pci@1,0
[    8.694226] omarchy-m2 kernel: /soc/dcp@289c00000: Fixed dependency cycle(s) with /soc/audio-controller@39b504000
[    8.694230] omarchy-m2 kernel: /soc/dcp@289c00000: Fixed dependency cycle(s) with /soc/phy@1303000000
[    8.694233] omarchy-m2 kernel: /soc/dcp@289c00000/typec-routes/route@0: Fixed dependency cycle(s) with /soc/i2c@39b040000/usb-pd@38/connector
[    8.694237] omarchy-m2 kernel: /soc/dcp@289c00000/typec-routes/route@1: Fixed dependency cycle(s) with /soc/i2c@39b040000/usb-pd@3f/connector
[    8.694245] omarchy-m2 kernel: /soc/dcp@289c00000/typec-routes/route@2: Fixed dependency cycle(s) with /soc/i2c@39b040000/usb-pd@3b/connector
[    8.694248] omarchy-m2 kernel: /soc/dcp@315c00000: Fixed dependency cycle(s) with /soc/audio-controller@39b508000
[    8.694253] omarchy-m2 kernel: /soc/dcp@315c00000/typec-routes/route@0: Fixed dependency cycle(s) with /soc/i2c@39b040000/usb-pd@38/connector
[    8.694257] omarchy-m2 kernel: /soc/dcp@315c00000/typec-routes/route@1: Fixed dependency cycle(s) with /soc/i2c@39b040000/usb-pd@3f/connector
[    8.694261] omarchy-m2 kernel: /soc/dcp@315c00000/typec-routes/route@2: Fixed dependency cycle(s) with /soc/i2c@39b040000/usb-pd@3b/connector
[    8.694264] omarchy-m2 kernel: /soc/audio-controller@39b504000: Fixed dependency cycle(s) with /soc/dcp@289c00000
[    8.694268] omarchy-m2 kernel: /soc/audio-controller@39b508000: Fixed dependency cycle(s) with /soc/dcp@315c00000
[    8.694271] omarchy-m2 kernel: /soc/cio@701ac0000: Fixed dependency cycle(s) with /soc/i2c@39b040000/usb-pd@38/connector
[    8.694275] omarchy-m2 kernel: /soc/usb4-pcie-tunnel-0/pcie@730000000: Fixed dependency cycle(s) with /soc/usb4-pcie-tunnel-0/pcie@730000000
[    8.694279] omarchy-m2 kernel: /soc/usb4-pcie-tunnel-0/pcie@730000000/pci@0,0: Fixed dependency cycle(s) with /soc/usb4-pcie-tunnel-0/pcie@730000000/pci@0,0
[    8.694283] omarchy-m2 kernel: /soc/usb@702280000: Fixed dependency cycle(s) with /soc/i2c@39b040000/usb-pd@38/connector
[    8.694286] omarchy-m2 kernel: /soc/usb@702280000: Fixed dependency cycle(s) with /soc/phy@703000000
[    8.694290] omarchy-m2 kernel: /soc/phy@703000000: Fixed dependency cycle(s) with /soc/usb@702280000
[    8.694294] omarchy-m2 kernel: /soc/phy@703000000: Fixed dependency cycle(s) with /soc/i2c@39b040000/usb-pd@38/connector
[    8.694297] omarchy-m2 kernel: /soc/cio@b01ac0000: Fixed dependency cycle(s) with /soc/i2c@39b040000/usb-pd@3f/connector
[    8.694301] omarchy-m2 kernel: /soc/usb4-pcie-tunnel-1/pcie@b30000000: Fixed dependency cycle(s) with /soc/usb4-pcie-tunnel-1/pcie@b30000000
[    8.694305] omarchy-m2 kernel: /soc/usb4-pcie-tunnel-1/pcie@b30000000/pci@0,0: Fixed dependency cycle(s) with /soc/usb4-pcie-tunnel-1/pcie@b30000000/pci@0,0
[    8.694309] omarchy-m2 kernel: /soc/usb@b02280000: Fixed dependency cycle(s) with /soc/i2c@39b040000/usb-pd@3f/connector
[    8.694312] omarchy-m2 kernel: /soc/usb@b02280000: Fixed dependency cycle(s) with /soc/phy@b03000000
[    8.694316] omarchy-m2 kernel: /soc/phy@b03000000: Fixed dependency cycle(s) with /soc/usb@b02280000
[    8.694319] omarchy-m2 kernel: /soc/phy@b03000000: Fixed dependency cycle(s) with /soc/i2c@39b040000/usb-pd@3f/connector
[    8.694323] omarchy-m2 kernel: /soc/cio@f01ac0000: Fixed dependency cycle(s) with /soc/i2c@39b040000/usb-pd@3b/connector
[    8.694326] omarchy-m2 kernel: /soc/usb4-pcie-tunnel-2/pcie@f30000000: Fixed dependency cycle(s) with /soc/usb4-pcie-tunnel-2/pcie@f30000000
[    8.694330] omarchy-m2 kernel: /soc/usb4-pcie-tunnel-2/pcie@f30000000/pci@0,0: Fixed dependency cycle(s) with /soc/usb4-pcie-tunnel-2/pcie@f30000000/pci@0,0
[    8.694334] omarchy-m2 kernel: /soc/usb@f02280000: Fixed dependency cycle(s) with /soc/i2c@39b040000/usb-pd@3b/connector
[    8.694338] omarchy-m2 kernel: /soc/usb@f02280000: Fixed dependency cycle(s) with /soc/phy@f03000000
[    8.694341] omarchy-m2 kernel: /soc/phy@f03000000: Fixed dependency cycle(s) with /soc/usb@f02280000
[    8.694345] omarchy-m2 kernel: /soc/phy@f03000000: Fixed dependency cycle(s) with /soc/i2c@39b040000/usb-pd@3b/connector
[    8.694349] omarchy-m2 kernel: /soc/usb4-pcie-tunnel-3/pcie@1330000000: Fixed dependency cycle(s) with /soc/usb4-pcie-tunnel-3/pcie@1330000000
[    8.694352] omarchy-m2 kernel: /soc/usb4-pcie-tunnel-3/pcie@1330000000/pci@0,0: Fixed dependency cycle(s) with /soc/usb4-pcie-tunnel-3/pcie@1330000000/pci@0,0
[    8.694356] omarchy-m2 kernel: /soc/phy@1303000000: Fixed dependency cycle(s) with /soc/dcp@289c00000
[    8.694360] omarchy-m2 kernel: /soc/i2c@39b040000/usb-pd@38/connector: Fixed dependency cycle(s) with /soc/dcp@289c00000/typec-routes/route@0
[    8.694364] omarchy-m2 kernel: /soc/i2c@39b040000/usb-pd@38/connector: Fixed dependency cycle(s) with /soc/dcp@315c00000/typec-routes/route@0
[    8.694368] omarchy-m2 kernel: /soc/i2c@39b040000/usb-pd@38/connector: Fixed dependency cycle(s) with /soc/cio@701ac0000
[    8.694375] omarchy-m2 kernel: /soc/i2c@39b040000/usb-pd@38/connector: Fixed dependency cycle(s) with /soc/phy@703000000
[    8.694379] omarchy-m2 kernel: /soc/i2c@39b040000/usb-pd@38/connector: Fixed dependency cycle(s) with /soc/usb@702280000
[    8.694383] omarchy-m2 kernel: /soc/i2c@39b040000/usb-pd@3f/connector: Fixed dependency cycle(s) with /soc/dcp@289c00000/typec-routes/route@1
[    8.694387] omarchy-m2 kernel: /soc/i2c@39b040000/usb-pd@3f/connector: Fixed dependency cycle(s) with /soc/dcp@315c00000/typec-routes/route@1
[    8.694390] omarchy-m2 kernel: /soc/i2c@39b040000/usb-pd@3f/connector: Fixed dependency cycle(s) with /soc/cio@b01ac0000
[    8.694394] omarchy-m2 kernel: /soc/i2c@39b040000/usb-pd@3f/connector: Fixed dependency cycle(s) with /soc/phy@b03000000
[    8.694397] omarchy-m2 kernel: /soc/i2c@39b040000/usb-pd@3f/connector: Fixed dependency cycle(s) with /soc/usb@b02280000
[    8.694401] omarchy-m2 kernel: /soc/i2c@39b040000/usb-pd@3b/connector: Fixed dependency cycle(s) with /soc/dcp@289c00000/typec-routes/route@2
[    8.694405] omarchy-m2 kernel: /soc/i2c@39b040000/usb-pd@3b/connector: Fixed dependency cycle(s) with /soc/dcp@315c00000/typec-routes/route@2
[    8.694408] omarchy-m2 kernel: /soc/i2c@39b040000/usb-pd@3b/connector: Fixed dependency cycle(s) with /soc/cio@f01ac0000
[    8.694412] omarchy-m2 kernel: /soc/i2c@39b040000/usb-pd@3b/connector: Fixed dependency cycle(s) with /soc/phy@f03000000
[    8.694415] omarchy-m2 kernel: /soc/i2c@39b040000/usb-pd@3b/connector: Fixed dependency cycle(s) with /soc/usb@f02280000
[    8.694419] omarchy-m2 kernel: /soc/pcie@580000000: Fixed dependency cycle(s) with /soc/pcie@580000000
[    8.694423] omarchy-m2 kernel: /soc/pcie@580000000/pci@0,0: Fixed dependency cycle(s) with /soc/pcie@580000000/pci@0,0
[    8.694426] omarchy-m2 kernel: /soc/pcie@580000000/pci@1,0: Fixed dependency cycle(s) with /soc/pcie@580000000/pci@1,0
[    8.694430] omarchy-m2 kernel: /soc/dcp@289c00000: Fixed dependency cycle(s) with /soc/audio-controller@39b504000
[    8.694433] omarchy-m2 kernel: /soc/dcp@289c00000: Fixed dependency cycle(s) with /soc/phy@f03000000
[    8.694437] omarchy-m2 kernel: /soc/dcp@289c00000: Fixed dependency cycle(s) with /soc/phy@b03000000
[    8.694441] omarchy-m2 kernel: /soc/dcp@289c00000: Fixed dependency cycle(s) with /soc/phy@703000000
[    8.694445] omarchy-m2 kernel: /soc/dcp@289c00000: Fixed dependency cycle(s) with /soc/phy@1303000000
[    8.694449] omarchy-m2 kernel: /soc/dcp@289c00000/typec-routes/route@0: Fixed dependency cycle(s) with /soc/i2c@39b040000/usb-pd@38/connector
[    8.694452] omarchy-m2 kernel: /soc/dcp@289c00000/typec-routes/route@1: Fixed dependency cycle(s) with /soc/i2c@39b040000/usb-pd@3f/connector
[    8.694456] omarchy-m2 kernel: /soc/dcp@289c00000/typec-routes/route@2: Fixed dependency cycle(s) with /soc/i2c@39b040000/usb-pd@3b/connector
[    8.694460] omarchy-m2 kernel: /soc/dcp@315c00000: Fixed dependency cycle(s) with /soc/audio-controller@39b508000
[    8.694463] omarchy-m2 kernel: /soc/dcp@315c00000: Fixed dependency cycle(s) with /soc/phy@f03000000
[    8.694467] omarchy-m2 kernel: /soc/dcp@315c00000: Fixed dependency cycle(s) with /soc/phy@b03000000
[    8.694475] omarchy-m2 kernel: /soc/dcp@315c00000: Fixed dependency cycle(s) with /soc/phy@703000000
[    8.694479] omarchy-m2 kernel: /soc/dcp@315c00000/typec-routes/route@0: Fixed dependency cycle(s) with /soc/i2c@39b040000/usb-pd@38/connector
[    8.694483] omarchy-m2 kernel: /soc/dcp@315c00000/typec-routes/route@1: Fixed dependency cycle(s) with /soc/i2c@39b040000/usb-pd@3f/connector
[    8.694486] omarchy-m2 kernel: /soc/dcp@315c00000/typec-routes/route@2: Fixed dependency cycle(s) with /soc/i2c@39b040000/usb-pd@3b/connector
[    8.694490] omarchy-m2 kernel: /soc/dcp@289c00000: Fixed dependency cycle(s) with /soc/audio-controller@39b504000
[    8.694494] omarchy-m2 kernel: /soc/audio-controller@39b504000: Fixed dependency cycle(s) with /soc/dcp@289c00000
[    8.694498] omarchy-m2 kernel: /soc/dcp@315c00000: Fixed dependency cycle(s) with /soc/audio-controller@39b508000
[    8.694502] omarchy-m2 kernel: /soc/audio-controller@39b508000: Fixed dependency cycle(s) with /soc/dcp@315c00000
[    8.694506] omarchy-m2 kernel: /soc/i2c@39b040000/usb-pd@38/connector: Fixed dependency cycle(s) with /soc/cio@701ac0000
[    8.694510] omarchy-m2 kernel: /soc/cio@701ac0000: Fixed dependency cycle(s) with /soc/i2c@39b040000/usb-pd@38/connector
[    8.694513] omarchy-m2 kernel: /soc/i2c@39b040000/usb-pd@38/connector: Fixed dependency cycle(s) with /soc/usb@702280000
[    8.694517] omarchy-m2 kernel: /soc/usb@702280000: Fixed dependency cycle(s) with /soc/i2c@39b040000/usb-pd@38/connector
[    8.694522] omarchy-m2 kernel: /soc/usb@702280000: Fixed dependency cycle(s) with /soc/phy@703000000
[    8.694527] omarchy-m2 kernel: /soc/usb@702280000: Fixed dependency cycle(s) with /soc/phy@703000000
[    8.694531] omarchy-m2 kernel: /soc/dcp@315c00000: Fixed dependency cycle(s) with /soc/phy@703000000
[    8.694536] omarchy-m2 kernel: /soc/dcp@289c00000: Fixed dependency cycle(s) with /soc/phy@703000000
[    8.694542] omarchy-m2 kernel: /soc/i2c@39b040000/usb-pd@38/connector: Fixed dependency cycle(s) with /soc/phy@703000000
[    8.694547] omarchy-m2 kernel: /soc/phy@703000000: Fixed dependency cycle(s) with /soc/usb@702280000
[    8.694552] omarchy-m2 kernel: /soc/phy@703000000: Fixed dependency cycle(s) with /soc/i2c@39b040000/usb-pd@38/connector
[    8.694557] omarchy-m2 kernel: /soc/i2c@39b040000/usb-pd@3f/connector: Fixed dependency cycle(s) with /soc/cio@b01ac0000
[    8.694562] omarchy-m2 kernel: /soc/cio@b01ac0000: Fixed dependency cycle(s) with /soc/i2c@39b040000/usb-pd@3f/connector
[    8.694567] omarchy-m2 kernel: /soc/i2c@39b040000/usb-pd@3f/connector: Fixed dependency cycle(s) with /soc/usb@b02280000
[    8.694572] omarchy-m2 kernel: /soc/usb@b02280000: Fixed dependency cycle(s) with /soc/i2c@39b040000/usb-pd@3f/connector
[    8.694577] omarchy-m2 kernel: /soc/usb@b02280000: Fixed dependency cycle(s) with /soc/phy@b03000000
[    8.694581] omarchy-m2 kernel: /soc/usb@b02280000: Fixed dependency cycle(s) with /soc/phy@b03000000
[    8.694586] omarchy-m2 kernel: /soc/dcp@315c00000: Fixed dependency cycle(s) with /soc/phy@b03000000
[    8.694590] omarchy-m2 kernel: /soc/dcp@289c00000: Fixed dependency cycle(s) with /soc/phy@b03000000
[    8.694595] omarchy-m2 kernel: /soc/i2c@39b040000/usb-pd@3f/connector: Fixed dependency cycle(s) with /soc/phy@b03000000
[    8.694600] omarchy-m2 kernel: /soc/phy@b03000000: Fixed dependency cycle(s) with /soc/usb@b02280000
[    8.694605] omarchy-m2 kernel: /soc/phy@b03000000: Fixed dependency cycle(s) with /soc/i2c@39b040000/usb-pd@3f/connector
[    8.694609] omarchy-m2 kernel: /soc/i2c@39b040000/usb-pd@3b/connector: Fixed dependency cycle(s) with /soc/cio@f01ac0000
[    8.694614] omarchy-m2 kernel: /soc/cio@f01ac0000: Fixed dependency cycle(s) with /soc/i2c@39b040000/usb-pd@3b/connector
[    8.694619] omarchy-m2 kernel: /soc/i2c@39b040000/usb-pd@3b/connector: Fixed dependency cycle(s) with /soc/usb@f02280000
[    8.694624] omarchy-m2 kernel: /soc/usb@f02280000: Fixed dependency cycle(s) with /soc/i2c@39b040000/usb-pd@3b/connector
[    8.694629] omarchy-m2 kernel: /soc/usb@f02280000: Fixed dependency cycle(s) with /soc/phy@f03000000
[    8.694633] omarchy-m2 kernel: /soc/usb@f02280000: Fixed dependency cycle(s) with /soc/phy@f03000000
[    8.694638] omarchy-m2 kernel: /soc/dcp@315c00000: Fixed dependency cycle(s) with /soc/phy@f03000000
[    8.694642] omarchy-m2 kernel: /soc/dcp@289c00000: Fixed dependency cycle(s) with /soc/phy@f03000000
[    8.694647] omarchy-m2 kernel: /soc/i2c@39b040000/usb-pd@3b/connector: Fixed dependency cycle(s) with /soc/phy@f03000000
[    8.694652] omarchy-m2 kernel: /soc/phy@f03000000: Fixed dependency cycle(s) with /soc/usb@f02280000
[    8.694657] omarchy-m2 kernel: /soc/phy@f03000000: Fixed dependency cycle(s) with /soc/i2c@39b040000/usb-pd@3b/connector
[    8.694662] omarchy-m2 kernel: /soc/dcp@289c00000: Fixed dependency cycle(s) with /soc/phy@1303000000
[    8.694666] omarchy-m2 kernel: /soc/phy@1303000000: Fixed dependency cycle(s) with /soc/dcp@289c00000
[    8.694671] omarchy-m2 kernel: HugeTLB: registered 1.00 GiB page size, pre-allocated 0 pages
[    8.694678] omarchy-m2 kernel: HugeTLB: 0 KiB vmemmap can be freed for a 1.00 GiB page
[    8.694684] omarchy-m2 kernel: HugeTLB: registered 32.0 MiB page size, pre-allocated 0 pages
[    8.694690] omarchy-m2 kernel: HugeTLB: 0 KiB vmemmap can be freed for a 32.0 MiB page
[    8.694694] omarchy-m2 kernel: HugeTLB: registered 2.00 MiB page size, pre-allocated 0 pages
[    8.694699] omarchy-m2 kernel: HugeTLB: 0 KiB vmemmap can be freed for a 2.00 MiB page
[    8.694704] omarchy-m2 kernel: iommu: Default domain type: Translated
[    8.694708] omarchy-m2 kernel: iommu: DMA domain TLB invalidation policy: strict mode
[    8.694711] omarchy-m2 kernel: SCSI subsystem initialized
[    8.694715] omarchy-m2 kernel: usbcore: registered new interface driver usbfs
[    8.694719] omarchy-m2 kernel: usbcore: registered new interface driver hub
[    8.694722] omarchy-m2 kernel: usbcore: registered new device driver usb
[    8.694726] omarchy-m2 kernel: pps_core: LinuxPPS API ver. 1 registered
[    8.694729] omarchy-m2 kernel: pps_core: Software ver. 5.3.6 - Copyright 2005-2007 Rodolfo Giometti <giometti@linux.it>
[    8.694733] omarchy-m2 kernel: efivars: Registered efivars operations
[    8.694737] omarchy-m2 kernel: Advanced Linux Sound Architecture Driver Initialized.
[    8.694740] omarchy-m2 kernel: NetLabel: Initializing
[    8.694749] omarchy-m2 kernel: NetLabel:  domain hash size = 128
[    8.694753] omarchy-m2 kernel: NetLabel:  protocols = UNLABELED CIPSOv4 CALIPSO
[    8.694756] omarchy-m2 kernel: NetLabel:  unlabeled traffic allowed by default
[    8.694760] omarchy-m2 kernel: vgaarb: loaded
[    8.694764] omarchy-m2 kernel: clocksource: Switched to clocksource arch_sys_counter
[    8.694768] omarchy-m2 kernel: VFS: Disk quotas dquot_6.6.0
[    8.694771] omarchy-m2 kernel: VFS: Dquot-cache hash table entries: 2048 (order 0, 16384 bytes)
[    8.694775] omarchy-m2 kernel: AppArmor: AppArmor Filesystem Enabled
[    8.694779] omarchy-m2 kernel: NET: Registered PF_INET protocol family
[    8.694782] omarchy-m2 kernel: IP idents hash table entries: 262144 (order: 7, 2097152 bytes, linear)
[    8.694786] omarchy-m2 kernel: tcp_listen_portaddr_hash hash table entries: 16384 (order: 4, 262144 bytes, linear)
[    8.694790] omarchy-m2 kernel: Table-perturb hash table entries: 65536 (order: 4, 262144 bytes, linear)
[    8.694794] omarchy-m2 kernel: TCP established hash table entries: 262144 (order: 7, 2097152 bytes, linear)
[    8.694797] omarchy-m2 kernel: TCP bind hash table entries: 65536 (order: 7, 2097152 bytes, linear)
[    8.694800] omarchy-m2 kernel: TCP: Hash tables configured (established 262144 bind 65536)
[    8.694804] omarchy-m2 kernel: MPTCP token hash table entries: 32768 (order: 6, 786432 bytes, linear)
[    8.694808] omarchy-m2 kernel: UDP hash table entries: 16384 (order: 6, 1048576 bytes, linear)
[    8.694812] omarchy-m2 kernel: NET: Registered PF_UNIX/PF_LOCAL protocol family
[    8.694815] omarchy-m2 kernel: RPC: Registered named UNIX socket transport module.
[    8.694819] omarchy-m2 kernel: RPC: Registered udp transport module.
[    8.694823] omarchy-m2 kernel: RPC: Registered tcp transport module.
[    8.694826] omarchy-m2 kernel: RPC: Registered tcp-with-tls transport module.
[    8.694830] omarchy-m2 kernel: RPC: Registered tcp NFSv4.1 backchannel transport module.
[    8.694833] omarchy-m2 kernel: PCI: CLS 0 bytes, default 64
[    8.694837] omarchy-m2 kernel: Trying to unpack rootfs image as initramfs...
[    8.694841] omarchy-m2 kernel: kvm [1]: nv: 570 coarse grained trap handlers
[    8.694844] omarchy-m2 kernel: kvm [1]: nv: 710 fine grained trap handlers
[    8.694848] omarchy-m2 kernel: kvm [1]: IPA Size Limit: 42 bits
[    8.694851] omarchy-m2 kernel: kvm [1]: Non-architectural vgic, tainting kernel
[    8.694855] omarchy-m2 kernel: kvm [1]: GICv3: no GICV resource entry
[    8.694858] omarchy-m2 kernel: kvm [1]: disabling GICv2 emulation
[    8.694862] omarchy-m2 kernel: kvm [1]: GICv3 with broken locally generated SEI
[    8.694866] omarchy-m2 kernel: kvm [1]: GICv3 sysreg trapping enabled ([G0G1D], reduced performance)
[    8.694869] omarchy-m2 kernel: kvm [1]: GIC system register CPU interface enabled
[    8.694873] omarchy-m2 kernel: kvm [1]: vgic interrupt IRQ33
[    8.694877] omarchy-m2 kernel: kvm [1]: VHE mode initialized successfully
[    8.694880] omarchy-m2 kernel: Initialise system trusted keyrings
[    8.694884] omarchy-m2 kernel: workingset: timestamp_bits=46 (anon: 42) max_order=21 bucket_order=0 (anon: 0)
[    8.694888] omarchy-m2 kernel: NFS: Registering the id_resolver key type
[    8.694891] omarchy-m2 kernel: Key type id_resolver registered
[    8.694895] omarchy-m2 kernel: Key type id_legacy registered
[    8.694898] omarchy-m2 kernel: nfs4filelayout_init: NFSv4 File Layout Driver Registering...
[    8.694902] omarchy-m2 kernel: nfs4flexfilelayout_init: NFSv4 Flexfile Layout Driver Registering...
[    8.694906] omarchy-m2 kernel: cryptd: max_cpu_qlen set to 1000
[    8.694909] omarchy-m2 kernel: NET: Registered PF_ALG protocol family
[    8.694913] omarchy-m2 kernel: Key type asymmetric registered
[    8.694916] omarchy-m2 kernel: Asymmetric key parser 'x509' registered
[    8.694920] omarchy-m2 kernel: Asymmetric key parser 'pkcs8' registered
[    8.694924] omarchy-m2 kernel: Block layer SCSI generic (bsg) driver version 0.4 loaded (major 248)
[    8.694927] omarchy-m2 kernel: io scheduler mq-deadline registered
[    8.694931] omarchy-m2 kernel: io scheduler kyber registered
[    8.694934] omarchy-m2 kernel: io scheduler bfq registered
[    8.694938] omarchy-m2 kernel: ledtrig-cpu: registered to indicate activity on CPUs
[    8.694980] omarchy-m2 kernel: apple-pmgr-pwrstate 28e080000.power-management:power-controller@240: always-on domain atc3_common is not on at boot
[    8.695033] omarchy-m2 kernel: apple-pmgr-pwrstate 28e080000.power-management:power-controller@278: always-on domain atc0_pcie is not on at boot
[    8.695061] omarchy-m2 kernel: apple-pmgr-pwrstate 28e080000.power-management:power-controller@288: always-on domain atc1_pcie is not on at boot
[    8.695087] omarchy-m2 kernel: apple-pmgr-pwrstate 28e080000.power-management:power-controller@298: always-on domain atc2_pcie is not on at boot
[    8.695113] omarchy-m2 kernel: apple-pmgr-pwrstate 28e080000.power-management:power-controller@2a8: always-on domain atc3_pcie is not on at boot
[    8.695148] omarchy-m2 kernel: apple-pmgr-pwrstate 29e280000.power-management:power-controller@78: always-on domain msg is not on at boot
[    8.695173] omarchy-m2 kernel: apple-pmgr-pwrstate 29e280000.power-management:power-controller@a8: always-on domain atc3_usb_aon is not on at boot
[    8.695177] omarchy-m2 kernel: 39b200000.serial: ttySAC0 at MMIO 0x39b200000 (irq = 69, base_baud = 0) is a APPLE S5L
[    8.695275] omarchy-m2 kernel: apple-dart 28e300000.iommu: DART [pagesize 4000, 16 streams, bypass support: 1, bypass forced: 0, locked: 1, AS 42 -> 42] initialized
[    8.695368] omarchy-m2 kernel: platform 2a6980000.dma-controller: Adding to iommu group 0
[    8.695442] omarchy-m2 kernel: platform 2a6c00000.aop: Adding to iommu group 1
[    8.695519] omarchy-m2 kernel: apple-dart 2a6808000.iommu: DART [pagesize 4000, 16 streams, bypass support: 1, bypass forced: 0, locked: 0, AS 42 -> 42] initialized
[    8.695597] omarchy-m2 kernel: apple-dart 2a9808000.iommu: Limiting DMA range to 0x0000010000000000..0x00000100ffffffff
[    8.695681] omarchy-m2 kernel: platform 2a9400000.mtp: Adding to iommu group 2
[    8.695787] omarchy-m2 kernel: platform 2a9b30000.input: Adding to iommu group 2
[    8.695886] omarchy-m2 kernel: apple-dart 2a9808000.iommu: DART [pagesize 4000, 16 streams, bypass support: 1, bypass forced: 0, locked: 0, AS 42 -> 42] initialized
[    8.695964] omarchy-m2 kernel: apple-dart 3860e8000.iommu: Limiting DMA range to 0x0000010000000000..0x00000100ffffffff
[    8.696042] omarchy-m2 kernel: apple-dart 3860e8000.iommu: DART [pagesize 4000, 16 streams, bypass support: 1, bypass forced: 0, locked: 0, AS 42 -> 42] initialized
[    8.696117] omarchy-m2 kernel: apple-dart 3860f4000.iommu: Limiting DMA range to 0x0000010000000000..0x00000100ffffffff
[    8.696192] omarchy-m2 kernel: apple-dart 3860f4000.iommu: DART [pagesize 4000, 16 streams, bypass support: 1, bypass forced: 0, locked: 0, AS 42 -> 42] initialized
[    8.696271] omarchy-m2 kernel: apple-dart 3860fc000.iommu: Limiting DMA range to 0x0000010000000000..0x00000100ffffffff
[    8.696346] omarchy-m2 kernel: platform 384000000.isp: Adding to iommu group 3
[    8.696418] omarchy-m2 kernel: apple-dart 3860fc000.iommu: DART [pagesize 4000, 16 streams, bypass support: 1, bypass forced: 0, locked: 0, AS 42 -> 42] initialized
[    8.696493] omarchy-m2 kernel: apple-dart 389304000.iommu: Limiting DMA range to 0x0000010000000000..0x0000010fffffffff
[    8.696567] omarchy-m2 kernel: apple-dart 389304000.iommu: DART [pagesize 4000, 16 streams, bypass support: 1, bypass forced: 0, locked: 1, AS 42 -> 42] initialized
[    8.696641] omarchy-m2 kernel: apple-dart 38930c000.iommu: Limiting DMA range to 0x0000010000000000..0x0000010fffffffff
[    8.696716] omarchy-m2 kernel: platform 389c00000.dcp: Adding to iommu group 4
[    8.696804] omarchy-m2 kernel: apple-dart 38930c000.iommu: Limited to ias=36 due to lock
[    8.696897] omarchy-m2 kernel: apple-dart 38930c000.iommu: DART [pagesize 4000, 16 streams, bypass support: 1, bypass forced: 0, locked: 1, AS 42 -> 42] initialized
[    8.696973] omarchy-m2 kernel: apple-dart 594000000.iommu: DART [pagesize 4000, 16 streams, bypass support: 1, bypass forced: 0, locked: 0, AS 42 -> 42] initialized
[    8.697057] omarchy-m2 kernel: apple-dart 595000000.iommu: DART [pagesize 4000, 16 streams, bypass support: 1, bypass forced: 0, locked: 0, AS 42 -> 42] initialized
[    8.697131] omarchy-m2 kernel: platform 287080000.avd: Adding to iommu group 5
[    8.697209] omarchy-m2 kernel: apple-dart 287010000.iommu: DART [pagesize 4000, 16 streams, bypass support: 1, bypass forced: 0, locked: 0, AS 42 -> 42] initialized
[    8.697286] omarchy-m2 kernel: apple-dart 315304000.iommu: Limiting DMA range to 0x0000010000000000..0x0000010fffffffff
[    8.697361] omarchy-m2 kernel: apple-dart 315304000.iommu: DART [pagesize 4000, 16 streams, bypass support: 1, bypass forced: 0, locked: 1, AS 42 -> 42] initialized
[    8.697446] omarchy-m2 kernel: apple-dart 31530c000.iommu: Limiting DMA range to 0x0000010000000000..0x0000010fffffffff
[    8.697525] omarchy-m2 kernel: platform 315c00000.dcp: Adding to iommu group 6
[    8.697603] omarchy-m2 kernel: apple-dart 31530c000.iommu: Limited to ias=36 due to lock
[    8.697681] omarchy-m2 kernel: apple-dart 31530c000.iommu: DART [pagesize 4000, 16 streams, bypass support: 1, bypass forced: 0, locked: 1, AS 42 -> 42] initialized
[    8.697759] omarchy-m2 kernel: platform 39b400000.dma-controller: Adding to iommu group 7
[    8.697833] omarchy-m2 kernel: platform 39bc00000.sio: Adding to iommu group 8
[    8.697941] omarchy-m2 kernel: apple-dart 39b008000.iommu: DART [pagesize 4000, 16 streams, bypass support: 1, bypass forced: 0, locked: 0, AS 42 -> 42] initialized
[    8.698024] omarchy-m2 kernel: apple-dart 702f00000.iommu: DART [pagesize 4000, 16 streams, bypass support: 1, bypass forced: 0, locked: 0, AS 42 -> 42] initialized
[    8.698100] omarchy-m2 kernel: platform 702280000.usb: Adding to iommu group 9
[    8.698175] omarchy-m2 kernel: apple-dart 702f80000.iommu: DART [pagesize 4000, 16 streams, bypass support: 1, bypass forced: 0, locked: 0, AS 42 -> 42] initialized
[    8.698253] omarchy-m2 kernel: apple-dart b02f00000.iommu: DART [pagesize 4000, 16 streams, bypass support: 1, bypass forced: 0, locked: 0, AS 42 -> 42] initialized
[    8.698328] omarchy-m2 kernel: platform b02280000.usb: Adding to iommu group 10
[    8.698402] omarchy-m2 kernel: apple-dart b02f80000.iommu: DART [pagesize 4000, 16 streams, bypass support: 1, bypass forced: 0, locked: 0, AS 42 -> 42] initialized
[    8.698483] omarchy-m2 kernel: apple-dart f02f00000.iommu: DART [pagesize 4000, 16 streams, bypass support: 1, bypass forced: 0, locked: 0, AS 42 -> 42] initialized
[    8.698559] omarchy-m2 kernel: platform f02280000.usb: Adding to iommu group 11
[    8.698634] omarchy-m2 kernel: apple-dart f02f80000.iommu: DART [pagesize 4000, 16 streams, bypass support: 1, bypass forced: 0, locked: 0, AS 42 -> 42] initialized
[    8.698639] omarchy-m2 kernel: [drm] Initialized simpledrm 1.0.0 for 107ddd79c00.framebuffer on minor 0
[    8.698643] omarchy-m2 kernel: Console: switching to colour frame buffer device 216x67
[    8.698718] omarchy-m2 kernel: simple-framebuffer 107ddd79c00.framebuffer: [drm] fb0: simpledrmdrmfb frame buffer device
[    8.698797] omarchy-m2 kernel: asahi 406400000.gpu: Probing...
[    8.698871] omarchy-m2 kernel: asahi 406400000.gpu: MMU: Initializing...
[    8.698944] omarchy-m2 kernel: asahi 406400000.gpu: MMU: Initializing kernel page table
[    8.699019] omarchy-m2 kernel: asahi 406400000.gpu: MMU: Creating kernel page tables
[    8.699090] omarchy-m2 kernel: asahi 406400000.gpu: MMU: Kernel page tables created
[    8.699164] omarchy-m2 kernel: asahi 406400000.gpu: MMU: Initializing TTBs
[    8.699264] omarchy-m2 kernel: asahi 406400000.gpu: MMU: initialized
[    8.699365] omarchy-m2 kernel: asahi 406400000.gpu: GPU ID registers: 0x6031100 0x60602 0x21020a 0x40404 0x1320311 0x400c1802
[    8.699456] omarchy-m2 kernel: asahi 406400000.gpu: Core masks: [
                                      0x7ffff,
                                      0x0,
                                      0x0,
                                  ]
[    8.699553] omarchy-m2 kernel: asahi 406400000.gpu: GPU Information:
[    8.699646] omarchy-m2 kernel: asahi 406400000.gpu:   Type: G14S
[    8.699744] omarchy-m2 kernel: asahi 406400000.gpu:   Clusters: 2
[    8.699838] omarchy-m2 kernel: asahi 406400000.gpu:   Cores: 10 (20)
[    8.699931] omarchy-m2 kernel: asahi 406400000.gpu:   Frags: 10 (20)
[    8.700029] omarchy-m2 kernel: asahi 406400000.gpu:   GPs: 4 (8)
[    8.700127] omarchy-m2 kernel: asahi 406400000.gpu:   Core masks: [
                                      0x3ff,
                                      0x1ff,
                                  ]
[    8.700221] omarchy-m2 kernel: asahi 406400000.gpu:   Active cores: 19
[    8.700314] omarchy-m2 kernel: asahi 406400000.gpu: Getting configuration from device tree...
[    8.700411] omarchy-m2 kernel: asahi 406400000.gpu: Dynamic configuration fetched
[    8.700502] omarchy-m2 kernel: asahi 406400000.gpu: !!! Hwdata A match
[    8.700603] omarchy-m2 kernel: asahi 406400000.gpu: !!! Hwdata B match
[    8.700699] omarchy-m2 kernel: asahi 406400000.gpu: !!! Globals match
[    8.700796] omarchy-m2 kernel: asahi 406400000.gpu: MMU: IO map: 0x404d00000:0x144000 -> 0xffffffaf00000000
[    8.700891] omarchy-m2 kernel: asahi 406400000.gpu: MMU: IO map: 0x20e100000:0x4000 -> 0xffffffaf00148000
[    8.700983] omarchy-m2 kernel: asahi 406400000.gpu: MMU: IO map: 0x28e104000:0x8000 -> 0xffffffaf00150000
[    8.701082] omarchy-m2 kernel: asahi 406400000.gpu: MMU: IO map: 0x404000000:0x20000 -> 0xffffffaf0015c000
[    8.701173] omarchy-m2 kernel: asahi 406400000.gpu: MMU: IO map: 0x28e460000:0x4000 -> 0xffffffaf00180000
[    8.701260] omarchy-m2 kernel: asahi 406400000.gpu: MMU: IO map: 0x404e08000:0x8000 -> 0xffffffaf00188000
[    8.701353] omarchy-m2 kernel: asahi 406400000.gpu: MMU: IO map: 0x200000000:0xd8000 -> 0xffffffaf00194000
[    8.701446] omarchy-m2 kernel: asahi 406400000.gpu: MMU: IO map: 0x201000000:0xd8000 -> 0xffffffaf0026c000
[    8.701534] omarchy-m2 kernel: asahi 406400000.gpu: MMU: IO map: 0x202000000:0xd8000 -> 0xffffffaf00344000
[    8.701627] omarchy-m2 kernel: asahi 406400000.gpu: MMU: IO map: 0x203000000:0xd8000 -> 0xffffffaf0041c000
[    8.701717] omarchy-m2 kernel: asahi 406400000.gpu: MMU: IO map: 0x28e118000:0x4000 -> 0xffffffaf004f8000
[    8.701804] omarchy-m2 kernel: asahi 406400000.gpu: MMU: IO map: 0x28e3d0000:0x4000 -> 0xffffffaf00500000
[    8.701899] omarchy-m2 kernel: asahi 406400000.gpu: MMU: IO map: 0x28e3c0000:0x4000 -> 0xffffffaf00508000
[    8.701990] omarchy-m2 kernel: asahi 406400000.gpu: MMU: IO map: 0x28e3d8000:0x4000 -> 0xffffffaf00510000
[    8.702082] omarchy-m2 kernel: asahi 406400000.gpu: MMU: IO map: 0x404eac000:0x4000 -> 0xffffffaf00518000
[    8.702175] omarchy-m2 kernel: asahi 406400000.gpu: MMU: IO map: 0x404d60000:0x20000 -> 0xffffffaf00520000
[    8.702265] omarchy-m2 kernel: asahi 406400000.gpu: RTKit: Initializing (protocol version 12)
[    8.702271] omarchy-m2 kernel: [drm] Initialized asahi 0.0.0 for 406400000.gpu on minor 1
[    8.702363] omarchy-m2 kernel: macsmc 2a2400000.smc: RTKit: Initializing (protocol version 12)
[    8.702463] omarchy-m2 kernel: macsmc-gpio macsmc-gpio: First GPIO key: gP01 (0x67503031)
[    8.702469] omarchy-m2 kernel: macsmc-low-gpio: Failed to locate of_node [id: -1]
[    8.702474] omarchy-m2 kernel: mousedev: PS/2 mouse device common for all mice
[    8.702479] omarchy-m2 kernel: input: Apple SMC power/lid events as /devices/platform/soc/2a2400000.smc/macsmc-input/input/input0
[    8.702585] omarchy-m2 kernel: hwmon hwmon2: temp1_input not attached to any thermal zone
[    8.702679] omarchy-m2 kernel: hwmon hwmon2: temp2_input not attached to any thermal zone
[    8.702775] omarchy-m2 kernel: hwmon hwmon2: temp3_input not attached to any thermal zone
[    8.702869] omarchy-m2 kernel: hwmon hwmon2: temp4_input not attached to any thermal zone
[    8.702875] omarchy-m2 kernel: device-mapper: uevent: version 1.0.3
[    8.702879] omarchy-m2 kernel: device-mapper: ioctl: 4.50.0-ioctl (2025-04-28) initialised: dm-devel@lists.linux.dev
[    8.702884] omarchy-m2 kernel: hid: raw HID events driver (C) Jiri Kosina
[    8.702889] omarchy-m2 kernel: watchdog: NMI not fully supported
[    8.702894] omarchy-m2 kernel: watchdog: Hard watchdog permanently disabled
[    8.702898] omarchy-m2 kernel: hw perfevents: enabled with apple_blizzard_pmu PMU driver, 10 (0,000003ff) counters available
[    8.702903] omarchy-m2 kernel: hw perfevents: enabled with apple_avalanche_pmu PMU driver, 10 (0,000003ff) counters available
[    8.702909] omarchy-m2 kernel: Initializing XFRM netlink socket
[    8.702914] omarchy-m2 kernel: NET: Registered PF_INET6 protocol family
[    8.702919] omarchy-m2 kernel: Segment Routing with IPv6
[    8.702924] omarchy-m2 kernel: In-situ OAM (IOAM) with IPv6
[    8.702929] omarchy-m2 kernel: mip6: Mobile IPv6
[    8.702934] omarchy-m2 kernel: NET: Registered PF_PACKET protocol family
[    8.702939] omarchy-m2 kernel: Key type dns_resolver registered
[    8.702943] omarchy-m2 kernel: registered taskstats version 1
[    8.702948] omarchy-m2 kernel: Loading compiled-in X.509 certificates
[    8.702953] omarchy-m2 kernel: Key type .fscrypt registered
[    8.702958] omarchy-m2 kernel: Key type fscrypt-provisioning registered
[    8.702962] omarchy-m2 kernel: Key type encrypted registered
[    8.702967] omarchy-m2 kernel: AppArmor: AppArmor sha256 policy hashing enabled
[    8.703124] omarchy-m2 kernel: leds_pwm led-controller: failed to read period for kbd_backlight, default to off
[    8.703220] omarchy-m2 kernel: apple-admac 2a6980000.dma-controller: Audio DMA Controller
[    8.703311] omarchy-m2 kernel: rtkit-helper 2a9400000.mtp: RTKit: Initializing (protocol version 12)
[    8.703405] omarchy-m2 kernel: rtkit-helper 2a9400000.mtp: RTKit: Unknown oslog message: 300006e69620420
[    8.703499] omarchy-m2 kernel: rtkit-helper 2a9400000.mtp: RTKit: Unknown oslog message: 400002000000105
[    8.703585] omarchy-m2 kernel: rtkit-helper 2a9400000.mtp: RTKit: Unknown oslog message: 400004001050000
[    8.703680] omarchy-m2 kernel: rtkit-helper 2a9400000.mtp: RTKit: Unknown oslog message: 400006000000000
[    8.703770] omarchy-m2 kernel: rtkit-helper 2a9400000.mtp: RTKit: Unknown oslog message: 50672694670744d
[    8.703861] omarchy-m2 kernel: rtkit-helper 2a9400000.mtp: RTKit: Unknown oslog message: 56500657261776d
[    8.703962] omarchy-m2 kernel: apple-dart 289304000.iommu: Limiting DMA range to 0x0000010000000000..0x0000010fffffffff
[    8.704058] omarchy-m2 kernel: platform soc:display-subsystem: Adding to iommu group 12
[    8.704164] omarchy-m2 kernel: apple-dart 389304000.iommu: Limited to ias=36 due to lock
[    8.704257] omarchy-m2 kernel: apple-dart 289304000.iommu: DART [pagesize 4000, 16 streams, bypass support: 1, bypass forced: 0, locked: 1, AS 42 -> 42] initialized
[    8.704345] omarchy-m2 kernel: apple-dart 28930c000.iommu: Limiting DMA range to 0x0000010000000000..0x0000010fffffffff
[    8.704434] omarchy-m2 kernel: platform 289c00000.dcp: Adding to iommu group 13
[    8.704517] omarchy-m2 kernel: apple-dart 28930c000.iommu: Limited to ias=36 due to lock
[    8.704613] omarchy-m2 kernel: apple-dart 28930c000.iommu: DART [pagesize 4000, 16 streams, bypass support: 1, bypass forced: 0, locked: 1, AS 42 -> 42] initialized
[    8.704707] omarchy-m2 kernel: nvme-apple 34bcc0000.nvme: RTKit: Initializing (protocol version 12)
[    8.704803] omarchy-m2 kernel: macsmc-rtc macsmc-rtc: registered as rtc0
[    8.704902] omarchy-m2 kernel: macsmc-rtc macsmc-rtc: setting system clock to 2026-09-22T09:46:10 UTC (1790070370)
[    8.704996] omarchy-m2 kernel: nvme-apple 34bcc0000.nvme: RTKit: syslog message: apcie.c:1110: power up done[0]: PMU=Ocarina, PWR=0
[    8.705089] omarchy-m2 kernel: nvme-apple 34bcc0000.nvme: RTKit: syslog message: apcie.c:1110: power up done[1]: PMU=Undefined, PWR=0
[    8.705182] omarchy-m2 kernel: nvme-apple 34bcc0000.nvme: RTKit: syslog message: apcie.c:423: APCIe 1 is configured as unused.
[    8.705274] omarchy-m2 kernel: nvme-apple 34bcc0000.nvme: RTKit: syslog message: pre_nand_eng.c:6158: enabled 1p0v 1, enabled prog-no-exec 1
[    8.705363] omarchy-m2 kernel: nvme-apple 34bcc0000.nvme: RTKit: syslog message: pre_nand_eng.c:6158: enabled 1p0v 1, enabled prog-no-exec 1
[    8.705453] omarchy-m2 kernel: nvme-apple 34bcc0000.nvme: RTKit: syslog message: cmd.c:6546:  boot mode normal
[    8.705538] omarchy-m2 kernel: nvme nvme0: passthrough uses implicit buffer lengths
[    8.705545] omarchy-m2 kernel:  nvme0n1: p1 p2 p3 p4 p5 p6
[    8.705639] omarchy-m2 kernel: macsmc-reboot macsmc-reboot: Handling reboot and poweroff requests via SMC
[    8.705729] omarchy-m2 kernel: pcie-apple 580000000.pcie: host bridge /soc/pcie@580000000 ranges:
[    8.705820] omarchy-m2 kernel: pcie-apple 580000000.pcie:      MEM 0x05a0000000..0x05bfffffff -> 0x05a0000000
[    8.705915] omarchy-m2 kernel: pcie-apple 580000000.pcie:      MEM 0x05c0000000..0x05ffffffff -> 0x00c0000000
[    8.706011] omarchy-m2 kernel: pcie-apple 580000000.pcie: Using 0 auxiliary PERST#
[    8.706016] omarchy-m2 kernel: Freeing initrd memory: 24912K
[    8.706103] omarchy-m2 kernel: pcie-apple 580000000.pcie: Using 0 auxiliary PERST#
[    8.706190] omarchy-m2 kernel: pcie-apple 580000000.pcie: ECAM at [mem 0x580000000-0x580ffffff] for [bus 00-04]
[    8.706266] omarchy-m2 kernel: pcie-apple 580000000.pcie: PCI host bridge to bus 0000:00
[    8.706367] omarchy-m2 kernel: pci_bus 0000:00: root bus resource [bus 00-04]
[    8.706466] omarchy-m2 kernel: pci_bus 0000:00: root bus resource [mem 0x5a0000000-0x5bfffffff pref]
[    8.706561] omarchy-m2 kernel: pci_bus 0000:00: root bus resource [mem 0x5c0000000-0x5ffffffff] (bus address [0xc0000000-0xffffffff])
[    8.706670] omarchy-m2 kernel: pci 0000:00:00.0: [106b:100c] type 01 class 0x060400 PCIe Root Port
[    8.706772] omarchy-m2 kernel: pci 0000:00:00.0: PCI bridge to [bus 01]
[    8.706872] omarchy-m2 kernel: pci 0000:00:00.0: PME# supported from D0 D3hot D3cold
[    8.706878] omarchy-m2 kernel: OF: /soc/pcie@580000000: no iommu-map translation for id 0x0 on (null)
[    8.706884] omarchy-m2 kernel: /soc/pcie@580000000/pci@0,0: Fixed dependency cycle(s) with /soc/pcie@580000000/pci@0,0
[    8.706990] omarchy-m2 kernel: pci 0000:00:01.0: [106b:100c] type 01 class 0x060400 PCIe Root Port
[    8.707092] omarchy-m2 kernel: pci 0000:00:01.0: PCI bridge to [bus 02]
[    8.707199] omarchy-m2 kernel: pci 0000:00:01.0: PME# supported from D0 D3hot D3cold
[    8.707205] omarchy-m2 kernel: OF: /soc/pcie@580000000: no iommu-map translation for id 0x8 on (null)
[    8.707210] omarchy-m2 kernel: /soc/pcie@580000000/pci@1,0: Fixed dependency cycle(s) with /soc/pcie@580000000/pci@1,0
[    8.707320] omarchy-m2 kernel: pci 0000:01:00.0: [14e4:4434] type 00 class 0x028000 PCIe Endpoint
[    8.707429] omarchy-m2 kernel: pci 0000:01:00.0: BAR 0 [mem 0x00000000-0x0000ffff 64bit]
[    8.707535] omarchy-m2 kernel: pci 0000:01:00.0: BAR 2 [mem 0x00000000-0x00ffffff 64bit]
[    8.707645] omarchy-m2 kernel: pci 0000:01:00.0: supports D1 D2
[    8.707756] omarchy-m2 kernel: pci 0000:01:00.0: PME# supported from D0 D1 D2 D3hot D3cold
[    8.707859] omarchy-m2 kernel: pci 0000:01:00.0: Adding to iommu group 14
[    8.707968] omarchy-m2 kernel: pci 0000:01:00.1: [14e4:5f72] type 00 class 0x028000 PCIe Endpoint
[    8.708083] omarchy-m2 kernel: pci 0000:01:00.1: BAR 0 [mem 0x00000000-0x00007fff 64bit]
[    8.708184] omarchy-m2 kernel: pci 0000:01:00.1: BAR 2 [mem 0x00000000-0x00ffffff 64bit]
[    8.708289] omarchy-m2 kernel: pci 0000:01:00.1: supports D1 D2
[    8.708399] omarchy-m2 kernel: pci 0000:01:00.1: PME# supported from D0 D1 D2 D3hot D3cold
[    8.708505] omarchy-m2 kernel: pci 0000:01:00.1: Adding to iommu group 14
[    8.708605] omarchy-m2 kernel: pci 0000:01:00.0: ASPM: default states L1
[    8.708709] omarchy-m2 kernel: pci_bus 0000:01: busn_res: [bus 01-04] end is updated to 01
[    8.708815] omarchy-m2 kernel: pci 0000:02:00.0: [17a0:9755] type 00 class 0x080501 PCIe Endpoint
[    8.708922] omarchy-m2 kernel: pci 0000:02:00.0: BAR 0 [mem 0x00000000-0x00000fff]
[    8.709024] omarchy-m2 kernel: pci 0000:02:00.0: supports D1 D2
[    8.709109] omarchy-m2 kernel: pci 0000:02:00.0: PME# supported from D1 D2 D3hot D3cold
[    8.709195] omarchy-m2 kernel: pci 0000:02:00.0: Adding to iommu group 15
[    8.709283] omarchy-m2 kernel: pci 0000:02:00.0: ASPM: default states L1
[    8.709369] omarchy-m2 kernel: pci_bus 0000:02: busn_res: [bus 02-04] end is updated to 02
[    8.709447] omarchy-m2 kernel: pci 0000:00:00.0: bridge window [mem 0x5c0000000-0x5c20fffff]: assigned
[    8.709528] omarchy-m2 kernel: pci 0000:00:01.0: bridge window [mem 0x5c2100000-0x5c21fffff]: assigned
[    8.709619] omarchy-m2 kernel: pci 0000:01:00.0: BAR 2 [mem 0x5c0000000-0x5c0ffffff 64bit]: assigned
[    8.709710] omarchy-m2 kernel: pci 0000:01:00.1: BAR 2 [mem 0x5c1000000-0x5c1ffffff 64bit]: assigned
[    8.709800] omarchy-m2 kernel: pci 0000:01:00.0: BAR 0 [mem 0x5c2000000-0x5c200ffff 64bit]: assigned
[    8.709893] omarchy-m2 kernel: pci 0000:01:00.1: BAR 0 [mem 0x5c2010000-0x5c2017fff 64bit]: assigned
[    8.709975] omarchy-m2 kernel: pci 0000:00:00.0: PCI bridge to [bus 01]
[    8.710071] omarchy-m2 kernel: pci 0000:00:00.0:   bridge window [mem 0x5c0000000-0x5c20fffff]
[    8.710158] omarchy-m2 kernel: pci 0000:02:00.0: BAR 0 [mem 0x5c2100000-0x5c2100fff]: assigned
[    8.710243] omarchy-m2 kernel: pci 0000:00:01.0: PCI bridge to [bus 02]
[    8.710324] omarchy-m2 kernel: pci 0000:00:01.0:   bridge window [mem 0x5c2100000-0x5c21fffff]
[    8.710402] omarchy-m2 kernel: pci_bus 0000:00: resource 4 [mem 0x5a0000000-0x5bfffffff pref]
[    8.710482] omarchy-m2 kernel: pci_bus 0000:00: resource 5 [mem 0x5c0000000-0x5ffffffff]
[    8.710563] omarchy-m2 kernel: pci_bus 0000:01: resource 1 [mem 0x5c0000000-0x5c20fffff]
[    8.710646] omarchy-m2 kernel: pci_bus 0000:02: resource 1 [mem 0x5c2100000-0x5c21fffff]
[    8.710651] omarchy-m2 kernel: OF: /soc/pcie@580000000: no iommu-map translation for id 0x0 on (null)
[    8.710733] omarchy-m2 kernel: pcieport 0000:00:00.0: PME: Signaling with IRQ 116
[    8.710812] omarchy-m2 kernel: pcieport 0000:00:00.0: AER: enabled with IRQ 116
[    8.710817] omarchy-m2 kernel: OF: /soc/pcie@580000000: no iommu-map translation for id 0x8 on (null)
[    8.710897] omarchy-m2 kernel: pcieport 0000:00:01.0: PME: Signaling with IRQ 118
[    8.710978] omarchy-m2 kernel: pcieport 0000:00:01.0: AER: enabled with IRQ 118
[    8.711057] omarchy-m2 kernel: pcieport 0000:00:01.0: mask Replay Timer Timeout Correctable Errors due to 0000:02:00.0 hardware defect
[    8.711138] omarchy-m2 kernel: apple-admac 39b400000.dma-controller: Audio DMA Controller
[    8.711142] omarchy-m2 kernel: /soc/i2c@39b040000/usb-pd@38/connector: Fixed dependency cycle(s) with /soc/dcp@289c00000/typec-routes/route@0
[    8.711150] omarchy-m2 kernel: /soc/i2c@39b040000/usb-pd@38/connector: Fixed dependency cycle(s) with /soc/dcp@315c00000/typec-routes/route@0
[    8.711154] omarchy-m2 kernel: /soc/i2c@39b040000/usb-pd@38/connector: Fixed dependency cycle(s) with /soc/cio@701ac0000
[    8.711158] omarchy-m2 kernel: /soc/i2c@39b040000/usb-pd@38/connector: Fixed dependency cycle(s) with /soc/phy@703000000
[    8.711163] omarchy-m2 kernel: /soc/i2c@39b040000/usb-pd@38/connector: Fixed dependency cycle(s) with /soc/usb@702280000
[    8.711167] omarchy-m2 kernel: /soc/i2c@39b040000/usb-pd@3f/connector: Fixed dependency cycle(s) with /soc/dcp@289c00000/typec-routes/route@1
[    8.711170] omarchy-m2 kernel: /soc/i2c@39b040000/usb-pd@3f/connector: Fixed dependency cycle(s) with /soc/dcp@315c00000/typec-routes/route@1
[    8.711174] omarchy-m2 kernel: /soc/i2c@39b040000/usb-pd@3f/connector: Fixed dependency cycle(s) with /soc/cio@b01ac0000
[    8.711178] omarchy-m2 kernel: /soc/i2c@39b040000/usb-pd@3f/connector: Fixed dependency cycle(s) with /soc/phy@b03000000
[    8.711181] omarchy-m2 kernel: /soc/i2c@39b040000/usb-pd@3f/connector: Fixed dependency cycle(s) with /soc/usb@b02280000
[    8.711185] omarchy-m2 kernel: /soc/i2c@39b040000/usb-pd@3b/connector: Fixed dependency cycle(s) with /soc/dcp@289c00000/typec-routes/route@2
[    8.711189] omarchy-m2 kernel: /soc/i2c@39b040000/usb-pd@3b/connector: Fixed dependency cycle(s) with /soc/dcp@315c00000/typec-routes/route@2
[    8.711192] omarchy-m2 kernel: /soc/i2c@39b040000/usb-pd@3b/connector: Fixed dependency cycle(s) with /soc/cio@f01ac0000
[    8.711196] omarchy-m2 kernel: /soc/i2c@39b040000/usb-pd@3b/connector: Fixed dependency cycle(s) with /soc/phy@f03000000
[    8.711200] omarchy-m2 kernel: /soc/i2c@39b040000/usb-pd@3b/connector: Fixed dependency cycle(s) with /soc/usb@f02280000
[    8.711203] omarchy-m2 kernel: clk: Disabling unused clocks
[    8.711207] omarchy-m2 kernel: PM: genpd: Disabling unused power domains
[    8.711211] omarchy-m2 kernel: ALSA device list:
[    8.711216] omarchy-m2 kernel:   No soundcards found.
[    8.711220] omarchy-m2 kernel: Freeing unused kernel memory: 2048K
[    8.711223] omarchy-m2 kernel: Checked W+X mappings: passed, no W+X pages found
[    8.711227] omarchy-m2 kernel: Run /init as init process
[    8.711231] omarchy-m2 kernel:   with arguments:
[    8.711235] omarchy-m2 kernel:     /init
[    8.711238] omarchy-m2 kernel:     splash
[    8.711242] omarchy-m2 kernel:   with environment:
[    8.711245] omarchy-m2 kernel:     HOME=/
[    8.711249] omarchy-m2 kernel:     TERM=linux
[    8.711253] omarchy-m2 kernel:     cryptdevice=UUID=de26457c-f363-450f-916a-888a0b9b1fd6:root:allow-discards
[    8.711257] omarchy-m2 kernel: raid6: neonx8   gen() 21908 MB/s
[    8.711261] omarchy-m2 kernel: raid6: neonx4   gen() 31833 MB/s
[    8.711266] omarchy-m2 kernel: raid6: neonx2   gen() 36058 MB/s
[    8.711269] omarchy-m2 kernel: raid6: neonx1   gen() 34271 MB/s
[    8.711273] omarchy-m2 kernel: raid6: int64x8  gen() 15005 MB/s
[    8.711277] omarchy-m2 kernel: raid6: int64x4  gen() 13177 MB/s
[    8.711281] omarchy-m2 kernel: raid6: int64x2  gen() 12005 MB/s
[    8.711284] omarchy-m2 kernel: raid6: int64x1  gen() 10470 MB/s
[    8.711288] omarchy-m2 kernel: raid6: using algorithm neonx2 gen() 36058 MB/s
[    8.711292] omarchy-m2 kernel: raid6: .... xor() 31004 MB/s, rmw enabled
[    8.711296] omarchy-m2 kernel: raid6: using neon recovery algorithm
[    8.711299] omarchy-m2 kernel: xor: measuring software checksum speed
[    8.711303] omarchy-m2 kernel:    eor3            : 51769 MB/sec
[    8.711306] omarchy-m2 kernel:    32regs          : 48665 MB/sec
[    8.711310] omarchy-m2 kernel:    8regs           : 27105 MB/sec
[    8.711314] omarchy-m2 kernel: xor: using function: eor3 (51769 MB/sec)
[    8.711318] omarchy-m2 kernel: Btrfs loaded, zoned=yes, fsverity=no
[    8.711322] omarchy-m2 kernel: thunderbolt: loading out-of-tree module taints kernel.
[    8.711326] omarchy-m2 kernel: /soc/i2c@39b040000/usb-pd@38/connector: Fixed dependency cycle(s) with /soc/phy@703000000
[    8.711329] omarchy-m2 kernel: /soc/i2c@39b040000/usb-pd@3f/connector: Fixed dependency cycle(s) with /soc/phy@b03000000
[    8.711404] omarchy-m2 kernel: apple-dcp 289c00000.dcp: Failed to get dp-phy: -517
[    8.711409] omarchy-m2 kernel: /soc/i2c@39b040000/usb-pd@3b/connector: Fixed dependency cycle(s) with /soc/phy@f03000000
[    8.711483] omarchy-m2 kernel: apple-dcp 289c00000.dcp: Failed to get dp-phy: -517
[    8.711559] omarchy-m2 kernel: apple-dcp 289c00000.dcp: Failed to get dp-xbar: -517
[    8.711642] omarchy-m2 kernel: dockchannel-hid 2a9b30000.input: Initialized, awaiting packets
[    8.711716] omarchy-m2 kernel: dockchannel-hid 2a9b30000.input: Product name for stm: Apple Internal Keyboard / Trackpad
[    8.711797] omarchy-m2 kernel: dockchannel-hid 2a9b30000.input: Product name for multi-touch: Apple Internal Keyboard / Trackpad
[    8.711874] omarchy-m2 kernel: dockchannel-hid 2a9b30000.input: Product name for keyboard: Apple Internal Keyboard / Trackpad
[    8.711949] omarchy-m2 kernel: dockchannel-hid 2a9b30000.input: Product name for tp_accel: Apple Internal Keyboard / Trackpad
[    8.712040] omarchy-m2 kernel: dockchannel-hid 2a9b30000.input: Product name for actuator: Apple Internal Keyboard / Trackpad
[    8.712126] omarchy-m2 kernel: dockchannel-hid 2a9b30000.input: Product name for stm: Apple Internal Keyboard / Trackpad
[    8.712198] omarchy-m2 kernel: dockchannel-hid 2a9b30000.input: New interface stm
[    8.712274] omarchy-m2 kernel: rtkit-helper 2a9400000.mtp: RTKit: syslog message: stm_cr.c:98: ST management interface configuration completed
[    8.712365] omarchy-m2 kernel: rtkit-helper 2a9400000.mtp: RTKit: syslog message: stm.c:97: ST management ready
[    8.712444] omarchy-m2 kernel: dockchannel-hid 2a9b30000.input: Interface stm is now ready
[    8.712540] omarchy-m2 kernel: hid-generic 0019:0000:0000.0001: hidraw0: HOST HID v0.00 Device [Apple MTP stm] on 2a9b30000.input.3 (stm)
[    8.712617] omarchy-m2 kernel: apple-dcp 289c00000.dcp: Failed to get dp-xbar: -517
[    8.712690] omarchy-m2 kernel: apple-dcp 289c00000.dcp: Failed to get dp-xbar: -517
[    8.712783] omarchy-m2 kernel: sdhci-pci 0000:02:00.0: SDHCI controller found [17a0:9755] (rev 1)
[    8.712872] omarchy-m2 kernel: sdhci-pci 0000:02:00.0: enabling device (0000 -> 0002)
[    8.712941] omarchy-m2 kernel: apple-dcp 289c00000.dcp: Failed to get dp-xbar: -517
[    8.713025] omarchy-m2 kernel: dockchannel-hid 2a9b30000.input: New interface multi-touch
[    8.713112] omarchy-m2 kernel: dockchannel-hid 2a9b30000.input: New interface keyboard
[    8.713185] omarchy-m2 kernel: dockchannel-hid 2a9b30000.input: New interface actuator
[    8.713267] omarchy-m2 kernel: dockchannel-hid 2a9b30000.input: New interface tp_accel
[    8.713347] omarchy-m2 kernel: rtkit-helper 2a9400000.mtp: RTKit: syslog message: touch_iface.c:212: Grape interface configuration completed
[    8.713423] omarchy-m2 kernel: rtkit-helper 2a9400000.mtp: RTKit: syslog message: keyboard_cr.c:78: Keyboard interface configuration completed
[    8.713495] omarchy-m2 kernel: rtkit-helper 2a9400000.mtp: RTKit: syslog message: keyboard.c:75: Keyboard ready
[    8.713582] omarchy-m2 kernel: dockchannel-hid 2a9b30000.input: Interface keyboard is now ready
[    8.713664] omarchy-m2 kernel: rtkit-helper 2a9400000.mtp: RTKit: syslog message: actuator_cr.c:88: Actuator interface configuration completed
[    8.713736] omarchy-m2 kernel: rtkit-helper 2a9400000.mtp: RTKit: syslog message: actuator.c:72: Actuator ready
[    8.713813] omarchy-m2 kernel: dockchannel-hid 2a9b30000.input: Interface actuator is now ready
[    8.713818] omarchy-m2 kernel: input: Apple MTP keyboard as /devices/platform/soc/2a9b14000.fifo/2a9b30000.input/0019:05AC:0353.0003/input/input1
[    8.713898] omarchy-m2 kernel: rtkit-helper 2a9400000.mtp: RTKit: syslog message: accel_cr.c:78: Accel interface configuration completed
[    8.713978] omarchy-m2 kernel: rtkit-helper 2a9400000.mtp: RTKit: syslog message: accel.c:72: Accel ready
[    8.714057] omarchy-m2 kernel: dockchannel-hid 2a9b30000.input: Interface tp_accel is now ready
[    8.714062] omarchy-m2 kernel: input: Apple MTP multi-touch as /devices/platform/soc/2a9b14000.fifo/2a9b30000.input/0019:05AC:0353.0002/input/input2
[    8.714130] omarchy-m2 kernel: apple-dcp 289c00000.dcp: Failed to get dp-xbar: -517
[    8.714135] omarchy-m2 kernel: mmc0: SDHCI controller on PCI [0000:02:00.0] using ADMA 64-bit
[    8.714212] omarchy-m2 kernel: apple-dcp 289c00000.dcp: Failed to get dp-xbar: -517
[    8.714298] omarchy-m2 kernel: apple 0019:05AC:0353.0003: input,hidraw1: HOST HID v2.70 Keyboard [Apple MTP keyboard] on 2a9b30000.input.2 (keyboard)
[    8.714381] omarchy-m2 kernel: magicmouse 0019:05AC:0353.0002: input,hidraw2: HOST HID v2.70 Mouse [Apple MTP multi-touch] on 2a9b30000.input.1 (multi-touch)
[    8.714460] omarchy-m2 kernel: apple-dcp 289c00000.dcp: Failed to get dp-xbar: -517
[    8.714536] omarchy-m2 kernel: dockchannel-hid 2a9b30000.input: Starting interface multi-touch
[    8.714613] omarchy-m2 kernel: dockchannel-hid 2a9b30000.input: Requesting GPIO multi-touch#167: afe-reset
[    8.714693] omarchy-m2 kernel: dockchannel-hid 2a9b30000.input: Sending firmware for multi-touch
[    8.714768] omarchy-m2 kernel: rtkit-helper 2a9400000.mtp: RTKit: syslog message: afe_transport.c:143: Z2 AFE transport initialized
[    8.714841] omarchy-m2 kernel: rtkit-helper 2a9400000.mtp: RTKit: syslog message: boot.c:151: [Touch]: AFE transport initialization complete
[    8.714925] omarchy-m2 kernel: rtkit-helper 2a9400000.mtp: RTKit: syslog message: boot.c:153: [Touch]: Touch initialized
[    8.715019] omarchy-m2 kernel: dockchannel-hid 2a9b30000.input: Resetting multi-touch
[    8.715105] omarchy-m2 kernel: dockchannel-hid 2a9b30000.input: GPIO command: multi-touch#167: 3
[    8.715179] omarchy-m2 kernel: rtkit-helper 2a9400000.mtp: RTKit: syslog message: touch.c:88: Touch Reset Ext Request: OK
[    8.715256] omarchy-m2 kernel: rtkit-helper 2a9400000.mtp: RTKit: syslog message: boot.c:382: Calibration blob 'TCAL' updated
[    8.715334] omarchy-m2 kernel: rtkit-helper 2a9400000.mtp: RTKit: syslog message: boot.c:382: Calibration blob 'FCAL' updated
[    8.715413] omarchy-m2 kernel: rtkit-helper 2a9400000.mtp: RTKit: syslog message: afe_transport.c:177: afe_transport_start() Z2 running
[    8.715492] omarchy-m2 kernel: dockchannel-hid 2a9b30000.input: Interface multi-touch is now ready
[    8.715570] omarchy-m2 kernel: rtkit-helper 2a9400000.mtp: RTKit: syslog message: touch_pwr_mgr.c:216: [TPM] Mac Power Manager State Machine Started
[    8.715642] omarchy-m2 kernel: rtkit-helper 2a9400000.mtp: RTKit: syslog message: touch.c:128: Touch interface ready
[    8.715722] omarchy-m2 kernel: rtkit-helper 2a9400000.mtp: RTKit: syslog message: touch.c:143: Touch MT ready
[    8.715801] omarchy-m2 kernel: rtkit-helper 2a9400000.mtp: RTKit: syslog message: touch_pwr_mgr_fsm.c:286: Sending Cumulus Report to enter Dependent Mode (9A)
[    8.715806] omarchy-m2 kernel: BTRFS: device label asahi-root devid 1 transid 6250 /dev/mapper/root (252:0) scanned by mount (497)
[    8.715810] omarchy-m2 kernel: BTRFS info (device dm-0): first mount of filesystem 725346d2-f127-47bc-b464-9dd46155e8d6
[    8.715814] omarchy-m2 kernel: BTRFS info (device dm-0): using crc32c checksum algorithm
[    8.715818] omarchy-m2 kernel: BTRFS info (device dm-0): enabling ssd optimizations
[    8.715822] omarchy-m2 kernel: BTRFS info (device dm-0): turning on async discard
[    8.715826] omarchy-m2 kernel: BTRFS info (device dm-0): enabling free space tree
[    8.715831] omarchy-m2 systemd[1]: systemd 261.3-1-arch running in system mode (+PAM +AUDIT -SELINUX +APPARMOR -IMA +IPE +SMACK +SECCOMP +GCRYPT +GNUTLS +OPENSSL +ACL +BLKID +CURL +ELFUTILS +FIDO2 +IDN2 +KMOD +LIBCRYPTSETUP +LIBCRYPTSETUP_PLUGINS +LIBFDISK +PCRE2 +PWQUALITY +P11KIT +QRENCODE +TPM2 +BZIP2 +LZ4 +XZ +ZLIB +ZSTD +BPF_FRAMEWORK -BTF +XKBCOMMON +UTMP +LIBARCHIVE)
[    8.715837] omarchy-m2 systemd[1]: Detected architecture arm64.
[    8.715842] omarchy-m2 systemd[1]: Hostname set to <omarchy-m2>.
[    8.715848] omarchy-m2 systemd[1]: bpf-restrict-fs: BPF LSM hook not enabled in the kernel, BPF LSM not supported.
[    8.715852] omarchy-m2 kernel: zram: Added device: zram0
[    8.715856] omarchy-m2 systemd[1]: Queued start job for default target Graphical Interface.
[    8.715861] omarchy-m2 systemd[1]: Created slice CUPS Slice.
[    8.715866] omarchy-m2 systemd[1]: Created slice Slice /system/dirmngr.
[    8.715870] omarchy-m2 systemd[1]: Created slice Slice /system/getty.
[    8.715874] omarchy-m2 systemd[1]: Created slice Slice /system/gpg-agent.
[    8.715879] omarchy-m2 systemd[1]: Created slice Slice /system/gpg-agent-browser.
[    8.715883] omarchy-m2 systemd[1]: Created slice Slice /system/gpg-agent-extra.
[    8.715887] omarchy-m2 systemd[1]: Created slice Slice /system/gpg-agent-ssh.
[    8.715891] omarchy-m2 systemd[1]: Created slice Slice /system/keyboxd.
[    8.715896] omarchy-m2 systemd[1]: Created slice Slice /system/modprobe.
[    8.715900] omarchy-m2 systemd[1]: Created slice Slice /system/systemd-fsck.
[    8.715904] omarchy-m2 systemd[1]: Created slice Slice /system/systemd-growfs.
[    8.715909] omarchy-m2 systemd[1]: Created slice Slice /system/systemd-zram-setup.
[    8.715913] omarchy-m2 systemd[1]: Created slice User and Session Slice.
[    8.715917] omarchy-m2 systemd[1]: Started Forward Password Requests to Wall Directory Watch.
[    8.715922] omarchy-m2 systemd[1]: Set up automount Arbitrary Executable File Formats File System Automount Point.
[    8.715926] omarchy-m2 systemd[1]: Expecting device /dev/disk/by-uuid/530E-CC8F...
[    8.715930] omarchy-m2 systemd[1]: Expecting device /dev/disk/by-uuid/725346d2-f127-47bc-b464-9dd46155e8d6...
[    8.715934] omarchy-m2 systemd[1]: Expecting device /dev/zram0...
[    8.715939] omarchy-m2 systemd[1]: Reached target Login Prompts.
[    8.715943] omarchy-m2 systemd[1]: Reached target Image Downloads.
[    8.715947] omarchy-m2 systemd[1]: Reached target Local Integrity Protected Volumes.
[    8.715952] omarchy-m2 systemd[1]: Reached target Preparation for Network.
[    8.715956] omarchy-m2 systemd[1]: Reached target Remote Encrypted Volumes.
[    8.715961] omarchy-m2 systemd[1]: Reached target Remote File Systems.
[    8.715965] omarchy-m2 systemd[1]: Reached target Remote Integrity Protected Volumes.
[    8.715969] omarchy-m2 systemd[1]: Reached target Remote Verity Protected Volumes.
[    8.715974] omarchy-m2 systemd[1]: Reached target Slice Units.
[    8.715978] omarchy-m2 systemd[1]: Reached target Local Verity Protected Volumes.
[    8.715982] omarchy-m2 systemd[1]: Listening on Device-mapper event daemon FIFOs.
[    8.715986] omarchy-m2 systemd[1]: Listening on Query the User Interactively for a Password.
[    8.715990] omarchy-m2 systemd[1]: Listening on Process Core Dump Socket.
[    8.715995] omarchy-m2 systemd[1]: Listening on Credential Encryption/Decryption.
[    8.716001] omarchy-m2 systemd[1]: Listening on Factory Reset Management.
[    8.716006] omarchy-m2 systemd[1]: Listening on Hostname Service Socket.
[    8.716010] omarchy-m2 systemd[1]: Listening on Journal Audit Socket.
[    8.716015] omarchy-m2 systemd[1]: Listening on Journal Socket (/dev/log).
[    8.716019] omarchy-m2 systemd[1]: Listening on Journal Sockets.
[    8.716023] omarchy-m2 systemd[1]: Listening on DDI File System Mounter Socket.
[    8.716027] omarchy-m2 systemd[1]: Listening on Console Output Muting Service Socket.
[    8.716032] omarchy-m2 systemd[1]: Listening on Namespace Resource Manager Socket.
[    8.716036] omarchy-m2 systemd[1]: Listening on Userspace Out-Of-Memory (OOM) Killer Socket.
[    8.716041] omarchy-m2 systemd[1]: TPM PCR Measurements skipped, unmet condition check ConditionSecurity=measured-os
[    8.716045] omarchy-m2 systemd[1]: Make TPM PCR Policy skipped, unmet condition check ConditionSecurity=measured-uki
[    8.716049] omarchy-m2 systemd[1]: Listening on Disk Repartitioning Service Socket.
[    8.716053] omarchy-m2 systemd[1]: Listening on Report System Basic Metrics Socket.
[    8.716057] omarchy-m2 systemd[1]: Listening on CGroup Report Varlink Socket.
[    8.716062] omarchy-m2 systemd[1]: Listening on Resolve Monitor Varlink Socket.
[    8.716066] omarchy-m2 systemd[1]: Listening on Resolve Service Varlink Socket.
[    8.716070] omarchy-m2 systemd[1]: Listening on Simple Block Device Backed Storage Provider.
[    8.716074] omarchy-m2 systemd[1]: Listening on Simple File System Backed Storage Provider.
[    8.716079] omarchy-m2 systemd[1]: Listening on udev Control Socket.
[    8.716083] omarchy-m2 systemd[1]: Listening on udev Kernel Socket.
[    8.716087] omarchy-m2 systemd[1]: Listening on udev Varlink Socket.
[    8.716091] omarchy-m2 systemd[1]: Listening on User Database Manager Socket.
[    8.716095] omarchy-m2 systemd[1]: Mounting Huge Pages File System...
[    8.716100] omarchy-m2 systemd[1]: Mounting POSIX Message Queue File System...
[    8.716104] omarchy-m2 systemd[1]: Mounting Kernel Debug File System...
[    8.716108] omarchy-m2 systemd[1]: Mounting Kernel Trace File System...
[    8.716113] omarchy-m2 systemd[1]: Starting Create List of Static Device Nodes...
[    8.716117] omarchy-m2 systemd[1]: Load Kernel Module configfs skipped, unmet condition check ConditionKernelModuleLoaded=!configfs
[    8.716121] omarchy-m2 systemd[1]: Mounting Kernel Configuration File System...
[    8.716125] omarchy-m2 systemd[1]: Load Kernel Module drm skipped, unmet condition check ConditionKernelModuleLoaded=!drm
[    8.716129] omarchy-m2 systemd[1]: Load Kernel Module efi_pstore skipped, unmet condition check ConditionKernelModuleLoaded=!efi_pstore
[    8.716134] omarchy-m2 systemd[1]: Starting Load Kernel Module fuse...
[    8.716139] omarchy-m2 systemd[1]: Clear SysFail Entry If The Boot Is Successful skipped, unmet condition check ConditionPathExists=/sys/firmware/efi/efivars/LoaderEntrySysFail-4a67b082-0a4c-41cf-b6c7-440b29bb8c4f
[    8.716143] omarchy-m2 systemd[1]: Clear Stale Hibernate Storage Info skipped, unmet condition check ConditionPathExists=/sys/firmware/efi/efivars/HibernateLocation-8cf2644b-4b0b-428f-9387-6d876050dc67
[    8.716147] omarchy-m2 systemd[1]: Starting Journal Service...
[    8.716151] omarchy-m2 systemd[1]: Starting Load Kernel Modules...
[    8.716156] omarchy-m2 systemd[1]: TPM PCR Machine ID Measurement skipped, unmet condition check ConditionSecurity=measured-os
[    8.716160] omarchy-m2 systemd[1]: TPM PCR OS Separator skipped, unmet condition check ConditionSecurity=measured-os
[    8.716164] omarchy-m2 systemd[1]: Starting Remount Root and Kernel File Systems...
[    8.716168] omarchy-m2 systemd[1]: Early TPM SRK Setup skipped, unmet condition check ConditionSecurity=measured-os
[    8.716173] omarchy-m2 systemd[1]: TPM PCR NvPCR Initialization Separator skipped, unmet condition check ConditionPathExists=/etc/initrd-release
[    8.716177] omarchy-m2 systemd[1]: TPM NvPCR Product ID Measurement skipped, unmet condition check ConditionSecurity=measured-os
[    8.716181] omarchy-m2 kernel: fuse: init (API version 7.45)
[    8.716185] omarchy-m2 systemd[1]: Starting Load udev Rules from Credentials...
[    8.716189] omarchy-m2 systemd[1]: Starting Coldplug All udev Devices...
[    8.716193] omarchy-m2 systemd[1]: Starting Virtual Console Setup...
[    8.716197] omarchy-m2 systemd[1]: Mounted Huge Pages File System.
[    8.716202] omarchy-m2 systemd[1]: Mounted POSIX Message Queue File System.
[    8.716206] omarchy-m2 systemd[1]: Mounted Kernel Debug File System.
[    8.716210] omarchy-m2 systemd[1]: Mounted Kernel Trace File System.
[    8.716214] omarchy-m2 systemd[1]: Finished Create List of Static Device Nodes.
[    8.716218] omarchy-m2 systemd[1]: Mounted Kernel Configuration File System.
[    8.716222] omarchy-m2 systemd[1]: modprobe@fuse.service: Deactivated successfully.
[    8.716227] omarchy-m2 systemd[1]: Finished Load Kernel Module fuse.
[    8.716231] omarchy-m2 systemd[1]: Mounting FUSE Control File System...
[    8.716235] omarchy-m2 systemd[1]: Starting Create Static Device Nodes in /dev gracefully...
[    8.716239] omarchy-m2 kernel: i2c_dev: i2c /dev entries driver
[    8.716243] omarchy-m2 systemd[1]: Finished Load Kernel Modules.
[    8.716255] omarchy-m2 systemd-journald[598]: Collecting audit messages is enabled.
[    8.716266] omarchy-m2 systemd[1]: Finished Virtual Console Setup.
[    8.716271] omarchy-m2 kernel: audit: type=1130 audit(1790070379.015:2): pid=1 uid=0 auid=4294967295 ses=4294967295 subj=unconfined msg='unit=systemd-vconsole-setup comm="systemd" exe="/usr/lib/systemd/systemd" hostname=? addr=? terminal=? res=success'
[    8.716275] omarchy-m2 systemd[1]: Mounted FUSE Control File System.
[    8.716280] omarchy-m2 systemd[1]: Starting Apply Kernel Variables...
[    8.716284] omarchy-m2 systemd[1]: Finished Load udev Rules from Credentials.
[    8.716289] omarchy-m2 kernel: audit: type=1130 audit(1790070379.018:3): pid=1 uid=0 auid=4294967295 ses=4294967295 subj=unconfined msg='unit=systemd-udev-load-credentials comm="systemd" exe="/usr/lib/systemd/systemd" hostname=? addr=? terminal=? res=success'
[    8.716293] omarchy-m2 systemd[1]: Finished Apply Kernel Variables.
[    8.716297] omarchy-m2 kernel: audit: type=1130 audit(1790070379.021:4): pid=1 uid=0 auid=4294967295 ses=4294967295 subj=unconfined msg='unit=systemd-sysctl comm="systemd" exe="/usr/lib/systemd/systemd" hostname=? addr=? terminal=? res=success'
[    8.716301] omarchy-m2 systemd[1]: Starting CLI Netfilter Manager...
[    8.716305] omarchy-m2 systemd[1]: Starting Load Kernel Module tun...
[    8.716309] omarchy-m2 kernel: audit: type=1334 audit(1790070379.023:5): prog-id=19 op=LOAD
[    8.716313] omarchy-m2 kernel: audit: type=1334 audit(1790070379.023:6): prog-id=20 op=LOAD
[    8.716317] omarchy-m2 kernel: audit: type=1334 audit(1790070379.023:7): prog-id=21 op=LOAD
[    8.716321] omarchy-m2 systemd[1]: Starting User Database Manager...
[    8.716325] omarchy-m2 kernel: tun: Universal TUN/TAP device driver, 1.6
[    8.716329] omarchy-m2 systemd[1]: modprobe@tun.service: Deactivated successfully.
[    8.716333] omarchy-m2 systemd[1]: Finished Load Kernel Module tun.
[    8.716338] omarchy-m2 kernel: audit: type=1130 audit(1790070379.027:8): pid=1 uid=0 auid=4294967295 ses=4294967295 subj=unconfined msg='unit=modprobe@tun comm="systemd" exe="/usr/lib/systemd/systemd" hostname=? addr=? terminal=? res=success'
[    8.716342] omarchy-m2 kernel: audit: type=1131 audit(1790070379.027:9): pid=1 uid=0 auid=4294967295 ses=4294967295 subj=unconfined msg='unit=modprobe@tun comm="systemd" exe="/usr/lib/systemd/systemd" hostname=? addr=? terminal=? res=success'
[    8.716346] omarchy-m2 kernel: audit: type=1334 audit(1790070379.028:10): prog-id=22 op=LOAD
[    8.716350] omarchy-m2 kernel: audit: type=1334 audit(1790070379.028:11): prog-id=23 op=LOAD
[    8.716354] omarchy-m2 systemd[1]: Starting Namespace Resource Manager...
[    8.717020] omarchy-m2 systemd[1]: Started Journal Service.
[    8.782907] omarchy-m2 kernel: BTRFS info (device dm-0 state M): use zstd compression, level 1
[    8.908015] omarchy-m2 kernel: zram0: detected capacity change from 0 to 65245184
[    8.936004] omarchy-m2 kernel: apple-display-crossbar 70304c000.mux: Switched dpphy to disconnected state
[    8.941514] omarchy-m2 kernel: apple-display-crossbar 70304c000.mux: t602x idle: 000=00000000 004=000001ff 008=00000000 00c=00000000 014=000001ff 018=00000000 01c=00000000 024=00000111 028=00000000 02c=00000000 030=00000000 034=00000000 040=0005ad6b 044=02b5ad6b 048=00000000 04c=00000000 050=00000000 060=00000000 070=00000000
[    8.944511] omarchy-m2 kernel: apple-display-crossbar 70304c000.mux: t602x idle clk: 000=00000000 800=00000000 020=00000000 820=00000000 024=00000111 81c=00000111
[    8.948964] omarchy-m2 kernel: apple-display-crossbar 70304c000.mux: Switched dpin0 to disconnected state
[    8.953098] omarchy-m2 kernel: apple-display-crossbar 70304c000.mux: t602x idle: 000=00000000 004=000001ff 008=00000000 00c=00000000 014=000001ff 018=00000000 01c=00000000 024=00000111 028=00000000 02c=00000000 030=00000000 034=00000000 040=0005ad6b 044=02b5ad6b 048=00000000 04c=00000000 050=00000000 060=00000000 070=00000000
[    8.954430] omarchy-m2 kernel: apple-display-crossbar 70304c000.mux: t602x idle clk: 000=00000000 800=00000000 020=00000000 820=00000000 024=00000111 81c=00000111
[    8.954531] omarchy-m2 kernel: apple-display-crossbar 70304c000.mux: Switched dpin1 to disconnected state
[    8.954622] omarchy-m2 kernel: apple-display-crossbar 70304c000.mux: t602x idle: 000=00000000 004=000001ff 008=00000000 00c=00000000 014=000001ff 018=00000000 01c=00000000 024=00000111 028=00000000 02c=00000000 030=00000000 034=00000000 040=0005ad6b 044=02b5ad6b 048=00000000 04c=00000000 050=00000000 060=00000000 070=00000000
[    8.954696] omarchy-m2 kernel: apple-display-crossbar 70304c000.mux: t602x idle clk: 000=00000000 800=00000000 020=00000000 820=00000000 024=00000111 81c=00000111
[    8.956397] omarchy-m2 kernel: mc: Linux media interface: v0.10
[    8.956411] omarchy-m2 kernel: apple-display-crossbar b0304c000.mux: Switched dpphy to disconnected state
[    8.961108] omarchy-m2 kernel: apple-display-crossbar b0304c000.mux: t602x idle: 000=00000000 004=000001ff 008=00000000 00c=00000000 014=000001ff 018=00000000 01c=00000000 024=00000111 028=00000000 02c=00000000 030=00000000 034=00000000 040=0005ad6b 044=02b5ad6b 048=00000000 04c=00000000 050=00000000 060=00000000 070=00000000
[    8.962458] omarchy-m2 kernel: apple-display-crossbar b0304c000.mux: t602x idle clk: 000=00000000 800=00000000 020=00000000 820=00000000 024=00000111 81c=00000111
[    8.962924] omarchy-m2 kernel: apple-display-crossbar b0304c000.mux: Switched dpin0 to disconnected state
[    8.964846] omarchy-m2 kernel: apple-display-crossbar b0304c000.mux: t602x idle: 000=00000000 004=000001ff 008=00000000 00c=00000000 014=000001ff 018=00000000 01c=00000000 024=00000111 028=00000000 02c=00000000 030=00000000 034=00000000 040=0005ad6b 044=02b5ad6b 048=00000000 04c=00000000 050=00000000 060=00000000 070=00000000
[    8.968067] omarchy-m2 kernel: apple-display-crossbar b0304c000.mux: t602x idle clk: 000=00000000 800=00000000 020=00000000 820=00000000 024=00000111 81c=00000111
[    8.968392] omarchy-m2 kernel: apple-display-crossbar b0304c000.mux: Switched dpin1 to disconnected state
[    8.968530] omarchy-m2 kernel: apple-display-crossbar b0304c000.mux: t602x idle: 000=00000000 004=000001ff 008=00000000 00c=00000000 014=000001ff 018=00000000 01c=00000000 024=00000111 028=00000000 02c=00000000 030=00000000 034=00000000 040=0005ad6b 044=02b5ad6b 048=00000000 04c=00000000 050=00000000 060=00000000 070=00000000
[    8.969195] omarchy-m2 kernel: apple-display-crossbar b0304c000.mux: t602x idle clk: 000=00000000 800=00000000 020=00000000 820=00000000 024=00000111 81c=00000111
[    8.972219] omarchy-m2 kernel: apple-dcp 289c00000.dcp: Failed to get dp-xbar: -517
[    8.977499] omarchy-m2 kernel: apple-display-crossbar f0304c000.mux: Switched dpphy to disconnected state
[    8.979519] omarchy-m2 kernel: apple-display-crossbar f0304c000.mux: t602x idle: 000=00000000 004=000001ff 008=00000000 00c=00000000 014=000001ff 018=00000000 01c=00000000 024=00000111 028=00000000 02c=00000000 030=00000000 034=00000000 040=0005ad6b 044=02b5ad6b 048=00000000 04c=00000000 050=00000000 060=00000000 070=00000000
[    8.982008] omarchy-m2 kernel: apple-display-crossbar f0304c000.mux: t602x idle clk: 000=00000000 800=00000000 020=00000000 820=00000000 024=00000111 81c=00000111
[    8.984172] omarchy-m2 kernel: apple-display-crossbar f0304c000.mux: Switched dpin0 to disconnected state
[    8.986827] omarchy-m2 kernel: apple-display-crossbar f0304c000.mux: t602x idle: 000=00000000 004=000001ff 008=00000000 00c=00000000 014=000001ff 018=00000000 01c=00000000 024=00000111 028=00000000 02c=00000000 030=00000000 034=00000000 040=0005ad6b 044=02b5ad6b 048=00000000 04c=00000000 050=00000000 060=00000000 070=00000000
[    8.987889] omarchy-m2 kernel: apple-display-crossbar f0304c000.mux: t602x idle clk: 000=00000000 800=00000000 020=00000000 820=00000000 024=00000111 81c=00000111
[    8.988953] omarchy-m2 kernel: apple-display-crossbar f0304c000.mux: Switched dpin1 to disconnected state
[    8.989303] omarchy-m2 kernel: apple-display-crossbar f0304c000.mux: t602x idle: 000=00000000 004=000001ff 008=00000000 00c=00000000 014=000001ff 018=00000000 01c=00000000 024=00000111 028=00000000 02c=00000000 030=00000000 034=00000000 040=0005ad6b 044=02b5ad6b 048=00000000 04c=00000000 050=00000000 060=00000000 070=00000000
[    8.989438] omarchy-m2 kernel: apple-display-crossbar f0304c000.mux: t602x idle clk: 000=00000000 800=00000000 020=00000000 820=00000000 024=00000111 81c=00000111
[    8.990326] omarchy-m2 kernel: apple-display-crossbar 130304c000.mux: Switched dpphy to disconnected state
[    8.990586] omarchy-m2 kernel: apple-display-crossbar 130304c000.mux: t602x idle: 000=00000000 004=000001ff 008=00000000 00c=00000000 014=000001ff 018=00000000 01c=00000000 024=00000111 028=00000000 02c=00000000 030=00000000 034=00000000 040=0005ad6b 044=02b5ad6b 048=00000000 04c=00000000 050=00000000 060=00000000 070=00000000
[    8.990746] omarchy-m2 kernel: apple-display-crossbar 130304c000.mux: t602x idle clk: 000=00000000 800=00000000 020=00000000 820=00000000 024=00000111 81c=00000111
[    8.990892] omarchy-m2 kernel: apple-display-crossbar 130304c000.mux: Switched dpin0 to disconnected state
[    8.991068] omarchy-m2 kernel: apple-display-crossbar 130304c000.mux: t602x idle: 000=00000000 004=000001ff 008=00000000 00c=00000000 014=000001ff 018=00000000 01c=00000000 024=00000111 028=00000000 02c=00000000 030=00000000 034=00000000 040=0005ad6b 044=02b5ad6b 048=00000000 04c=00000000 050=00000000 060=00000000 070=00000000
[    8.991206] omarchy-m2 kernel: apple-display-crossbar 130304c000.mux: t602x idle clk: 000=00000000 800=00000000 020=00000000 820=00000000 024=00000111 81c=00000111
[    8.991341] omarchy-m2 kernel: apple-display-crossbar 130304c000.mux: Switched dpin1 to disconnected state
[    8.991465] omarchy-m2 kernel: apple-display-crossbar 130304c000.mux: t602x idle: 000=00000000 004=000001ff 008=00000000 00c=00000000 014=000001ff 018=00000000 01c=00000000 024=00000111 028=00000000 02c=00000000 030=00000000 034=00000000 040=0005ad6b 044=02b5ad6b 048=00000000 04c=00000000 050=00000000 060=00000000 070=00000000
[    8.991587] omarchy-m2 kernel: apple-display-crossbar 130304c000.mux: t602x idle clk: 000=00000000 800=00000000 020=00000000 820=00000000 024=00000111 81c=00000111
[    8.991720] omarchy-m2 kernel: videodev: Linux video capture interface: v2.00
[    8.991725] omarchy-m2 kernel: apple_aop 2a6c00000.aop: RTKit: Initializing (protocol version 12)
[    8.991867] omarchy-m2 kernel: apple_aop 2a6c00000.aop: RTKit: syslog message: AOP_oslog_init.cpp:96: Start AOP OSLog init
[    8.992011] omarchy-m2 kernel: apple_aop 2a6c00000.aop: RTKit: syslog message: P_os_log_support.cpp:60: AOP os log initialized
[    8.992152] omarchy-m2 kernel: apple-dcp 315c00000.dcp: typec0 USB4 DP IN using crossbar mux 1
[    8.992298] omarchy-m2 kernel: apple-dcp 315c00000.dcp: typec1 USB4 DP IN using crossbar mux 1
[    8.992962] omarchy-m2 kernel: apple-sio 39bc00000.sio: RTKit: Initializing (protocol version 12)
[    8.993104] omarchy-m2 kernel: apple-sio 39bc00000.sio: SIO protocol v9
[    8.993294] omarchy-m2 kernel: apple-dcp 315c00000.dcp: typec2 USB4 DP IN using crossbar mux 1
[    8.993450] omarchy-m2 kernel: thunderbolt-apple-acio 701ac0000.cio: PCIe-C tunnel disabled: m1n1 handoff is not initialized
[    8.993565] omarchy-m2 kernel: apple-isp 384000000.isp: ISP firmware-compat: 13.5 (FW: 13.5)
[    8.993705] omarchy-m2 kernel: thunderbolt-apple-acio b01ac0000.cio: PCIe-C tunnel disabled: m1n1 handoff is not initialized
[    8.993828] omarchy-m2 kernel: spi-nor spi0.0: supply vcc not found, using dummy regulator
[    8.993969] omarchy-m2 kernel: tas2764 1-003a: supply SDZ not found, using dummy regulator
[    8.994100] omarchy-m2 kernel: tas2764 1-0038: supply SDZ not found, using dummy regulator
[    8.994239] omarchy-m2 kernel: thunderbolt-apple-acio f01ac0000.cio: PCIe-C tunnel disabled: m1n1 handoff is not initialized
[    8.994398] omarchy-m2 kernel: tas2764 1-0039: supply SDZ not found, using dummy regulator
[    8.994580] omarchy-m2 kernel: apple-display-crossbar 130304c000.mux: Switched dpphy to dispext0,0 (t602x atc=0x100 mux=0x0)
[    8.994767] omarchy-m2 kernel: apple-display-crossbar 130304c000.mux: t602x dpphy: 000=00000001 004=000001fe 008=00000001 00c=00000001 014=000001fb 018=00000001 01c=00000100 024=00000011 028=00000100 02c=00000001 030=00000000 034=00000100 040=0005ad6b 044=02b5ad6b 048=00000000 04c=00000000 050=00000000 060=00000000 070=00000000
[    8.994942] omarchy-m2 kernel: apple-display-crossbar 130304c000.mux: t602x dpphy clk: 000=00000001 800=00000000 020=00000000 820=00000000 024=00000011 81c=00000011
[    8.995102] omarchy-m2 kernel: apple-dcp 289c00000.dcp: typec_mux_set() returned: 0
[    8.995255] omarchy-m2 kernel: apple-isp 384000000.isp: IPC surface iova: 0x10000f00000
[    8.995420] omarchy-m2 kernel: apple-isp 384000000.isp: Data surface iova: 0x10000f1c000
[    8.995570] omarchy-m2 kernel: tas2764 3-003d: supply SDZ not found, using dummy regulator
[    8.995742] omarchy-m2 kernel: apple-dcp 289c00000.dcp: typec0 USB4 DP IN using crossbar mux 1
[    8.995885] omarchy-m2 kernel: apple-dcp 289c00000.dcp: typec1 USB4 DP IN using crossbar mux 1
[    8.996029] omarchy-m2 kernel: avd 287080000.avd: booting hw version: 30010
[    8.996181] omarchy-m2 kernel: tas2764 3-003b: supply SDZ not found, using dummy regulator
[    8.996338] omarchy-m2 kernel: 1 fixed-partitions partitions found on MTD device spi0.0
[    8.996352] omarchy-m2 kernel: Creating 1 MTD partitions on "spi0.0":
[    8.996361] omarchy-m2 kernel: 0x000000700000-0x000000800000 : "nvram"
[    8.996370] omarchy-m2 kernel: apple-dcp 289c00000.dcp: typec2 USB4 DP IN using crossbar mux 1
[    8.996522] omarchy-m2 kernel: tas2764 3-003c: supply SDZ not found, using dummy regulator
[    8.996685] omarchy-m2 kernel: apple-dcp 389c00000.dcp: Detected display with notch of 74 pixel
[    8.996838] omarchy-m2 kernel: tas2764 3-003c: tas2764_i2c_probe: Failed to parse devicetree
[    8.996998] omarchy-m2 kernel: platform 389c00000.dcp:piodma: Adding to iommu group 16
[    8.997168] omarchy-m2 kernel: apple-dart 389304000.iommu: Limited to ias=36 due to lock
[    8.997313] omarchy-m2 kernel: apple-dcp 389c00000.dcp: RTKit: Initializing (protocol version 12)
[    8.997465] omarchy-m2 kernel: apple-dcp 389c00000.dcp: shmem_setup: iova: 10080238000 -> pa: 107ddbb4000 -> iomem: ffff80008ed40000
[    8.997612] omarchy-m2 kernel: apple-dcp 389c00000.dcp: shmem_setup: iova: 10fffffc000, buffer: ffff80008ed34000
[    8.997753] omarchy-m2 kernel: apple-dcp 389c00000.dcp: shmem_setup: iova: 10fffff8000, buffer: ffff80008ed54000
[    8.997901] omarchy-m2 kernel: apple-drm soc:display-subsystem: bound 389c00000.dcp (ops dcp_comp_ops [appledrm])
[    8.998072] omarchy-m2 kernel: apple-dcp 289c00000.dcp: DCP index:1 dptx target phy: 3 dptx die: 0
[    8.998229] omarchy-m2 kernel: apple-dcp 389c00000.dcp: RTKit: syslog message: ck_PCC2DBlm_v5.cpp:2611: IOMFB LACS_ERROR: DCP took too long to respond to LAS stats
[    8.998388] omarchy-m2 kernel: platform 289c00000.dcp:piodma: Adding to iommu group 17
[    8.998554] omarchy-m2 kernel: apple-dart 289304000.iommu: Limited to ias=36 due to lock
[    8.998708] omarchy-m2 kernel: apple-dcp 289c00000.dcp: RTKit: Initializing (protocol version 12)
[    8.998863] omarchy-m2 kernel: apple-dcp 389c00000.dcp: RTKit: syslog message: ck_PCC2DBlm_v5.cpp:2646: IOMFB: BLM LTS data hasn't been read in more than 10 secs
[    8.999024] omarchy-m2 kernel: apple-dcp 289c00000.dcp: shmem_setup: iova: 10080238000 -> pa: 107dd8b4000 -> iomem: ffff80008ed70000
[    8.999190] omarchy-m2 kernel: apple-dcp 289c00000.dcp: shmem_setup: iova: 10fffffc000, buffer: ffff80008ed84000
[    8.999345] omarchy-m2 kernel: apple-dcp 289c00000.dcp: shmem_setup: iova: 10fffff8000, buffer: ffff80008ed8c000
[    8.999500] omarchy-m2 kernel: apple-drm soc:display-subsystem: bound 289c00000.dcp (ops dcp_comp_ops [appledrm])
[    8.999643] omarchy-m2 kernel: apple-drm soc:display-subsystem: bound 39b540000.audio-controller (ops dcpaud_comp_ops [appledrm])
[    8.999788] omarchy-m2 kernel: apple-dcp 315c00000.dcp: DCP index:2 dptx target phy: 1 dptx die: 0
[    8.999966] omarchy-m2 kernel: platform 315c00000.dcp:piodma: Adding to iommu group 18
[    9.000159] omarchy-m2 kernel: apple-dart 315304000.iommu: Limited to ias=36 due to lock
[    9.000358] omarchy-m2 kernel: apple-dcp 315c00000.dcp: RTKit: Initializing (protocol version 12)
[    9.000556] omarchy-m2 kernel: apple-dcp 315c00000.dcp: shmem_setup: iova: 10080238000 -> pa: 107dc5b4000 -> iomem: ffff80008edb0000
[    9.000728] omarchy-m2 kernel: apple-dcp 315c00000.dcp: shmem_setup: iova: 10fffffc000, buffer: ffff80008eda4000
[    9.000897] omarchy-m2 kernel: apple-dcp 315c00000.dcp: shmem_setup: iova: 10fffff8000, buffer: ffff80008edc4000
[    9.001077] omarchy-m2 kernel: cs42l84 2-004b: Cirrus Logic CS42L84, Revision: 36
[    9.002363] omarchy-m2 kernel: apple-drm soc:display-subsystem: bound 315c00000.dcp (ops dcp_comp_ops [appledrm])
[    9.004521] omarchy-m2 kernel: apple-drm soc:display-subsystem: bound 39b580000.audio-controller (ops dcpaud_comp_ops [appledrm])
[    9.004685] omarchy-m2 kernel: apple_aop 2a6c00000.aop: RTKit: syslog message: ALSVD6286.cpp:80: [ALS1] VD6286 device found. Calibration Override:0
[    9.004846] omarchy-m2 kernel: apple-dcp 389c00000.dcp: RTKit: syslog message: ap_link.c:299: shared memory dva: 0x10fffe00000 0xffffffff00680000
[    9.005020] omarchy-m2 kernel: apple-dcp 389c00000.dcp: RTKit: syslog message: ap_link.c:276: ap_link: IOMFB: DCP heap size: 0x1030000 [iBoot:0x1030000] [LinkService:0x0]
[    9.005268] omarchy-m2 kernel: apple-dcp 389c00000.dcp: RTKit: syslog message: nifiedPipeline.cpp:4191: IOMFB: Could not find Backlight service
[    9.005605] omarchy-m2 kernel: apple-dcp 389c00000.dcp: RTKit: syslog message: nifiedPipeline.cpp:4199: IOMFB: Could not find nvram service
[    9.005746] omarchy-m2 kernel: apple-dcp 389c00000.dcp: RTKit: syslog message: nifiedPipeline.cpp:1838: virtual bool UnifiedPipeline::start_ios_gated(): Created AP Services
[    9.007082] omarchy-m2 kernel: apple-dcp 389c00000.dcp: RTKit: syslog message: nifiedPipeline.cpp:1864: start_ios_gated: trigger pending HPD notification
[    9.008282] omarchy-m2 kernel: apple-dcp 389c00000.dcp: cb_hotplug() connected:1, valid_mode:0 nr_modes:0
[    9.008384] omarchy-m2 kernel: apple-dcp 389c00000.dcp: dcp_hotplug() connected:1 valid_mode:0 nr_modes:0
[    9.008902] omarchy-m2 kernel: apple-dcp 389c00000.dcp: RTKit: syslog message: nifiedPipeline.cpp:1871: virtual bool UnifiedPipeline::start_ios_gated(): Flushed RTPs
[    9.009251] omarchy-m2 kernel: apple-dcp 389c00000.dcp: RTKit: syslog message: ableCompensator.cpp:903: IOMFB setup_table: Could not find table 'display-backlight-compensation-v1' in registry. Using default table.
[    9.009567] omarchy-m2 kernel: apple-dcp 389c00000.dcp: RTKit: syslog message: PPipeDCP_H13P.cpp:11092: IOMFB updateFrequencies: minimum-frequency property not found, using getClockFrequency(0) instead.
[    9.010703] omarchy-m2 kernel: apple-dcp 389c00000.dcp: RTKit: syslog message: PPipeDCP_H13P.cpp:11109: IOMFB updateFrequencies EDT ERROR: getClockFrequency(0) (257142848) < videoClock 521064960! Giving up on frequencies.
[    9.013636] omarchy-m2 kernel: apple-dcp 389c00000.dcp: RTKit: syslog message: UPPipeDCP_H13P.cpp:1532: IOMFB: videoClock is zero, defaulting to 521065000
[    9.013820] omarchy-m2 kernel: apple-dcp 389c00000.dcp: RTKit: syslog message: nifiedPipeline.cpp:1356: set_device_enabled_gated: current state: 1, requested state: 1
[    9.014015] omarchy-m2 kernel: apple-dcp 389c00000.dcp: RTKit: syslog message: PPipeDCP_H13P.cpp:11092: IOMFB updateFrequencies: minimum-frequency property not found, using getClockFrequency(0) instead.
[    9.014193] omarchy-m2 kernel: apple-dcp 389c00000.dcp: RTKit: syslog message: PPipeDCP_H13P.cpp:11109: IOMFB updateFrequencies EDT ERROR: getClockFrequency(0) (257142848) < videoClock 521064960! Giving up on frequencies.
[    9.014374] omarchy-m2 kernel: apple-dcp 389c00000.dcp: RTKit: syslog message: PPipeDCP_H13P.cpp:10490: set_run_mode_safe: deferring: 2 -> 4
[    9.014537] omarchy-m2 kernel: apple-dcp 389c00000.dcp: RTKit: syslog message: PPipeDCP_H13P.cpp:10395: virtual IOMFBStatus IOMFB::UPPipeDCP_H13P::ready_for_run_mode_change(IOMFB::AppleRegisterStream *): initiating deferred run mod
[    9.014686] omarchy-m2 kernel: apple-dcp 389c00000.dcp: RTKit: syslog message: M3Hal_v1.cpp:197: IOMFB: load APT M3 IMem : size 0x7b40
[    9.014815] omarchy-m2 kernel: apple-dcp 389c00000.dcp: RTKit: syslog message: M3Hal_v1.cpp:197: IOMFB: load APT M3 DMem : size 0x6fd4
[    9.014947] omarchy-m2 kernel: apple-dcp 389c00000.dcp: RTKit: syslog message: CAHandler.cpp:188: IOMFB load_ca_data: Unrecognized data version 0 (expected 1 or 2)
[    9.015110] omarchy-m2 kernel: apple-dcp 289c00000.dcp: AFK[ep:20]: new service system on channel 1
[    9.015270] omarchy-m2 kernel: apple-dcp 289c00000.dcp: AFK[ep:20]: new service powerlog-service on channel 3
[    9.016009] omarchy-m2 kernel: apple-dcp 389c00000.dcp: AFK[ep:20]: new service system on channel 5
[    9.016141] omarchy-m2 kernel: apple-dcp 389c00000.dcp: RTKit: syslog message: PPipeDCP_H13P.cpp:14085: IOMFB Int RTBandwidth: program_M3_rt_config: Using Dashboard 28e3d1208
[    9.016384] omarchy-m2 kernel: apple-dcp 389c00000.dcp: RTKit: syslog message: dpointInterface.cpp:606: [AFK][AFKMailboxSharedMemoryEndpointInterface:#62] if:1 inCmd:0 inResp:0 outRepErr:0 outCmdErr:0 t:733488631
[    9.016469] omarchy-m2 kernel: apple-dcp 389c00000.dcp: AFK[ep:20]: new service powerlog-service on channel 7
[    9.016556] omarchy-m2 kernel: apple-dcp 389c00000.dcp: RTKit: syslog message: dpointInterface.cpp:606: [AFK][AFKMailboxSharedMemoryEndpointInterface:#65] if:3 inCmd:0 inResp:0 outRepErr:0 outCmdErr:0 t:733489593
[    9.016646] omarchy-m2 kernel: apple-dcp 389c00000.dcp: RTKit: syslog message: UPTSQManager.cpp:133: IOMFB: clearing M3 reset
[    9.016731] omarchy-m2 kernel: apple-dcp 389c00000.dcp: RTKit: syslog message: UPTSQ_Hal_v1.cpp:349: IOMFB: timebase_offset = 4
[    9.016821] omarchy-m2 kernel: apple-dcp 389c00000.dcp: RTKit: syslog message: UPTSQManager.cpp:105: IOMFB: switch to normal mode succeeded
[    9.016904] omarchy-m2 kernel: cfg80211: Loading compiled-in X.509 certificates for regulatory database
[    9.016910] omarchy-m2 kernel: Bluetooth: Core ver 2.22
[    9.016915] omarchy-m2 kernel: NET: Registered PF_BLUETOOTH protocol family
[    9.016924] omarchy-m2 kernel: Bluetooth: HCI device and connection manager initialized
[    9.016928] omarchy-m2 kernel: Bluetooth: HCI socket layer initialized
[    9.016936] omarchy-m2 kernel: Bluetooth: L2CAP socket layer initialized
[    9.016941] omarchy-m2 kernel: Bluetooth: SCO socket layer initialized
[    9.016946] omarchy-m2 kernel: Loaded X.509 cert 'sforshee: 00b28ddf47aef9cea7'
[    9.016951] omarchy-m2 kernel: Loaded X.509 cert 'wens: 61c038651aabdcf94bd0ac7ff06c7248db18c600'
[    9.018010] omarchy-m2 kernel: apple-dcp 389c00000.dcp: RTKit: syslog message: ck_PCC2DBlm_v5.cpp:2611: IOMFB LACS_ERROR: DCP took too long to respond to LAS stats
[    9.018092] omarchy-m2 kernel: apple-dcp 389c00000.dcp: DCP booted
[    9.018171] omarchy-m2 kernel: apple-dcp 389c00000.dcp: DCP is_main_display: 1
[    9.018250] omarchy-m2 kernel: apple-dcp 389c00000.dcp: dcp_hotplug() connected:1 valid_mode:0 nr_modes:6
[    9.018311] omarchy-m2 kernel: hci_bcm4377 0000:01:00.1: resetting
[    9.020013] omarchy-m2 kernel: usbcore: registered new interface driver brcmfmac
[    9.020020] omarchy-m2 kernel: brcmfmac 0000:01:00.0: enabling device (0000 -> 0002)
[    9.034008] omarchy-m2 kernel: brcmfmac: brcmf_fw_alloc_request: using brcm/brcmfmac4388c0-pcie for chip BCM4388/4
[    9.035006] omarchy-m2 kernel: apple_aop 2a6c00000.aop: RTKit: syslog message: iggerController.cpp:129: VoiceTrig ready!! <AppleAOPVoiceTriggerController v240.2 built: Jun 30 202317:4
[    9.035128] omarchy-m2 kernel: apple_aop 2a6c00000.aop: RTKit: syslog message: SPU_init.cpp:320: ===( AOP IS READY )===
[    9.047003] omarchy-m2 kernel: Adding 32622576k swap on /dev/zram0.  Priority:100 extents:1 across:32622576k SSDsc
[    9.123012] omarchy-m2 kernel: hci_bcm4377 0000:01:00.1: reset done
[    9.224043] omarchy-m2 kernel: hci_bcm4377 0000:01:00.1: enabling device (0000 -> 0002)
[    9.761132] omarchy-m2 systemd-journald[598]: Received client request to flush runtime journal.
[    9.870133] omarchy-m2 kernel: input: keyd virtual keyboard as /devices/virtual/input/input3
[    9.903011] omarchy-m2 kernel: input: keyd virtual pointer as /devices/virtual/input/input4
[    9.953009] omarchy-m2 kernel: apple-isp: CISP_CMD_CONFIG_GET: 
[    9.953042] omarchy-m2 kernel: apple-isp: 00000000 00000003 016e3600 00000001 0000000a 00000000 00000001
[    9.953055] omarchy-m2 kernel: apple-isp 384000000.isp: found sensor 558 CC2248101BGPNTV7H on ch 0
[    9.953362] omarchy-m2 kernel: apple-isp: ch: CISP_CMD_CH_INFO_GET: 0
[    9.953413] omarchy-m2 kernel: apple-isp: ch: 00000000 0000010d 00000000 07dc0001 00010090 00010007 00000006 00000001
[    9.953437] omarchy-m2 kernel: apple-isp: ch: 00000558 00000009 00001410 00000002 00000000 00000000 00000000 00000000
[    9.953456] omarchy-m2 kernel: apple-isp: ch: 00000000 00000000 00000000 00050000 00000001 00000000 00000004 00000020
[    9.953473] omarchy-m2 kernel: apple-isp: ch: 00000006 00000000 00004680 00000040 00000001 00000002 00004000 00000040
[    9.953492] omarchy-m2 kernel: apple-isp: ch: 00000001 00000000 00000000 00000036 00000000 00000000 000f4240 434300a0
[    9.953501] omarchy-m2 kernel: apple-isp: ch: 38343232 42313031 544e5047 00483756 00000000 00000008 00000000 00000000
[    9.953510] omarchy-m2 kernel: apple-isp: ch: 00000001 00000000 00000100 00000000 00000000 00000000 00000000 00ff0000
[    9.953530] omarchy-m2 kernel: apple-isp: ch: 00000c00 00000000 0000001c 00000680 00000004 00000004 00000000 00000000
[    9.953543] omarchy-m2 kernel: apple-isp: ch: 00000000 00000000 00000000 00000000 07800000 00000780
[    9.953558] omarchy-m2 kernel: apple-isp: ps: CISP_CMD_CH_CAMERA_CONFIG_GET: 0
[    9.953567] omarchy-m2 kernel: apple-isp: ps: 00000000 00000106 00000000 00000000 07800780 07800780 00000000 00001df8
[    9.953581] omarchy-m2 kernel: apple-isp: ps: 00000100 00000001 00000040 00000040 00000040 00000040 00000040 00000040
[    9.953599] omarchy-m2 kernel: apple-isp: ps: 00000003 00000040 00000040 00000005 00000000 0100041e 00000001 00000000
[    9.953619] omarchy-m2 kernel: apple-isp: ps: 0bdebefc 00000006 00000007 00000000 00000009 000f4240 00000012 00000000
[    9.953628] omarchy-m2 kernel: apple-isp: ps: 00008000 00000014 00000015 00000000 00000000 00000000 00000780 00000780
[    9.953643] omarchy-m2 kernel: apple-isp: ps: 00010000 00000000 93f00000 00000040 0000001f 00000000 00000000 00000000
[    9.953656] omarchy-m2 kernel: apple-isp: ps: 00000780 00000780 00000100 00000000 00000000 00000780 00000780
[    9.953666] omarchy-m2 kernel: apple-isp: ps: CISP_CMD_CH_CAMERA_CONFIG_GET: 1
[    9.953675] omarchy-m2 kernel: apple-isp: ps: 00000000 00000106 00000000 00000001 08700780 08700780 00000000 00001df8
[    9.953688] omarchy-m2 kernel: apple-isp: ps: 00000100 00000001 00000040 00000040 00000040 00000040 00000040 00000040
[    9.953701] omarchy-m2 kernel: apple-isp: ps: 00000003 00000040 00000040 00000005 00000000 0100041e 00000001 00000000
[    9.953711] omarchy-m2 kernel: apple-isp: ps: 0bdebefc 00000006 00000007 00000000 00000009 000f4240 00000012 00000000
[    9.953726] omarchy-m2 kernel: apple-isp: ps: 00008000 00000014 00000015 00000000 00000000 00000000 00000780 00000438
[    9.953740] omarchy-m2 kernel: apple-isp: ps: 00010001 00000000 93f00000 00000040 0000001f 00000000 00000000 00000000
[    9.953757] omarchy-m2 kernel: apple-isp: ps: 00000780 00000870 00000100 00000000 00000000 00000780 00000438
[    9.953772] omarchy-m2 kernel: apple-isp: ps: CISP_CMD_CH_CAMERA_CONFIG_GET: 2
[    9.953785] omarchy-m2 kernel: apple-isp: ps: 00000000 00000106 00000000 00000002 0f000438 0f000438 00000000 00001df8
[    9.953802] omarchy-m2 kernel: apple-isp: ps: 00000100 00000001 00000040 00000040 00000040 00000040 00000040 00000040
[    9.953814] omarchy-m2 kernel: apple-isp: ps: 00000003 00000040 00000040 00000005 00000000 0100041e 00000001 00000000
[    9.953827] omarchy-m2 kernel: apple-isp: ps: 0bdebefc 00000006 00000007 00000000 00000009 000f4240 0000000d 00000000
[    9.953870] omarchy-m2 kernel: apple-isp: ps: 00008000 00000014 00000015 00000000 00000000 00000000 00000438 00000780
[    9.953883] omarchy-m2 kernel: apple-isp: ps: 00010001 00000000 93f00000 00000040 0000001f 00000000 00000000 00000000
[    9.953899] omarchy-m2 kernel: apple-isp: ps: 00000438 00000f00 00000100 00000000 00000000 00000438 00000780
[    9.953908] omarchy-m2 kernel: apple-isp: ps: CISP_CMD_CH_CAMERA_CONFIG_GET: 3
[    9.953921] omarchy-m2 kernel: apple-isp: ps: 00000000 00000106 00000000 00000003 0a6006e0 0a6006e0 00000000 00001df8
[    9.953934] omarchy-m2 kernel: apple-isp: ps: 00000100 00000001 00000040 00000040 00000040 00000040 00000040 00000040
[    9.953947] omarchy-m2 kernel: apple-isp: ps: 00000003 00000040 00000040 00000005 00000000 0100041e 00000001 00000000
[    9.953967] omarchy-m2 kernel: apple-isp: ps: 0bdebefc 00000006 00000007 00000000 00000009 000f4240 00000010 00000000
[    9.953981] omarchy-m2 kernel: apple-isp: ps: 00008000 00000014 00000015 00000000 00000000 00000000 000006e0 00000530
[    9.953999] omarchy-m2 kernel: apple-isp: ps: 00010001 00000000 93f00000 00000040 0000001f 00000000 00000000 00000000
[    9.954018] omarchy-m2 kernel: apple-isp: ps: 000006e0 00000a60 00000100 00000000 00000000 000006e0 00000530
[    9.954028] omarchy-m2 kernel: apple-isp: ps: CISP_CMD_CH_CAMERA_CONFIG_GET: 4
[    9.954042] omarchy-m2 kernel: apple-isp: ps: 00000000 00000106 00000000 00000004 0dc00530 0dc00530 00000000 00001df8
[    9.954056] omarchy-m2 kernel: apple-isp: ps: 00000100 00000001 00000040 00000040 00000040 00000040 00000040 00000040
[    9.954071] omarchy-m2 kernel: apple-isp: ps: 00000003 00000040 00000040 00000005 00000000 0100041e 00000001 00000000
[    9.954087] omarchy-m2 kernel: apple-isp: ps: 0bdebefc 00000006 00000007 00000000 00000009 000f4240 0000000e 00000000
[    9.954128] omarchy-m2 kernel: apple-isp: ps: 00008000 00000014 00000015 00000000 00000000 00000000 00000530 000006e0
[    9.954204] omarchy-m2 kernel: apple-isp: ps: 00010001 00000000 93f00000 00000040 0000001f 00000000 00000000 00000000
[    9.954214] omarchy-m2 kernel: apple-isp: ps: 00000530 00000dc0 00000100 00000000 00000000 00000530 000006e0
[    9.954228] omarchy-m2 kernel: apple-isp: ps: CISP_CMD_CH_CAMERA_CONFIG_GET: 5
[    9.954245] omarchy-m2 kernel: apple-isp: ps: 00000000 00000106 00000000 00000005 0c200610 0c200610 00000000 00001df8
[    9.954262] omarchy-m2 kernel: apple-isp: ps: 00000100 00000001 00000040 00000040 00000040 00000040 00000040 00000040
[    9.954309] omarchy-m2 kernel: apple-isp: ps: 00000003 00000040 00000040 00000005 00000000 0100041e 00000001 00000000
[    9.954324] omarchy-m2 kernel: apple-isp: ps: 0bdebefc 00000006 00000007 00000000 00000009 000f4240 0000000f 00000000
[    9.954338] omarchy-m2 kernel: apple-isp: ps: 00008000 00000014 00000015 00000000 00000000 00000000 00000610 00000610
[    9.954352] omarchy-m2 kernel: apple-isp: ps: 00010001 00000000 93f00000 00000040 0000001f 00000000 00000000 00000000
[    9.954366] omarchy-m2 kernel: apple-isp: ps: 00000610 00000c20 00000100 00000000 00000000 00000610 00000610
[    9.961022] omarchy-m2 kernel: apple-isp 384000000.isp: apple-isp probe!
[   10.021004] omarchy-m2 kernel: apple-dcp 289c00000.dcp: AFK[ep:23]: new service disp0-service on channel 1
[   10.027004] omarchy-m2 kernel: apple-dcp 289c00000.dcp: AFK[ep:2a]: new service AppleDCPDPTXRemotePort on channel 1
[   10.027082] omarchy-m2 kernel: apple-dcp 289c00000.dcp: AFK[ep:2a]: new service AppleDCPDPTXRemotePort on channel 3
[   10.027157] omarchy-m2 kernel: apple-dcp 289c00000.dcp: RTKit: syslog message: ap_link.c:299: shared memory dva: 0x10fffe00000 0xffffffff00027000
[   10.027224] omarchy-m2 kernel: apple-dcp 289c00000.dcp: RTKit: syslog message: ap_link.c:276: ap_link: IOMFB: DCP heap size: 0x1030000 [iBoot:0x1030000] [LinkService:0x0]
[   10.028005] omarchy-m2 kernel: apple-dcp 289c00000.dcp: RTKit: syslog message: nifiedPipeline.cpp:4191: IOMFB: Could not find Backlight service
[   10.028075] omarchy-m2 kernel: apple-dcp 289c00000.dcp: RTKit: syslog message: nifiedPipeline.cpp:4199: IOMFB: Could not find nvram service
[   10.028140] omarchy-m2 kernel: apple-dcp 289c00000.dcp: RTKit: syslog message: nifiedPipeline.cpp:1838: virtual bool UnifiedPipeline::start_ios_gated(): Created AP Services
[   10.030004] omarchy-m2 kernel: apple-dcp 289c00000.dcp: RTKit: syslog message: nifiedPipeline.cpp:1871: virtual bool UnifiedPipeline::start_ios_gated(): Flushed RTPs
[   10.030066] omarchy-m2 kernel: apple-dcp 289c00000.dcp: RTKit: syslog message: PPipeDCP_H13P.cpp:11122: IOMFB setup_video_limits called on secondary display with no timing set
[   10.030131] omarchy-m2 kernel: apple-dcp 289c00000.dcp: read_edt_data key=initial-vbi-advance-lines count=1 default0=0x2 ret=0
[   10.031009] omarchy-m2 kernel: apple-dcp 289c00000.dcp: RTKit: syslog message: nifiedPipeline.cpp:1356: set_device_enabled_gated: current state: 1, requested state: 1
[   10.031270] omarchy-m2 kernel: apple-dcp 289c00000.dcp: RTKit: syslog message: PPipeDCP_H13P.cpp:11122: IOMFB setup_video_limits called on secondary display with no timing set
[   10.033006] omarchy-m2 kernel: apple-dcp 289c00000.dcp: RTKit: syslog message: PPipeDCP_H13P.cpp:10468: set_run_mode_safe: no need to defer: 2 -> 1
[   10.033161] omarchy-m2 kernel: apple-dcp 289c00000.dcp: RTKit: syslog message: PPipeDCP_H13P.cpp:10468: set_run_mode_safe: no need to defer: 1 -> 0
[   10.033309] omarchy-m2 kernel: apple-dcp 289c00000.dcp: RTKit: syslog message: nifiedPipeline.cpp:1356: set_device_enabled_gated: current state: 1, requested state: 0
[   10.033454] omarchy-m2 kernel: apple-dcp 289c00000.dcp: DCP booted
[   10.033577] omarchy-m2 kernel: apple-dcp 289c00000.dcp: DCP is_main_display: 0
[   10.033710] omarchy-m2 kernel: apple-dcp 289c00000.dcp: dcp_hotplug() connected:0 valid_mode:0 nr_modes:0
[   10.035008] omarchy-m2 kernel: apple-dcp 315c00000.dcp: AFK[ep:20]: new service system on channel 1
[   10.035156] omarchy-m2 kernel: apple-dcp 315c00000.dcp: AFK[ep:20]: new service powerlog-service on channel 3
[   10.326104] omarchy-m2 kernel: brcmfmac: brcmf_c_process_txcap_blob: TxCap blob found, loading
[   10.328020] omarchy-m2 kernel: brcmfmac: brcmf_c_process_cal_blob: Calibration blob provided by platform, loading
[   10.342082] omarchy-m2 kernel: brcmfmac: brcmf_c_preinit_dcmds: Firmware: BCM4388/4 wl0: Jun 11 2023 05:20:59 version 23.20.95.0.40.50.92 FWID 01-ec505a98
[   10.347017] omarchy-m2 kernel: ieee80211 phy0: brcmf_c_set_joinpref_default: Set join_pref error (-52)
[   10.617027] omarchy-m2 kernel: ieee80211 phy0: brcmf_c_set_joinpref_default: Set join_pref error (-52)
[   10.710016] omarchy-m2 kernel: ieee80211 phy0: brcmf_dongle_roam: WLC_SET_ROAM_DELTA error (-52)
[   10.820013] omarchy-m2 kernel: Bluetooth: BNEP (Ethernet Emulation) ver 1.3
[   10.820044] omarchy-m2 kernel: Bluetooth: BNEP filters: protocol multicast
[   10.820064] omarchy-m2 kernel: Bluetooth: BNEP socket layer initialized
[   11.044114] omarchy-m2 kernel: apple-dcp 315c00000.dcp: AFK[ep:23]: new service disp0-service on channel 1
[   11.050021] omarchy-m2 kernel: apple-dcp 315c00000.dcp: AFK[ep:2a]: new service AppleDCPDPTXRemotePort on channel 1
[   11.050401] omarchy-m2 kernel: apple-dcp 315c00000.dcp: AFK[ep:2a]: new service AppleDCPDPTXRemotePort on channel 3
[   11.050709] omarchy-m2 kernel: apple-dcp 289c00000.dcp: dcp_enable_dp2hdmi_hpd: DP2HDMI HPD connected:0
[   11.051065] omarchy-m2 kernel: apple-dcp 315c00000.dcp: RTKit: syslog message: ap_link.c:299: shared memory dva: 0x10fffe00000 0xffffffff00027000
[   11.051401] omarchy-m2 kernel: apple-dcp 315c00000.dcp: RTKit: syslog message: ap_link.c:276: ap_link: IOMFB: DCP heap size: 0x1030000 [iBoot:0x1030000] [LinkService:0x0]
[   11.051723] omarchy-m2 kernel: apple-dcp 289c00000.dcp: RTKit: syslog message: FramebufferDCP.cpp:1962: IOMFB: swap_submit_dcp: swallowed swap ID 2 as fControllerPowerState is 0 for External Display
[   11.052074] omarchy-m2 kernel: apple-dcp 289c00000.dcp: RTKit: syslog message: FramebufferDCP.cpp:1967: IOMFB: swap_submit_dcp: swallowed swap ID 2 as timinsg are not enabled for External Display
[   11.052407] omarchy-m2 kernel: apple-dcp 289c00000.dcp: dcp_poweroff() done
[   11.052748] omarchy-m2 kernel: apple-dcp 315c00000.dcp: RTKit: syslog message: nifiedPipeline.cpp:4191: IOMFB: Could not find Backlight service
[   11.053079] omarchy-m2 kernel: apple-dcp 315c00000.dcp: RTKit: syslog message: nifiedPipeline.cpp:4199: IOMFB: Could not find nvram service
[   11.053393] omarchy-m2 kernel: apple-dcp 315c00000.dcp: RTKit: syslog message: nifiedPipeline.cpp:1838: virtual bool UnifiedPipeline::start_ios_gated(): Created AP Services
[   11.054016] omarchy-m2 kernel: apple-dcp 315c00000.dcp: RTKit: syslog message: nifiedPipeline.cpp:1871: virtual bool UnifiedPipeline::start_ios_gated(): Flushed RTPs
[   11.054335] omarchy-m2 kernel: apple-dcp 315c00000.dcp: RTKit: syslog message: PPipeDCP_H13P.cpp:11122: IOMFB setup_video_limits called on secondary display with no timing set
[   11.054635] omarchy-m2 kernel: apple-dcp 315c00000.dcp: read_edt_data key=initial-vbi-advance-lines count=1 default0=0x2 ret=0
[   11.056017] omarchy-m2 kernel: apple-dcp 315c00000.dcp: RTKit: syslog message: nifiedPipeline.cpp:1356: set_device_enabled_gated: current state: 1, requested state: 1
[   11.056360] omarchy-m2 kernel: apple-dcp 315c00000.dcp: RTKit: syslog message: PPipeDCP_H13P.cpp:11122: IOMFB setup_video_limits called on secondary display with no timing set
[   11.058015] omarchy-m2 kernel: apple-dcp 315c00000.dcp: RTKit: syslog message: PPipeDCP_H13P.cpp:10468: set_run_mode_safe: no need to defer: 2 -> 1
[   11.058312] omarchy-m2 kernel: apple-dcp 315c00000.dcp: RTKit: syslog message: PPipeDCP_H13P.cpp:10468: set_run_mode_safe: no need to defer: 1 -> 0
[   11.058607] omarchy-m2 kernel: apple-dcp 315c00000.dcp: RTKit: syslog message: nifiedPipeline.cpp:1356: set_device_enabled_gated: current state: 1, requested state: 0
[   11.058879] omarchy-m2 kernel: apple-dcp 315c00000.dcp: DCP booted
[   11.059169] omarchy-m2 kernel: apple-dcp 315c00000.dcp: DCP is_main_display: 0
[   11.167026] omarchy-m2 kernel: Console: switching to colour dummy device 80x25
[   11.168026] omarchy-m2 kernel: [drm] Initialized apple 1.0.0 for soc:display-subsystem on minor 2
[   11.175019] omarchy-m2 kernel: apple-dcp 389c00000.dcp: dcp_poweron() starting
[   11.175241] omarchy-m2 kernel: apple-dcp 389c00000.dcp: dcp_set_power_state_req returned, 10000 ms remaining
[   11.175371] omarchy-m2 kernel: apple-dcp 389c00000.dcp: set_digital_out_mode(color:1 timing:2) "3456x2160": 120 1042130 3456 3464 3496 3536 2160 2278 2360 2456 0x48 0x0
[   11.175487] omarchy-m2 kernel: apple-dcp 389c00000.dcp: set_digital_out_mode() color mode depth:8 format:0 colorimetry:16 eotf:0 range:0 vrr:1
[   11.175586] omarchy-m2 kernel: apple-dcp 389c00000.dcp: RTKit: syslog message: FramebufferDCP.cpp:5931: IOMFBParameter_adaptive_sync Req minRR = 0x0, mediaTargetRate = 0x0, Fractional Rate = 0
[   11.175701] omarchy-m2 kernel: apple-dcp 389c00000.dcp: RTKit: syslog message: nifiedPipeline.cpp:7462: set_digital_out_mode: Modeset requested for colorID: 1, timingID: 2
[   11.175839] omarchy-m2 kernel: apple-dcp 389c00000.dcp: RTKit: syslog message: PPipeDCP_H13P.cpp:18011: Dual pipe disabled offset 0
[   11.175946] omarchy-m2 kernel: apple-dcp 389c00000.dcp: RTKit: syslog message: PPipeDCP_H13P.cpp:10490: set_run_mode_safe: deferring: 4 -> 1
[   11.176060] omarchy-m2 kernel: apple-dcp 389c00000.dcp: RTKit: syslog message: PPipeDCP_H13P.cpp:10395: virtual IOMFBStatus IOMFB::UPPipeDCP_H13P::ready_for_run_mode_change(IOMFB::AppleRegisterStream *): initiating deferred run mod
[   11.176161] omarchy-m2 kernel: apple-dcp 389c00000.dcp: RTKit: syslog message: UPTSQManager.cpp:150: IOMFBStatus IOMFB::UPTSQManager::power_down_M3(IOMFB::AppleRegisterStream *, UPTSQManager::ModeChangeWaiter *): request mode ch
[   11.181010] omarchy-m2 kernel: apple-dcp 389c00000.dcp: RTKit: syslog message: UPTSQManager.cpp:162: IOMFBStatus IOMFB::UPTSQManager::power_down_M3(IOMFB::AppleRegisterStream *, UPTSQManager::ModeChangeWaiter *): disabling M3
[   11.181133] omarchy-m2 kernel: apple-dcp 389c00000.dcp: RTKit: syslog message: PPipeDCP_H13P.cpp:10468: set_run_mode_safe: no need to defer: 1 -> 0
[   11.182009] omarchy-m2 kernel: apple-dcp 389c00000.dcp: RTKit: syslog message: ck_PCC2DBlm_v5.cpp:3300: Quiescing callback
[   11.215016] omarchy-m2 kernel: Bluetooth: hci0: HCI LE Coded PHY feature bit is set, but its usage is not supported.
[   11.260005] omarchy-m2 kernel: apple-dcp 389c00000.dcp: RTKit: syslog message: nifiedPipeline.cpp:1356: set_device_enabled_gated: current state: 1, requested state: 0
[   11.260116] omarchy-m2 kernel: apple-dcp 389c00000.dcp: RTKit: syslog message: nifiedPipeline.cpp:7700: set_mode: timingID: 2 colorID: 1
[   11.261017] omarchy-m2 kernel: Bluetooth: hci0: Failed to read codec capabilities (-22)
[   11.262005] omarchy-m2 kernel: apple-dcp 389c00000.dcp: RTKit: syslog message: PPipeDCP_H13P.cpp:11092: IOMFB updateFrequencies: minimum-frequency property not found, using getClockFrequency(0) instead.
[   11.262089] omarchy-m2 kernel: apple-dcp 389c00000.dcp: RTKit: syslog message: PPipeDCP_H13P.cpp:11109: IOMFB updateFrequencies EDT ERROR: getClockFrequency(0) (257142848) < videoClock 521064960! Giving up on frequencies.
[   11.262161] omarchy-m2 kernel: apple-dcp 389c00000.dcp: RTKit: syslog message: nifiedPipeline.cpp:7356: IOMFBStatus UnifiedPipeline::mode_set_gated(uint32_t, uint32_t): 3456x2234@120 Hz link: 1
[   11.262232] omarchy-m2 kernel: apple-dcp 389c00000.dcp: RTKit: syslog message: nifiedPipeline.cpp:1356: set_device_enabled_gated: current state: 0, requested state: 1
[   11.262299] omarchy-m2 kernel: Bluetooth: hci0: Failed to read codec capabilities (-22)
[   11.262306] omarchy-m2 kernel: apple-dcp 389c00000.dcp: RTKit: syslog message: PPipeDCP_H13P.cpp:10468: set_run_mode_safe: no need to defer: 0 -> 1
[   11.262376] omarchy-m2 kernel: apple-dcp 389c00000.dcp: RTKit: syslog message: ock_Tunables_v1.cpp:651: IOMFB: Writing tunables with target 4
[   11.263006] omarchy-m2 kernel: Bluetooth: hci0: Failed to read codec capabilities (-22)
[   11.263019] omarchy-m2 kernel: apple-dcp 389c00000.dcp: RTKit: syslog message: ck_Config_H13P.cpp:1771: program_frame_size: pixel_clock 1042130000, vid0 521065000, 00020910 0000007e
[   11.264006] omarchy-m2 kernel: apple-dcp 389c00000.dcp: RTKit: syslog message: M3Hal_v1.cpp:197: IOMFB: load LED M3 IMem : size 0x7b74
[   11.264098] omarchy-m2 kernel: Bluetooth: hci0: Failed to read codec capabilities (-22)
[   11.264103] omarchy-m2 kernel: apple-dcp 389c00000.dcp: RTKit: syslog message: M3Hal_v1.cpp:197: IOMFB: load LED M3 DMem : size 0x102e0
[   11.265012] omarchy-m2 kernel: Bluetooth: hci0: Failed to read codec capabilities (-22)
[   11.266005] omarchy-m2 kernel: Bluetooth: hci0: Failed to read codec capabilities (-22)
[   11.267005] omarchy-m2 kernel: apple-dcp 389c00000.dcp: RTKit: syslog message: ock_PCC2DLTM_v4.cpp:324: IOMFBStatus IOMFB::UPBlock_PCC2DLTM_v4::set_mcpu_power(IOMFB::AppleRegisterStream *, bool) Loading M3 Hal
[   11.267073] omarchy-m2 kernel: apple-dcp 389c00000.dcp: RTKit: syslog message: M3Hal_v1.cpp:197: IOMFB: load LTM M3 IMem : size 0x7308
[   11.267135] omarchy-m2 kernel: apple-dcp 389c00000.dcp: RTKit: syslog message: M3Hal_v1.cpp:197: IOMFB: load LTM M3 DMem : size 0xd190
[   11.267195] omarchy-m2 kernel: Bluetooth: hci0: Failed to read codec capabilities (-22)
[   11.268005] omarchy-m2 kernel: Bluetooth: hci0: Failed to read codec capabilities (-22)
[   11.268010] omarchy-m2 kernel: apple-dcp 389c00000.dcp: RTKit: syslog message: ck_PCC2DBlm_v5.cpp:4938: [set_lts_buffer] buffer 0x10001cc4000 Add_lo = 0x1cc4000, Add_hi = 0x100, size 0x2900 stride 0x100
[   11.269004] omarchy-m2 kernel: Bluetooth: hci0: Failed to read codec capabilities (-22)
[   11.270005] omarchy-m2 kernel: Bluetooth: hci0: Failed to read codec capabilities (-22)
[   11.274006] omarchy-m2 kernel: Bluetooth: MGMT ver 1.23
[   11.276004] omarchy-m2 kernel: apple-dcp 389c00000.dcp: RTKit: syslog message: PPipeDCP_H13P.cpp:10468: set_run_mode_safe: no need to defer: 1 -> 2
[   11.276073] omarchy-m2 kernel: apple-dcp 389c00000.dcp: RTKit: syslog message: UPPipeDCP_H13P.cpp:1532: IOMFB: videoClock is zero, defaulting to 521065000
[   11.276137] omarchy-m2 kernel: apple-dcp 389c00000.dcp: RTKit: syslog message: M3Hal_v1.cpp:197: IOMFB: load BLM M3 IMem : size 0x764c
[   11.276199] omarchy-m2 kernel: apple-dcp 389c00000.dcp: RTKit: syslog message: M3Hal_v1.cpp:197: IOMFB: load BLM M3 DMem : size 0xaf6c
[   11.277009] omarchy-m2 kernel: apple-dcp 389c00000.dcp: RTKit: syslog message: FBPropertyManager.h:189: value_t<P> IOMFB::PropMgr::getVal(IOMFB::RuntimeProperty) [P = IOMFB::RuntimePropertyType::boolean]: WARNING - type mismatch on
[   11.277069] omarchy-m2 kernel: apple-dcp 389c00000.dcp: RTKit: syslog message: PPipeDCP_H13P.cpp:10490: set_run_mode_safe: deferring: 2 -> 4
[   11.277138] omarchy-m2 kernel: apple-dcp 389c00000.dcp: RTKit: syslog message: PPipeDCP_H13P.cpp:10395: virtual IOMFBStatus IOMFB::UPPipeDCP_H13P::ready_for_run_mode_change(IOMFB::AppleRegisterStream *): initiating deferred run mod
[   11.277203] omarchy-m2 kernel: apple-dcp 389c00000.dcp: RTKit: syslog message: M3Hal_v1.cpp:197: IOMFB: load APT M3 IMem : size 0x7b40
[   11.277260] omarchy-m2 kernel: apple-dcp 389c00000.dcp: RTKit: syslog message: M3Hal_v1.cpp:197: IOMFB: load APT M3 DMem : size 0x6fd4
[   11.277322] omarchy-m2 kernel: apple-dcp 389c00000.dcp: RTKit: syslog message: CAHandler.cpp:188: IOMFB load_ca_data: Unrecognized data version 0 (expected 1 or 2)
[   11.278005] omarchy-m2 kernel: apple-dcp 389c00000.dcp: RTKit: syslog message: PPipeDCP_H13P.cpp:14085: IOMFB Int RTBandwidth: program_M3_rt_config: Using Dashboard 28e3d1208
[   11.278069] omarchy-m2 kernel: apple-dcp 389c00000.dcp: RTKit: syslog message: UPTSQManager.cpp:133: IOMFB: clearing M3 reset
[   11.278133] omarchy-m2 kernel: apple-dcp 389c00000.dcp: RTKit: syslog message: UPTSQ_Hal_v1.cpp:349: IOMFB: timebase_offset = 4
[   11.292005] omarchy-m2 kernel: apple-dcp 389c00000.dcp: RTKit: syslog message: UPTSQManager.cpp:105: IOMFB: switch to normal mode succeeded
[   11.293005] omarchy-m2 kernel: apple-dcp 389c00000.dcp: RTKit: syslog message: eoInterfaceIOAV.cpp:296: IOMFB: VideoInterfaceIOAV::power_on: m_power_ctrl->setPower( 1 )
[   11.298029] omarchy-m2 kernel: apple-dcp 389c00000.dcp: set_digital_out_mode finished:8377
[   11.298124] omarchy-m2 kernel: Console: switching to colour frame buffer device 216x67
[   11.298140] omarchy-m2 kernel: apple-dcp 389c00000.dcp: RTKit: syslog message: MMailboxHandler.cpp:214: pcc firmware: MailBox Printf is enabled in BLM Pipe Line Init
[   11.299008] omarchy-m2 kernel: Bluetooth: hci0: Bad flag given (0x1) vs supported (0xe)
[   11.303005] omarchy-m2 kernel: apple-dcp 389c00000.dcp: RTKit: syslog message: PPipeDCP_H13P.cpp:17179: handle_stage1_enable blm_en 1 ltm_en 0
[   11.319937] omarchy-m2 kernel: apple-drm soc:display-subsystem: [drm] fb0: appledrmfb frame buffer device
[   11.325473] omarchy-m2 kernel: apple-dcp 315c00000.dcp: typec mux set typec1 alt=0000000000000000 svid=0000 mode=0 dp=0 usb4=0 tbt=0 usb4_xbar=yes
[   11.334510] omarchy-m2 kernel: apple-dcp 315c00000.dcp: typec mux set typec0 alt=0000000000000000 svid=0000 mode=0 dp=0 usb4=0 tbt=0 usb4_xbar=yes
[   11.343714] omarchy-m2 kernel: apple-dcp 315c00000.dcp: typec mux set typec2 alt=0000000000000000 svid=0000 mode=0 dp=0 usb4=0 tbt=0 usb4_xbar=yes
[   11.343811] omarchy-m2 kernel: tas2764 3-003c: supply SDZ not found, using dummy regulator
[   11.401013] omarchy-m2 kernel: ieee80211 phy0: brcmf_p2p_set_firmware: failed to update device address ret -52
[   11.402006] omarchy-m2 kernel: ieee80211 phy0: brcmf_p2p_create_p2pdev: set p2p_disc error
[   11.402149] omarchy-m2 kernel: ieee80211 phy0: brcmf_cfg80211_add_iface: add iface p2p-dev-wlan0 type 10 failed: err=-52
[   11.498016] omarchy-m2 kernel: input: MacBook Pro J416 Headphone Jack as /devices/platform/sound/sound/card1/input5
[   11.935006] omarchy-m2 kernel: Bluetooth: RFCOMM TTY layer initialized
[   11.935033] omarchy-m2 kernel: Bluetooth: RFCOMM socket layer initialized
[   11.935044] omarchy-m2 kernel: Bluetooth: RFCOMM ver 1.11
[   12.235021] omarchy-m2 kernel: snd-soc-macaudio sound: Speaker volumes unlocked
[   14.363012] omarchy-m2 kernel: kauditd_printk_skb: 262 callbacks suppressed
[   14.363038] omarchy-m2 kernel: audit: type=1130 audit(1790070384.685:162): pid=1 uid=0 auid=4294967295 ses=4294967295 subj=unconfined msg='unit=udisks2 comm="systemd" exe="/usr/lib/systemd/systemd" hostname=? addr=? terminal=? res=success'
[   15.787027] omarchy-m2 kernel: audit: type=1131 audit(1790070386.108:163): pid=1 uid=0 auid=4294967295 ses=4294967295 subj=unconfined msg='unit=systemd-rfkill comm="systemd" exe="/usr/lib/systemd/systemd" hostname=? addr=? terminal=? res=success'
[   16.412008] omarchy-m2 kernel: ieee80211 phy0: brcmf_set_key_mgmt: get okc_enable failed (-52)
[   16.417008] omarchy-m2 kernel: ieee80211 phy0: brcmf_c_set_joinpref_default: Set join_pref error (-52)
[   16.690015] omarchy-m2 kernel: audit: type=1334 audit(1790070387.011:164): prog-id=57 op=LOAD
[   16.690074] omarchy-m2 kernel: audit: type=1300 audit(1790070387.011:164): arch=c00000b7 syscall=280 success=yes exit=26 a0=5 a1=fffffa891280 a2=a8 a3=ffffa58dc540 items=0 ppid=1 pid=860 auid=4294967295 uid=0 gid=0 euid=0 suid=0 fsuid=0 egid=0 sgid=0 fsgid=0 tty=(none) ses=4294967295 comm="NetworkManager" exe="/usr/bin/NetworkManager" subj=unconfined key=(null)
[   16.690124] omarchy-m2 kernel: audit: type=1327 audit(1790070387.011:164): proctitle=2F7573722F62696E2F4E6574776F726B4D616E61676572002D2D6E6F2D6461656D6F6E
[   16.854011] omarchy-m2 kernel: audit: type=1334 audit(1790070387.176:165): prog-id=58 op=LOAD
[   16.854082] omarchy-m2 kernel: audit: type=1300 audit(1790070387.176:165): arch=c00000b7 syscall=280 success=yes exit=26 a0=5 a1=fffffa891280 a2=a8 a3=ffffa58dc540 items=0 ppid=1 pid=860 auid=4294967295 uid=0 gid=0 euid=0 suid=0 fsuid=0 egid=0 sgid=0 fsgid=0 tty=(none) ses=4294967295 comm="NetworkManager" exe="/usr/bin/NetworkManager" subj=unconfined key=(null)
[   16.854109] omarchy-m2 kernel: audit: type=1327 audit(1790070387.176:165): proctitle=2F7573722F62696E2F4E6574776F726B4D616E61676572002D2D6E6F2D6461656D6F6E
[   16.857019] omarchy-m2 kernel: audit: type=1334 audit(1790070387.178:166): prog-id=57 op=UNLOAD
[   16.857046] omarchy-m2 kernel: audit: type=1300 audit(1790070387.178:166): arch=c00000b7 syscall=38 success=yes exit=0 a0=ffffffffffffff9c a1=aaab7c2fa8f0 a2=ffffffffffffff9c a3=ffff9401c930 items=2 ppid=1 pid=860 auid=4294967295 uid=0 gid=0 euid=0 suid=0 fsuid=0 egid=0 sgid=0 fsgid=0 tty=(none) ses=4294967295 comm="NetworkManager" exe="/usr/bin/NetworkManager" subj=unconfined key=(null)
[   18.266111] omarchy-m2 kernel: [UFW BLOCK] IN=wlan0 OUT= MAC=5c:e9:1e:be:44:b9:a6:da:85:b7:04:0e:08:00 SRC=192.168.11.147 DST=192.168.11.177 LEN=152 TOS=0x00 PREC=0x00 TTL=64 ID=12649 PROTO=UDP SPT=41641 DPT=41641 LEN=132 
[   19.963006] omarchy-m2 kernel: kauditd_printk_skb: 103 callbacks suppressed
[   19.963025] omarchy-m2 kernel: audit: type=1131 audit(1790070390.285:200): pid=1 uid=0 auid=4294967295 ses=4294967295 subj=unconfined msg='unit=NetworkManager-dispatcher comm="systemd" exe="/usr/lib/systemd/systemd" hostname=? addr=? terminal=? res=success'
[   40.849200] omarchy-m2 kernel: audit: type=1131 audit(1790070411.171:201): pid=1 uid=0 auid=4294967295 ses=4294967295 subj=unconfined msg='unit=systemd-hostnamed comm="systemd" exe="/usr/lib/systemd/systemd" hostname=? addr=? terminal=? res=success'
[   40.873014] omarchy-m2 kernel: audit: type=1334 audit(1790070411.195:202): prog-id=38 op=UNLOAD
[   48.669377] omarchy-m2 kernel: audit: type=1101 audit(1790070418.991:203): pid=4652 uid=1001 auid=1001 ses=1 subj=unconfined msg='op=PAM:accounting grantors=pam_unix,pam_permit,pam_time acct="oliver" exe="/usr/bin/sudo" hostname=? addr=? terminal=? res=success'
[   48.669399] omarchy-m2 kernel: audit: type=1110 audit(1790070418.992:204): pid=4652 uid=1001 auid=1001 ses=1 subj=unconfined msg='op=PAM:setcred grantors=pam_faillock,pam_permit,pam_env,pam_faillock acct="root" exe="/usr/bin/sudo" hostname=? addr=? terminal=? res=success'
[   48.671008] omarchy-m2 kernel: audit: type=1105 audit(1790070418.993:205): pid=4652 uid=1001 auid=1001 ses=1 subj=unconfined msg='op=PAM:session_open grantors=pam_systemd_home,pam_limits,pam_unix,pam_permit,pam_systemd acct="root" exe="/usr/bin/sudo" hostname=? addr=? terminal=? res=success'
[   48.730006] omarchy-m2 kernel: audit: type=1106 audit(1790070419.052:206): pid=4652 uid=1001 auid=1001 ses=1 subj=unconfined msg='op=PAM:session_close grantors=pam_systemd_home,pam_limits,pam_unix,pam_permit,pam_systemd acct="root" exe="/usr/bin/sudo" hostname=? addr=? terminal=? res=success'
[   48.730042] omarchy-m2 kernel: audit: type=1104 audit(1790070419.052:207): pid=4652 uid=1001 auid=1001 ses=1 subj=unconfined msg='op=PAM:setcred grantors=pam_faillock,pam_permit,pam_env,pam_faillock acct="root" exe="/usr/bin/sudo" hostname=? addr=? terminal=? res=success'
[  113.123014] omarchy-m2 kernel: audit: type=1101 audit(1790070483.870:208): pid=5683 uid=1001 auid=1001 ses=1 subj=unconfined msg='op=PAM:accounting grantors=pam_unix,pam_permit,pam_time acct="oliver" exe="/usr/bin/sudo" hostname=? addr=? terminal=? res=success'
[  113.124007] omarchy-m2 kernel: audit: type=1110 audit(1790070483.871:209): pid=5683 uid=1001 auid=1001 ses=1 subj=unconfined msg='op=PAM:setcred grantors=pam_faillock,pam_permit,pam_env,pam_faillock acct="root" exe="/usr/bin/sudo" hostname=? addr=? terminal=? res=success'
[  113.125004] omarchy-m2 kernel: audit: type=1105 audit(1790070483.872:210): pid=5683 uid=1001 auid=1001 ses=1 subj=unconfined msg='op=PAM:session_open grantors=pam_systemd_home,pam_limits,pam_unix,pam_permit,pam_systemd acct="root" exe="/usr/bin/sudo" hostname=? addr=? terminal=? res=success'
[  120.702010] omarchy-m2 kernel: audit: type=1106 audit(1790070491.449:211): pid=5683 uid=1001 auid=1001 ses=1 subj=unconfined msg='op=PAM:session_close grantors=pam_systemd_home,pam_limits,pam_unix,pam_permit,pam_systemd acct="root" exe="/usr/bin/sudo" hostname=? addr=? terminal=? res=success'
[  120.702046] omarchy-m2 kernel: audit: type=1104 audit(1790070491.449:212): pid=5683 uid=1001 auid=1001 ses=1 subj=unconfined msg='op=PAM:setcred grantors=pam_faillock,pam_permit,pam_env,pam_faillock acct="root" exe="/usr/bin/sudo" hostname=? addr=? terminal=? res=success'
[  168.304125] omarchy-m2 kernel: macsmc 2a2400000.smc: RTKit: syslog message: aceElec.cpp:1151:         Elec: Elec Cause 0x20
[  168.482014] omarchy-m2 kernel: macsmc 2a2400000.smc: RTKit: syslog message: aceElec.cpp:1151:         Elec: Elec Cause 0x200000
[  168.744018] omarchy-m2 kernel: macsmc 2a2400000.smc: RTKit: syslog message: charger.cpp:3180: Not charging:0
[  168.930011] omarchy-m2 kernel: apple-dcp 315c00000.dcp: typec mux set typec2 alt=0000000000000000 svid=0000 mode=4 dp=0 usb4=1 tbt=0 usb4_xbar=yes
[  168.930241] omarchy-m2 kernel: apple-dcp 315c00000.dcp: dcp_dptx_disconnect(port=0)
[  168.930371] omarchy-m2 kernel: apple-display-crossbar f0304c000.mux: Switched dpin0 to dispext1,0 (t602x atc=0x1 mux=0x2002)
[  168.930511] omarchy-m2 kernel: apple-display-crossbar f0304c000.mux: t602x dpin0: 000=00000004 004=000001fb 008=00000004 00c=00000004 014=000001fb 018=00000010 01c=00000001 024=00000110 028=00000001 02c=00000004 030=00002002 034=00000001 040=0005ad6b 044=02b5ad6b 048=00000000 04c=00000000 050=00000000 060=00000000 070=00000000
[  168.930612] omarchy-m2 kernel: apple-display-crossbar f0304c000.mux: t602x dpin0 clk: 000=00000004 800=00000000 020=00000000 820=00000000 024=00000110 81c=00000110
[  168.930751] omarchy-m2 kernel: apple-dcp 315c00000.dcp: allocated Type-C DPTX PHY 4 (USB4 DP IN, ACIO AUX)
[  168.930869] omarchy-m2 kernel: apple-dcp 315c00000.dcp: USB4 dpin mux typec2; waiting for DP IN HPD
[  168.932006] omarchy-m2 kernel: thunderbolt-apple-acio f01ac0000.cio: RTKit: Initializing (protocol version 12)
[  168.932137] omarchy-m2 kernel: thunderbolt-apple-acio f01ac0000.cio: RTKit: syslog message: main.c:60: #ACIO FW IS READY# FW_VERSION_STRING=AppleCIOFirmware-475~290__2026-04-18-18:18
[  168.932291] omarchy-m2 kernel: thunderbolt-apple-acio f01ac0000.cio: RTKit: syslog message: main.c:61: FW state=1
[  168.932432] omarchy-m2 kernel: apple-dart f01a80000.iommu: DART [pagesize 4000, 16 streams, bypass support: 1, bypass forced: 0, locked: 0, AS 42 -> 42] initialized
[  168.934005] omarchy-m2 kernel: thunderbolt-apple-nhi f01f00000.nhi: device links to tunneled native ports are missing!
[  168.944006] omarchy-m2 kernel: thunderbolt-apple-acio f01ac0000.cio: RTKit: syslog message: lane_init.c:181: Entering Phase 1. action=0
[  168.944101] omarchy-m2 kernel: thunderbolt-apple-acio f01ac0000.cio: RTKit: syslog message: lane_init.c:78: Lane init parmas = 0x00000011
[  168.966008] omarchy-m2 kernel: phy-apple-atc f03000000.phy: ATCPHY_PIPEHANDLER_STATE_USB4 not implemented; falling back to USB2
[  168.966187] omarchy-m2 kernel: xhci-hcd xhci-hcd.3.auto: xHCI Host Controller
[  168.966328] omarchy-m2 kernel: xhci-hcd xhci-hcd.3.auto: new USB bus registered, assigned bus number 1
[  168.966434] omarchy-m2 kernel: xhci-hcd xhci-hcd.3.auto: hcc params 0x0238ffcd hci version 0x110 quirks 0x0000808000000010
[  168.966539] omarchy-m2 kernel: xhci-hcd xhci-hcd.3.auto: irq 167, io mem 0xf02280000
[  168.966634] omarchy-m2 kernel: phy-apple-atc f03000000.phy: ATCPHY_PIPEHANDLER_STATE_USB4 not implemented; falling back to USB2
[  168.966741] omarchy-m2 kernel: xhci-hcd xhci-hcd.3.auto: xHCI Host Controller
[  168.966869] omarchy-m2 kernel: xhci-hcd xhci-hcd.3.auto: new USB bus registered, assigned bus number 2
[  168.967007] omarchy-m2 kernel: xhci-hcd xhci-hcd.3.auto: Host supports USB 3.1 Enhanced SuperSpeed
[  168.967141] omarchy-m2 kernel: usb usb1: New USB device found, idVendor=1d6b, idProduct=0002, bcdDevice= 7.01
[  168.967289] omarchy-m2 kernel: usb usb1: New USB device strings: Mfr=3, Product=2, SerialNumber=1
[  168.967414] omarchy-m2 kernel: usb usb1: Product: xHCI Host Controller
[  168.967510] omarchy-m2 kernel: usb usb1: Manufacturer: Linux 7.1.12-2.5-1-ARCH xhci-hcd
[  168.967631] omarchy-m2 kernel: usb usb1: SerialNumber: xhci-hcd.3.auto
[  168.967741] omarchy-m2 kernel: hub 1-0:1.0: USB hub found
[  168.967901] omarchy-m2 kernel: hub 1-0:1.0: 1 port detected
[  168.968033] omarchy-m2 kernel: usb usb2: We don't know the algorithms for LPM for this host, disabling LPM.
[  168.968160] omarchy-m2 kernel: usb usb2: New USB device found, idVendor=1d6b, idProduct=0003, bcdDevice= 7.01
[  168.968503] omarchy-m2 kernel: usb usb2: New USB device strings: Mfr=3, Product=2, SerialNumber=1
[  168.968680] omarchy-m2 kernel: usb usb2: Product: xHCI Host Controller
[  168.968850] omarchy-m2 kernel: usb usb2: Manufacturer: Linux 7.1.12-2.5-1-ARCH xhci-hcd
[  168.969002] omarchy-m2 kernel: usb usb2: SerialNumber: xhci-hcd.3.auto
[  168.969153] omarchy-m2 kernel: hub 2-0:1.0: USB hub found
[  168.969327] omarchy-m2 kernel: hub 2-0:1.0: 1 port detected
[  168.974010] omarchy-m2 kernel: audit: type=1130 audit(1790070539.721:213): pid=1 uid=0 auid=4294967295 ses=4294967295 subj=unconfined msg='unit=bolt comm="systemd" exe="/usr/lib/systemd/systemd" hostname=? addr=? terminal=? res=success'
[  168.994007] omarchy-m2 kernel: thunderbolt-apple-acio f01ac0000.cio: RTKit: syslog message: lane_init.c:343: Entering Phase 2
[  169.010063] omarchy-m2 kernel: thunderbolt-apple-acio f01ac0000.cio: RTKit: syslog message: lane_init.c:396: Entering Phase 3
[  169.010292] omarchy-m2 kernel: thunderbolt-apple-acio f01ac0000.cio: RTKit: syslog message: lane_init.c:882: Got AT register 12. 3 bytes. 0x00 0xf3 0x5f
[  169.011011] omarchy-m2 kernel: thunderbolt-apple-acio f01ac0000.cio: RTKit: syslog message: lane_init.c:1024: Entering Connected
[  169.011193] omarchy-m2 kernel: thunderbolt-apple-acio f01ac0000.cio: RTKit: syslog message: high_speed_lane.c:2212: RT Broadcast LOCAL: gen=2, legacy=0, rs_fec=1, usb4=1, l0_en=1, l1_en=1
[  169.011363] omarchy-m2 kernel: thunderbolt-apple-acio f01ac0000.cio: RTKit: syslog message: high_speed_lane.c:2212: RT Broadcast LOCAL: gen=2, legacy=0, rs_fec=1, usb4=1, l0_en=1, l1_en=1
[  169.044005] omarchy-m2 kernel: thunderbolt-apple-acio f01ac0000.cio: RTKit: syslog message: high_speed_lane.c:2219: RT Broadcast REMOTE: gen=2, legacy=0, rs_fec=1, usb4=1, l0_en=1, l1_en=1
[  169.044226] omarchy-m2 kernel: thunderbolt-apple-acio f01ac0000.cio: RTKit: syslog message: high_speed_lane.c:2219: RT Broadcast REMOTE: gen=2, legacy=0, rs_fec=1, usb4=1, l0_en=1, l1_en=1
[  169.209026] omarchy-m2 kernel: usb 1-1: new high-speed USB device number 2 using xhci-hcd
[  169.276094] omarchy-m2 kernel: thunderbolt-apple-acio f01ac0000.cio: RTKit: syslog message: high_speed_lane.c:289: Gen2/3 link error. lane=0, error=84
[  169.276437] omarchy-m2 kernel: thunderbolt-apple-acio f01ac0000.cio: RTKit: syslog message: high_speed_lane.c:289: Gen2/3 link error. lane=1, error=84
[  169.276742] omarchy-m2 kernel: thunderbolt-apple-acio f01ac0000.cio: RTKit: syslog message: lane_training_cl0.c:24: Gen2/3 lane=0 entered CL0!
[  169.277047] omarchy-m2 kernel: thunderbolt-apple-acio f01ac0000.cio: RTKit: syslog message: lane_training_cl0.c:24: Gen2/3 lane=1 entered CL0!
[  169.294018] omarchy-m2 kernel: thunderbolt 0-1: new device found, vendor=0x5a device=0xde81
[  169.294387] omarchy-m2 kernel: thunderbolt 0-1: Other World Computing Thunderbolt 5 Hub
[  169.332026] omarchy-m2 kernel: usb 1-1: New USB device found, idVendor=1d5c, idProduct=5801, bcdDevice= 1.01
[  169.332522] omarchy-m2 kernel: usb 1-1: New USB device strings: Mfr=1, Product=2, SerialNumber=0
[  169.332896] omarchy-m2 kernel: usb 1-1: Product: USB2.0 Hub
[  169.333295] omarchy-m2 kernel: usb 1-1: Manufacturer: Fresco Logic, Inc.
[  169.338015] omarchy-m2 kernel: hub 1-1:1.0: USB hub found
[  169.338434] omarchy-m2 kernel: hub 1-1:1.0: 5 ports detected
[  169.518027] omarchy-m2 kernel: thunderbolt 0-0:1.1: new retimer found, vendor=0x5ac device=0x2200
[  169.619101] omarchy-m2 kernel: thunderbolt-apple-acio f01ac0000.cio: RTKit: syslog message: clx.c:776: CLX CFG: clx_en changed 0x0 --> 0x0
[  169.619592] omarchy-m2 kernel: thunderbolt-apple-acio f01ac0000.cio: RTKit: syslog message: clx.c:776: CLX CFG: clx_en changed 0x0 --> 0x3
[  169.881087] omarchy-m2 kernel: usb 1-1.1: new full-speed USB device number 3 using xhci-hcd
[  169.951027] omarchy-m2 kernel: thunderbolt-apple-acio f01ac0000.cio: RTKit: syslog message: iguration_space_tx.c:57: TX path: src port=14, null port=0, hopid=8
[  169.951466] omarchy-m2 kernel: thunderbolt-apple-acio f01ac0000.cio: RTKit: syslog message: ration_space_null.c:140: RX path: null port=0, queue=1, target port=14, hopid=8
[  169.953017] omarchy-m2 kernel: thunderbolt-apple-acio f01ac0000.cio: RTKit: syslog message: iguration_space_tx.c:57: TX path: src port=13, null port=0, hopid=9
[  169.953422] omarchy-m2 kernel: thunderbolt-apple-acio f01ac0000.cio: RTKit: syslog message: ration_space_null.c:140: RX path: null port=0, queue=2, target port=13, hopid=8
[  169.953778] omarchy-m2 kernel: thunderbolt-apple-acio f01ac0000.cio: error -ENODEV: PCIe-C requires a successful m1n1 preinit handoff
[  169.954199] omarchy-m2 kernel: thunderbolt-apple-acio f01ac0000.cio: deferred PCIe-C activation failed: -19
[  169.968013] omarchy-m2 kernel: usb 1-1.1: New USB device found, idVendor=1e91, idProduct=de81, bcdDevice= 0.04
[  169.968444] omarchy-m2 kernel: usb 1-1.1: New USB device strings: Mfr=1, Product=2, SerialNumber=3
[  169.968829] omarchy-m2 kernel: usb 1-1.1: Product: Thunderbolt 5 Hub
[  169.969222] omarchy-m2 kernel: usb 1-1.1: Manufacturer: Other World Computing
[  169.969539] omarchy-m2 kernel: usb 1-1.1: SerialNumber: 0052
[  170.049028] omarchy-m2 kernel: usb 1-1.2: new high-speed USB device number 4 using xhci-hcd
[  170.133089] omarchy-m2 kernel: usb 1-1.2: New USB device found, idVendor=06cb, idProduct=7100, bcdDevice= 1.c4
[  170.133504] omarchy-m2 kernel: usb 1-1.2: New USB device strings: Mfr=1, Product=2, SerialNumber=3
[  170.133912] omarchy-m2 kernel: usb 1-1.2: Product: VMM7100
[  170.134263] omarchy-m2 kernel: usb 1-1.2: Manufacturer: Synaptics
[  170.134576] omarchy-m2 kernel: usb 1-1.2: SerialNumber: 000000000000
[  170.154019] omarchy-m2 kernel: usbhid 1-1.2:1.0: couldn't find an input interrupt endpoint
[  170.154606] omarchy-m2 kernel: usbcore: registered new interface driver usbhid
[  170.154644] omarchy-m2 kernel: usbhid: USB HID core driver
[  170.540027] omarchy-m2 kernel: thunderbolt-apple-acio f01ac0000.cio: RTKit: syslog message: iguration_space_tx.c:57: TX path: src port=15, null port=0, hopid=10
[  170.540524] omarchy-m2 kernel: thunderbolt-apple-acio f01ac0000.cio: RTKit: syslog message: iguration_space_tx.c:57: TX path: src port=16, null port=0, hopid=11
[  170.540841] omarchy-m2 kernel: thunderbolt-apple-acio f01ac0000.cio: RTKit: syslog message: ration_space_null.c:140: RX path: null port=0, queue=3, target port=16, hopid=8
[  170.542027] omarchy-m2 kernel: thunderbolt-apple-nhi f01f00000.nhi: 0:5: USB4 DPTX Discovery closed (CS13 writable, CS9 static); AE=0 VE=0
[  170.542601] omarchy-m2 kernel: thunderbolt-apple-nhi f01f00000.nhi: 0:5: DP IN CS0=c0090400 CS1=00004008 CS2=241021c2 CS3=00000000 LOCAL=15402334 REMOTE=0547a135 STAT=00000000 COMMON=15402134 CS8=00000000 VE=1 AE=1 HPD=1 DPRX=0
[  170.543207] omarchy-m2 kernel: thunderbolt-apple-nhi f01f00000.nhi: 1:19: DP OUT CS0=c0090400 CS1=00004008 CS2=00000040 CS3=00000000 LOCAL=05c7a335 REMOTE=15402334 STAT=04000000 COMMON=05402334 CS8=00000000 VE=1 AE=1 HPD=1 DPRX=0
[  170.543819] omarchy-m2 kernel: thunderbolt-apple-nhi f01f00000.nhi: 0:5 <-> 1:19 (DP): Apple: DP IN HPD=1 typec=2 (DPTX should use this adapter, not ATC)
[  170.544389] omarchy-m2 kernel: thunderbolt-apple-nhi f01f00000.nhi: DP IN analog/AUX serializer: tunnel 0:5 <-> 1:19
[  170.545033] omarchy-m2 kernel: thunderbolt-apple-acio f01ac0000.cio: ACIO RC ctrl 0x0: 000=00003010 004=00000011 018=00040000 01c=00000001 024=09600258 028=00000001 030=000007af 034=00000001 038=00000001 03c=b304f375 040=00000044 044=00000001 048=00000001 060=00000001 064=00000001 068=00000001 070=00000001 074=00000001 078=00000003 0a8=01000000 0ac=04000001 0d0=00000062
[  170.545660] omarchy-m2 kernel: thunderbolt-apple-nhi f01f00000.nhi: 0: Apple VSE cap=53: 00=ca0005ff 01=00000011 02=00000000 03=00000000 04=00000000 05=00000000 06=00000000 07=00000000 08=00000000 09=00000000 0a=00000000 0b=00000000 0c=00000fff 0d=00000fff 0e=00000000 0f=00000000
[  170.546260] omarchy-m2 kernel: thunderbolt-apple-nhi f01f00000.nhi: DP IN analog block 0x4000 (port 5) dpin_aux=0 (0=hands-off)
[  170.546861] omarchy-m2 kernel: thunderbolt-apple-nhi f01f00000.nhi: DP IN analog: leaving PHY alone until DPRX timeout
[  170.547434] omarchy-m2 kernel: thunderbolt-apple-nhi f01f00000.nhi: 0:5: host DP IN type=0e0101 cap=9 CS0=c0090400 CS1=00004008 CS2=241021c2 CS3=00000000 LOCAL=15402334 REMOTE=0547a135 STAT=00000000 COMMON=15402134 CS8=00000000 CS9=41000553 CS10=00000000 ADP_CS4=0b300000 VE=1 AE=1 HPD=1 DPRX=0 LCK=0
[  170.547745] omarchy-m2 kernel: thunderbolt-apple-nhi f01f00000.nhi: 0:5: host DP IN CS11=00000000 CS12=00000000 CS13=00000000 CS14=00000000 CS15=00000000 CS16=00000000 disc=0
[  170.548068] omarchy-m2 kernel: thunderbolt-apple-nhi f01f00000.nhi: 0:6: host DP IN type=0e0101 cap=9 CS0=00090400 CS1=00004008 CS2=00000000 CS3=00000000 LOCAL=15402334 REMOTE=00000000 STAT=00000000 COMMON=00000000 CS8=00000000 CS9=41000553 CS10=00000000 ADP_CS4=0b300000 VE=0 AE=0 HPD=0 DPRX=0 LCK=0
[  170.548390] omarchy-m2 kernel: thunderbolt-apple-nhi f01f00000.nhi: 0:6: host DP IN CS11=00000000 CS12=00000000 CS13=00000000 CS14=00000000 CS15=00000000 CS16=00000000 disc=0
[  170.548704] omarchy-m2 kernel: thunderbolt-apple-nhi f01f00000.nhi: 0:5: DP IN hop 8 enable=1 out=1 next=11 credits=1
[  170.549028] omarchy-m2 kernel: thunderbolt-apple-nhi f01f00000.nhi: 0:5: DP IN hop 9 enable=1 out=1 next=10 credits=0
[  170.549354] omarchy-m2 kernel: thunderbolt-apple-nhi f01f00000.nhi: 1:19: hub DP OUT type=0e0102 cap=57 CS0=c0090400 CS1=00004008 CS2=00000040 CS3=00000000 LOCAL=05c7a335 REMOTE=15402334 STAT=04000000 COMMON=05402334 CS8=00000000 CS9=00000000 CS10=00000000 ADP_CS4=40800000 VE=1 AE=1 HPD=1 DPRX=0 LCK=0
[  170.549659] omarchy-m2 kernel: thunderbolt-apple-nhi f01f00000.nhi: 1:19: hub DP OUT CS11=00000000 CS12=00000000 CS13=00000000 CS14=00000000 CS15=00000000 CS16=00000000 disc=0
[  170.549961] omarchy-m2 kernel: thunderbolt-apple-nhi f01f00000.nhi: 0:5 <-> 1:19 (DP): Apple: DP tunnel paths up, not waiting for DPRX
[  170.816088] omarchy-m2 kernel: appledrm: DP IN HPD=1 typec2, dpin mux only (ACIO AUX, no DPTX PHY)
[  170.816160] omarchy-m2 kernel: apple-dcp 315c00000.dcp: USB4 DP IN armed typec2; DPTX HPD in 200 ms (no PHY connect)
[  171.025016] omarchy-m2 kernel: apple-dcp 315c00000.dcp: dcp_dptx_connect(port=0) target=0:4 typec=1 route=borrowed conn_type=20 connected=0
[  171.025432] omarchy-m2 kernel: apple-dcp 315c00000.dcp: USB4 protocol probe: target=0x8021 typec2, PHY absent, one attempt
[  171.025733] omarchy-m2 kernel: apple-dcp 315c00000.dcp: DPTX validate target=0x8021 core=1 atc=2 die=0 or=0x0
[  171.026046] omarchy-m2 kernel: apple-dcp 315c00000.dcp: USB4 protocol probe: validate=0
[  171.026374] omarchy-m2 kernel: apple-dcp 315c00000.dcp: DPTX connect target=0x8021 unk=0x100
[  171.026664] omarchy-m2 kernel: apple-dcp 315c00000.dcp: USB4 protocol probe: connect=0
[  171.026947] omarchy-m2 kernel: apple-dcp 315c00000.dcp: RTKit: syslog message: AppleDCPDPTX.cpp:355: [AFK]powering nub 0x854e10
[  171.027261] omarchy-m2 kernel: apple-dcp 315c00000.dcp: DPTXPort: APCALL 18 (32 bytes)
[  171.027532] omarchy-m2 kernel: apple-dcp 315c00000.dcp: DPTXPort: GET_SUPPORTS_HPD 1 usb4=1
[  171.027798] omarchy-m2 kernel: apple-dcp 315c00000.dcp: DPTXPort: APCALL 10 (32 bytes)
[  171.028123] omarchy-m2 kernel: apple-dcp 315c00000.dcp: get_max_lane_count: USB4 DP IN, 4 lanes
[  171.028406] omarchy-m2 kernel: apple-dcp 315c00000.dcp: DPTXPort: APCALL 0 (16 bytes)
[  171.028673] omarchy-m2 kernel: apple-display-crossbar f0304c000.mux: Switched dpin0 to disconnected state
[  171.028953] omarchy-m2 kernel: apple-display-crossbar f0304c000.mux: t602x idle: 000=00000000 004=000001ff 008=00000000 00c=00000000 014=000001ff 018=00000000 01c=00000000 024=00000111 028=00000000 02c=00000000 030=00000000 034=00000000 040=0005ad6b 044=02b5ad6b 048=00000000 04c=00000000 050=00000000 060=00000000 070=00000000
[  171.029250] omarchy-m2 kernel: apple-display-crossbar f0304c000.mux: t602x idle clk: 000=00000000 800=00000000 020=00000000 820=00000000 024=00000111 81c=00000111
[  171.029529] omarchy-m2 kernel: apple-display-crossbar f0304c000.mux: Switched dpin0 to dispext1,0 (t602x atc=0x1 mux=0x2002)
[  171.029806] omarchy-m2 kernel: apple-display-crossbar f0304c000.mux: t602x dpin0: 000=00000004 004=000001fb 008=00000004 00c=00000004 014=000001fb 018=00000010 01c=00000001 024=00000110 028=00000001 02c=00000004 030=00002002 034=00000001 040=0005ad6b 044=02b5ad6b 048=00000000 04c=00000000 050=00000000 060=00000000 070=00000000
[  171.030096] omarchy-m2 kernel: apple-display-crossbar f0304c000.mux: t602x dpin0 clk: 000=00000004 800=00000000 020=00000000 820=00000000 024=00000110 81c=00000110
[  171.030384] omarchy-m2 kernel: thunderbolt-apple-acio f01ac0000.cio: native DPIN0: active=1 base=0x0000000f01e50000, CONTROL=0x0c ACK=0x10
[  171.030674] omarchy-m2 kernel: thunderbolt-apple-acio f01ac0000.cio: native DPIN0: active=1 handshake=0
[  171.030940] omarchy-m2 kernel: apple-dcp 315c00000.dcp: native DPIN0: DCP active=1 result=0
[  171.031244] omarchy-m2 kernel: apple-dcp 315c00000.dcp: USB4 protocol probe: request_display=0 modes=0
[  171.038017] omarchy-m2 kernel: apple-dcp 315c00000.dcp: RTKit: syslog message: DCPDP13Service.cpp:60: [AFK]version: 14
[  171.038338] omarchy-m2 kernel: apple-dcp 315c00000.dcp: RTKit: syslog message: DCPDPService.cpp:76: [AFK]version: 14
[  171.043026] omarchy-m2 kernel: apple-dcp 315c00000.dcp: AFK[ep:28]: new service DCPDP13Service on channel 1
[  171.047026] omarchy-m2 kernel: apple-dcp 315c00000.dcp: AFK[ep:28]: new service DCPDP13Service on channel 3
[  171.047308] omarchy-m2 kernel: apple-dcp 315c00000.dcp: USB4 protocol probe: HPD=0 cached_lanes=4 modes=0
[  171.047571] omarchy-m2 kernel: apple-dcp 315c00000.dcp: USB4 protocol probe finished: 0; no automatic retry
[  171.057027] omarchy-m2 kernel: thunderbolt-apple-nhi f01f00000.nhi: 0:5: DP IN CS changed CS0=c0090400 CS2=241021c2 CS9=41000553 CS13=00000000 COMMON=b7402134 VE=1 AE=1 HPD=1 DPRX=1 disc=0
[  171.057378] omarchy-m2 kernel: thunderbolt-apple-nhi f01f00000.nhi: 0:5: DP IN DPRX_DONE=1 (ACIO AUX completed)
[  171.057669] omarchy-m2 kernel: thunderbolt-apple-acio f01ac0000.cio: ACIO RC dpin0 analog DPRX done 0x4000: 000=80000000 004=00400040 008=00000004 00c=80000000 010=00000040 014=00000004 018=00001016 01c=00000010 020=00000000 024=00000004 028=80000000 02c=00000010 030=00000004 034=80000000 038=01010101 03c=00000101 040=00000001 044=01010101 048=00000001 04c=00000004 050=00000000 054=00000000 058=00000000
[  171.057971] omarchy-m2 kernel: thunderbolt-apple-acio f01ac0000.cio: ACIO RC dpin0 analog DPRX done 0x4000: 05c=00000000 060=00000000 064=00000000 068=00000000 06c=00000000 070=00000000 074=00000000 078=00000000 07c=00000000
[  171.058279] omarchy-m2 kernel: thunderbolt-apple-acio f01ac0000.cio: ACIO RC dpin1 analog 0x8000: 000=80000000 004=00040004 008=00000004 00c=00001007 010=00040004 014=00000000 018=00000004 01c=00000000 020=00040004 024=00000000 028=00000004 02c=80010000 030=00000004 034=80000000 038=00000004 03c=80000000 040=00000004 044=80000000 048=00000004 04c=80000000 050=00000004 054=80000000 058=00000004
[  171.058565] omarchy-m2 kernel: thunderbolt-apple-acio f01ac0000.cio: ACIO RC dpin1 analog 0x8000: 05c=80000000 060=00000004 064=00000000 068=00000000 06c=00000000 070=00000000 074=00000000 078=00000000 07c=00000000
[  171.080097] omarchy-m2 kernel: apple-dcp 315c00000.dcp: DPTXPort: APCALL 21 (144 bytes)
[  171.082014] omarchy-m2 kernel: apple-dcp 315c00000.dcp: DPTXPort: APCALL 7 (32 bytes)
[  171.082291] omarchy-m2 kernel: apple-dcp 315c00000.dcp: DPTXPort: APCALL 13 (32 bytes)
[  171.082585] omarchy-m2 kernel: apple-dcp 315c00000.dcp: DPTXPort: APCALL 7 (32 bytes)
[  171.082870] omarchy-m2 kernel: apple-dcp 315c00000.dcp: DPTXPort: APCALL 15 (32 bytes)
[  171.083180] omarchy-m2 kernel: apple-dcp 315c00000.dcp: DPTXPort: APCALL 5 (16 bytes)
[  171.083458] omarchy-m2 kernel: apple-dcp 315c00000.dcp: DPTXPort: APCALL 12 (32 bytes)
[  171.083745] omarchy-m2 kernel: apple-dcp 315c00000.dcp: DPTXPort: APCALL 9 (32 bytes)
[  171.084017] omarchy-m2 kernel: apple-dcp 315c00000.dcp: DPTXPort: SET_LINK_RATE 0xa
[  171.084319] omarchy-m2 kernel: phy-apple-atc f03000000.phy: USB4 tunnel clock preflight: +7000=0000e001 +2200=00002000 +2000=10000000 +7044=00000000
[  171.084607] omarchy-m2 kernel: phy-apple-atc f03000000.phy: USB4 tunnel clock: rate=0xa result=0
[  171.084887] omarchy-m2 kernel: apple-dcp 315c00000.dcp: USB4 tunnel clock callback: rate=0xa result=0
[  171.085160] omarchy-m2 kernel: apple-dcp 315c00000.dcp: DPTXPort: APCALL 6 (16 bytes)
[  171.085437] omarchy-m2 kernel: apple-display-crossbar f0304c000.mux: t602x native-link-up-dpin0: 000=00000004 004=000001fb 008=00000004 00c=00000004 014=000001fb 018=00000010 01c=00000001 024=00000110 028=00000001 02c=00000004 030=00002002 034=00000000 040=0005ad6b 044=02b5ad6b 048=00000000 04c=00000000 050=00000000 060=00000000 070=00000000
[  171.085713] omarchy-m2 kernel: apple-display-crossbar f0304c000.mux: t602x native-link-up-dpin0 clk: 000=00000004 800=00000004 020=00000000 820=00000000 024=00000110 81c=00000110
[  171.086011] omarchy-m2 kernel: apple-display-crossbar f0304c000.mux: native DPIN0 crossbar bring-up result=0
[  171.086301] omarchy-m2 kernel: apple-dcp 315c00000.dcp: native DPIN0: DCP active=1 result=0
[  171.086579] omarchy-m2 kernel: apple-dcp 315c00000.dcp: native DPIN0: link-config up rate=0xa result=0
[  171.095025] omarchy-m2 kernel: apple-dcp 315c00000.dcp: DPTXPort: APCALL 13 (32 bytes)
[  171.095318] omarchy-m2 kernel: apple-dcp 315c00000.dcp: DPTXPort: APCALL 12 (32 bytes)
[  171.095596] omarchy-m2 kernel: apple-dcp 315c00000.dcp: set_active_lane_count: unexpected lane count:4 phy: 0
[  171.095871] omarchy-m2 kernel: apple-dcp 315c00000.dcp: USB4/DPTX: SET_ACTIVE_LANE_COUNT 4
[  171.096170] omarchy-m2 kernel: apple-dcp 315c00000.dcp: DPTXPort: APCALL 3 (64 bytes)
[  171.096447] omarchy-m2 kernel: apple-dcp 315c00000.dcp: set_drive_settings: 4:0:14:0:0:0:0
[  171.096727] omarchy-m2 kernel: apple-dcp 315c00000.dcp: DPTXPort: APCALL 2 (32 bytes)
[  171.097012] omarchy-m2 kernel: apple-dcp 315c00000.dcp: DPTXPort: APCALL 3 (64 bytes)
[  171.097290] omarchy-m2 kernel: apple-dcp 315c00000.dcp: set_drive_settings: 4:0:0:0:0:0:0
[  171.097566] omarchy-m2 kernel: apple-dcp 315c00000.dcp: DPTXPort: APCALL 2 (32 bytes)
[  171.097852] omarchy-m2 kernel: apple-dcp 315c00000.dcp: DPTXPort: APCALL 3 (64 bytes)
[  171.098159] omarchy-m2 kernel: apple-dcp 315c00000.dcp: set_drive_settings: 4:0:0:0:0:0:0
[  171.098448] omarchy-m2 kernel: apple-dcp 315c00000.dcp: DPTXPort: APCALL 2 (32 bytes)
[  171.100026] omarchy-m2 kernel: apple-dcp 315c00000.dcp: DPTXPort: APCALL 3 (64 bytes)
[  171.100322] omarchy-m2 kernel: apple-dcp 315c00000.dcp: set_drive_settings: 4:0:0:0:0:0:0
[  171.100598] omarchy-m2 kernel: apple-dcp 315c00000.dcp: DPTXPort: APCALL 2 (32 bytes)
[  171.217028] omarchy-m2 kernel: apple-dcp 315c00000.dcp: RTKit: syslog message: eoInterfaceIOAV.cpp:135: IOMFB: IOAVVideoInterface published
[  171.217348] omarchy-m2 kernel: apple-dcp 315c00000.dcp: RTKit: syslog message: eoInterfaceIOAV.cpp:714: IOMFBStatus VideoInterfaceIOAV::plug_gated(IOAVVideoInterface *, bool): display HPD asserted
[  171.222026] omarchy-m2 kernel: apple-dcp 315c00000.dcp: RTKit: syslog message: oInterfaceIOAV.cpp:1701: Got peer ID 1
[  171.222321] omarchy-m2 kernel: apple-dcp 315c00000.dcp: RTKit: syslog message: oInterfaceIOAV.cpp:1701: Got peer ID 1
[  171.222597] omarchy-m2 kernel: apple-dcp 315c00000.dcp: RTKit: syslog message: oInterfaceIOAV.cpp:1701: Got peer ID 1
[  171.222870] omarchy-m2 kernel: apple-dcp 315c00000.dcp: RTKit: syslog message: oInterfaceIOAV.cpp:1701: Got peer ID 1
[  171.223146] omarchy-m2 kernel: apple-dcp 315c00000.dcp: RTKit: syslog message: oInterfaceIOAV.cpp:1701: Got peer ID 1
[  171.223437] omarchy-m2 kernel: apple-dcp 315c00000.dcp: RTKit: syslog message: oInterfaceIOAV.cpp:1701: Got peer ID 1
[  171.223736] omarchy-m2 kernel: apple-dcp 315c00000.dcp: RTKit: syslog message: oInterfaceIOAV.cpp:1701: Got peer ID 1
[  171.224021] omarchy-m2 kernel: apple-dcp 315c00000.dcp: RTKit: syslog message: oInterfaceIOAV.cpp:1701: Got peer ID 1
[  171.224315] omarchy-m2 kernel: apple-dcp 315c00000.dcp: RTKit: syslog message: oInterfaceIOAV.cpp:1701: Got peer ID 1
[  171.224580] omarchy-m2 kernel: apple-dcp 315c00000.dcp: RTKit: syslog message: oInterfaceIOAV.cpp:1701: Got peer ID 1
[  171.224843] omarchy-m2 kernel: apple-dcp 315c00000.dcp: RTKit: syslog message: oInterfaceIOAV.cpp:1701: Got peer ID 1
[  171.225112] omarchy-m2 kernel: apple-dcp 315c00000.dcp: RTKit: syslog message: oInterfaceIOAV.cpp:1701: Got peer ID 1
[  171.225375] omarchy-m2 kernel: apple-dcp 315c00000.dcp: RTKit: syslog message: oInterfaceIOAV.cpp:1701: Got peer ID 1
[  171.225658] omarchy-m2 kernel: apple-dcp 315c00000.dcp: RTKit: syslog message: oInterfaceIOAV.cpp:1701: Got peer ID 1
[  171.225934] omarchy-m2 kernel: apple-dcp 315c00000.dcp: RTKit: syslog message: oInterfaceIOAV.cpp:1701: Got peer ID 1
[  171.226234] omarchy-m2 kernel: apple-dcp 315c00000.dcp: RTKit: syslog message: oInterfaceIOAV.cpp:1701: Got peer ID 1
[  171.226500] omarchy-m2 kernel: apple-dcp 315c00000.dcp: RTKit: syslog message: oInterfaceIOAV.cpp:1701: Got peer ID 1
[  171.226761] omarchy-m2 kernel: apple-dcp 315c00000.dcp: RTKit: syslog message: oInterfaceIOAV.cpp:1701: Got peer ID 1
[  171.227038] omarchy-m2 kernel: apple-dcp 315c00000.dcp: RTKit: syslog message: oInterfaceIOAV.cpp:1701: Got peer ID 1
[  171.227315] omarchy-m2 kernel: apple-dcp 315c00000.dcp: RTKit: syslog message: oInterfaceIOAV.cpp:1701: Got peer ID 1
[  171.227595] omarchy-m2 kernel: apple-dcp 315c00000.dcp: RTKit: syslog message: oInterfaceIOAV.cpp:1701: Got peer ID 1
[  171.227858] omarchy-m2 kernel: apple-dcp 315c00000.dcp: RTKit: syslog message: oInterfaceIOAV.cpp:1701: Got peer ID 1
[  171.228142] omarchy-m2 kernel: apple-dcp 315c00000.dcp: RTKit: syslog message: oInterfaceIOAV.cpp:1701: Got peer ID 1
[  171.228415] omarchy-m2 kernel: apple-dcp 315c00000.dcp: RTKit: syslog message: oInterfaceIOAV.cpp:1701: Got peer ID 1
[  171.228695] omarchy-m2 kernel: apple-dcp 315c00000.dcp: RTKit: syslog message: oInterfaceIOAV.cpp:1701: Got peer ID 1
[  171.228979] omarchy-m2 kernel: apple-dcp 315c00000.dcp: RTKit: syslog message: oInterfaceIOAV.cpp:1701: Got peer ID 1
[  171.229282] omarchy-m2 kernel: apple-dcp 315c00000.dcp: RTKit: syslog message: oInterfaceIOAV.cpp:1701: Got peer ID 1
[  171.229557] omarchy-m2 kernel: apple-dcp 315c00000.dcp: RTKit: syslog message: oInterfaceIOAV.cpp:1701: Got peer ID 1
[  171.229824] omarchy-m2 kernel: apple-dcp 315c00000.dcp: RTKit: syslog message: oInterfaceIOAV.cpp:1701: Got peer ID 1
[  171.230107] omarchy-m2 kernel: apple-dcp 315c00000.dcp: RTKit: syslog message: oInterfaceIOAV.cpp:1701: Got peer ID 1
[  171.230371] omarchy-m2 kernel: apple-dcp 315c00000.dcp: RTKit: syslog message: oInterfaceIOAV.cpp:1701: Got peer ID 1
[  171.230632] omarchy-m2 kernel: apple-dcp 315c00000.dcp: RTKit: syslog message: oInterfaceIOAV.cpp:1701: Got peer ID 1
[  171.230903] omarchy-m2 kernel: apple-dcp 315c00000.dcp: RTKit: syslog message: oInterfaceIOAV.cpp:1701: Got peer ID 1
[  171.231205] omarchy-m2 kernel: apple-dcp 315c00000.dcp: RTKit: syslog message: oInterfaceIOAV.cpp:1701: Got peer ID 1
[  171.231471] omarchy-m2 kernel: apple-dcp 315c00000.dcp: RTKit: syslog message: oInterfaceIOAV.cpp:1701: Got peer ID 1
[  171.231734] omarchy-m2 kernel: apple-dcp 315c00000.dcp: RTKit: syslog message: oInterfaceIOAV.cpp:1701: Got peer ID 1
[  171.232013] omarchy-m2 kernel: apple-dcp 315c00000.dcp: DCP property key=ColorElements bytes=5049 accepted=1 nr_modes=0
[  171.283021] omarchy-m2 kernel: apple-dcp 315c00000.dcp: DCP property key=TimingElements bytes=205757 accepted=1 nr_modes=22
[  171.283523] omarchy-m2 kernel: apple-dcp 315c00000.dcp: DCP property key=DisplayAttributes bytes=1285 accepted=1 nr_modes=22
[  171.283872] omarchy-m2 kernel: apple-dcp 315c00000.dcp: DCP property key=Transport bytes=53 accepted=1 nr_modes=22
[  171.284186] omarchy-m2 kernel: apple-dcp 315c00000.dcp: RTKit: syslog message: oInterfaceIOAV.cpp:1701: Got peer ID 1
[  171.284468] omarchy-m2 kernel: apple-dcp 315c00000.dcp: cb_hotplug() connected:1, valid_mode:0 nr_modes:22
[  171.284756] omarchy-m2 kernel: apple-dcp 315c00000.dcp: dcp_hotplug() connected:1 valid_mode:0 nr_modes:22
[  171.299019] omarchy-m2 kernel: apple-dcp 315c00000.dcp: dcp_dptx_connect(port=0) target=0:4 typec=1 route=borrowed conn_type=20 connected=1
[  171.299351] omarchy-m2 kernel: apple-dcp 315c00000.dcp: dcp_poweron() starting
[  171.299648] omarchy-m2 kernel: apple-dcp 315c00000.dcp: RTKit: syslog message: FramebufferDCP.cpp:5931: IOMFBParameter_adaptive_sync Req minRR = 0x0, mediaTargetRate = 0x0, Fractional Rate = 0
[  171.299956] omarchy-m2 kernel: apple-dcp 315c00000.dcp: RTKit: syslog message: nifiedPipeline.cpp:1356: set_device_enabled_gated: current state: 0, requested state: 1
[  171.300259] omarchy-m2 kernel: apple-dcp 315c00000.dcp: RTKit: syslog message: PPipeDCP_H13P.cpp:10468: set_run_mode_safe: no need to defer: 0 -> 1
[  171.300592] omarchy-m2 kernel: apple-dcp 315c00000.dcp: RTKit: syslog message: PPipeDCP_H13P.cpp:10468: set_run_mode_safe: no need to defer: 1 -> 2
[  171.300907] omarchy-m2 kernel: apple-dcp 315c00000.dcp: read_edt_data key=initial-vbi-advance-lines count=1 default0=0x2 ret=0
[  171.301230] omarchy-m2 kernel: apple-dcp 315c00000.dcp: dcp_set_power_state_req returned, 9998 ms remaining
[  171.301516] omarchy-m2 kernel: apple-dcp 315c00000.dcp: set_digital_out_mode(color:88 timing:50) "2560x1440": 60 241500 2560 2608 2640 2720 1440 1443 1448 1481 0x48 0x0
[  171.301796] omarchy-m2 kernel: apple-dcp 315c00000.dcp: set_digital_out_mode() color mode depth:8 format:0 colorimetry:10 eotf:0 range:0 vrr:0
[  171.302088] omarchy-m2 kernel: apple-dcp 315c00000.dcp: RTKit: syslog message: nifiedPipeline.cpp:7462: set_digital_out_mode: Modeset requested for colorID: 88, timingID: 50
[  171.302367] omarchy-m2 kernel: apple-dcp 315c00000.dcp: RTKit: syslog message: PPipeDCP_H13P.cpp:18011: Dual pipe disabled offset 0
[  171.302655] omarchy-m2 kernel: apple-dcp 315c00000.dcp: RTKit: syslog message: PPipeDCP_H13P.cpp:10468: set_run_mode_safe: no need to defer: 2 -> 1
[  171.302935] omarchy-m2 kernel: apple-dcp 315c00000.dcp: RTKit: syslog message: PPipeDCP_H13P.cpp:10468: set_run_mode_safe: no need to defer: 1 -> 0
[  171.303222] omarchy-m2 kernel: apple-dcp 315c00000.dcp: RTKit: syslog message: nifiedPipeline.cpp:1356: set_device_enabled_gated: current state: 1, requested state: 0
[  171.502017] omarchy-m2 kernel: apple-dcp 315c00000.dcp: RTKit: syslog message: nifiedPipeline.cpp:7700: set_mode: timingID: 50 colorID: 88
[  171.503016] omarchy-m2 kernel: apple-dcp 315c00000.dcp: DPTXPort: APCALL 7 (32 bytes)
[  171.503289] omarchy-m2 kernel: apple-dcp 315c00000.dcp: DPTXPort: APCALL 13 (32 bytes)
[  171.503576] omarchy-m2 kernel: apple-dcp 315c00000.dcp: DPTXPort: APCALL 7 (32 bytes)
[  171.503853] omarchy-m2 kernel: apple-dcp 315c00000.dcp: DPTXPort: APCALL 14 (32 bytes)
[  171.504157] omarchy-m2 kernel: apple-dcp 315c00000.dcp: DPTXPort: APCALL 4 (64 bytes)
[  171.507020] omarchy-m2 kernel: apple-dcp 315c00000.dcp: RTKit: syslog message: PPipeDCP_H13P.cpp:11092: IOMFB updateFrequencies: minimum-frequency property not found, using getClockFrequency(0) instead.
[  171.507337] omarchy-m2 kernel: apple-dcp 315c00000.dcp: RTKit: syslog message: PPipeDCP_H13P.cpp:11109: IOMFB updateFrequencies EDT ERROR: getClockFrequency(0) (0) < videoClock 120749992! Giving up on frequencies.
[  171.507654] omarchy-m2 kernel: apple-dcp 315c00000.dcp: RTKit: syslog message: nifiedPipeline.cpp:7356: IOMFBStatus UnifiedPipeline::mode_set_gated(uint32_t, uint32_t): 2560x1440@59 Hz link: 1
[  171.507939] omarchy-m2 kernel: apple-dcp 315c00000.dcp: RTKit: syslog message: nifiedPipeline.cpp:1356: set_device_enabled_gated: current state: 0, requested state: 1
[  171.508260] omarchy-m2 kernel: apple-dcp 315c00000.dcp: RTKit: syslog message: PPipeDCP_H13P.cpp:10468: set_run_mode_safe: no need to defer: 0 -> 1
[  171.508561] omarchy-m2 kernel: apple-dcp 315c00000.dcp: RTKit: syslog message: ck_Config_H13P.cpp:1771: program_frame_size: pixel_clock 241500000, vid0 120750000, 000078c0 0000021f
[  171.508853] omarchy-m2 kernel: apple-dcp 315c00000.dcp: RTKit: syslog message: PPipeDCP_H13P.cpp:10468: set_run_mode_safe: no need to defer: 1 -> 2
[  171.509150] omarchy-m2 kernel: apple-dcp 315c00000.dcp: RTKit: syslog message: PPipeDCP_H13P.cpp:12351: IOMFB: Ext XPan M3 pixel_clock 241500000, htot 2720 vtot 1481
[  171.509426] omarchy-m2 kernel: apple-dcp 315c00000.dcp: RTKit: syslog message: PPipeDCP_H13P.cpp:12353: IOMFB: Ext XPan M3 SFM lines 1481, piodma_duration_lines 89, TSQ 1381
[  171.509733] omarchy-m2 kernel: apple-dcp 315c00000.dcp: RTKit: syslog message: PPipeDCP_H13P.cpp:12355: IOMFB: Ext XPan M3 SFM dur 400329, DisplayLead 27570
[  171.510055] omarchy-m2 kernel: apple-dcp 315c00000.dcp: read_edt_data key=initial-vbi-advance-lines count=1 default0=0x2 ret=0
[  171.510333] omarchy-m2 kernel: apple-dcp 315c00000.dcp: RTKit: syslog message: oTimingElement.cpp:1349: [AFK]SPLIT is 0
[  171.510618] omarchy-m2 kernel: apple-dcp 315c00000.dcp: RTKit: syslog message: PPipeDCP_H13P.cpp:10490: set_run_mode_safe: deferring: 2 -> 4
[  171.510903] omarchy-m2 kernel: apple-dcp 315c00000.dcp: RTKit: syslog message: PPipeDCP_H13P.cpp:10395: virtual IOMFBStatus IOMFB::UPPipeDCP_H13P::ready_for_run_mode_change(IOMFB::AppleRegisterStream *): initiating deferred run mod
[  171.511199] omarchy-m2 kernel: apple-dcp 315c00000.dcp: RTKit: syslog message: M3Hal_v1.cpp:197: IOMFB: load APT M3 IMem : size 0x7b40
[  171.511466] omarchy-m2 kernel: apple-dcp 315c00000.dcp: RTKit: syslog message: M3Hal_v1.cpp:197: IOMFB: load APT M3 DMem : size 0x6fd4
[  171.511741] omarchy-m2 kernel: apple-dcp 315c00000.dcp: RTKit: syslog message: CAHandler.cpp:188: IOMFB load_ca_data: Unrecognized data version 0 (expected 1 or 2)
[  171.512016] omarchy-m2 kernel: apple-dcp 315c00000.dcp: RTKit: syslog message: UPPipe.cpp:3767: IOMFB read_pmu_data_sync: pmu ram read error (e00002d8)
[  171.512284] omarchy-m2 kernel: apple-dcp 315c00000.dcp: RTKit: syslog message: PPipeDCP_H13P.cpp:14085: IOMFB Ext RTBandwidth: program_M3_rt_config: Using Dashboard 28e3d1218
[  171.512570] omarchy-m2 kernel: apple-dcp 315c00000.dcp: RTKit: syslog message: UPTSQManager.cpp:133: IOMFB: clearing M3 reset
[  171.512836] omarchy-m2 kernel: apple-dcp 315c00000.dcp: RTKit: syslog message: UPTSQ_Hal_v1.cpp:349: IOMFB: timebase_offset = 4
[  171.525026] omarchy-m2 kernel: apple-dcp 315c00000.dcp: RTKit: syslog message: UPTSQManager.cpp:105: IOMFB: switch to normal mode succeeded
[  171.525326] omarchy-m2 kernel: apple-dcp 315c00000.dcp: set_digital_out_mode finished:8276
[  171.525609] omarchy-m2 kernel: apple-dcp 315c00000.dcp: USB4 frame: flush entry valid=1 connected=1 busy=0
[  171.525887] omarchy-m2 kernel: apple-dcp 315c00000.dcp: USB4 frame: flush surface=1 enabled=0x80000007 ctm=1
[  171.526164] omarchy-m2 kernel: apple-dcp 315c00000.dcp: USB4 frame: start request connected=1
[  171.526452] omarchy-m2 kernel: apple-dcp 315c00000.dcp: USB4 frame: start ack; submit id=2
[  171.526722] omarchy-m2 kernel: apple-dcp 315c00000.dcp: USB4 frame: submit ack ret=0
[  171.542026] omarchy-m2 kernel: apple-dcp 315c00000.dcp: USB4 frame: complete id=2
[  171.542332] omarchy-m2 kernel: apple-display-crossbar f0304c000.mux: t602x after-frame-dpin0: 000=00000004 004=000001fb 008=00000004 00c=00000004 014=000001fb 018=00000010 01c=00000001 024=00000110 028=00000001 02c=00000004 030=00002002 034=00000000 040=0005ad6b 044=02b5ad6b 048=00000000 04c=00000000 050=00000000 060=00000000 070=00000000
[  171.542639] omarchy-m2 kernel: apple-display-crossbar f0304c000.mux: t602x after-frame-dpin0 clk: 000=00000004 800=00000004 020=00000000 820=00000000 024=00000110 81c=00000110
[  171.542904] omarchy-m2 kernel: apple-dcp 315c00000.dcp: Right frame: usb4=1 crossbar snapshot result=0
[  174.618028] omarchy-m2 kernel: macsmc 2a2400000.smc: RTKit: syslog message: aceElec.cpp:1151:         Elec: Elec Cause 0x1000
[  201.086336] omarchy-m2 kernel: audit: type=1101 audit(1790070571.833:214): pid=11447 uid=1001 auid=1001 ses=1 subj=unconfined msg='op=PAM:accounting grantors=pam_unix,pam_permit,pam_time acct="oliver" exe="/usr/bin/sudo" hostname=? addr=? terminal=? res=success'
[  201.086368] omarchy-m2 kernel: audit: type=1110 audit(1790070571.834:215): pid=11447 uid=1001 auid=1001 ses=1 subj=unconfined msg='op=PAM:setcred grantors=pam_faillock,pam_permit,pam_env,pam_faillock acct="root" exe="/usr/bin/sudo" hostname=? addr=? terminal=? res=success'
[  201.088005] omarchy-m2 kernel: audit: type=1105 audit(1790070571.835:216): pid=11447 uid=1001 auid=1001 ses=1 subj=unconfined msg='op=PAM:session_open grantors=pam_systemd_home,pam_limits,pam_unix,pam_permit,pam_systemd acct="root" exe="/usr/bin/sudo" hostname=? addr=? terminal=? res=success'
