[    9.164394] omarchy-m2 kernel: Booting Linux on physical CPU 0x0000000000 [0x611f0340]
[    9.164411] omarchy-m2 kernel: Linux version 7.1.12-2.5-1-ARCH (linux-aurora@archlinux) (gcc (GCC) 16.1.1 20260430, GNU ld (GNU Binutils) 2.46.0) #1 SMP PREEMPT_DYNAMIC Sun, 20 Sep 2026 02:52:44 +0000
[    9.164418] omarchy-m2 kernel: random: crng init done
[    9.164424] omarchy-m2 kernel: Machine model: Apple MacBook Pro (16-inch, M2 Pro, 2023)
[    9.164429] omarchy-m2 kernel: efi: EFI v2.11 by Das U-Boot
[    9.164434] omarchy-m2 kernel: efi: RTPROP=0x107d4312040 SMBIOS 3.0=0x107d53c2000 INITRD=0x107d42f8040 MEMRESERVE=0x107d42f7040 
[    9.164446] omarchy-m2 kernel: OF: reserved mem: 0x000001000196c000..0x0000010001c7ffff (3152 KiB) nomap non-reusable asc-firmware@1000196c000
[    9.164451] omarchy-m2 kernel: OF: reserved mem: 0x00000100009fc000..0x000001000132ffff (9424 KiB) nomap non-reusable asc-firmware@100009fc000
[    9.164456] omarchy-m2 kernel: OF: reserved mem: 0x00000107d9478000..0x00000107d947bfff (16 KiB) nomap non-reusable sio-firmware-data@107d9478000
[    9.164461] omarchy-m2 kernel: OF: reserved mem: 0x00000107d947c000..0x00000107d947ffff (16 KiB) nomap non-reusable sio-firmware-data@107d947c000
[    9.164466] omarchy-m2 kernel: OF: reserved mem: 0x00000107d9480000..0x00000107d949ffff (128 KiB) nomap non-reusable sio-firmware-data@107d9480000
[    9.164471] omarchy-m2 kernel: OF: reserved mem: 0x00000107d94a0000..0x00000107d94a3fff (16 KiB) nomap non-reusable sio-firmware-data@107d94a0000
[    9.164476] omarchy-m2 kernel: OF: reserved mem: 0x0000010001d48000..0x0000010001e3ffff (992 KiB) nomap non-reusable asc-firmware@10001d48000
[    9.164481] omarchy-m2 kernel: OF: reserved mem: 0x00000100013e4000..0x00000100013fffff (112 KiB) nomap non-reusable asc-firmware@100013e4000
[    9.164489] omarchy-m2 kernel: OF: reserved mem: 0x00000107ddc80000..0x00000107e4f43fff (117520 KiB) nomap non-reusable framebuffer@107ddc80000
[    9.164494] omarchy-m2 kernel: OF: reserved mem: 0x00000107db37c000..0x00000107dc37bfff (16384 KiB) nomap non-reusable asc-firmware@107db37c000
[    9.164499] omarchy-m2 kernel: OF: reserved mem: 0x00000107dc37c000..0x00000107dc67bfff (3072 KiB) nomap non-reusable asc-firmware@107dc37c000
[    9.164504] omarchy-m2 kernel: OF: reserved mem: 0x00000107dc67c000..0x00000107dd67bfff (16384 KiB) nomap non-reusable asc-firmware@107dc67c000
[    9.164509] omarchy-m2 kernel: OF: reserved mem: 0x00000107dd67c000..0x00000107dd97bfff (3072 KiB) nomap non-reusable asc-firmware@107dd67c000
[    9.164514] omarchy-m2 kernel: OF: reserved mem: 0x00000107ddc7c000..0x00000107ddc7ffff (16 KiB) nomap non-reusable region157@107ddc7c000
[    9.164518] omarchy-m2 kernel: OF: reserved mem: 0x00000107e4f44000..0x00000107e5003fff (768 KiB) nomap non-reusable region95@107e4f44000
[    9.164523] omarchy-m2 kernel: OF: reserved mem: 0x00000107e5004000..0x00000107e5363fff (3456 KiB) nomap non-reusable region94@107e5004000
[    9.164529] omarchy-m2 kernel: OF: reserved mem: 0x00000107e5364000..0x00000107e6363fff (16384 KiB) nomap non-reusable region57@107e5364000
[    9.164533] omarchy-m2 kernel: OF: reserved mem: 0x00000107dd97c000..0x00000107ddc7bfff (3072 KiB) nomap non-reusable dcp_data@107dd97c000
[    9.164538] omarchy-m2 kernel: OF: reserved mem: 0x0000010000230000..0x0000010000833fff (6160 KiB) nomap non-reusable asc-firmware@10000230000
[    9.164543] omarchy-m2 kernel: OF: reserved mem: 0x00000107d94c8000..0x00000107d94cbfff (16 KiB) map non-reusable flash@107d94c8000
[    9.164548] omarchy-m2 kernel: OF: reserved mem: 0x0000010003244000..0x00000100032bbfff (480 KiB) map non-reusable flash@10003244000
[    9.164553] omarchy-m2 kernel: OF: reserved mem: 0x00000107d94a4000..0x00000107d94bbfff (96 KiB) map non-reusable globals
[    9.164558] omarchy-m2 kernel: OF: reserved mem: 0x00000107d94c0000..0x00000107d94c7fff (32 KiB) map non-reusable hw-cal-a
[    9.164563] omarchy-m2 kernel: OF: reserved mem: 0x00000107d94bc000..0x00000107d94bffff (16 KiB) map non-reusable hw-cal-b
[    9.164567] omarchy-m2 kernel: OF: reserved mem: 0x00000107fff70000..0x00000107fff73fff (16 KiB) map non-reusable uat-handoff
[    9.164572] omarchy-m2 kernel: OF: reserved mem: 0x00000107fff78000..0x00000107fffb7fff (256 KiB) map non-reusable uat-pagetables
[    9.164577] omarchy-m2 kernel: OF: reserved mem: 0x00000107fffb8000..0x00000107fffbbfff (16 KiB) map non-reusable uat-ttbs
[    9.164582] omarchy-m2 kernel: OF: reserved mem: 0x00000107d94cc000..0x00000107d9783fff (2784 KiB) nomap non-reusable isp-heap
[    9.164587] omarchy-m2 kernel: cma: Reserved 64 MiB at 0x0000010008000000
[    9.164592] omarchy-m2 kernel: Zone ranges:
[    9.164597] omarchy-m2 kernel:   DMA      [mem 0x0000010000230000-0x00000107fffbbfff]
[    9.164601] omarchy-m2 kernel:   DMA32    empty
[    9.164606] omarchy-m2 kernel:   Normal   empty
[    9.164611] omarchy-m2 kernel: Movable zone start for each node
[    9.164616] omarchy-m2 kernel: Early memory node ranges
[    9.164621] omarchy-m2 kernel:   node   0: [mem 0x0000010000230000-0x0000010000833fff]
[    9.164626] omarchy-m2 kernel:   node   0: [mem 0x00000100009fc000-0x000001000132ffff]
[    9.164631] omarchy-m2 kernel:   node   0: [mem 0x00000100013e4000-0x00000100013fffff]
[    9.164636] omarchy-m2 kernel:   node   0: [mem 0x000001000196c000-0x0000010001c7ffff]
[    9.164640] omarchy-m2 kernel:   node   0: [mem 0x0000010001d48000-0x0000010001e3ffff]
[    9.164645] omarchy-m2 kernel:   node   0: [mem 0x0000010001e40000-0x0000010003313fff]
[    9.164650] omarchy-m2 kernel:   node   0: [mem 0x0000010003314000-0x0000010003423fff]
[    9.164655] omarchy-m2 kernel:   node   0: [mem 0x0000010003424000-0x0000010006113fff]
[    9.164659] omarchy-m2 kernel:   node   0: [mem 0x0000010006114000-0x0000010006123fff]
[    9.164664] omarchy-m2 kernel:   node   0: [mem 0x0000010006124000-0x0000010006127fff]
[    9.164669] omarchy-m2 kernel:   node   0: [mem 0x0000010006128000-0x0000010006137fff]
[    9.164674] omarchy-m2 kernel:   node   0: [mem 0x0000010006138000-0x000001000613bfff]
[    9.164678] omarchy-m2 kernel:   node   0: [mem 0x000001000613c000-0x000001000614bfff]
[    9.164683] omarchy-m2 kernel:   node   0: [mem 0x000001000614c000-0x000001000614ffff]
[    9.164688] omarchy-m2 kernel:   node   0: [mem 0x0000010006150000-0x000001000615ffff]
[    9.164692] omarchy-m2 kernel:   node   0: [mem 0x0000010006160000-0x0000010006163fff]
[    9.164698] omarchy-m2 kernel:   node   0: [mem 0x0000010006164000-0x0000010006173fff]
[    9.164703] omarchy-m2 kernel:   node   0: [mem 0x0000010006174000-0x0000010006177fff]
[    9.164708] omarchy-m2 kernel:   node   0: [mem 0x0000010006178000-0x0000010006187fff]
[    9.164712] omarchy-m2 kernel:   node   0: [mem 0x0000010006188000-0x000001000618bfff]
[    9.164717] omarchy-m2 kernel:   node   0: [mem 0x000001000618c000-0x000001000619bfff]
[    9.164724] omarchy-m2 kernel:   node   0: [mem 0x000001000619c000-0x000001000619ffff]
[    9.164728] omarchy-m2 kernel:   node   0: [mem 0x00000100061a0000-0x00000100061affff]
[    9.164733] omarchy-m2 kernel:   node   0: [mem 0x00000100061b0000-0x00000100061b3fff]
[    9.164738] omarchy-m2 kernel:   node   0: [mem 0x00000100061b4000-0x00000100061c3fff]
[    9.164747] omarchy-m2 kernel:   node   0: [mem 0x00000100061c4000-0x00000100061c7fff]
[    9.164751] omarchy-m2 kernel:   node   0: [mem 0x00000100061c8000-0x00000100061d7fff]
[    9.164756] omarchy-m2 kernel:   node   0: [mem 0x00000100061d8000-0x00000100061dbfff]
[    9.164761] omarchy-m2 kernel:   node   0: [mem 0x00000100061dc000-0x00000100061ebfff]
[    9.164766] omarchy-m2 kernel:   node   0: [mem 0x00000100061ec000-0x00000100061effff]
[    9.164771] omarchy-m2 kernel:   node   0: [mem 0x00000100061f0000-0x0000010006223fff]
[    9.164776] omarchy-m2 kernel:   node   0: [mem 0x0000010006224000-0x000001073b3fffff]
[    9.164780] omarchy-m2 kernel:   node   0: [mem 0x000001073b400000-0x000001073b403fff]
[    9.164785] omarchy-m2 kernel:   node   0: [mem 0x000001073b404000-0x00000107d430ffff]
[    9.164790] omarchy-m2 kernel:   node   0: [mem 0x00000107d4310000-0x00000107d4337fff]
[    9.164795] omarchy-m2 kernel:   node   0: [mem 0x00000107d4338000-0x00000107d53bffff]
[    9.164800] omarchy-m2 kernel:   node   0: [mem 0x00000107d53c0000-0x00000107d53c3fff]
[    9.164804] omarchy-m2 kernel:   node   0: [mem 0x00000107d53c4000-0x00000107d938ffff]
[    9.164809] omarchy-m2 kernel:   node   0: [mem 0x00000107d9390000-0x00000107d939ffff]
[    9.164814] omarchy-m2 kernel:   node   0: [mem 0x00000107d93a0000-0x00000107d9473fff]
[    9.164819] omarchy-m2 kernel:   node   0: [mem 0x00000107d9478000-0x00000107d94a3fff]
[    9.164823] omarchy-m2 kernel:   node   0: [mem 0x00000107d94a4000-0x00000107d94cbfff]
[    9.164828] omarchy-m2 kernel:   node   0: [mem 0x00000107d94cc000-0x00000107d9783fff]
[    9.164836] omarchy-m2 kernel:   node   0: [mem 0x00000107db37c000-0x00000107e6363fff]
[    9.164840] omarchy-m2 kernel:   node   0: [mem 0x00000107fff70000-0x00000107fff73fff]
[    9.164845] omarchy-m2 kernel:   node   0: [mem 0x00000107fff78000-0x00000107fffbbfff]
[    9.164850] omarchy-m2 kernel: Initmem setup node 0 [mem 0x0000010000230000-0x00000107fffbbfff]
[    9.164855] omarchy-m2 kernel: On node 0, zone DMA: 140 pages in unavailable ranges
[    9.164859] omarchy-m2 kernel: On node 0, zone DMA: 114 pages in unavailable ranges
[    9.164864] omarchy-m2 kernel: On node 0, zone DMA: 45 pages in unavailable ranges
[    9.164869] omarchy-m2 kernel: On node 0, zone DMA: 347 pages in unavailable ranges
[    9.164873] omarchy-m2 kernel: On node 0, zone DMA: 50 pages in unavailable ranges
[    9.164878] omarchy-m2 kernel: On node 0, zone DMA: 1 pages in unavailable ranges
[    9.164883] omarchy-m2 kernel: On node 0, zone DMA: 1790 pages in unavailable ranges
[    9.164887] omarchy-m2 kernel: On node 0, zone DMA: 9987 pages in unavailable ranges
[    9.164892] omarchy-m2 kernel: On node 0, zone DMA: 1 pages in unavailable ranges
[    9.164897] omarchy-m2 kernel: On node 0, zone DMA: 17 pages in unavailable ranges
[    9.164902] omarchy-m2 kernel: percpu: Embedded 9 pages/cpu s103320 r8192 d35944 u147456
[    9.164907] omarchy-m2 kernel: pcpu-alloc: s103320 r8192 d35944 u147456 alloc=9*16384
[    9.164912] omarchy-m2 kernel: pcpu-alloc: [0] 00 [0] 01 [0] 02 [0] 03 [0] 04 [0] 05 [0] 06 [0] 07 
[    9.164917] omarchy-m2 kernel: pcpu-alloc: [0] 08 [0] 09 [0] 10 [0] 11 
[    9.164921] omarchy-m2 kernel: Detected PIPT I-cache on CPU0
[    9.164926] omarchy-m2 kernel: CPU features: detected: Address authentication (IMP DEF algorithm)
[    9.164931] omarchy-m2 kernel: CPU features: detected: Virtualization Host Extensions
[    9.164936] omarchy-m2 kernel: CPU features: detected: Spectre-v4
[    9.164940] omarchy-m2 kernel: CPU features: detected: Spectre-BHB
[    9.164945] omarchy-m2 kernel: CPU features: detected: Apple IMPDEF PMUv3 Traps
[    9.164950] omarchy-m2 kernel: alternatives: applying boot alternatives
[    9.164955] omarchy-m2 kernel: Kernel command line: BOOT_IMAGE=/vmlinuz-linux-aurora root=UUID=725346d2-f127-47bc-b464-9dd46155e8d6 rw rootflags=subvol=@ cryptdevice=UUID=de26457c-f363-450f-916a-888a0b9b1fd6:root:allow-discards loglevel=3 quiet splash
[    9.164961] omarchy-m2 kernel: Unknown kernel command line parameters "splash cryptdevice=UUID=de26457c-f363-450f-916a-888a0b9b1fd6:root:allow-discards", will be passed to user space.
[    9.164966] omarchy-m2 kernel: printk: log buffer data + meta data: 262144 + 1114112 = 1376256 bytes
[    9.164970] omarchy-m2 kernel: Dentry cache hash table entries: 4194304 (order: 11, 33554432 bytes, linear)
[    9.164975] omarchy-m2 kernel: Inode-cache hash table entries: 2097152 (order: 10, 16777216 bytes, linear)
[    9.164980] omarchy-m2 kernel: software IO TLB: SWIOTLB bounce buffer size adjusted to 31MB
[    9.164985] omarchy-m2 kernel: software IO TLB: area num 16.
[    9.164991] omarchy-m2 kernel: software IO TLB: SWIOTLB bounce buffer size roundup to 32MB
[    9.164996] omarchy-m2 kernel: software IO TLB: mapped [mem 0x00000107d228c000-0x00000107d428c000] (32MB)
[    9.165005] omarchy-m2 kernel: Built 1 zonelists, mobility grouping on.  Total pages: 2068276
[    9.165010] omarchy-m2 kernel: mem auto-init: stack:off, heap alloc:on, heap free:off
[    9.165015] omarchy-m2 kernel: SLUB: HWalign=64, Order=0-3, MinObjects=0, CPUs=12, Nodes=1
[    9.165019] omarchy-m2 kernel: Dynamic Preempt: full
[    9.165024] omarchy-m2 kernel: rcu: Preemptible hierarchical RCU implementation.
[    9.165030] omarchy-m2 kernel: rcu:         RCU restricting CPUs from NR_CPUS=64 to nr_cpu_ids=12.
[    9.165035] omarchy-m2 kernel:         Trampoline variant of Tasks RCU enabled.
[    9.165039] omarchy-m2 kernel:         Tracing variant of Tasks RCU enabled.
[    9.165051] omarchy-m2 kernel: rcu: RCU calculated value of scheduler-enlistment delay is 100 jiffies.
[    9.165056] omarchy-m2 kernel: rcu: Adjusting geometry for rcu_fanout_leaf=16, nr_cpu_ids=12
[    9.165060] omarchy-m2 kernel: RCU Tasks: Setting shift to 4 and lim to 1 rcu_task_cb_adjust=1 rcu_task_cpu_ids=12.
[    9.165065] omarchy-m2 kernel: NR_IRQS: 64, nr_irqs: 64, preallocated irqs: 0
[    9.165070] omarchy-m2 kernel: Root IRQ handler: aic_handle_irq
[    9.165074] omarchy-m2 kernel: Root FIQ handler: aic_handle_fiq
[    9.165079] omarchy-m2 kernel: irq_apple_aic: Using Fast IPIs
[    9.165084] omarchy-m2 kernel: irq_apple_aic: Initialized with 1961/4096 IRQs * 1/8 die(s), 7 FIQs, 32 vIPIs
[    9.165089] omarchy-m2 kernel: rcu: srcu_init: Setting srcu_struct sizes based on contention.
[    9.165093] omarchy-m2 kernel: clocksource: jiffies: mask: 0xffffffff max_cycles: 0xffffffff, max_idle_ns: 1911260446275000 ns
[    9.165098] omarchy-m2 kernel: arch_timer: cp15 timer running at 24.00MHz (phys).
[    9.165103] omarchy-m2 kernel: clocksource: arch_sys_counter: mask: 0xffffffffffffff max_cycles: 0x588fe9dc0, max_idle_ns: 440795202592 ns
[    9.165108] omarchy-m2 kernel: sched_clock: 56 bits at 24MHz, resolution 41ns, wraps every 4398046511097ns
[    9.165113] omarchy-m2 kernel: Console: colour dummy device 80x25
[    9.165119] omarchy-m2 kernel: printk: legacy console [tty0] enabled
[    9.165125] omarchy-m2 kernel: Calibrating delay loop (skipped), value calculated using timer frequency.. 48.00 BogoMIPS (lpj=24000)
[    9.165131] omarchy-m2 kernel: pid_max: default: 32768 minimum: 301
[    9.165137] omarchy-m2 kernel: landlock: Up and running.
[    9.165141] omarchy-m2 kernel: Yama: becoming mindful.
[    9.165147] omarchy-m2 kernel: AppArmor: AppArmor initialized
[    9.165152] omarchy-m2 kernel: Mount-cache hash table entries: 65536 (order: 5, 524288 bytes, linear)
[    9.165158] omarchy-m2 kernel: Mountpoint-cache hash table entries: 65536 (order: 5, 524288 bytes, linear)
[    9.165163] omarchy-m2 kernel: VFS: Finished mounting rootfs on nullfs
[    9.165168] omarchy-m2 kernel: rcu: Hierarchical SRCU implementation.
[    9.165174] omarchy-m2 kernel: rcu:         Max phase no-delay instances is 400.
[    9.165179] omarchy-m2 kernel: Timer migration: 2 hierarchy levels; 8 children per group; 2 crossnode level
[    9.165185] omarchy-m2 kernel: Remapping and enabling EFI services.
[    9.165190] omarchy-m2 kernel: smp: Bringing up secondary CPUs ...
[    9.165195] omarchy-m2 kernel: Detected PIPT I-cache on CPU1
[    9.165201] omarchy-m2 kernel: CPU1: Booted secondary processor 0x0000000001 [0x611f0340]
[    9.165206] omarchy-m2 kernel: Detected PIPT I-cache on CPU2
[    9.165211] omarchy-m2 kernel: CPU2: Booted secondary processor 0x0000000002 [0x611f0340]
[    9.165216] omarchy-m2 kernel: Detected PIPT I-cache on CPU3
[    9.165221] omarchy-m2 kernel: CPU3: Booted secondary processor 0x0000000003 [0x611f0340]
[    9.165226] omarchy-m2 kernel: Detected PIPT I-cache on CPU4
[    9.165231] omarchy-m2 kernel: CPU4: Booted secondary processor 0x0000010100 [0x611f0350]
[    9.165236] omarchy-m2 kernel: Detected PIPT I-cache on CPU5
[    9.165241] omarchy-m2 kernel: CPU5: Booted secondary processor 0x0000010101 [0x611f0350]
[    9.165246] omarchy-m2 kernel: Detected PIPT I-cache on CPU6
[    9.165251] omarchy-m2 kernel: CPU6: Booted secondary processor 0x0000010102 [0x611f0350]
[    9.165256] omarchy-m2 kernel: Detected PIPT I-cache on CPU7
[    9.165261] omarchy-m2 kernel: CPU7: Booted secondary processor 0x0000010103 [0x611f0350]
[    9.165266] omarchy-m2 kernel: Detected PIPT I-cache on CPU8
[    9.165272] omarchy-m2 kernel: CPU8: Booted secondary processor 0x0000010200 [0x611f0350]
[    9.165277] omarchy-m2 kernel: Detected PIPT I-cache on CPU9
[    9.165284] omarchy-m2 kernel: CPU9: Booted secondary processor 0x0000010201 [0x611f0350]
[    9.165289] omarchy-m2 kernel: Detected PIPT I-cache on CPU10
[    9.165295] omarchy-m2 kernel: CPU10: Booted secondary processor 0x0000010202 [0x611f0350]
[    9.165300] omarchy-m2 kernel: Detected PIPT I-cache on CPU11
[    9.165305] omarchy-m2 kernel: CPU11: Booted secondary processor 0x0000010203 [0x611f0350]
[    9.165311] omarchy-m2 kernel: smp: Brought up 1 node, 12 CPUs
[    9.165316] omarchy-m2 kernel: SMP: Total of 12 processors activated.
[    9.165321] omarchy-m2 kernel: CPU: All CPU(s) started at EL2
[    9.165328] omarchy-m2 kernel: CPU features: detected: Branch Target Identification
[    9.165333] omarchy-m2 kernel: CPU features: detected: ARMv8.4 Translation Table Level
[    9.165338] omarchy-m2 kernel: CPU features: detected: Data cache clean to the PoU not required for I/D coherence
[    9.165343] omarchy-m2 kernel: CPU features: detected: Common not Private translations
[    9.165349] omarchy-m2 kernel: CPU features: detected: CRC32 instructions
[    9.165354] omarchy-m2 kernel: CPU features: detected: Data independent timing control (DIT)
[    9.165359] omarchy-m2 kernel: CPU features: detected: E0PD
[    9.165369] omarchy-m2 kernel: CPU features: detected: Enhanced Counter Virtualization
[    9.165375] omarchy-m2 kernel: CPU features: detected: Enhanced Virtualization Traps
[    9.165380] omarchy-m2 kernel: CPU features: detected: Fine Grained Traps
[    9.165385] omarchy-m2 kernel: CPU features: detected: Generic authentication (IMP DEF algorithm)
[    9.165390] omarchy-m2 kernel: CPU features: detected: RCpc load-acquire (LDAPR)
[    9.165396] omarchy-m2 kernel: CPU features: detected: LSE atomic instructions
[    9.165401] omarchy-m2 kernel: CPU features: detected: Privileged Access Never
[    9.165406] omarchy-m2 kernel: CPU features: detected: RAS Extension Support
[    9.165411] omarchy-m2 kernel: CPU features: detected: Speculation barrier (SB)
[    9.165416] omarchy-m2 kernel: CPU features: detected: Stage-2 Force Write-Back
[    9.165422] omarchy-m2 kernel: CPU features: detected: TLB range maintenance instructions
[    9.165427] omarchy-m2 kernel: CPU features: detected: XNX
[    9.165432] omarchy-m2 kernel: CPU features: detected: Speculative Store Bypassing Safe (SSBS)
[    9.165437] omarchy-m2 kernel: alternatives: applying system-wide alternatives
[    9.165442] omarchy-m2 kernel: CPU features: detected: ACTLR virtualization (architectural?)
[    9.165447] omarchy-m2 kernel: CPU features: detected: ICV_DIR_EL1 trapping
[    9.165453] omarchy-m2 kernel: CPU features: detected: TSO memory model (Apple)
[    9.165458] omarchy-m2 kernel: Memory: 32517200K/33092416K available (16192K kernel code, 2850K rwdata, 11904K rodata, 2048K init, 664K bss, 496544K reserved, 65536K cma-reserved)
[    9.165463] omarchy-m2 kernel: devtmpfs: initialized
[    9.165468] omarchy-m2 kernel: posixtimers hash table entries: 8192 (order: 3, 131072 bytes, linear)
[    9.165474] omarchy-m2 kernel: futex hash table entries: 4096 (262144 bytes on 1 NUMA nodes, total 256 KiB, linear).
[    9.165479] omarchy-m2 kernel: 6060 pages in range for non-PLT usage
[    9.165484] omarchy-m2 kernel: 128940 pages in range for PLT usage
[    9.165489] omarchy-m2 kernel: DMI: SMBIOS 3.7.0 present.
[    9.165495] omarchy-m2 kernel: DMI: Apple Inc. Mac14,10/J416s, BIOS 2026.07 07/01/2026
[    9.165500] omarchy-m2 kernel: DMI: Memory slots populated: 1/1
[    9.165505] omarchy-m2 kernel: NET: Registered PF_NETLINK/PF_ROUTE protocol family
[    9.165511] omarchy-m2 kernel: DMA: preallocated 4096 KiB GFP_KERNEL|GFP_DMA pool for atomic allocations
[    9.165516] omarchy-m2 kernel: audit: initializing netlink subsys (disabled)
[    9.165522] omarchy-m2 kernel: audit: type=2000 audit(0.011:1): state=initialized audit_enabled=0 res=1
[    9.165527] omarchy-m2 kernel: thermal_sys: Registered thermal governor 'fair_share'
[    9.165532] omarchy-m2 kernel: thermal_sys: Registered thermal governor 'bang_bang'
[    9.165538] omarchy-m2 kernel: thermal_sys: Registered thermal governor 'step_wise'
[    9.165543] omarchy-m2 kernel: thermal_sys: Registered thermal governor 'user_space'
[    9.165548] omarchy-m2 kernel: thermal_sys: Registered thermal governor 'power_allocator'
[    9.165553] omarchy-m2 kernel: cpuidle: using governor ladder
[    9.165558] omarchy-m2 kernel: cpuidle: using governor menu
[    9.165563] omarchy-m2 kernel: hw-breakpoint: found 6 breakpoint and 4 watchpoint registers.
[    9.165568] omarchy-m2 kernel: ASID allocator initialised with 256 entries
[    9.165574] omarchy-m2 kernel: /soc/i2c@39b040000/usb-pd@38/connector: Fixed dependency cycle(s) with /soc/dcp@289c00000/typec-routes/route@0
[    9.165579] omarchy-m2 kernel: /soc/i2c@39b040000/usb-pd@38/connector: Fixed dependency cycle(s) with /soc/dcp@315c00000/typec-routes/route@0
[    9.165585] omarchy-m2 kernel: /soc/i2c@39b040000/usb-pd@38/connector: Fixed dependency cycle(s) with /soc/cio@701ac0000
[    9.165590] omarchy-m2 kernel: /soc/i2c@39b040000/usb-pd@38/connector: Fixed dependency cycle(s) with /soc/phy@703000000
[    9.165595] omarchy-m2 kernel: /soc/i2c@39b040000/usb-pd@38/connector: Fixed dependency cycle(s) with /soc/usb@702280000
[    9.165600] omarchy-m2 kernel: /soc/i2c@39b040000/usb-pd@3f/connector: Fixed dependency cycle(s) with /soc/dcp@289c00000/typec-routes/route@1
[    9.165606] omarchy-m2 kernel: /soc/i2c@39b040000/usb-pd@3f/connector: Fixed dependency cycle(s) with /soc/dcp@315c00000/typec-routes/route@1
[    9.165611] omarchy-m2 kernel: /soc/i2c@39b040000/usb-pd@3f/connector: Fixed dependency cycle(s) with /soc/cio@b01ac0000
[    9.165617] omarchy-m2 kernel: /soc/i2c@39b040000/usb-pd@3f/connector: Fixed dependency cycle(s) with /soc/phy@b03000000
[    9.165622] omarchy-m2 kernel: /soc/i2c@39b040000/usb-pd@3f/connector: Fixed dependency cycle(s) with /soc/usb@b02280000
[    9.165628] omarchy-m2 kernel: /soc/i2c@39b040000/usb-pd@3b/connector: Fixed dependency cycle(s) with /soc/dcp@289c00000/typec-routes/route@2
[    9.165633] omarchy-m2 kernel: /soc/i2c@39b040000/usb-pd@3b/connector: Fixed dependency cycle(s) with /soc/dcp@315c00000/typec-routes/route@2
[    9.165638] omarchy-m2 kernel: /soc/i2c@39b040000/usb-pd@3b/connector: Fixed dependency cycle(s) with /soc/cio@f01ac0000
[    9.165643] omarchy-m2 kernel: /soc/i2c@39b040000/usb-pd@3b/connector: Fixed dependency cycle(s) with /soc/phy@f03000000
[    9.165648] omarchy-m2 kernel: /soc/i2c@39b040000/usb-pd@3b/connector: Fixed dependency cycle(s) with /soc/usb@f02280000
[    9.165654] omarchy-m2 kernel: /soc/pcie@580000000: Fixed dependency cycle(s) with /soc/pcie@580000000
[    9.165659] omarchy-m2 kernel: /soc/pcie@580000000/pci@0,0: Fixed dependency cycle(s) with /soc/pcie@580000000/pci@0,0
[    9.165664] omarchy-m2 kernel: /soc/pcie@580000000/pci@1,0: Fixed dependency cycle(s) with /soc/pcie@580000000/pci@1,0
[    9.165669] omarchy-m2 kernel: /soc/dcp@289c00000: Fixed dependency cycle(s) with /soc/audio-controller@39b504000
[    9.165675] omarchy-m2 kernel: /soc/dcp@289c00000: Fixed dependency cycle(s) with /soc/phy@1303000000
[    9.165680] omarchy-m2 kernel: /soc/dcp@289c00000/typec-routes/route@0: Fixed dependency cycle(s) with /soc/i2c@39b040000/usb-pd@38/connector
[    9.165692] omarchy-m2 kernel: /soc/dcp@289c00000/typec-routes/route@1: Fixed dependency cycle(s) with /soc/i2c@39b040000/usb-pd@3f/connector
[    9.165697] omarchy-m2 kernel: /soc/dcp@289c00000/typec-routes/route@2: Fixed dependency cycle(s) with /soc/i2c@39b040000/usb-pd@3b/connector
[    9.165703] omarchy-m2 kernel: /soc/dcp@315c00000: Fixed dependency cycle(s) with /soc/audio-controller@39b508000
[    9.165709] omarchy-m2 kernel: /soc/dcp@315c00000/typec-routes/route@0: Fixed dependency cycle(s) with /soc/i2c@39b040000/usb-pd@38/connector
[    9.165714] omarchy-m2 kernel: /soc/dcp@315c00000/typec-routes/route@1: Fixed dependency cycle(s) with /soc/i2c@39b040000/usb-pd@3f/connector
[    9.165719] omarchy-m2 kernel: /soc/dcp@315c00000/typec-routes/route@2: Fixed dependency cycle(s) with /soc/i2c@39b040000/usb-pd@3b/connector
[    9.165724] omarchy-m2 kernel: /soc/audio-controller@39b504000: Fixed dependency cycle(s) with /soc/dcp@289c00000
[    9.165729] omarchy-m2 kernel: /soc/audio-controller@39b508000: Fixed dependency cycle(s) with /soc/dcp@315c00000
[    9.165735] omarchy-m2 kernel: /soc/cio@701ac0000: Fixed dependency cycle(s) with /soc/i2c@39b040000/usb-pd@38/connector
[    9.165740] omarchy-m2 kernel: /soc/usb4-pcie-tunnel-0/pcie@730000000: Fixed dependency cycle(s) with /soc/usb4-pcie-tunnel-0/pcie@730000000
[    9.165745] omarchy-m2 kernel: /soc/usb4-pcie-tunnel-0/pcie@730000000/pci@0,0: Fixed dependency cycle(s) with /soc/usb4-pcie-tunnel-0/pcie@730000000/pci@0,0
[    9.165751] omarchy-m2 kernel: /soc/usb@702280000: Fixed dependency cycle(s) with /soc/i2c@39b040000/usb-pd@38/connector
[    9.165756] omarchy-m2 kernel: /soc/usb@702280000: Fixed dependency cycle(s) with /soc/phy@703000000
[    9.165761] omarchy-m2 kernel: /soc/phy@703000000: Fixed dependency cycle(s) with /soc/usb@702280000
[    9.165766] omarchy-m2 kernel: /soc/phy@703000000: Fixed dependency cycle(s) with /soc/i2c@39b040000/usb-pd@38/connector
[    9.165772] omarchy-m2 kernel: /soc/cio@b01ac0000: Fixed dependency cycle(s) with /soc/i2c@39b040000/usb-pd@3f/connector
[    9.165777] omarchy-m2 kernel: /soc/usb4-pcie-tunnel-1/pcie@b30000000: Fixed dependency cycle(s) with /soc/usb4-pcie-tunnel-1/pcie@b30000000
[    9.165782] omarchy-m2 kernel: /soc/usb4-pcie-tunnel-1/pcie@b30000000/pci@0,0: Fixed dependency cycle(s) with /soc/usb4-pcie-tunnel-1/pcie@b30000000/pci@0,0
[    9.165787] omarchy-m2 kernel: /soc/usb@b02280000: Fixed dependency cycle(s) with /soc/i2c@39b040000/usb-pd@3f/connector
[    9.165792] omarchy-m2 kernel: /soc/usb@b02280000: Fixed dependency cycle(s) with /soc/phy@b03000000
[    9.165798] omarchy-m2 kernel: /soc/phy@b03000000: Fixed dependency cycle(s) with /soc/usb@b02280000
[    9.165803] omarchy-m2 kernel: /soc/phy@b03000000: Fixed dependency cycle(s) with /soc/i2c@39b040000/usb-pd@3f/connector
[    9.165808] omarchy-m2 kernel: /soc/cio@f01ac0000: Fixed dependency cycle(s) with /soc/i2c@39b040000/usb-pd@3b/connector
[    9.165814] omarchy-m2 kernel: /soc/usb4-pcie-tunnel-2/pcie@f30000000: Fixed dependency cycle(s) with /soc/usb4-pcie-tunnel-2/pcie@f30000000
[    9.165819] omarchy-m2 kernel: /soc/usb4-pcie-tunnel-2/pcie@f30000000/pci@0,0: Fixed dependency cycle(s) with /soc/usb4-pcie-tunnel-2/pcie@f30000000/pci@0,0
[    9.165824] omarchy-m2 kernel: /soc/usb@f02280000: Fixed dependency cycle(s) with /soc/i2c@39b040000/usb-pd@3b/connector
[    9.165830] omarchy-m2 kernel: /soc/usb@f02280000: Fixed dependency cycle(s) with /soc/phy@f03000000
[    9.165835] omarchy-m2 kernel: /soc/phy@f03000000: Fixed dependency cycle(s) with /soc/usb@f02280000
[    9.165840] omarchy-m2 kernel: /soc/phy@f03000000: Fixed dependency cycle(s) with /soc/i2c@39b040000/usb-pd@3b/connector
[    9.165845] omarchy-m2 kernel: /soc/usb4-pcie-tunnel-3/pcie@1330000000: Fixed dependency cycle(s) with /soc/usb4-pcie-tunnel-3/pcie@1330000000
[    9.165851] omarchy-m2 kernel: /soc/usb4-pcie-tunnel-3/pcie@1330000000/pci@0,0: Fixed dependency cycle(s) with /soc/usb4-pcie-tunnel-3/pcie@1330000000/pci@0,0
[    9.165856] omarchy-m2 kernel: /soc/phy@1303000000: Fixed dependency cycle(s) with /soc/dcp@289c00000
[    9.165861] omarchy-m2 kernel: /soc/i2c@39b040000/usb-pd@38/connector: Fixed dependency cycle(s) with /soc/dcp@289c00000/typec-routes/route@0
[    9.165867] omarchy-m2 kernel: /soc/i2c@39b040000/usb-pd@38/connector: Fixed dependency cycle(s) with /soc/dcp@315c00000/typec-routes/route@0
[    9.165872] omarchy-m2 kernel: /soc/i2c@39b040000/usb-pd@38/connector: Fixed dependency cycle(s) with /soc/cio@701ac0000
[    9.165878] omarchy-m2 kernel: /soc/i2c@39b040000/usb-pd@38/connector: Fixed dependency cycle(s) with /soc/phy@703000000
[    9.165884] omarchy-m2 kernel: /soc/i2c@39b040000/usb-pd@38/connector: Fixed dependency cycle(s) with /soc/usb@702280000
[    9.165889] omarchy-m2 kernel: /soc/i2c@39b040000/usb-pd@3f/connector: Fixed dependency cycle(s) with /soc/dcp@289c00000/typec-routes/route@1
[    9.165894] omarchy-m2 kernel: /soc/i2c@39b040000/usb-pd@3f/connector: Fixed dependency cycle(s) with /soc/dcp@315c00000/typec-routes/route@1
[    9.165900] omarchy-m2 kernel: /soc/i2c@39b040000/usb-pd@3f/connector: Fixed dependency cycle(s) with /soc/cio@b01ac0000
[    9.165905] omarchy-m2 kernel: /soc/i2c@39b040000/usb-pd@3f/connector: Fixed dependency cycle(s) with /soc/phy@b03000000
[    9.165910] omarchy-m2 kernel: /soc/i2c@39b040000/usb-pd@3f/connector: Fixed dependency cycle(s) with /soc/usb@b02280000
[    9.165916] omarchy-m2 kernel: /soc/i2c@39b040000/usb-pd@3b/connector: Fixed dependency cycle(s) with /soc/dcp@289c00000/typec-routes/route@2
[    9.165921] omarchy-m2 kernel: /soc/i2c@39b040000/usb-pd@3b/connector: Fixed dependency cycle(s) with /soc/dcp@315c00000/typec-routes/route@2
[    9.165926] omarchy-m2 kernel: /soc/i2c@39b040000/usb-pd@3b/connector: Fixed dependency cycle(s) with /soc/cio@f01ac0000
[    9.165934] omarchy-m2 kernel: /soc/i2c@39b040000/usb-pd@3b/connector: Fixed dependency cycle(s) with /soc/phy@f03000000
[    9.165939] omarchy-m2 kernel: /soc/i2c@39b040000/usb-pd@3b/connector: Fixed dependency cycle(s) with /soc/usb@f02280000
[    9.165944] omarchy-m2 kernel: /soc/pcie@580000000: Fixed dependency cycle(s) with /soc/pcie@580000000
[    9.165949] omarchy-m2 kernel: /soc/pcie@580000000/pci@0,0: Fixed dependency cycle(s) with /soc/pcie@580000000/pci@0,0
[    9.165955] omarchy-m2 kernel: /soc/pcie@580000000/pci@1,0: Fixed dependency cycle(s) with /soc/pcie@580000000/pci@1,0
[    9.165960] omarchy-m2 kernel: /soc/dcp@289c00000: Fixed dependency cycle(s) with /soc/audio-controller@39b504000
[    9.165966] omarchy-m2 kernel: /soc/dcp@289c00000: Fixed dependency cycle(s) with /soc/phy@f03000000
[    9.165971] omarchy-m2 kernel: /soc/dcp@289c00000: Fixed dependency cycle(s) with /soc/phy@b03000000
[    9.165976] omarchy-m2 kernel: /soc/dcp@289c00000: Fixed dependency cycle(s) with /soc/phy@703000000
[    9.165981] omarchy-m2 kernel: /soc/dcp@289c00000: Fixed dependency cycle(s) with /soc/phy@1303000000
[    9.165986] omarchy-m2 kernel: /soc/dcp@289c00000/typec-routes/route@0: Fixed dependency cycle(s) with /soc/i2c@39b040000/usb-pd@38/connector
[    9.165992] omarchy-m2 kernel: /soc/dcp@289c00000/typec-routes/route@1: Fixed dependency cycle(s) with /soc/i2c@39b040000/usb-pd@3f/connector
[    9.165997] omarchy-m2 kernel: /soc/dcp@289c00000/typec-routes/route@2: Fixed dependency cycle(s) with /soc/i2c@39b040000/usb-pd@3b/connector
[    9.166006] omarchy-m2 kernel: /soc/dcp@315c00000: Fixed dependency cycle(s) with /soc/audio-controller@39b508000
[    9.166011] omarchy-m2 kernel: /soc/dcp@315c00000: Fixed dependency cycle(s) with /soc/phy@f03000000
[    9.166024] omarchy-m2 kernel: /soc/dcp@315c00000: Fixed dependency cycle(s) with /soc/phy@b03000000
[    9.166030] omarchy-m2 kernel: /soc/dcp@315c00000: Fixed dependency cycle(s) with /soc/phy@703000000
[    9.166035] omarchy-m2 kernel: /soc/dcp@315c00000/typec-routes/route@0: Fixed dependency cycle(s) with /soc/i2c@39b040000/usb-pd@38/connector
[    9.166041] omarchy-m2 kernel: /soc/dcp@315c00000/typec-routes/route@1: Fixed dependency cycle(s) with /soc/i2c@39b040000/usb-pd@3f/connector
[    9.166046] omarchy-m2 kernel: /soc/dcp@315c00000/typec-routes/route@2: Fixed dependency cycle(s) with /soc/i2c@39b040000/usb-pd@3b/connector
[    9.166052] omarchy-m2 kernel: /soc/dcp@289c00000: Fixed dependency cycle(s) with /soc/audio-controller@39b504000
[    9.166057] omarchy-m2 kernel: /soc/audio-controller@39b504000: Fixed dependency cycle(s) with /soc/dcp@289c00000
[    9.166062] omarchy-m2 kernel: /soc/dcp@315c00000: Fixed dependency cycle(s) with /soc/audio-controller@39b508000
[    9.166067] omarchy-m2 kernel: /soc/audio-controller@39b508000: Fixed dependency cycle(s) with /soc/dcp@315c00000
[    9.166072] omarchy-m2 kernel: /soc/i2c@39b040000/usb-pd@38/connector: Fixed dependency cycle(s) with /soc/cio@701ac0000
[    9.166077] omarchy-m2 kernel: /soc/cio@701ac0000: Fixed dependency cycle(s) with /soc/i2c@39b040000/usb-pd@38/connector
[    9.166083] omarchy-m2 kernel: /soc/i2c@39b040000/usb-pd@38/connector: Fixed dependency cycle(s) with /soc/usb@702280000
[    9.166088] omarchy-m2 kernel: /soc/usb@702280000: Fixed dependency cycle(s) with /soc/i2c@39b040000/usb-pd@38/connector
[    9.166093] omarchy-m2 kernel: /soc/usb@702280000: Fixed dependency cycle(s) with /soc/phy@703000000
[    9.166098] omarchy-m2 kernel: /soc/usb@702280000: Fixed dependency cycle(s) with /soc/phy@703000000
[    9.166103] omarchy-m2 kernel: /soc/dcp@315c00000: Fixed dependency cycle(s) with /soc/phy@703000000
[    9.166108] omarchy-m2 kernel: /soc/dcp@289c00000: Fixed dependency cycle(s) with /soc/phy@703000000
[    9.166113] omarchy-m2 kernel: /soc/i2c@39b040000/usb-pd@38/connector: Fixed dependency cycle(s) with /soc/phy@703000000
[    9.166118] omarchy-m2 kernel: /soc/phy@703000000: Fixed dependency cycle(s) with /soc/usb@702280000
[    9.166125] omarchy-m2 kernel: /soc/phy@703000000: Fixed dependency cycle(s) with /soc/i2c@39b040000/usb-pd@38/connector
[    9.166130] omarchy-m2 kernel: /soc/i2c@39b040000/usb-pd@3f/connector: Fixed dependency cycle(s) with /soc/cio@b01ac0000
[    9.166137] omarchy-m2 kernel: /soc/cio@b01ac0000: Fixed dependency cycle(s) with /soc/i2c@39b040000/usb-pd@3f/connector
[    9.166142] omarchy-m2 kernel: /soc/i2c@39b040000/usb-pd@3f/connector: Fixed dependency cycle(s) with /soc/usb@b02280000
[    9.166148] omarchy-m2 kernel: /soc/usb@b02280000: Fixed dependency cycle(s) with /soc/i2c@39b040000/usb-pd@3f/connector
[    9.166153] omarchy-m2 kernel: /soc/usb@b02280000: Fixed dependency cycle(s) with /soc/phy@b03000000
[    9.166158] omarchy-m2 kernel: /soc/usb@b02280000: Fixed dependency cycle(s) with /soc/phy@b03000000
[    9.166163] omarchy-m2 kernel: /soc/dcp@315c00000: Fixed dependency cycle(s) with /soc/phy@b03000000
[    9.166169] omarchy-m2 kernel: /soc/dcp@289c00000: Fixed dependency cycle(s) with /soc/phy@b03000000
[    9.166174] omarchy-m2 kernel: /soc/i2c@39b040000/usb-pd@3f/connector: Fixed dependency cycle(s) with /soc/phy@b03000000
[    9.166179] omarchy-m2 kernel: /soc/phy@b03000000: Fixed dependency cycle(s) with /soc/usb@b02280000
[    9.166184] omarchy-m2 kernel: /soc/phy@b03000000: Fixed dependency cycle(s) with /soc/i2c@39b040000/usb-pd@3f/connector
[    9.166189] omarchy-m2 kernel: /soc/i2c@39b040000/usb-pd@3b/connector: Fixed dependency cycle(s) with /soc/cio@f01ac0000
[    9.166194] omarchy-m2 kernel: /soc/cio@f01ac0000: Fixed dependency cycle(s) with /soc/i2c@39b040000/usb-pd@3b/connector
[    9.166200] omarchy-m2 kernel: /soc/i2c@39b040000/usb-pd@3b/connector: Fixed dependency cycle(s) with /soc/usb@f02280000
[    9.166205] omarchy-m2 kernel: /soc/usb@f02280000: Fixed dependency cycle(s) with /soc/i2c@39b040000/usb-pd@3b/connector
[    9.166210] omarchy-m2 kernel: /soc/usb@f02280000: Fixed dependency cycle(s) with /soc/phy@f03000000
[    9.166215] omarchy-m2 kernel: /soc/usb@f02280000: Fixed dependency cycle(s) with /soc/phy@f03000000
[    9.166220] omarchy-m2 kernel: /soc/dcp@315c00000: Fixed dependency cycle(s) with /soc/phy@f03000000
[    9.166225] omarchy-m2 kernel: /soc/dcp@289c00000: Fixed dependency cycle(s) with /soc/phy@f03000000
[    9.166230] omarchy-m2 kernel: /soc/i2c@39b040000/usb-pd@3b/connector: Fixed dependency cycle(s) with /soc/phy@f03000000
[    9.166235] omarchy-m2 kernel: /soc/phy@f03000000: Fixed dependency cycle(s) with /soc/usb@f02280000
[    9.166240] omarchy-m2 kernel: /soc/phy@f03000000: Fixed dependency cycle(s) with /soc/i2c@39b040000/usb-pd@3b/connector
[    9.166246] omarchy-m2 kernel: /soc/dcp@289c00000: Fixed dependency cycle(s) with /soc/phy@1303000000
[    9.166251] omarchy-m2 kernel: /soc/phy@1303000000: Fixed dependency cycle(s) with /soc/dcp@289c00000
[    9.166256] omarchy-m2 kernel: HugeTLB: registered 1.00 GiB page size, pre-allocated 0 pages
[    9.166263] omarchy-m2 kernel: HugeTLB: 0 KiB vmemmap can be freed for a 1.00 GiB page
[    9.166270] omarchy-m2 kernel: HugeTLB: registered 32.0 MiB page size, pre-allocated 0 pages
[    9.166276] omarchy-m2 kernel: HugeTLB: 0 KiB vmemmap can be freed for a 32.0 MiB page
[    9.166281] omarchy-m2 kernel: HugeTLB: registered 2.00 MiB page size, pre-allocated 0 pages
[    9.166287] omarchy-m2 kernel: HugeTLB: 0 KiB vmemmap can be freed for a 2.00 MiB page
[    9.166292] omarchy-m2 kernel: iommu: Default domain type: Translated
[    9.166297] omarchy-m2 kernel: iommu: DMA domain TLB invalidation policy: strict mode
[    9.166302] omarchy-m2 kernel: SCSI subsystem initialized
[    9.166307] omarchy-m2 kernel: usbcore: registered new interface driver usbfs
[    9.166313] omarchy-m2 kernel: usbcore: registered new interface driver hub
[    9.166318] omarchy-m2 kernel: usbcore: registered new device driver usb
[    9.166324] omarchy-m2 kernel: pps_core: LinuxPPS API ver. 1 registered
[    9.166329] omarchy-m2 kernel: pps_core: Software ver. 5.3.6 - Copyright 2005-2007 Rodolfo Giometti <giometti@linux.it>
[    9.166334] omarchy-m2 kernel: efivars: Registered efivars operations
[    9.166340] omarchy-m2 kernel: Advanced Linux Sound Architecture Driver Initialized.
[    9.166351] omarchy-m2 kernel: NetLabel: Initializing
[    9.166356] omarchy-m2 kernel: NetLabel:  domain hash size = 128
[    9.166361] omarchy-m2 kernel: NetLabel:  protocols = UNLABELED CIPSOv4 CALIPSO
[    9.166367] omarchy-m2 kernel: NetLabel:  unlabeled traffic allowed by default
[    9.166373] omarchy-m2 kernel: vgaarb: loaded
[    9.166378] omarchy-m2 kernel: clocksource: Switched to clocksource arch_sys_counter
[    9.166383] omarchy-m2 kernel: VFS: Disk quotas dquot_6.6.0
[    9.166389] omarchy-m2 kernel: VFS: Dquot-cache hash table entries: 2048 (order 0, 16384 bytes)
[    9.166394] omarchy-m2 kernel: AppArmor: AppArmor Filesystem Enabled
[    9.166399] omarchy-m2 kernel: NET: Registered PF_INET protocol family
[    9.166404] omarchy-m2 kernel: IP idents hash table entries: 262144 (order: 7, 2097152 bytes, linear)
[    9.166410] omarchy-m2 kernel: tcp_listen_portaddr_hash hash table entries: 16384 (order: 4, 262144 bytes, linear)
[    9.166415] omarchy-m2 kernel: Table-perturb hash table entries: 65536 (order: 4, 262144 bytes, linear)
[    9.166420] omarchy-m2 kernel: TCP established hash table entries: 262144 (order: 7, 2097152 bytes, linear)
[    9.166426] omarchy-m2 kernel: TCP bind hash table entries: 65536 (order: 7, 2097152 bytes, linear)
[    9.166431] omarchy-m2 kernel: TCP: Hash tables configured (established 262144 bind 65536)
[    9.166437] omarchy-m2 kernel: MPTCP token hash table entries: 32768 (order: 6, 786432 bytes, linear)
[    9.166442] omarchy-m2 kernel: UDP hash table entries: 16384 (order: 6, 1048576 bytes, linear)
[    9.166447] omarchy-m2 kernel: NET: Registered PF_UNIX/PF_LOCAL protocol family
[    9.166452] omarchy-m2 kernel: RPC: Registered named UNIX socket transport module.
[    9.166457] omarchy-m2 kernel: RPC: Registered udp transport module.
[    9.166462] omarchy-m2 kernel: RPC: Registered tcp transport module.
[    9.166468] omarchy-m2 kernel: RPC: Registered tcp-with-tls transport module.
[    9.166473] omarchy-m2 kernel: RPC: Registered tcp NFSv4.1 backchannel transport module.
[    9.166478] omarchy-m2 kernel: PCI: CLS 0 bytes, default 64
[    9.166483] omarchy-m2 kernel: Trying to unpack rootfs image as initramfs...
[    9.166488] omarchy-m2 kernel: kvm [1]: nv: 570 coarse grained trap handlers
[    9.166493] omarchy-m2 kernel: kvm [1]: nv: 710 fine grained trap handlers
[    9.166498] omarchy-m2 kernel: kvm [1]: IPA Size Limit: 42 bits
[    9.166503] omarchy-m2 kernel: kvm [1]: Non-architectural vgic, tainting kernel
[    9.166508] omarchy-m2 kernel: kvm [1]: GICv3: no GICV resource entry
[    9.166513] omarchy-m2 kernel: kvm [1]: disabling GICv2 emulation
[    9.166519] omarchy-m2 kernel: kvm [1]: GICv3 with broken locally generated SEI
[    9.166524] omarchy-m2 kernel: kvm [1]: GICv3 sysreg trapping enabled ([G0G1D], reduced performance)
[    9.166529] omarchy-m2 kernel: kvm [1]: GIC system register CPU interface enabled
[    9.166534] omarchy-m2 kernel: kvm [1]: vgic interrupt IRQ33
[    9.166539] omarchy-m2 kernel: kvm [1]: VHE mode initialized successfully
[    9.166545] omarchy-m2 kernel: Initialise system trusted keyrings
[    9.166550] omarchy-m2 kernel: workingset: timestamp_bits=46 (anon: 42) max_order=21 bucket_order=0 (anon: 0)
[    9.166555] omarchy-m2 kernel: NFS: Registering the id_resolver key type
[    9.166560] omarchy-m2 kernel: Key type id_resolver registered
[    9.166565] omarchy-m2 kernel: Key type id_legacy registered
[    9.166570] omarchy-m2 kernel: nfs4filelayout_init: NFSv4 File Layout Driver Registering...
[    9.166575] omarchy-m2 kernel: nfs4flexfilelayout_init: NFSv4 Flexfile Layout Driver Registering...
[    9.166580] omarchy-m2 kernel: cryptd: max_cpu_qlen set to 1000
[    9.166585] omarchy-m2 kernel: NET: Registered PF_ALG protocol family
[    9.166590] omarchy-m2 kernel: Key type asymmetric registered
[    9.166595] omarchy-m2 kernel: Asymmetric key parser 'x509' registered
[    9.166602] omarchy-m2 kernel: Asymmetric key parser 'pkcs8' registered
[    9.166608] omarchy-m2 kernel: Block layer SCSI generic (bsg) driver version 0.4 loaded (major 248)
[    9.166613] omarchy-m2 kernel: io scheduler mq-deadline registered
[    9.166618] omarchy-m2 kernel: io scheduler kyber registered
[    9.166623] omarchy-m2 kernel: io scheduler bfq registered
[    9.166629] omarchy-m2 kernel: ledtrig-cpu: registered to indicate activity on CPUs
[    9.166681] omarchy-m2 kernel: apple-pmgr-pwrstate 28e080000.power-management:power-controller@240: always-on domain atc3_common is not on at boot
[    9.166723] omarchy-m2 kernel: apple-pmgr-pwrstate 28e080000.power-management:power-controller@278: always-on domain atc0_pcie is not on at boot
[    9.166762] omarchy-m2 kernel: apple-pmgr-pwrstate 28e080000.power-management:power-controller@288: always-on domain atc1_pcie is not on at boot
[    9.166805] omarchy-m2 kernel: apple-pmgr-pwrstate 28e080000.power-management:power-controller@298: always-on domain atc2_pcie is not on at boot
[    9.166843] omarchy-m2 kernel: apple-pmgr-pwrstate 28e080000.power-management:power-controller@2a8: always-on domain atc3_pcie is not on at boot
[    9.166883] omarchy-m2 kernel: apple-pmgr-pwrstate 29e280000.power-management:power-controller@78: always-on domain msg is not on at boot
[    9.166921] omarchy-m2 kernel: apple-pmgr-pwrstate 29e280000.power-management:power-controller@a8: always-on domain atc3_usb_aon is not on at boot
[    9.166927] omarchy-m2 kernel: 39b200000.serial: ttySAC0 at MMIO 0x39b200000 (irq = 69, base_baud = 0) is a APPLE S5L
[    9.167058] omarchy-m2 kernel: apple-dart 28e300000.iommu: DART [pagesize 4000, 16 streams, bypass support: 1, bypass forced: 0, locked: 1, AS 42 -> 42] initialized
[    9.167175] omarchy-m2 kernel: platform 2a6980000.dma-controller: Adding to iommu group 0
[    9.167280] omarchy-m2 kernel: platform 2a6c00000.aop: Adding to iommu group 1
[    9.167387] omarchy-m2 kernel: apple-dart 2a6808000.iommu: DART [pagesize 4000, 16 streams, bypass support: 1, bypass forced: 0, locked: 0, AS 42 -> 42] initialized
[    9.167496] omarchy-m2 kernel: apple-dart 2a9808000.iommu: Limiting DMA range to 0x0000010000000000..0x00000100ffffffff
[    9.167607] omarchy-m2 kernel: platform 2a9400000.mtp: Adding to iommu group 2
[    9.167723] omarchy-m2 kernel: platform 2a9b30000.input: Adding to iommu group 2
[    9.167832] omarchy-m2 kernel: apple-dart 2a9808000.iommu: DART [pagesize 4000, 16 streams, bypass support: 1, bypass forced: 0, locked: 0, AS 42 -> 42] initialized
[    9.167940] omarchy-m2 kernel: apple-dart 3860e8000.iommu: Limiting DMA range to 0x0000010000000000..0x00000100ffffffff
[    9.168081] omarchy-m2 kernel: apple-dart 3860e8000.iommu: DART [pagesize 4000, 16 streams, bypass support: 1, bypass forced: 0, locked: 0, AS 42 -> 42] initialized
[    9.168184] omarchy-m2 kernel: apple-dart 3860f4000.iommu: Limiting DMA range to 0x0000010000000000..0x00000100ffffffff
[    9.168286] omarchy-m2 kernel: apple-dart 3860f4000.iommu: DART [pagesize 4000, 16 streams, bypass support: 1, bypass forced: 0, locked: 0, AS 42 -> 42] initialized
[    9.168391] omarchy-m2 kernel: apple-dart 3860fc000.iommu: Limiting DMA range to 0x0000010000000000..0x00000100ffffffff
[    9.168499] omarchy-m2 kernel: platform 384000000.isp: Adding to iommu group 3
[    9.168603] omarchy-m2 kernel: apple-dart 3860fc000.iommu: DART [pagesize 4000, 16 streams, bypass support: 1, bypass forced: 0, locked: 0, AS 42 -> 42] initialized
[    9.168709] omarchy-m2 kernel: apple-dart 389304000.iommu: Limiting DMA range to 0x0000010000000000..0x0000010fffffffff
[    9.168817] omarchy-m2 kernel: apple-dart 389304000.iommu: DART [pagesize 4000, 16 streams, bypass support: 1, bypass forced: 0, locked: 1, AS 42 -> 42] initialized
[    9.168919] omarchy-m2 kernel: apple-dart 38930c000.iommu: Limiting DMA range to 0x0000010000000000..0x0000010fffffffff
[    9.169030] omarchy-m2 kernel: platform 389c00000.dcp: Adding to iommu group 4
[    9.169122] omarchy-m2 kernel: apple-dart 38930c000.iommu: Limited to ias=36 due to lock
[    9.169211] omarchy-m2 kernel: apple-dart 38930c000.iommu: DART [pagesize 4000, 16 streams, bypass support: 1, bypass forced: 0, locked: 1, AS 42 -> 42] initialized
[    9.169308] omarchy-m2 kernel: apple-dart 594000000.iommu: DART [pagesize 4000, 16 streams, bypass support: 1, bypass forced: 0, locked: 0, AS 42 -> 42] initialized
[    9.169405] omarchy-m2 kernel: apple-dart 595000000.iommu: DART [pagesize 4000, 16 streams, bypass support: 1, bypass forced: 0, locked: 0, AS 42 -> 42] initialized
[    9.169501] omarchy-m2 kernel: platform 287080000.avd: Adding to iommu group 5
[    9.169601] omarchy-m2 kernel: apple-dart 287010000.iommu: DART [pagesize 4000, 16 streams, bypass support: 1, bypass forced: 0, locked: 0, AS 42 -> 42] initialized
[    9.169703] omarchy-m2 kernel: apple-dart 315304000.iommu: Limiting DMA range to 0x0000010000000000..0x0000010fffffffff
[    9.169805] omarchy-m2 kernel: apple-dart 315304000.iommu: DART [pagesize 4000, 16 streams, bypass support: 1, bypass forced: 0, locked: 1, AS 42 -> 42] initialized
[    9.169905] omarchy-m2 kernel: apple-dart 31530c000.iommu: Limiting DMA range to 0x0000010000000000..0x0000010fffffffff
[    9.170007] omarchy-m2 kernel: platform 315c00000.dcp: Adding to iommu group 6
[    9.170100] omarchy-m2 kernel: apple-dart 31530c000.iommu: Limited to ias=36 due to lock
[    9.170194] omarchy-m2 kernel: apple-dart 31530c000.iommu: DART [pagesize 4000, 16 streams, bypass support: 1, bypass forced: 0, locked: 1, AS 42 -> 42] initialized
[    9.170293] omarchy-m2 kernel: platform 39b400000.dma-controller: Adding to iommu group 7
[    9.170386] omarchy-m2 kernel: platform 39bc00000.sio: Adding to iommu group 8
[    9.170483] omarchy-m2 kernel: apple-dart 39b008000.iommu: DART [pagesize 4000, 16 streams, bypass support: 1, bypass forced: 0, locked: 0, AS 42 -> 42] initialized
[    9.170577] omarchy-m2 kernel: apple-dart 702f00000.iommu: DART [pagesize 4000, 16 streams, bypass support: 1, bypass forced: 0, locked: 0, AS 42 -> 42] initialized
[    9.170680] omarchy-m2 kernel: platform 702280000.usb: Adding to iommu group 9
[    9.170777] omarchy-m2 kernel: apple-dart 702f80000.iommu: DART [pagesize 4000, 16 streams, bypass support: 1, bypass forced: 0, locked: 0, AS 42 -> 42] initialized
[    9.170870] omarchy-m2 kernel: apple-dart b02f00000.iommu: DART [pagesize 4000, 16 streams, bypass support: 1, bypass forced: 0, locked: 0, AS 42 -> 42] initialized
[    9.170959] omarchy-m2 kernel: platform b02280000.usb: Adding to iommu group 10
[    9.171043] omarchy-m2 kernel: apple-dart b02f80000.iommu: DART [pagesize 4000, 16 streams, bypass support: 1, bypass forced: 0, locked: 0, AS 42 -> 42] initialized
[    9.171122] omarchy-m2 kernel: apple-dart f02f00000.iommu: DART [pagesize 4000, 16 streams, bypass support: 1, bypass forced: 0, locked: 0, AS 42 -> 42] initialized
[    9.171199] omarchy-m2 kernel: platform f02280000.usb: Adding to iommu group 11
[    9.171274] omarchy-m2 kernel: apple-dart f02f80000.iommu: DART [pagesize 4000, 16 streams, bypass support: 1, bypass forced: 0, locked: 0, AS 42 -> 42] initialized
[    9.171279] omarchy-m2 kernel: [drm] Initialized simpledrm 1.0.0 for 107ddd79c00.framebuffer on minor 0
[    9.171283] omarchy-m2 kernel: Console: switching to colour frame buffer device 216x67
[    9.171359] omarchy-m2 kernel: simple-framebuffer 107ddd79c00.framebuffer: [drm] fb0: simpledrmdrmfb frame buffer device
[    9.171433] omarchy-m2 kernel: asahi 406400000.gpu: Probing...
[    9.171512] omarchy-m2 kernel: asahi 406400000.gpu: MMU: Initializing...
[    9.171582] omarchy-m2 kernel: asahi 406400000.gpu: MMU: Initializing kernel page table
[    9.171663] omarchy-m2 kernel: asahi 406400000.gpu: MMU: Creating kernel page tables
[    9.171735] omarchy-m2 kernel: asahi 406400000.gpu: MMU: Kernel page tables created
[    9.171810] omarchy-m2 kernel: asahi 406400000.gpu: MMU: Initializing TTBs
[    9.171885] omarchy-m2 kernel: asahi 406400000.gpu: MMU: initialized
[    9.171961] omarchy-m2 kernel: asahi 406400000.gpu: GPU ID registers: 0x6031100 0x60602 0x21020a 0x40404 0x1320311 0x400c1802
[    9.172034] omarchy-m2 kernel: asahi 406400000.gpu: Core masks: [
                                      0x7ffff,
                                      0x0,
                                      0x0,
                                  ]
[    9.172111] omarchy-m2 kernel: asahi 406400000.gpu: GPU Information:
[    9.172176] omarchy-m2 kernel: asahi 406400000.gpu:   Type: G14S
[    9.172252] omarchy-m2 kernel: asahi 406400000.gpu:   Clusters: 2
[    9.172324] omarchy-m2 kernel: asahi 406400000.gpu:   Cores: 10 (20)
[    9.172398] omarchy-m2 kernel: asahi 406400000.gpu:   Frags: 10 (20)
[    9.172479] omarchy-m2 kernel: asahi 406400000.gpu:   GPs: 4 (8)
[    9.172569] omarchy-m2 kernel: asahi 406400000.gpu:   Core masks: [
                                      0x3ff,
                                      0x1ff,
                                  ]
[    9.172667] omarchy-m2 kernel: asahi 406400000.gpu:   Active cores: 19
[    9.172764] omarchy-m2 kernel: asahi 406400000.gpu: Getting configuration from device tree...
[    9.172859] omarchy-m2 kernel: asahi 406400000.gpu: Dynamic configuration fetched
[    9.172958] omarchy-m2 kernel: asahi 406400000.gpu: !!! Hwdata A match
[    9.173051] omarchy-m2 kernel: asahi 406400000.gpu: !!! Hwdata B match
[    9.173145] omarchy-m2 kernel: asahi 406400000.gpu: !!! Globals match
[    9.173241] omarchy-m2 kernel: asahi 406400000.gpu: MMU: IO map: 0x404d00000:0x144000 -> 0xffffffaf00000000
[    9.173340] omarchy-m2 kernel: asahi 406400000.gpu: MMU: IO map: 0x20e100000:0x4000 -> 0xffffffaf00148000
[    9.173430] omarchy-m2 kernel: asahi 406400000.gpu: MMU: IO map: 0x28e104000:0x8000 -> 0xffffffaf00150000
[    9.173527] omarchy-m2 kernel: asahi 406400000.gpu: MMU: IO map: 0x404000000:0x20000 -> 0xffffffaf0015c000
[    9.173626] omarchy-m2 kernel: asahi 406400000.gpu: MMU: IO map: 0x28e460000:0x4000 -> 0xffffffaf00180000
[    9.173721] omarchy-m2 kernel: asahi 406400000.gpu: MMU: IO map: 0x404e08000:0x8000 -> 0xffffffaf00188000
[    9.173816] omarchy-m2 kernel: asahi 406400000.gpu: MMU: IO map: 0x200000000:0xd8000 -> 0xffffffaf00194000
[    9.173920] omarchy-m2 kernel: asahi 406400000.gpu: MMU: IO map: 0x201000000:0xd8000 -> 0xffffffaf0026c000
[    9.174017] omarchy-m2 kernel: asahi 406400000.gpu: MMU: IO map: 0x202000000:0xd8000 -> 0xffffffaf00344000
[    9.174103] omarchy-m2 kernel: asahi 406400000.gpu: MMU: IO map: 0x203000000:0xd8000 -> 0xffffffaf0041c000
[    9.174173] omarchy-m2 kernel: asahi 406400000.gpu: MMU: IO map: 0x28e118000:0x4000 -> 0xffffffaf004f8000
[    9.174245] omarchy-m2 kernel: asahi 406400000.gpu: MMU: IO map: 0x28e3d0000:0x4000 -> 0xffffffaf00500000
[    9.174316] omarchy-m2 kernel: asahi 406400000.gpu: MMU: IO map: 0x28e3c0000:0x4000 -> 0xffffffaf00508000
[    9.174389] omarchy-m2 kernel: asahi 406400000.gpu: MMU: IO map: 0x28e3d8000:0x4000 -> 0xffffffaf00510000
[    9.174468] omarchy-m2 kernel: asahi 406400000.gpu: MMU: IO map: 0x404eac000:0x4000 -> 0xffffffaf00518000
[    9.174537] omarchy-m2 kernel: asahi 406400000.gpu: MMU: IO map: 0x404d60000:0x20000 -> 0xffffffaf00520000
[    9.174612] omarchy-m2 kernel: asahi 406400000.gpu: RTKit: Initializing (protocol version 12)
[    9.174616] omarchy-m2 kernel: [drm] Initialized asahi 0.0.0 for 406400000.gpu on minor 1
[    9.174692] omarchy-m2 kernel: macsmc 2a2400000.smc: RTKit: Initializing (protocol version 12)
[    9.174770] omarchy-m2 kernel: macsmc-gpio macsmc-gpio: First GPIO key: gP01 (0x67503031)
[    9.174774] omarchy-m2 kernel: macsmc-low-gpio: Failed to locate of_node [id: -1]
[    9.174778] omarchy-m2 kernel: mousedev: PS/2 mouse device common for all mice
[    9.174782] omarchy-m2 kernel: input: Apple SMC power/lid events as /devices/platform/soc/2a2400000.smc/macsmc-input/input/input0
[    9.174868] omarchy-m2 kernel: hwmon hwmon2: temp1_input not attached to any thermal zone
[    9.174946] omarchy-m2 kernel: hwmon hwmon2: temp2_input not attached to any thermal zone
[    9.175027] omarchy-m2 kernel: hwmon hwmon2: temp3_input not attached to any thermal zone
[    9.175102] omarchy-m2 kernel: hwmon hwmon2: temp4_input not attached to any thermal zone
[    9.175106] omarchy-m2 kernel: device-mapper: uevent: version 1.0.3
[    9.175110] omarchy-m2 kernel: device-mapper: ioctl: 4.50.0-ioctl (2025-04-28) initialised: dm-devel@lists.linux.dev
[    9.175114] omarchy-m2 kernel: hid: raw HID events driver (C) Jiri Kosina
[    9.175117] omarchy-m2 kernel: watchdog: NMI not fully supported
[    9.175121] omarchy-m2 kernel: watchdog: Hard watchdog permanently disabled
[    9.175124] omarchy-m2 kernel: hw perfevents: enabled with apple_blizzard_pmu PMU driver, 10 (0,000003ff) counters available
[    9.175129] omarchy-m2 kernel: hw perfevents: enabled with apple_avalanche_pmu PMU driver, 10 (0,000003ff) counters available
[    9.175133] omarchy-m2 kernel: Initializing XFRM netlink socket
[    9.175136] omarchy-m2 kernel: NET: Registered PF_INET6 protocol family
[    9.175140] omarchy-m2 kernel: Segment Routing with IPv6
[    9.175144] omarchy-m2 kernel: In-situ OAM (IOAM) with IPv6
[    9.175147] omarchy-m2 kernel: mip6: Mobile IPv6
[    9.175151] omarchy-m2 kernel: NET: Registered PF_PACKET protocol family
[    9.175154] omarchy-m2 kernel: Key type dns_resolver registered
[    9.175158] omarchy-m2 kernel: registered taskstats version 1
[    9.175162] omarchy-m2 kernel: Loading compiled-in X.509 certificates
[    9.175165] omarchy-m2 kernel: Key type .fscrypt registered
[    9.175169] omarchy-m2 kernel: Key type fscrypt-provisioning registered
[    9.175173] omarchy-m2 kernel: Key type encrypted registered
[    9.175176] omarchy-m2 kernel: AppArmor: AppArmor sha256 policy hashing enabled
[    9.175247] omarchy-m2 kernel: leds_pwm led-controller: failed to read period for kbd_backlight, default to off
[    9.175323] omarchy-m2 kernel: apple-admac 2a6980000.dma-controller: Audio DMA Controller
[    9.175401] omarchy-m2 kernel: rtkit-helper 2a9400000.mtp: RTKit: Initializing (protocol version 12)
[    9.175477] omarchy-m2 kernel: rtkit-helper 2a9400000.mtp: RTKit: Unknown oslog message: 300006e69620420
[    9.175549] omarchy-m2 kernel: rtkit-helper 2a9400000.mtp: RTKit: Unknown oslog message: 400002000000105
[    9.175621] omarchy-m2 kernel: rtkit-helper 2a9400000.mtp: RTKit: Unknown oslog message: 400004001050000
[    9.175699] omarchy-m2 kernel: rtkit-helper 2a9400000.mtp: RTKit: Unknown oslog message: 400006000000000
[    9.175768] omarchy-m2 kernel: rtkit-helper 2a9400000.mtp: RTKit: Unknown oslog message: 50672694670744d
[    9.175847] omarchy-m2 kernel: rtkit-helper 2a9400000.mtp: RTKit: Unknown oslog message: 56500657261776d
[    9.175922] omarchy-m2 kernel: apple-dart 289304000.iommu: Limiting DMA range to 0x0000010000000000..0x0000010fffffffff
[    9.176004] omarchy-m2 kernel: platform soc:display-subsystem: Adding to iommu group 12
[    9.176074] omarchy-m2 kernel: apple-dart 389304000.iommu: Limited to ias=36 due to lock
[    9.176144] omarchy-m2 kernel: apple-dart 289304000.iommu: DART [pagesize 4000, 16 streams, bypass support: 1, bypass forced: 0, locked: 1, AS 42 -> 42] initialized
[    9.176218] omarchy-m2 kernel: apple-dart 28930c000.iommu: Limiting DMA range to 0x0000010000000000..0x0000010fffffffff
[    9.176299] omarchy-m2 kernel: platform 289c00000.dcp: Adding to iommu group 13
[    9.176368] omarchy-m2 kernel: apple-dart 28930c000.iommu: Limited to ias=36 due to lock
[    9.176440] omarchy-m2 kernel: apple-dart 28930c000.iommu: DART [pagesize 4000, 16 streams, bypass support: 1, bypass forced: 0, locked: 1, AS 42 -> 42] initialized
[    9.176520] omarchy-m2 kernel: nvme-apple 34bcc0000.nvme: RTKit: Initializing (protocol version 12)
[    9.176596] omarchy-m2 kernel: macsmc-rtc macsmc-rtc: registered as rtc0
[    9.176678] omarchy-m2 kernel: macsmc-rtc macsmc-rtc: setting system clock to 2026-09-22T07:10:57 UTC (1790061057)
[    9.176751] omarchy-m2 kernel: nvme-apple 34bcc0000.nvme: RTKit: syslog message: apcie.c:1110: power up done[0]: PMU=Ocarina, PWR=0
[    9.176865] omarchy-m2 kernel: nvme-apple 34bcc0000.nvme: RTKit: syslog message: apcie.c:1110: power up done[1]: PMU=Undefined, PWR=0
[    9.176942] omarchy-m2 kernel: nvme-apple 34bcc0000.nvme: RTKit: syslog message: apcie.c:423: APCIe 1 is configured as unused.
[    9.177015] omarchy-m2 kernel: nvme-apple 34bcc0000.nvme: RTKit: syslog message: pre_nand_eng.c:6158: enabled 1p0v 1, enabled prog-no-exec 1
[    9.177083] omarchy-m2 kernel: nvme-apple 34bcc0000.nvme: RTKit: syslog message: pre_nand_eng.c:6158: enabled 1p0v 1, enabled prog-no-exec 1
[    9.177161] omarchy-m2 kernel: nvme-apple 34bcc0000.nvme: RTKit: syslog message: cmd.c:6546:  boot mode normal
[    9.177233] omarchy-m2 kernel: nvme nvme0: passthrough uses implicit buffer lengths
[    9.177239] omarchy-m2 kernel:  nvme0n1: p1 p2 p3 p4 p5 p6
[    9.177329] omarchy-m2 kernel: macsmc-reboot macsmc-reboot: Handling reboot and poweroff requests via SMC
[    9.177401] omarchy-m2 kernel: pcie-apple 580000000.pcie: host bridge /soc/pcie@580000000 ranges:
[    9.177479] omarchy-m2 kernel: pcie-apple 580000000.pcie:      MEM 0x05a0000000..0x05bfffffff -> 0x05a0000000
[    9.177550] omarchy-m2 kernel: pcie-apple 580000000.pcie:      MEM 0x05c0000000..0x05ffffffff -> 0x00c0000000
[    9.177618] omarchy-m2 kernel: pcie-apple 580000000.pcie: Using 0 auxiliary PERST#
[    9.177622] omarchy-m2 kernel: Freeing initrd memory: 24896K
[    9.177694] omarchy-m2 kernel: pcie-apple 580000000.pcie: Using 0 auxiliary PERST#
[    9.177769] omarchy-m2 kernel: pcie-apple 580000000.pcie: ECAM at [mem 0x580000000-0x580ffffff] for [bus 00-04]
[    9.177833] omarchy-m2 kernel: pcie-apple 580000000.pcie: PCI host bridge to bus 0000:00
[    9.177918] omarchy-m2 kernel: pci_bus 0000:00: root bus resource [bus 00-04]
[    9.177997] omarchy-m2 kernel: pci_bus 0000:00: root bus resource [mem 0x5a0000000-0x5bfffffff pref]
[    9.178090] omarchy-m2 kernel: pci_bus 0000:00: root bus resource [mem 0x5c0000000-0x5ffffffff] (bus address [0xc0000000-0xffffffff])
[    9.178184] omarchy-m2 kernel: pci 0000:00:00.0: [106b:100c] type 01 class 0x060400 PCIe Root Port
[    9.178267] omarchy-m2 kernel: pci 0000:00:00.0: PCI bridge to [bus 01]
[    9.178351] omarchy-m2 kernel: pci 0000:00:00.0: PME# supported from D0 D3hot D3cold
[    9.178356] omarchy-m2 kernel: OF: /soc/pcie@580000000: no iommu-map translation for id 0x0 on (null)
[    9.178360] omarchy-m2 kernel: /soc/pcie@580000000/pci@0,0: Fixed dependency cycle(s) with /soc/pcie@580000000/pci@0,0
[    9.178443] omarchy-m2 kernel: pci 0000:00:01.0: [106b:100c] type 01 class 0x060400 PCIe Root Port
[    9.178521] omarchy-m2 kernel: pci 0000:00:01.0: PCI bridge to [bus 02]
[    9.178605] omarchy-m2 kernel: pci 0000:00:01.0: PME# supported from D0 D3hot D3cold
[    9.178610] omarchy-m2 kernel: OF: /soc/pcie@580000000: no iommu-map translation for id 0x8 on (null)
[    9.178613] omarchy-m2 kernel: /soc/pcie@580000000/pci@1,0: Fixed dependency cycle(s) with /soc/pcie@580000000/pci@1,0
[    9.178701] omarchy-m2 kernel: pci 0000:01:00.0: [14e4:4434] type 00 class 0x028000 PCIe Endpoint
[    9.178788] omarchy-m2 kernel: pci 0000:01:00.0: BAR 0 [mem 0x00000000-0x0000ffff 64bit]
[    9.178869] omarchy-m2 kernel: pci 0000:01:00.0: BAR 2 [mem 0x00000000-0x00ffffff 64bit]
[    9.178959] omarchy-m2 kernel: pci 0000:01:00.0: supports D1 D2
[    9.179045] omarchy-m2 kernel: pci 0000:01:00.0: PME# supported from D0 D1 D2 D3hot D3cold
[    9.179140] omarchy-m2 kernel: pci 0000:01:00.0: Adding to iommu group 14
[    9.179235] omarchy-m2 kernel: pci 0000:01:00.1: [14e4:5f72] type 00 class 0x028000 PCIe Endpoint
[    9.179321] omarchy-m2 kernel: pci 0000:01:00.1: BAR 0 [mem 0x00000000-0x00007fff 64bit]
[    9.179403] omarchy-m2 kernel: pci 0000:01:00.1: BAR 2 [mem 0x00000000-0x00ffffff 64bit]
[    9.179491] omarchy-m2 kernel: pci 0000:01:00.1: supports D1 D2
[    9.179578] omarchy-m2 kernel: pci 0000:01:00.1: PME# supported from D0 D1 D2 D3hot D3cold
[    9.179666] omarchy-m2 kernel: pci 0000:01:00.1: Adding to iommu group 14
[    9.179752] omarchy-m2 kernel: pci 0000:01:00.0: ASPM: default states L1
[    9.179836] omarchy-m2 kernel: pci_bus 0000:01: busn_res: [bus 01-04] end is updated to 01
[    9.179920] omarchy-m2 kernel: pci 0000:02:00.0: [17a0:9755] type 00 class 0x080501 PCIe Endpoint
[    9.180014] omarchy-m2 kernel: pci 0000:02:00.0: BAR 0 [mem 0x00000000-0x00000fff]
[    9.180105] omarchy-m2 kernel: pci 0000:02:00.0: supports D1 D2
[    9.180192] omarchy-m2 kernel: pci 0000:02:00.0: PME# supported from D1 D2 D3hot D3cold
[    9.180281] omarchy-m2 kernel: pci 0000:02:00.0: Adding to iommu group 15
[    9.180362] omarchy-m2 kernel: pci 0000:02:00.0: ASPM: default states L1
[    9.180445] omarchy-m2 kernel: pci_bus 0000:02: busn_res: [bus 02-04] end is updated to 02
[    9.180529] omarchy-m2 kernel: pci 0000:00:00.0: bridge window [mem 0x5c0000000-0x5c20fffff]: assigned
[    9.180611] omarchy-m2 kernel: pci 0000:00:01.0: bridge window [mem 0x5c2100000-0x5c21fffff]: assigned
[    9.180697] omarchy-m2 kernel: pci 0000:01:00.0: BAR 2 [mem 0x5c0000000-0x5c0ffffff 64bit]: assigned
[    9.180780] omarchy-m2 kernel: pci 0000:01:00.1: BAR 2 [mem 0x5c1000000-0x5c1ffffff 64bit]: assigned
[    9.180866] omarchy-m2 kernel: pci 0000:01:00.0: BAR 0 [mem 0x5c2000000-0x5c200ffff 64bit]: assigned
[    9.180946] omarchy-m2 kernel: pci 0000:01:00.1: BAR 0 [mem 0x5c2010000-0x5c2017fff 64bit]: assigned
[    9.181035] omarchy-m2 kernel: pci 0000:00:00.0: PCI bridge to [bus 01]
[    9.181124] omarchy-m2 kernel: pci 0000:00:00.0:   bridge window [mem 0x5c0000000-0x5c20fffff]
[    9.181207] omarchy-m2 kernel: pci 0000:02:00.0: BAR 0 [mem 0x5c2100000-0x5c2100fff]: assigned
[    9.181290] omarchy-m2 kernel: pci 0000:00:01.0: PCI bridge to [bus 02]
[    9.181368] omarchy-m2 kernel: pci 0000:00:01.0:   bridge window [mem 0x5c2100000-0x5c21fffff]
[    9.181449] omarchy-m2 kernel: pci_bus 0000:00: resource 4 [mem 0x5a0000000-0x5bfffffff pref]
[    9.181526] omarchy-m2 kernel: pci_bus 0000:00: resource 5 [mem 0x5c0000000-0x5ffffffff]
[    9.181608] omarchy-m2 kernel: pci_bus 0000:01: resource 1 [mem 0x5c0000000-0x5c20fffff]
[    9.181686] omarchy-m2 kernel: pci_bus 0000:02: resource 1 [mem 0x5c2100000-0x5c21fffff]
[    9.181690] omarchy-m2 kernel: OF: /soc/pcie@580000000: no iommu-map translation for id 0x0 on (null)
[    9.181769] omarchy-m2 kernel: pcieport 0000:00:00.0: PME: Signaling with IRQ 116
[    9.181854] omarchy-m2 kernel: pcieport 0000:00:00.0: AER: enabled with IRQ 116
[    9.181858] omarchy-m2 kernel: OF: /soc/pcie@580000000: no iommu-map translation for id 0x8 on (null)
[    9.181939] omarchy-m2 kernel: pcieport 0000:00:01.0: PME: Signaling with IRQ 118
[    9.182091] omarchy-m2 kernel: pcieport 0000:00:01.0: AER: enabled with IRQ 118
[    9.182169] omarchy-m2 kernel: pcieport 0000:00:01.0: mask Replay Timer Timeout Correctable Errors due to 0000:02:00.0 hardware defect
[    9.182252] omarchy-m2 kernel: apple-admac 39b400000.dma-controller: Audio DMA Controller
[    9.182256] omarchy-m2 kernel: /soc/i2c@39b040000/usb-pd@38/connector: Fixed dependency cycle(s) with /soc/dcp@289c00000/typec-routes/route@0
[    9.182261] omarchy-m2 kernel: /soc/i2c@39b040000/usb-pd@38/connector: Fixed dependency cycle(s) with /soc/dcp@315c00000/typec-routes/route@0
[    9.182264] omarchy-m2 kernel: /soc/i2c@39b040000/usb-pd@38/connector: Fixed dependency cycle(s) with /soc/cio@701ac0000
[    9.182268] omarchy-m2 kernel: /soc/i2c@39b040000/usb-pd@38/connector: Fixed dependency cycle(s) with /soc/phy@703000000
[    9.182271] omarchy-m2 kernel: /soc/i2c@39b040000/usb-pd@38/connector: Fixed dependency cycle(s) with /soc/usb@702280000
[    9.182275] omarchy-m2 kernel: /soc/i2c@39b040000/usb-pd@3f/connector: Fixed dependency cycle(s) with /soc/dcp@289c00000/typec-routes/route@1
[    9.182279] omarchy-m2 kernel: /soc/i2c@39b040000/usb-pd@3f/connector: Fixed dependency cycle(s) with /soc/dcp@315c00000/typec-routes/route@1
[    9.182283] omarchy-m2 kernel: /soc/i2c@39b040000/usb-pd@3f/connector: Fixed dependency cycle(s) with /soc/cio@b01ac0000
[    9.182287] omarchy-m2 kernel: /soc/i2c@39b040000/usb-pd@3f/connector: Fixed dependency cycle(s) with /soc/phy@b03000000
[    9.182291] omarchy-m2 kernel: /soc/i2c@39b040000/usb-pd@3f/connector: Fixed dependency cycle(s) with /soc/usb@b02280000
[    9.182294] omarchy-m2 kernel: /soc/i2c@39b040000/usb-pd@3b/connector: Fixed dependency cycle(s) with /soc/dcp@289c00000/typec-routes/route@2
[    9.182298] omarchy-m2 kernel: /soc/i2c@39b040000/usb-pd@3b/connector: Fixed dependency cycle(s) with /soc/dcp@315c00000/typec-routes/route@2
[    9.182301] omarchy-m2 kernel: /soc/i2c@39b040000/usb-pd@3b/connector: Fixed dependency cycle(s) with /soc/cio@f01ac0000
[    9.182305] omarchy-m2 kernel: /soc/i2c@39b040000/usb-pd@3b/connector: Fixed dependency cycle(s) with /soc/phy@f03000000
[    9.182308] omarchy-m2 kernel: /soc/i2c@39b040000/usb-pd@3b/connector: Fixed dependency cycle(s) with /soc/usb@f02280000
[    9.182312] omarchy-m2 kernel: clk: Disabling unused clocks
[    9.182315] omarchy-m2 kernel: PM: genpd: Disabling unused power domains
[    9.182320] omarchy-m2 kernel: ALSA device list:
[    9.182323] omarchy-m2 kernel:   No soundcards found.
[    9.182327] omarchy-m2 kernel: Freeing unused kernel memory: 2048K
[    9.182331] omarchy-m2 kernel: Checked W+X mappings: passed, no W+X pages found
[    9.182334] omarchy-m2 kernel: Run /init as init process
[    9.182338] omarchy-m2 kernel:   with arguments:
[    9.182341] omarchy-m2 kernel:     /init
[    9.182345] omarchy-m2 kernel:     splash
[    9.182349] omarchy-m2 kernel:   with environment:
[    9.182352] omarchy-m2 kernel:     HOME=/
[    9.182355] omarchy-m2 kernel:     TERM=linux
[    9.182359] omarchy-m2 kernel:     cryptdevice=UUID=de26457c-f363-450f-916a-888a0b9b1fd6:root:allow-discards
[    9.182362] omarchy-m2 kernel: raid6: neonx8   gen() 34042 MB/s
[    9.182366] omarchy-m2 kernel: raid6: neonx4   gen() 37599 MB/s
[    9.182369] omarchy-m2 kernel: raid6: neonx2   gen() 37458 MB/s
[    9.182373] omarchy-m2 kernel: raid6: neonx1   gen() 34248 MB/s
[    9.182376] omarchy-m2 kernel: raid6: int64x8  gen() 15005 MB/s
[    9.182379] omarchy-m2 kernel: raid6: int64x4  gen() 13177 MB/s
[    9.182383] omarchy-m2 kernel: raid6: int64x2  gen() 12005 MB/s
[    9.182386] omarchy-m2 kernel: raid6: int64x1  gen() 10458 MB/s
[    9.182391] omarchy-m2 kernel: raid6: using algorithm neonx4 gen() 37599 MB/s
[    9.182395] omarchy-m2 kernel: raid6: .... xor() 31028 MB/s, rmw enabled
[    9.182399] omarchy-m2 kernel: raid6: using neon recovery algorithm
[    9.182402] omarchy-m2 kernel: xor: measuring software checksum speed
[    9.182406] omarchy-m2 kernel:    eor3            : 51131 MB/sec
[    9.182409] omarchy-m2 kernel:    32regs          : 48605 MB/sec
[    9.182412] omarchy-m2 kernel:    8regs           : 27086 MB/sec
[    9.182416] omarchy-m2 kernel: xor: using function: eor3 (51131 MB/sec)
[    9.182419] omarchy-m2 kernel: Btrfs loaded, zoned=yes, fsverity=no
[    9.182423] omarchy-m2 kernel: thunderbolt: loading out-of-tree module taints kernel.
[    9.182499] omarchy-m2 kernel: apple-dcp 289c00000.dcp: Failed to get dp-phy: -517
[    9.182504] omarchy-m2 kernel: /soc/i2c@39b040000/usb-pd@38/connector: Fixed dependency cycle(s) with /soc/phy@703000000
[    9.182580] omarchy-m2 kernel: dockchannel-hid 2a9b30000.input: Initialized, awaiting packets
[    9.182653] omarchy-m2 kernel: apple-dcp 289c00000.dcp: Failed to get dp-phy: -517
[    9.182729] omarchy-m2 kernel: dockchannel-hid 2a9b30000.input: Product name for stm: Apple Internal Keyboard / Trackpad
[    9.182805] omarchy-m2 kernel: dockchannel-hid 2a9b30000.input: Product name for multi-touch: Apple Internal Keyboard / Trackpad
[    9.182880] omarchy-m2 kernel: dockchannel-hid 2a9b30000.input: Product name for keyboard: Apple Internal Keyboard / Trackpad
[    9.182958] omarchy-m2 kernel: dockchannel-hid 2a9b30000.input: Product name for tp_accel: Apple Internal Keyboard / Trackpad
[    9.183032] omarchy-m2 kernel: dockchannel-hid 2a9b30000.input: Product name for actuator: Apple Internal Keyboard / Trackpad
[    9.183114] omarchy-m2 kernel: dockchannel-hid 2a9b30000.input: Product name for stm: Apple Internal Keyboard / Trackpad
[    9.183188] omarchy-m2 kernel: dockchannel-hid 2a9b30000.input: New interface stm
[    9.183192] omarchy-m2 kernel: /soc/i2c@39b040000/usb-pd@3f/connector: Fixed dependency cycle(s) with /soc/phy@b03000000
[    9.183269] omarchy-m2 kernel: rtkit-helper 2a9400000.mtp: RTKit: syslog message: stm_cr.c:98: ST management interface configuration completed
[    9.183341] omarchy-m2 kernel: dockchannel-hid 2a9b30000.input: Interface stm is now ready
[    9.183416] omarchy-m2 kernel: rtkit-helper 2a9400000.mtp: RTKit: syslog message: stm.c:97: ST management ready
[    9.183488] omarchy-m2 kernel: apple-dcp 289c00000.dcp: Failed to get dp-phy: -517
[    9.183574] omarchy-m2 kernel: hid-generic 0019:0000:0000.0001: hidraw0: HOST HID v0.00 Device [Apple MTP stm] on 2a9b30000.input.3 (stm)
[    9.183640] omarchy-m2 kernel: apple-dcp 289c00000.dcp: Failed to get dp-phy: -517
[    9.183644] omarchy-m2 kernel: /soc/i2c@39b040000/usb-pd@3b/connector: Fixed dependency cycle(s) with /soc/phy@f03000000
[    9.183721] omarchy-m2 kernel: apple-dcp 289c00000.dcp: Failed to get dp-phy: -517
[    9.183788] omarchy-m2 kernel: apple-dcp 289c00000.dcp: Failed to get dp-xbar: -517
[    9.183867] omarchy-m2 kernel: dockchannel-hid 2a9b30000.input: New interface multi-touch
[    9.183934] omarchy-m2 kernel: dockchannel-hid 2a9b30000.input: New interface keyboard
[    9.184017] omarchy-m2 kernel: dockchannel-hid 2a9b30000.input: New interface actuator
[    9.184091] omarchy-m2 kernel: rtkit-helper 2a9400000.mtp: RTKit: syslog message: touch_iface.c:212: Grape interface configuration completed
[    9.184166] omarchy-m2 kernel: rtkit-helper 2a9400000.mtp: RTKit: syslog message: keyboard_cr.c:78: Keyboard interface configuration completed
[    9.184237] omarchy-m2 kernel: rtkit-helper 2a9400000.mtp: RTKit: syslog message: keyboard.c:75: Keyboard ready
[    9.184311] omarchy-m2 kernel: dockchannel-hid 2a9b30000.input: Interface keyboard is now ready
[    9.184385] omarchy-m2 kernel: rtkit-helper 2a9400000.mtp: RTKit: syslog message: actuator_cr.c:88: Actuator interface configuration completed
[    9.184456] omarchy-m2 kernel: rtkit-helper 2a9400000.mtp: RTKit: syslog message: actuator.c:72: Actuator ready
[    9.184534] omarchy-m2 kernel: dockchannel-hid 2a9b30000.input: Interface actuator is now ready
[    9.184606] omarchy-m2 kernel: dockchannel-hid 2a9b30000.input: New interface tp_accel
[    9.184681] omarchy-m2 kernel: rtkit-helper 2a9400000.mtp: RTKit: syslog message: accel_cr.c:78: Accel interface configuration completed
[    9.184751] omarchy-m2 kernel: rtkit-helper 2a9400000.mtp: RTKit: syslog message: accel.c:72: Accel ready
[    9.184835] omarchy-m2 kernel: dockchannel-hid 2a9b30000.input: Interface tp_accel is now ready
[    9.184840] omarchy-m2 kernel: input: Apple MTP multi-touch as /devices/platform/soc/2a9b14000.fifo/2a9b30000.input/0019:05AC:0353.0002/input/input1
[    9.184844] omarchy-m2 kernel: input: Apple MTP keyboard as /devices/platform/soc/2a9b14000.fifo/2a9b30000.input/0019:05AC:0353.0003/input/input2
[    9.184931] omarchy-m2 kernel: sdhci-pci 0000:02:00.0: SDHCI controller found [17a0:9755] (rev 1)
[    9.185019] omarchy-m2 kernel: sdhci-pci 0000:02:00.0: enabling device (0000 -> 0002)
[    9.185104] omarchy-m2 kernel: magicmouse 0019:05AC:0353.0002: input,hidraw1: HOST HID v2.70 Mouse [Apple MTP multi-touch] on 2a9b30000.input.1 (multi-touch)
[    9.185172] omarchy-m2 kernel: apple-dcp 289c00000.dcp: Failed to get dp-xbar: -517
[    9.185254] omarchy-m2 kernel: apple-dcp 289c00000.dcp: Failed to get dp-xbar: -517
[    9.185258] omarchy-m2 kernel: mmc0: SDHCI controller on PCI [0000:02:00.0] using ADMA 64-bit
[    9.185341] omarchy-m2 kernel: apple 0019:05AC:0353.0003: input,hidraw2: HOST HID v2.70 Keyboard [Apple MTP keyboard] on 2a9b30000.input.2 (keyboard)
[    9.185418] omarchy-m2 kernel: dockchannel-hid 2a9b30000.input: Starting interface multi-touch
[    9.185495] omarchy-m2 kernel: dockchannel-hid 2a9b30000.input: Requesting GPIO multi-touch#167: afe-reset
[    9.185562] omarchy-m2 kernel: apple-dcp 289c00000.dcp: Failed to get dp-xbar: -517
[    9.185638] omarchy-m2 kernel: dockchannel-hid 2a9b30000.input: Sending firmware for multi-touch
[    9.185712] omarchy-m2 kernel: rtkit-helper 2a9400000.mtp: RTKit: syslog message: afe_transport.c:143: Z2 AFE transport initialized
[    9.185781] omarchy-m2 kernel: rtkit-helper 2a9400000.mtp: RTKit: syslog message: boot.c:151: [Touch]: AFE transport initialization complete
[    9.185865] omarchy-m2 kernel: rtkit-helper 2a9400000.mtp: RTKit: syslog message: boot.c:153: [Touch]: Touch initialized
[    9.185935] omarchy-m2 kernel: dockchannel-hid 2a9b30000.input: Resetting multi-touch
[    9.186013] omarchy-m2 kernel: rtkit-helper 2a9400000.mtp: RTKit: syslog message: touch.c:88: Touch Reset Ext Request: OK
[    9.186130] omarchy-m2 kernel: dockchannel-hid 2a9b30000.input: GPIO command: multi-touch#167: 3
[    9.186187] omarchy-m2 kernel: apple-dcp 289c00000.dcp: Failed to get dp-xbar: -517
[    9.186247] omarchy-m2 kernel: rtkit-helper 2a9400000.mtp: RTKit: syslog message: boot.c:382: Calibration blob 'TCAL' updated
[    9.186329] omarchy-m2 kernel: rtkit-helper 2a9400000.mtp: RTKit: syslog message: boot.c:382: Calibration blob 'FCAL' updated
[    9.186402] omarchy-m2 kernel: rtkit-helper 2a9400000.mtp: RTKit: syslog message: afe_transport.c:177: afe_transport_start() Z2 running
[    9.186472] omarchy-m2 kernel: rtkit-helper 2a9400000.mtp: RTKit: syslog message: touch_pwr_mgr.c:216: [TPM] Mac Power Manager State Machine Started
[    9.186550] omarchy-m2 kernel: rtkit-helper 2a9400000.mtp: RTKit: syslog message: touch.c:128: Touch interface ready
[    9.186621] omarchy-m2 kernel: dockchannel-hid 2a9b30000.input: Interface multi-touch is now ready
[    9.186697] omarchy-m2 kernel: rtkit-helper 2a9400000.mtp: RTKit: syslog message: touch.c:143: Touch MT ready
[    9.186769] omarchy-m2 kernel: rtkit-helper 2a9400000.mtp: RTKit: syslog message: touch_pwr_mgr_fsm.c:286: Sending Cumulus Report to enter Dependent Mode (9A)
[    9.186774] omarchy-m2 kernel: BTRFS: device label asahi-root devid 1 transid 5932 /dev/mapper/root (252:0) scanned by mount (494)
[    9.186777] omarchy-m2 kernel: BTRFS info (device dm-0): first mount of filesystem 725346d2-f127-47bc-b464-9dd46155e8d6
[    9.186781] omarchy-m2 kernel: BTRFS info (device dm-0): using crc32c checksum algorithm
[    9.186785] omarchy-m2 kernel: BTRFS info (device dm-0): enabling ssd optimizations
[    9.186789] omarchy-m2 kernel: BTRFS info (device dm-0): turning on async discard
[    9.186793] omarchy-m2 kernel: BTRFS info (device dm-0): enabling free space tree
[    9.186798] omarchy-m2 systemd[1]: systemd 261.3-1-arch running in system mode (+PAM +AUDIT -SELINUX +APPARMOR -IMA +IPE +SMACK +SECCOMP +GCRYPT +GNUTLS +OPENSSL +ACL +BLKID +CURL +ELFUTILS +FIDO2 +IDN2 +KMOD +LIBCRYPTSETUP +LIBCRYPTSETUP_PLUGINS +LIBFDISK +PCRE2 +PWQUALITY +P11KIT +QRENCODE +TPM2 +BZIP2 +LZ4 +XZ +ZLIB +ZSTD +BPF_FRAMEWORK -BTF +XKBCOMMON +UTMP +LIBARCHIVE)
[    9.186803] omarchy-m2 systemd[1]: Detected architecture arm64.
[    9.186809] omarchy-m2 systemd[1]: Hostname set to <omarchy-m2>.
[    9.186813] omarchy-m2 systemd[1]: bpf-restrict-fs: BPF LSM hook not enabled in the kernel, BPF LSM not supported.
[    9.186816] omarchy-m2 kernel: zram: Added device: zram0
[    9.186820] omarchy-m2 systemd[1]: Queued start job for default target Graphical Interface.
[    9.186824] omarchy-m2 systemd[1]: Created slice CUPS Slice.
[    9.186829] omarchy-m2 systemd[1]: Created slice Slice /system/dirmngr.
[    9.186833] omarchy-m2 systemd[1]: Created slice Slice /system/getty.
[    9.186837] omarchy-m2 systemd[1]: Created slice Slice /system/gpg-agent.
[    9.186841] omarchy-m2 systemd[1]: Created slice Slice /system/gpg-agent-browser.
[    9.186845] omarchy-m2 systemd[1]: Created slice Slice /system/gpg-agent-extra.
[    9.186849] omarchy-m2 systemd[1]: Created slice Slice /system/gpg-agent-ssh.
[    9.186853] omarchy-m2 systemd[1]: Created slice Slice /system/keyboxd.
[    9.186857] omarchy-m2 systemd[1]: Created slice Slice /system/modprobe.
[    9.186862] omarchy-m2 systemd[1]: Created slice Slice /system/systemd-fsck.
[    9.186866] omarchy-m2 systemd[1]: Created slice Slice /system/systemd-growfs.
[    9.186870] omarchy-m2 systemd[1]: Created slice Slice /system/systemd-zram-setup.
[    9.186874] omarchy-m2 systemd[1]: Created slice User and Session Slice.
[    9.186878] omarchy-m2 systemd[1]: Started Forward Password Requests to Wall Directory Watch.
[    9.186882] omarchy-m2 systemd[1]: Set up automount Arbitrary Executable File Formats File System Automount Point.
[    9.186886] omarchy-m2 systemd[1]: Expecting device /dev/disk/by-uuid/530E-CC8F...
[    9.186890] omarchy-m2 systemd[1]: Expecting device /dev/disk/by-uuid/725346d2-f127-47bc-b464-9dd46155e8d6...
[    9.186894] omarchy-m2 systemd[1]: Expecting device /dev/zram0...
[    9.186898] omarchy-m2 systemd[1]: Reached target Login Prompts.
[    9.186902] omarchy-m2 systemd[1]: Reached target Image Downloads.
[    9.186906] omarchy-m2 systemd[1]: Reached target Local Integrity Protected Volumes.
[    9.186910] omarchy-m2 systemd[1]: Reached target Preparation for Network.
[    9.186914] omarchy-m2 systemd[1]: Reached target Remote Encrypted Volumes.
[    9.186917] omarchy-m2 systemd[1]: Reached target Remote File Systems.
[    9.186921] omarchy-m2 systemd[1]: Reached target Remote Integrity Protected Volumes.
[    9.186925] omarchy-m2 systemd[1]: Reached target Remote Verity Protected Volumes.
[    9.186929] omarchy-m2 systemd[1]: Reached target Slice Units.
[    9.186933] omarchy-m2 systemd[1]: Reached target Local Verity Protected Volumes.
[    9.186937] omarchy-m2 systemd[1]: Listening on Device-mapper event daemon FIFOs.
[    9.186941] omarchy-m2 systemd[1]: Listening on Query the User Interactively for a Password.
[    9.186946] omarchy-m2 systemd[1]: Listening on Process Core Dump Socket.
[    9.186950] omarchy-m2 systemd[1]: Listening on Credential Encryption/Decryption.
[    9.186954] omarchy-m2 systemd[1]: Listening on Factory Reset Management.
[    9.186958] omarchy-m2 systemd[1]: Listening on Hostname Service Socket.
[    9.186962] omarchy-m2 systemd[1]: Listening on Journal Audit Socket.
[    9.186966] omarchy-m2 systemd[1]: Listening on Journal Socket (/dev/log).
[    9.186970] omarchy-m2 systemd[1]: Listening on Journal Sockets.
[    9.186974] omarchy-m2 systemd[1]: Listening on DDI File System Mounter Socket.
[    9.186978] omarchy-m2 systemd[1]: Listening on Console Output Muting Service Socket.
[    9.186982] omarchy-m2 systemd[1]: Listening on Namespace Resource Manager Socket.
[    9.186986] omarchy-m2 systemd[1]: Listening on Userspace Out-Of-Memory (OOM) Killer Socket.
[    9.186990] omarchy-m2 systemd[1]: TPM PCR Measurements skipped, unmet condition check ConditionSecurity=measured-os
[    9.186994] omarchy-m2 systemd[1]: Make TPM PCR Policy skipped, unmet condition check ConditionSecurity=measured-uki
[    9.186998] omarchy-m2 systemd[1]: Listening on Disk Repartitioning Service Socket.
[    9.187013] omarchy-m2 systemd[1]: Listening on Report System Basic Metrics Socket.
[    9.187017] omarchy-m2 systemd[1]: Listening on CGroup Report Varlink Socket.
[    9.187021] omarchy-m2 systemd[1]: Listening on Resolve Monitor Varlink Socket.
[    9.187025] omarchy-m2 systemd[1]: Listening on Resolve Service Varlink Socket.
[    9.187029] omarchy-m2 systemd[1]: Listening on Simple Block Device Backed Storage Provider.
[    9.187033] omarchy-m2 systemd[1]: Listening on Simple File System Backed Storage Provider.
[    9.187037] omarchy-m2 systemd[1]: Listening on udev Control Socket.
[    9.187041] omarchy-m2 systemd[1]: Listening on udev Kernel Socket.
[    9.187045] omarchy-m2 systemd[1]: Listening on udev Varlink Socket.
[    9.187049] omarchy-m2 systemd[1]: Listening on User Database Manager Socket.
[    9.187053] omarchy-m2 systemd[1]: Mounting Huge Pages File System...
[    9.187057] omarchy-m2 systemd[1]: Mounting POSIX Message Queue File System...
[    9.187061] omarchy-m2 systemd[1]: Mounting Kernel Debug File System...
[    9.187065] omarchy-m2 systemd[1]: Mounting Kernel Trace File System...
[    9.187069] omarchy-m2 systemd[1]: Starting Create List of Static Device Nodes...
[    9.187073] omarchy-m2 systemd[1]: Load Kernel Module configfs skipped, unmet condition check ConditionKernelModuleLoaded=!configfs
[    9.187076] omarchy-m2 systemd[1]: Mounting Kernel Configuration File System...
[    9.187081] omarchy-m2 systemd[1]: Load Kernel Module drm skipped, unmet condition check ConditionKernelModuleLoaded=!drm
[    9.187086] omarchy-m2 systemd[1]: Load Kernel Module efi_pstore skipped, unmet condition check ConditionKernelModuleLoaded=!efi_pstore
[    9.187090] omarchy-m2 systemd[1]: Starting Load Kernel Module fuse...
[    9.187094] omarchy-m2 systemd[1]: Clear SysFail Entry If The Boot Is Successful skipped, unmet condition check ConditionPathExists=/sys/firmware/efi/efivars/LoaderEntrySysFail-4a67b082-0a4c-41cf-b6c7-440b29bb8c4f
[    9.187098] omarchy-m2 systemd[1]: Clear Stale Hibernate Storage Info skipped, unmet condition check ConditionPathExists=/sys/firmware/efi/efivars/HibernateLocation-8cf2644b-4b0b-428f-9387-6d876050dc67
[    9.187102] omarchy-m2 systemd[1]: Starting Journal Service...
[    9.187106] omarchy-m2 systemd[1]: Starting Load Kernel Modules...
[    9.187110] omarchy-m2 systemd[1]: TPM PCR Machine ID Measurement skipped, unmet condition check ConditionSecurity=measured-os
[    9.187114] omarchy-m2 systemd[1]: TPM PCR OS Separator skipped, unmet condition check ConditionSecurity=measured-os
[    9.187118] omarchy-m2 systemd[1]: Starting Remount Root and Kernel File Systems...
[    9.187122] omarchy-m2 systemd[1]: Early TPM SRK Setup skipped, unmet condition check ConditionSecurity=measured-os
[    9.187127] omarchy-m2 systemd[1]: TPM PCR NvPCR Initialization Separator skipped, unmet condition check ConditionPathExists=/etc/initrd-release
[    9.187131] omarchy-m2 systemd[1]: TPM NvPCR Product ID Measurement skipped, unmet condition check ConditionSecurity=measured-os
[    9.187135] omarchy-m2 systemd[1]: Starting Load udev Rules from Credentials...
[    9.187139] omarchy-m2 systemd[1]: Starting Coldplug All udev Devices...
[    9.187143] omarchy-m2 systemd[1]: Starting Virtual Console Setup...
[    9.187147] omarchy-m2 systemd[1]: Finished Create List of Static Device Nodes.
[    9.187151] omarchy-m2 systemd[1]: Starting Create Static Device Nodes in /dev gracefully...
[    9.187155] omarchy-m2 systemd[1]: Mounted POSIX Message Queue File System.
[    9.187159] omarchy-m2 systemd[1]: Mounted Kernel Debug File System.
[    9.187163] omarchy-m2 systemd[1]: Mounted Huge Pages File System.
[    9.187167] omarchy-m2 systemd[1]: Mounted Kernel Trace File System.
[    9.187171] omarchy-m2 systemd[1]: Mounted Kernel Configuration File System.
[    9.187175] omarchy-m2 systemd[1]: Finished Load udev Rules from Credentials.
[    9.187179] omarchy-m2 kernel: i2c_dev: i2c /dev entries driver
[    9.187182] omarchy-m2 systemd[1]: Finished Virtual Console Setup.
[    9.187186] omarchy-m2 systemd[1]: Finished Load Kernel Modules.
[    9.187190] omarchy-m2 systemd[1]: Starting Apply Kernel Variables...
[    9.187194] omarchy-m2 kernel: fuse: init (API version 7.45)
[    9.187198] omarchy-m2 systemd[1]: modprobe@fuse.service: Deactivated successfully.
[    9.187202] omarchy-m2 systemd[1]: Finished Load Kernel Module fuse.
[    9.187213] omarchy-m2 systemd-journald[597]: Collecting audit messages is enabled.
[    9.187225] omarchy-m2 systemd[1]: Starting Load Kernel Module tun...
[    9.187229] omarchy-m2 kernel: audit: type=1334 audit(1790061066.485:2): prog-id=19 op=LOAD
[    9.187233] omarchy-m2 kernel: audit: type=1334 audit(1790061066.485:3): prog-id=20 op=LOAD
[    9.187237] omarchy-m2 kernel: audit: type=1334 audit(1790061066.485:4): prog-id=21 op=LOAD
[    9.187241] omarchy-m2 systemd[1]: Starting User Database Manager...
[    9.187245] omarchy-m2 systemd[1]: Finished Apply Kernel Variables.
[    9.187249] omarchy-m2 kernel: audit: type=1130 audit(1790061066.486:5): pid=1 uid=0 auid=4294967295 ses=4294967295 subj=unconfined msg='unit=systemd-sysctl comm="systemd" exe="/usr/lib/systemd/systemd" hostname=? addr=? terminal=? res=success'
[    9.187253] omarchy-m2 systemd[1]: Starting CLI Netfilter Manager...
[    9.187257] omarchy-m2 kernel: tun: Universal TUN/TAP device driver, 1.6
[    9.187261] omarchy-m2 systemd[1]: modprobe@tun.service: Deactivated successfully.
[    9.187265] omarchy-m2 systemd[1]: Finished Load Kernel Module tun.
[    9.187269] omarchy-m2 kernel: audit: type=1130 audit(1790061066.492:6): pid=1 uid=0 auid=4294967295 ses=4294967295 subj=unconfined msg='unit=modprobe@tun comm="systemd" exe="/usr/lib/systemd/systemd" hostname=? addr=? terminal=? res=success'
[    9.187273] omarchy-m2 kernel: audit: type=1131 audit(1790061066.492:7): pid=1 uid=0 auid=4294967295 ses=4294967295 subj=unconfined msg='unit=modprobe@tun comm="systemd" exe="/usr/lib/systemd/systemd" hostname=? addr=? terminal=? res=success'
[    9.187277] omarchy-m2 kernel: audit: type=1334 audit(1790061066.493:8): prog-id=22 op=LOAD
[    9.187281] omarchy-m2 kernel: audit: type=1334 audit(1790061066.493:9): prog-id=23 op=LOAD
[    9.187285] omarchy-m2 kernel: audit: type=1334 audit(1790061066.494:10): prog-id=24 op=LOAD
[    9.187289] omarchy-m2 systemd[1]: Starting Namespace Resource Manager...
[    9.188005] omarchy-m2 systemd[1]: Started Journal Service.
[    9.188012] omarchy-m2 kernel: audit: type=1130 audit(1790061066.502:11): pid=1 uid=0 auid=4294967295 ses=4294967295 subj=unconfined msg='unit=systemd-journald comm="systemd" exe="/usr/lib/systemd/systemd" hostname=? addr=? terminal=? res=success'
[    9.258005] omarchy-m2 kernel: BTRFS info (device dm-0 state M): use zstd compression, level 1
[    9.376187] omarchy-m2 kernel: zram0: detected capacity change from 0 to 65245184
[    9.395025] omarchy-m2 kernel: apple-display-crossbar 70304c000.mux: Switched dpphy to disconnected state
[    9.399057] omarchy-m2 kernel: apple-display-crossbar 70304c000.mux: t602x idle: 000=00000000 004=000001ff 008=00000000 00c=00000000 014=000001ff 018=00000000 01c=00000000 024=00000111 028=00000000 02c=00000000 030=00000000 034=00000000 040=0005ad6b 044=02b5ad6b 048=00000000 04c=00000000 050=00000000 060=00000000 070=00000000
[    9.400109] omarchy-m2 kernel: apple-display-crossbar 70304c000.mux: t602x idle clk: 000=00000000 800=00000000 020=00000000 820=00000000 024=00000111 81c=00000111
[    9.400291] omarchy-m2 kernel: apple-display-crossbar 70304c000.mux: Switched dpin0 to disconnected state
[    9.400449] omarchy-m2 kernel: apple-display-crossbar 70304c000.mux: t602x idle: 000=00000000 004=000001ff 008=00000000 00c=00000000 014=000001ff 018=00000000 01c=00000000 024=00000111 028=00000000 02c=00000000 030=00000000 034=00000000 040=0005ad6b 044=02b5ad6b 048=00000000 04c=00000000 050=00000000 060=00000000 070=00000000
[    9.400582] omarchy-m2 kernel: apple-display-crossbar 70304c000.mux: t602x idle clk: 000=00000000 800=00000000 020=00000000 820=00000000 024=00000111 81c=00000111
[    9.403900] omarchy-m2 kernel: apple-display-crossbar 70304c000.mux: Switched dpin1 to disconnected state
[    9.406517] omarchy-m2 kernel: apple-display-crossbar 70304c000.mux: t602x idle: 000=00000000 004=000001ff 008=00000000 00c=00000000 014=000001ff 018=00000000 01c=00000000 024=00000111 028=00000000 02c=00000000 030=00000000 034=00000000 040=0005ad6b 044=02b5ad6b 048=00000000 04c=00000000 050=00000000 060=00000000 070=00000000
[    9.409022] omarchy-m2 kernel: apple-display-crossbar 70304c000.mux: t602x idle clk: 000=00000000 800=00000000 020=00000000 820=00000000 024=00000111 81c=00000111
[    9.409904] omarchy-m2 kernel: mc: Linux media interface: v0.10
[    9.409910] omarchy-m2 kernel: apple-display-crossbar b0304c000.mux: Switched dpphy to disconnected state
[    9.410027] omarchy-m2 kernel: apple-display-crossbar b0304c000.mux: t602x idle: 000=00000000 004=000001ff 008=00000000 00c=00000000 014=000001ff 018=00000000 01c=00000000 024=00000111 028=00000000 02c=00000000 030=00000000 034=00000000 040=0005ad6b 044=02b5ad6b 048=00000000 04c=00000000 050=00000000 060=00000000 070=00000000
[    9.410118] omarchy-m2 kernel: apple-display-crossbar b0304c000.mux: t602x idle clk: 000=00000000 800=00000000 020=00000000 820=00000000 024=00000111 81c=00000111
[    9.410196] omarchy-m2 kernel: apple-display-crossbar b0304c000.mux: Switched dpin0 to disconnected state
[    9.410286] omarchy-m2 kernel: apple-display-crossbar b0304c000.mux: t602x idle: 000=00000000 004=000001ff 008=00000000 00c=00000000 014=000001ff 018=00000000 01c=00000000 024=00000111 028=00000000 02c=00000000 030=00000000 034=00000000 040=0005ad6b 044=02b5ad6b 048=00000000 04c=00000000 050=00000000 060=00000000 070=00000000
[    9.413379] omarchy-m2 kernel: apple-display-crossbar b0304c000.mux: t602x idle clk: 000=00000000 800=00000000 020=00000000 820=00000000 024=00000111 81c=00000111
[    9.414163] omarchy-m2 kernel: apple-display-crossbar b0304c000.mux: Switched dpin1 to disconnected state
[    9.415235] omarchy-m2 kernel: apple-display-crossbar b0304c000.mux: t602x idle: 000=00000000 004=000001ff 008=00000000 00c=00000000 014=000001ff 018=00000000 01c=00000000 024=00000111 028=00000000 02c=00000000 030=00000000 034=00000000 040=0005ad6b 044=02b5ad6b 048=00000000 04c=00000000 050=00000000 060=00000000 070=00000000
[    9.415368] omarchy-m2 kernel: apple-display-crossbar b0304c000.mux: t602x idle clk: 000=00000000 800=00000000 020=00000000 820=00000000 024=00000111 81c=00000111
[    9.415515] omarchy-m2 kernel: apple-display-crossbar f0304c000.mux: Switched dpphy to disconnected state
[    9.415785] omarchy-m2 kernel: apple-display-crossbar f0304c000.mux: t602x idle: 000=00000000 004=000001ff 008=00000000 00c=00000000 014=000001ff 018=00000000 01c=00000000 024=00000111 028=00000000 02c=00000000 030=00000000 034=00000000 040=0005ad6b 044=02b5ad6b 048=00000000 04c=00000000 050=00000000 060=00000000 070=00000000
[    9.415870] omarchy-m2 kernel: apple-display-crossbar f0304c000.mux: t602x idle clk: 000=00000000 800=00000000 020=00000000 820=00000000 024=00000111 81c=00000111
[    9.415957] omarchy-m2 kernel: apple-display-crossbar f0304c000.mux: Switched dpin0 to disconnected state
[    9.416196] omarchy-m2 kernel: apple-display-crossbar f0304c000.mux: t602x idle: 000=00000000 004=000001ff 008=00000000 00c=00000000 014=000001ff 018=00000000 01c=00000000 024=00000111 028=00000000 02c=00000000 030=00000000 034=00000000 040=0005ad6b 044=02b5ad6b 048=00000000 04c=00000000 050=00000000 060=00000000 070=00000000
[    9.416288] omarchy-m2 kernel: apple-display-crossbar f0304c000.mux: t602x idle clk: 000=00000000 800=00000000 020=00000000 820=00000000 024=00000111 81c=00000111
[    9.416379] omarchy-m2 kernel: apple-display-crossbar f0304c000.mux: Switched dpin1 to disconnected state
[    9.416457] omarchy-m2 kernel: apple-display-crossbar f0304c000.mux: t602x idle: 000=00000000 004=000001ff 008=00000000 00c=00000000 014=000001ff 018=00000000 01c=00000000 024=00000111 028=00000000 02c=00000000 030=00000000 034=00000000 040=0005ad6b 044=02b5ad6b 048=00000000 04c=00000000 050=00000000 060=00000000 070=00000000
[    9.416533] omarchy-m2 kernel: apple-display-crossbar f0304c000.mux: t602x idle clk: 000=00000000 800=00000000 020=00000000 820=00000000 024=00000111 81c=00000111
[    9.416943] omarchy-m2 kernel: apple-display-crossbar 130304c000.mux: Switched dpphy to disconnected state
[    9.417287] omarchy-m2 kernel: apple-display-crossbar 130304c000.mux: t602x idle: 000=00000000 004=000001ff 008=00000000 00c=00000000 014=000001ff 018=00000000 01c=00000000 024=00000111 028=00000000 02c=00000000 030=00000000 034=00000000 040=0005ad6b 044=02b5ad6b 048=00000000 04c=00000000 050=00000000 060=00000000 070=00000000
[    9.417394] omarchy-m2 kernel: apple-display-crossbar 130304c000.mux: t602x idle clk: 000=00000000 800=00000000 020=00000000 820=00000000 024=00000111 81c=00000111
[    9.417490] omarchy-m2 kernel: apple-display-crossbar 130304c000.mux: Switched dpin0 to disconnected state
[    9.417676] omarchy-m2 kernel: apple-display-crossbar 130304c000.mux: t602x idle: 000=00000000 004=000001ff 008=00000000 00c=00000000 014=000001ff 018=00000000 01c=00000000 024=00000111 028=00000000 02c=00000000 030=00000000 034=00000000 040=0005ad6b 044=02b5ad6b 048=00000000 04c=00000000 050=00000000 060=00000000 070=00000000
[    9.418214] omarchy-m2 kernel: apple-display-crossbar 130304c000.mux: t602x idle clk: 000=00000000 800=00000000 020=00000000 820=00000000 024=00000111 81c=00000111
[    9.418317] omarchy-m2 kernel: apple-display-crossbar 130304c000.mux: Switched dpin1 to disconnected state
[    9.418754] omarchy-m2 kernel: apple-display-crossbar 130304c000.mux: t602x idle: 000=00000000 004=000001ff 008=00000000 00c=00000000 014=000001ff 018=00000000 01c=00000000 024=00000111 028=00000000 02c=00000000 030=00000000 034=00000000 040=0005ad6b 044=02b5ad6b 048=00000000 04c=00000000 050=00000000 060=00000000 070=00000000
[    9.422684] omarchy-m2 kernel: apple-display-crossbar 130304c000.mux: t602x idle clk: 000=00000000 800=00000000 020=00000000 820=00000000 024=00000111 81c=00000111
[    9.426307] omarchy-m2 kernel: apple-dcp 315c00000.dcp: typec0 USB4 DP IN using crossbar mux 1
[    9.428095] omarchy-m2 kernel: videodev: Linux video capture interface: v2.00
[    9.428102] omarchy-m2 kernel: apple-dcp 315c00000.dcp: typec1 USB4 DP IN using crossbar mux 1
[    9.433010] omarchy-m2 kernel: apple_aop 2a6c00000.aop: RTKit: Initializing (protocol version 12)
[    9.435370] omarchy-m2 kernel: apple_aop 2a6c00000.aop: RTKit: syslog message: AOP_oslog_init.cpp:96: Start AOP OSLog init
[    9.436484] omarchy-m2 kernel: apple_aop 2a6c00000.aop: RTKit: syslog message: P_os_log_support.cpp:60: AOP os log initialized
[    9.438197] omarchy-m2 kernel: apple-dcp 315c00000.dcp: typec2 USB4 DP IN using crossbar mux 1
[    9.446008] omarchy-m2 kernel: tas2764 1-003a: supply SDZ not found, using dummy regulator
[    9.448321] omarchy-m2 kernel: spi-nor spi0.0: supply vcc not found, using dummy regulator
[    9.449258] omarchy-m2 kernel: apple-sio 39bc00000.sio: RTKit: Initializing (protocol version 12)
[    9.449415] omarchy-m2 kernel: tas2764 1-0038: supply SDZ not found, using dummy regulator
[    9.450296] omarchy-m2 kernel: apple-sio 39bc00000.sio: SIO protocol v9
[    9.450420] omarchy-m2 kernel: thunderbolt-apple-acio 701ac0000.cio: PCIe-C tunnel disabled: m1n1 handoff is not initialized
[    9.450561] omarchy-m2 kernel: tas2764 1-0039: supply SDZ not found, using dummy regulator
[    9.450788] omarchy-m2 kernel: apple-isp 384000000.isp: ISP firmware-compat: 13.5 (FW: 13.5)
[    9.450921] omarchy-m2 kernel: tas2764 3-003d: supply SDZ not found, using dummy regulator
[    9.451056] omarchy-m2 kernel: tas2764 3-003b: supply SDZ not found, using dummy regulator
[    9.451258] omarchy-m2 kernel: tas2764 3-003b: tas2764_i2c_probe: Failed to parse devicetree
[    9.451375] omarchy-m2 kernel: tas2764 3-003c: supply SDZ not found, using dummy regulator
[    9.451537] omarchy-m2 kernel: 1 fixed-partitions partitions found on MTD device spi0.0
[    9.451546] omarchy-m2 kernel: Creating 1 MTD partitions on "spi0.0":
[    9.451550] omarchy-m2 kernel: 0x000000700000-0x000000800000 : "nvram"
[    9.451555] omarchy-m2 kernel: tas2764 3-003c: tas2764_i2c_probe: Failed to parse devicetree
[    9.452004] omarchy-m2 kernel: apple-display-crossbar 130304c000.mux: Switched dpphy to dispext0,0 (t602x atc=0x100 mux=0x0)
[    9.452105] omarchy-m2 kernel: apple-display-crossbar 130304c000.mux: t602x dpphy: 000=00000001 004=000001fe 008=00000001 00c=00000001 014=000001fb 018=00000001 01c=00000100 024=00000011 028=00000100 02c=00000001 030=00000000 034=00000100 040=0005ad6b 044=02b5ad6b 048=00000000 04c=00000000 050=00000000 060=00000000 070=00000000
[    9.452229] omarchy-m2 kernel: apple-display-crossbar 130304c000.mux: t602x dpphy clk: 000=00000001 800=00000000 020=00000000 820=00000000 024=00000011 81c=00000011
[    9.452391] omarchy-m2 kernel: thunderbolt-apple-acio b01ac0000.cio: PCIe-C tunnel disabled: m1n1 handoff is not initialized
[    9.452542] omarchy-m2 kernel: apple-isp 384000000.isp: IPC surface iova: 0x10000f00000
[    9.452718] omarchy-m2 kernel: apple-isp 384000000.isp: Data surface iova: 0x10000f1c000
[    9.452870] omarchy-m2 kernel: apple-dcp 289c00000.dcp: typec_mux_set() returned: 0
[    9.453065] omarchy-m2 kernel: apple-dcp 289c00000.dcp: typec0 USB4 DP IN using crossbar mux 1
[    9.453214] omarchy-m2 kernel: avd 287080000.avd: booting hw version: 30010
[    9.453332] omarchy-m2 kernel: apple-dcp 289c00000.dcp: typec1 USB4 DP IN using crossbar mux 1
[    9.453481] omarchy-m2 kernel: thunderbolt-apple-acio f01ac0000.cio: PCIe-C tunnel disabled: m1n1 handoff is not initialized
[    9.453659] omarchy-m2 kernel: apple-dcp 289c00000.dcp: typec2 USB4 DP IN using crossbar mux 1
[    9.453807] omarchy-m2 kernel: apple-dcp 389c00000.dcp: Detected display with notch of 74 pixel
[    9.454005] omarchy-m2 kernel: platform 389c00000.dcp:piodma: Adding to iommu group 16
[    9.454125] omarchy-m2 kernel: apple-dart 389304000.iommu: Limited to ias=36 due to lock
[    9.455004] omarchy-m2 kernel: apple-dcp 389c00000.dcp: RTKit: Initializing (protocol version 12)
[    9.455106] omarchy-m2 kernel: apple-dcp 389c00000.dcp: shmem_setup: iova: 10080238000 -> pa: 107ddbb4000 -> iomem: ffff80008ece0000
[    9.455212] omarchy-m2 kernel: apple-dcp 389c00000.dcp: shmem_setup: iova: 10fffffc000, buffer: ffff80008ecc4000
[    9.455364] omarchy-m2 kernel: apple-dcp 389c00000.dcp: shmem_setup: iova: 10fffff8000, buffer: ffff80008ecf4000
[    9.455474] omarchy-m2 kernel: apple-drm soc:display-subsystem: bound 389c00000.dcp (ops dcp_comp_ops [appledrm])
[    9.455585] omarchy-m2 kernel: apple-dcp 289c00000.dcp: DCP index:1 dptx target phy: 3 dptx die: 0
[    9.455704] omarchy-m2 kernel: apple-dcp 389c00000.dcp: RTKit: syslog message: ck_PCC2DBlm_v5.cpp:2611: IOMFB LACS_ERROR: DCP took too long to respond to LAS stats
[    9.455810] omarchy-m2 kernel: platform 289c00000.dcp:piodma: Adding to iommu group 17
[    9.455952] omarchy-m2 kernel: apple-dart 289304000.iommu: Limited to ias=36 due to lock
[    9.456039] omarchy-m2 kernel: apple-dcp 389c00000.dcp: RTKit: syslog message: ck_PCC2DBlm_v5.cpp:2646: IOMFB: BLM LTS data hasn't been read in more than 10 secs
[    9.456121] omarchy-m2 kernel: apple-dcp 289c00000.dcp: RTKit: Initializing (protocol version 12)
[    9.456192] omarchy-m2 kernel: apple-dcp 289c00000.dcp: shmem_setup: iova: 10080238000 -> pa: 107dd8b4000 -> iomem: ffff80008ed30000
[    9.456265] omarchy-m2 kernel: apple-dcp 289c00000.dcp: shmem_setup: iova: 10fffffc000, buffer: ffff80008ed44000
[    9.457004] omarchy-m2 kernel: apple-dcp 289c00000.dcp: shmem_setup: iova: 10fffff8000, buffer: ffff80008ed4c000
[    9.457109] omarchy-m2 kernel: apple-drm soc:display-subsystem: bound 289c00000.dcp (ops dcp_comp_ops [appledrm])
[    9.457184] omarchy-m2 kernel: cs42l84 2-004b: Cirrus Logic CS42L84, Revision: 36
[    9.457264] omarchy-m2 kernel: apple-drm soc:display-subsystem: bound 39b540000.audio-controller (ops dcpaud_comp_ops [appledrm])
[    9.457354] omarchy-m2 kernel: apple-dcp 315c00000.dcp: DCP index:2 dptx target phy: 1 dptx die: 0
[    9.457443] omarchy-m2 kernel: platform 315c00000.dcp:piodma: Adding to iommu group 18
[    9.457530] omarchy-m2 kernel: apple-dart 315304000.iommu: Limited to ias=36 due to lock
[    9.457623] omarchy-m2 kernel: apple-dcp 315c00000.dcp: RTKit: Initializing (protocol version 12)
[    9.457702] omarchy-m2 kernel: apple-dcp 315c00000.dcp: shmem_setup: iova: 10080238000 -> pa: 107dc5b4000 -> iomem: ffff80008ed80000
[    9.457779] omarchy-m2 kernel: apple-dcp 315c00000.dcp: shmem_setup: iova: 10fffffc000, buffer: ffff80008ed64000
[    9.457863] omarchy-m2 kernel: apple_aop 2a6c00000.aop: RTKit: syslog message: ALSVD6286.cpp:80: [ALS1] VD6286 device found. Calibration Override:0
[    9.459004] omarchy-m2 kernel: apple-dcp 315c00000.dcp: shmem_setup: iova: 10fffff8000, buffer: ffff80008ed94000
[    9.459098] omarchy-m2 kernel: apple-drm soc:display-subsystem: bound 315c00000.dcp (ops dcp_comp_ops [appledrm])
[    9.459175] omarchy-m2 kernel: apple-drm soc:display-subsystem: bound 39b580000.audio-controller (ops dcpaud_comp_ops [appledrm])
[    9.459292] omarchy-m2 kernel: apple-dcp 389c00000.dcp: RTKit: syslog message: ap_link.c:299: shared memory dva: 0x10fffe00000 0xffffffff00680000
[    9.459420] omarchy-m2 kernel: apple-dcp 389c00000.dcp: RTKit: syslog message: ap_link.c:276: ap_link: IOMFB: DCP heap size: 0x1030000 [iBoot:0x1030000] [LinkService:0x0]
[    9.462011] omarchy-m2 kernel: apple-dcp 389c00000.dcp: RTKit: syslog message: nifiedPipeline.cpp:4191: IOMFB: Could not find Backlight service
[    9.462302] omarchy-m2 kernel: apple-dcp 389c00000.dcp: RTKit: syslog message: nifiedPipeline.cpp:4199: IOMFB: Could not find nvram service
[    9.464338] omarchy-m2 kernel: apple-dcp 389c00000.dcp: RTKit: syslog message: nifiedPipeline.cpp:1838: virtual bool UnifiedPipeline::start_ios_gated(): Created AP Services
[    9.465863] omarchy-m2 kernel: apple-dcp 389c00000.dcp: RTKit: syslog message: nifiedPipeline.cpp:1864: start_ios_gated: trigger pending HPD notification
[    9.467181] omarchy-m2 kernel: apple-dcp 389c00000.dcp: cb_hotplug() connected:1, valid_mode:0 nr_modes:0
[    9.467414] omarchy-m2 kernel: apple-dcp 389c00000.dcp: dcp_hotplug() connected:1 valid_mode:0 nr_modes:0
[    9.469785] omarchy-m2 kernel: apple-dcp 389c00000.dcp: RTKit: syslog message: nifiedPipeline.cpp:1871: virtual bool UnifiedPipeline::start_ios_gated(): Flushed RTPs
[    9.470143] omarchy-m2 kernel: apple-dcp 389c00000.dcp: RTKit: syslog message: ableCompensator.cpp:903: IOMFB setup_table: Could not find table 'display-backlight-compensation-v1' in registry. Using default table.
[    9.470317] omarchy-m2 kernel: apple-dcp 389c00000.dcp: RTKit: syslog message: PPipeDCP_H13P.cpp:11092: IOMFB updateFrequencies: minimum-frequency property not found, using getClockFrequency(0) instead.
[    9.470501] omarchy-m2 kernel: apple-dcp 389c00000.dcp: RTKit: syslog message: PPipeDCP_H13P.cpp:11109: IOMFB updateFrequencies EDT ERROR: getClockFrequency(0) (257142848) < videoClock 521064960! Giving up on frequencies.
[    9.470584] omarchy-m2 kernel: apple-dcp 389c00000.dcp: RTKit: syslog message: UPPipeDCP_H13P.cpp:1532: IOMFB: videoClock is zero, defaulting to 521065000
[    9.470666] omarchy-m2 kernel: apple-dcp 389c00000.dcp: RTKit: syslog message: nifiedPipeline.cpp:1356: set_device_enabled_gated: current state: 1, requested state: 1
[    9.470738] omarchy-m2 kernel: apple-dcp 389c00000.dcp: RTKit: syslog message: PPipeDCP_H13P.cpp:11092: IOMFB updateFrequencies: minimum-frequency property not found, using getClockFrequency(0) instead.
[    9.470799] omarchy-m2 kernel: apple-dcp 389c00000.dcp: RTKit: syslog message: PPipeDCP_H13P.cpp:11109: IOMFB updateFrequencies EDT ERROR: getClockFrequency(0) (257142848) < videoClock 521064960! Giving up on frequencies.
[    9.470906] omarchy-m2 kernel: apple-dcp 389c00000.dcp: RTKit: syslog message: PPipeDCP_H13P.cpp:10490: set_run_mode_safe: deferring: 2 -> 4
[    9.470972] omarchy-m2 kernel: apple-dcp 389c00000.dcp: RTKit: syslog message: PPipeDCP_H13P.cpp:10395: virtual IOMFBStatus IOMFB::UPPipeDCP_H13P::ready_for_run_mode_change(IOMFB::AppleRegisterStream *): initiating deferred run mod
[    9.471042] omarchy-m2 kernel: apple-dcp 389c00000.dcp: RTKit: syslog message: M3Hal_v1.cpp:197: IOMFB: load APT M3 IMem : size 0x7b40
[    9.471135] omarchy-m2 kernel: apple-dcp 389c00000.dcp: RTKit: syslog message: M3Hal_v1.cpp:197: IOMFB: load APT M3 DMem : size 0x6fd4
[    9.471211] omarchy-m2 kernel: apple-dcp 389c00000.dcp: RTKit: syslog message: CAHandler.cpp:188: IOMFB load_ca_data: Unrecognized data version 0 (expected 1 or 2)
[    9.471281] omarchy-m2 kernel: apple-dcp 289c00000.dcp: AFK[ep:20]: new service system on channel 1
[    9.471381] omarchy-m2 kernel: apple-dcp 289c00000.dcp: AFK[ep:20]: new service powerlog-service on channel 3
[    9.471468] omarchy-m2 kernel: apple-dcp 389c00000.dcp: RTKit: syslog message: PPipeDCP_H13P.cpp:14085: IOMFB Int RTBandwidth: program_M3_rt_config: Using Dashboard 28e3d1208
[    9.471805] omarchy-m2 kernel: apple-dcp 389c00000.dcp: AFK[ep:20]: new service system on channel 5
[    9.472349] omarchy-m2 kernel: apple-dcp 389c00000.dcp: AFK[ep:20]: new service powerlog-service on channel 7
[    9.472446] omarchy-m2 kernel: apple-dcp 389c00000.dcp: RTKit: syslog message: dpointInterface.cpp:606: [AFK][AFKMailboxSharedMemoryEndpointInterface:#62] if:1 inCmd:0 inResp:0 outRepErr:0 outCmdErr:0 t:676215115
[    9.472966] omarchy-m2 kernel: apple-dcp 389c00000.dcp: RTKit: syslog message: dpointInterface.cpp:606: [AFK][AFKMailboxSharedMemoryEndpointInterface:#65] if:3 inCmd:0 inResp:0 outRepErr:0 outCmdErr:0 t:676219959
[    9.473063] omarchy-m2 kernel: apple-dcp 389c00000.dcp: RTKit: syslog message: UPTSQManager.cpp:133: IOMFB: clearing M3 reset
[    9.473147] omarchy-m2 kernel: apple-dcp 389c00000.dcp: RTKit: syslog message: UPTSQ_Hal_v1.cpp:349: IOMFB: timebase_offset = 4
[    9.482010] omarchy-m2 kernel: cfg80211: Loading compiled-in X.509 certificates for regulatory database
[    9.483029] omarchy-m2 kernel: Bluetooth: Core ver 2.22
[    9.483046] omarchy-m2 kernel: NET: Registered PF_BLUETOOTH protocol family
[    9.483056] omarchy-m2 kernel: Bluetooth: HCI device and connection manager initialized
[    9.483066] omarchy-m2 kernel: Bluetooth: HCI socket layer initialized
[    9.483075] omarchy-m2 kernel: Bluetooth: L2CAP socket layer initialized
[    9.483084] omarchy-m2 kernel: Bluetooth: SCO socket layer initialized
[    9.484010] omarchy-m2 kernel: Loaded X.509 cert 'sforshee: 00b28ddf47aef9cea7'
[    9.484027] omarchy-m2 kernel: Loaded X.509 cert 'wens: 61c038651aabdcf94bd0ac7ff06c7248db18c600'
[    9.484038] omarchy-m2 kernel: hci_bcm4377 0000:01:00.1: resetting
[    9.487015] omarchy-m2 kernel: apple-dcp 389c00000.dcp: RTKit: syslog message: UPTSQManager.cpp:105: IOMFB: switch to normal mode succeeded
[    9.489020] omarchy-m2 kernel: usbcore: registered new interface driver brcmfmac
[    9.489039] omarchy-m2 kernel: brcmfmac 0000:01:00.0: enabling device (0000 -> 0002)
[    9.491007] omarchy-m2 kernel: apple-dcp 389c00000.dcp: RTKit: syslog message: ck_PCC2DBlm_v5.cpp:2611: IOMFB LACS_ERROR: DCP took too long to respond to LAS stats
[    9.491161] omarchy-m2 kernel: apple-dcp 389c00000.dcp: DCP booted
[    9.491254] omarchy-m2 kernel: apple-dcp 389c00000.dcp: DCP is_main_display: 1
[    9.491339] omarchy-m2 kernel: apple-dcp 389c00000.dcp: dcp_hotplug() connected:1 valid_mode:0 nr_modes:6
[    9.494004] omarchy-m2 kernel: apple_aop 2a6c00000.aop: RTKit: syslog message: iggerController.cpp:129: VoiceTrig ready!! <AppleAOPVoiceTriggerController v240.2 built: Jun 30 202317:4
[    9.494418] omarchy-m2 kernel: apple_aop 2a6c00000.aop: RTKit: syslog message: SPU_init.cpp:320: ===( AOP IS READY )===
[    9.504011] omarchy-m2 kernel: brcmfmac: brcmf_fw_alloc_request: using brcm/brcmfmac4388c0-pcie for chip BCM4388/4
[    9.547005] omarchy-m2 kernel: Adding 32622576k swap on /dev/zram0.  Priority:100 extents:1 across:32622576k SSDsc
[    9.596005] omarchy-m2 kernel: hci_bcm4377 0000:01:00.1: reset done
[    9.704168] omarchy-m2 kernel: hci_bcm4377 0000:01:00.1: enabling device (0000 -> 0002)
[   10.217012] omarchy-m2 systemd-journald[597]: Received client request to flush runtime journal.
[   10.318006] omarchy-m2 kernel: input: keyd virtual keyboard as /devices/virtual/input/input3
[   10.348011] omarchy-m2 kernel: input: keyd virtual pointer as /devices/virtual/input/input4
[   10.412053] omarchy-m2 kernel: apple-isp: CISP_CMD_CONFIG_GET: 
[   10.412157] omarchy-m2 kernel: apple-isp: 00000000 00000003 016e3600 00000001 0000000a 00000000 00000001
[   10.412228] omarchy-m2 kernel: apple-isp 384000000.isp: found sensor 558 CC2248101BGPNTV7H on ch 0
[   10.412483] omarchy-m2 kernel: apple-isp: ch: CISP_CMD_CH_INFO_GET: 0
[   10.412499] omarchy-m2 kernel: apple-isp: ch: 00000000 0000010d 00000000 07dc0001 00010090 00010007 00000006 00000001
[   10.412511] omarchy-m2 kernel: apple-isp: ch: 00000558 00000009 00001410 00000002 00000000 00000000 00000000 00000000
[   10.412533] omarchy-m2 kernel: apple-isp: ch: 00000000 00000000 00000000 00050000 00000001 00000000 00000004 00000020
[   10.412556] omarchy-m2 kernel: apple-isp: ch: 00000006 00000000 00004680 00000040 00000001 00000002 00004000 00000040
[   10.412567] omarchy-m2 kernel: apple-isp: ch: 00000001 00000000 00000000 00000036 00000000 00000000 000f4240 434300a0
[   10.412576] omarchy-m2 kernel: apple-isp: ch: 38343232 42313031 544e5047 00483756 00000000 00000008 00000000 00000000
[   10.412590] omarchy-m2 kernel: apple-isp: ch: 00000001 00000000 00000100 00000000 00000000 00000000 00000000 00ff0000
[   10.412599] omarchy-m2 kernel: apple-isp: ch: 00000c00 00000000 0000001c 00000680 00000004 00000004 00000000 00000000
[   10.412608] omarchy-m2 kernel: apple-isp: ch: 00000000 00000000 00000000 00000000 07800000 00000780
[   10.412624] omarchy-m2 kernel: apple-isp: ps: CISP_CMD_CH_CAMERA_CONFIG_GET: 0
[   10.412642] omarchy-m2 kernel: apple-isp: ps: 00000000 00000106 00000000 00000000 07800780 07800780 00000000 00001df8
[   10.412656] omarchy-m2 kernel: apple-isp: ps: 00000100 00000001 00000040 00000040 00000040 00000040 00000040 00000040
[   10.412670] omarchy-m2 kernel: apple-isp: ps: 00000003 00000040 00000040 00000005 00000000 0100041e 00000001 00000000
[   10.412680] omarchy-m2 kernel: apple-isp: ps: 0bdebefc 00000006 00000007 00000000 00000009 000f4240 00000012 00000000
[   10.412696] omarchy-m2 kernel: apple-isp: ps: 00008000 00000014 00000015 00000000 00000000 00000000 00000780 00000780
[   10.412705] omarchy-m2 kernel: apple-isp: ps: 00010000 00000000 93f00000 00000040 0000001f 00000000 00000000 00000000
[   10.412713] omarchy-m2 kernel: apple-isp: ps: 00000780 00000780 00000100 00000000 00000000 00000780 00000780
[   10.412722] omarchy-m2 kernel: apple-isp: ps: CISP_CMD_CH_CAMERA_CONFIG_GET: 1
[   10.412731] omarchy-m2 kernel: apple-isp: ps: 00000000 00000106 00000000 00000001 08700780 08700780 00000000 00001df8
[   10.412743] omarchy-m2 kernel: apple-isp: ps: 00000100 00000001 00000040 00000040 00000040 00000040 00000040 00000040
[   10.412755] omarchy-m2 kernel: apple-isp: ps: 00000003 00000040 00000040 00000005 00000000 0100041e 00000001 00000000
[   10.412769] omarchy-m2 kernel: apple-isp: ps: 0bdebefc 00000006 00000007 00000000 00000009 000f4240 00000012 00000000
[   10.412782] omarchy-m2 kernel: apple-isp: ps: 00008000 00000014 00000015 00000000 00000000 00000000 00000780 00000438
[   10.412798] omarchy-m2 kernel: apple-isp: ps: 00010001 00000000 93f00000 00000040 0000001f 00000000 00000000 00000000
[   10.412807] omarchy-m2 kernel: apple-isp: ps: 00000780 00000870 00000100 00000000 00000000 00000780 00000438
[   10.412816] omarchy-m2 kernel: apple-isp: ps: CISP_CMD_CH_CAMERA_CONFIG_GET: 2
[   10.412836] omarchy-m2 kernel: apple-isp: ps: 00000000 00000106 00000000 00000002 0f000438 0f000438 00000000 00001df8
[   10.412851] omarchy-m2 kernel: apple-isp: ps: 00000100 00000001 00000040 00000040 00000040 00000040 00000040 00000040
[   10.412860] omarchy-m2 kernel: apple-isp: ps: 00000003 00000040 00000040 00000005 00000000 0100041e 00000001 00000000
[   10.412875] omarchy-m2 kernel: apple-isp: ps: 0bdebefc 00000006 00000007 00000000 00000009 000f4240 0000000d 00000000
[   10.412891] omarchy-m2 kernel: apple-isp: ps: 00008000 00000014 00000015 00000000 00000000 00000000 00000438 00000780
[   10.412901] omarchy-m2 kernel: apple-isp: ps: 00010001 00000000 93f00000 00000040 0000001f 00000000 00000000 00000000
[   10.412909] omarchy-m2 kernel: apple-isp: ps: 00000438 00000f00 00000100 00000000 00000000 00000438 00000780
[   10.412917] omarchy-m2 kernel: apple-isp: ps: CISP_CMD_CH_CAMERA_CONFIG_GET: 3
[   10.412926] omarchy-m2 kernel: apple-isp: ps: 00000000 00000106 00000000 00000003 0a6006e0 0a6006e0 00000000 00001df8
[   10.412934] omarchy-m2 kernel: apple-isp: ps: 00000100 00000001 00000040 00000040 00000040 00000040 00000040 00000040
[   10.412947] omarchy-m2 kernel: apple-isp: ps: 00000003 00000040 00000040 00000005 00000000 0100041e 00000001 00000000
[   10.412961] omarchy-m2 kernel: apple-isp: ps: 0bdebefc 00000006 00000007 00000000 00000009 000f4240 00000010 00000000
[   10.412970] omarchy-m2 kernel: apple-isp: ps: 00008000 00000014 00000015 00000000 00000000 00000000 000006e0 00000530
[   10.412979] omarchy-m2 kernel: apple-isp: ps: 00010001 00000000 93f00000 00000040 0000001f 00000000 00000000 00000000
[   10.412995] omarchy-m2 kernel: apple-isp: ps: 000006e0 00000a60 00000100 00000000 00000000 000006e0 00000530
[   10.413026] omarchy-m2 kernel: apple-isp: ps: CISP_CMD_CH_CAMERA_CONFIG_GET: 4
[   10.413050] omarchy-m2 kernel: apple-isp: ps: 00000000 00000106 00000000 00000004 0dc00530 0dc00530 00000000 00001df8
[   10.413060] omarchy-m2 kernel: apple-isp: ps: 00000100 00000001 00000040 00000040 00000040 00000040 00000040 00000040
[   10.413068] omarchy-m2 kernel: apple-isp: ps: 00000003 00000040 00000040 00000005 00000000 0100041e 00000001 00000000
[   10.413077] omarchy-m2 kernel: apple-isp: ps: 0bdebefc 00000006 00000007 00000000 00000009 000f4240 0000000e 00000000
[   10.413090] omarchy-m2 kernel: apple-isp: ps: 00008000 00000014 00000015 00000000 00000000 00000000 00000530 000006e0
[   10.413100] omarchy-m2 kernel: apple-isp: ps: 00010001 00000000 93f00000 00000040 0000001f 00000000 00000000 00000000
[   10.413114] omarchy-m2 kernel: apple-isp: ps: 00000530 00000dc0 00000100 00000000 00000000 00000530 000006e0
[   10.413123] omarchy-m2 kernel: apple-isp: ps: CISP_CMD_CH_CAMERA_CONFIG_GET: 5
[   10.413138] omarchy-m2 kernel: apple-isp: ps: 00000000 00000106 00000000 00000005 0c200610 0c200610 00000000 00001df8
[   10.413153] omarchy-m2 kernel: apple-isp: ps: 00000100 00000001 00000040 00000040 00000040 00000040 00000040 00000040
[   10.413162] omarchy-m2 kernel: apple-isp: ps: 00000003 00000040 00000040 00000005 00000000 0100041e 00000001 00000000
[   10.413170] omarchy-m2 kernel: apple-isp: ps: 0bdebefc 00000006 00000007 00000000 00000009 000f4240 0000000f 00000000
[   10.413178] omarchy-m2 kernel: apple-isp: ps: 00008000 00000014 00000015 00000000 00000000 00000000 00000610 00000610
[   10.413187] omarchy-m2 kernel: apple-isp: ps: 00010001 00000000 93f00000 00000040 0000001f 00000000 00000000 00000000
[   10.413203] omarchy-m2 kernel: apple-isp: ps: 00000610 00000c20 00000100 00000000 00000000 00000610 00000610
[   10.421010] omarchy-m2 kernel: apple-isp 384000000.isp: apple-isp probe!
[   10.533004] omarchy-m2 kernel: apple-dcp 289c00000.dcp: AFK[ep:23]: new service disp0-service on channel 1
[   10.539003] omarchy-m2 kernel: apple-dcp 289c00000.dcp: AFK[ep:2a]: new service AppleDCPDPTXRemotePort on channel 1
[   10.539081] omarchy-m2 kernel: apple-dcp 289c00000.dcp: AFK[ep:2a]: new service AppleDCPDPTXRemotePort on channel 3
[   10.539155] omarchy-m2 kernel: apple-dcp 289c00000.dcp: RTKit: syslog message: ap_link.c:299: shared memory dva: 0x10fffe00000 0xffffffff00027000
[   10.539224] omarchy-m2 kernel: apple-dcp 289c00000.dcp: RTKit: syslog message: ap_link.c:276: ap_link: IOMFB: DCP heap size: 0x1030000 [iBoot:0x1030000] [LinkService:0x0]
[   10.540008] omarchy-m2 kernel: apple-dcp 289c00000.dcp: RTKit: syslog message: nifiedPipeline.cpp:4191: IOMFB: Could not find Backlight service
[   10.540075] omarchy-m2 kernel: apple-dcp 289c00000.dcp: RTKit: syslog message: nifiedPipeline.cpp:4199: IOMFB: Could not find nvram service
[   10.540142] omarchy-m2 kernel: apple-dcp 289c00000.dcp: RTKit: syslog message: nifiedPipeline.cpp:1838: virtual bool UnifiedPipeline::start_ios_gated(): Created AP Services
[   10.543003] omarchy-m2 kernel: apple-dcp 289c00000.dcp: RTKit: syslog message: nifiedPipeline.cpp:1871: virtual bool UnifiedPipeline::start_ios_gated(): Flushed RTPs
[   10.543074] omarchy-m2 kernel: apple-dcp 289c00000.dcp: RTKit: syslog message: PPipeDCP_H13P.cpp:11122: IOMFB setup_video_limits called on secondary display with no timing set
[   10.543137] omarchy-m2 kernel: apple-dcp 289c00000.dcp: read_edt_data key=initial-vbi-advance-lines count=1 default0=0x2 ret=0
[   10.544003] omarchy-m2 kernel: apple-dcp 289c00000.dcp: RTKit: syslog message: nifiedPipeline.cpp:1356: set_device_enabled_gated: current state: 1, requested state: 1
[   10.545002] omarchy-m2 kernel: apple-dcp 289c00000.dcp: RTKit: syslog message: PPipeDCP_H13P.cpp:11122: IOMFB setup_video_limits called on secondary display with no timing set
[   10.546002] omarchy-m2 kernel: apple-dcp 289c00000.dcp: RTKit: syslog message: PPipeDCP_H13P.cpp:10468: set_run_mode_safe: no need to defer: 2 -> 1
[   10.546067] omarchy-m2 kernel: apple-dcp 289c00000.dcp: RTKit: syslog message: PPipeDCP_H13P.cpp:10468: set_run_mode_safe: no need to defer: 1 -> 0
[   10.546129] omarchy-m2 kernel: apple-dcp 289c00000.dcp: RTKit: syslog message: nifiedPipeline.cpp:1356: set_device_enabled_gated: current state: 1, requested state: 0
[   10.547003] omarchy-m2 kernel: apple-dcp 315c00000.dcp: AFK[ep:20]: new service system on channel 1
[   10.547076] omarchy-m2 kernel: apple-dcp 315c00000.dcp: AFK[ep:20]: new service powerlog-service on channel 3
[   10.547138] omarchy-m2 kernel: apple-dcp 289c00000.dcp: DCP booted
[   10.547201] omarchy-m2 kernel: apple-dcp 289c00000.dcp: DCP is_main_display: 0
[   10.547262] omarchy-m2 kernel: apple-dcp 289c00000.dcp: dcp_hotplug() connected:0 valid_mode:0 nr_modes:0
[   10.805079] omarchy-m2 kernel: brcmfmac: brcmf_c_process_txcap_blob: TxCap blob found, loading
[   10.807013] omarchy-m2 kernel: brcmfmac: brcmf_c_process_cal_blob: Calibration blob provided by platform, loading
[   10.820017] omarchy-m2 kernel: brcmfmac: brcmf_c_preinit_dcmds: Firmware: BCM4388/4 wl0: Jun 11 2023 05:20:59 version 23.20.95.0.40.50.92 FWID 01-ec505a98
[   10.825028] omarchy-m2 kernel: ieee80211 phy0: brcmf_c_set_joinpref_default: Set join_pref error (-52)
[   11.082021] omarchy-m2 kernel: ieee80211 phy0: brcmf_c_set_joinpref_default: Set join_pref error (-52)
[   11.173016] omarchy-m2 kernel: ieee80211 phy0: brcmf_dongle_roam: WLC_SET_ROAM_DELTA error (-52)
[   11.263006] omarchy-m2 kernel: Bluetooth: BNEP (Ethernet Emulation) ver 1.3
[   11.263018] omarchy-m2 kernel: Bluetooth: BNEP filters: protocol multicast
[   11.263030] omarchy-m2 kernel: Bluetooth: BNEP socket layer initialized
[   11.556042] omarchy-m2 kernel: apple-dcp 315c00000.dcp: AFK[ep:23]: new service disp0-service on channel 1
[   11.562010] omarchy-m2 kernel: apple-dcp 315c00000.dcp: AFK[ep:2a]: new service AppleDCPDPTXRemotePort on channel 1
[   11.562182] omarchy-m2 kernel: apple-dcp 315c00000.dcp: AFK[ep:2a]: new service AppleDCPDPTXRemotePort on channel 3
[   11.562316] omarchy-m2 kernel: apple-dcp 289c00000.dcp: dcp_enable_dp2hdmi_hpd: DP2HDMI HPD connected:0
[   11.562461] omarchy-m2 kernel: apple-dcp 315c00000.dcp: RTKit: syslog message: ap_link.c:299: shared memory dva: 0x10fffe00000 0xffffffff00027000
[   11.562604] omarchy-m2 kernel: apple-dcp 315c00000.dcp: RTKit: syslog message: ap_link.c:276: ap_link: IOMFB: DCP heap size: 0x1030000 [iBoot:0x1030000] [LinkService:0x0]
[   11.562729] omarchy-m2 kernel: apple-dcp 289c00000.dcp: RTKit: syslog message: FramebufferDCP.cpp:1962: IOMFB: swap_submit_dcp: swallowed swap ID 2 as fControllerPowerState is 0 for External Display
[   11.562867] omarchy-m2 kernel: apple-dcp 289c00000.dcp: RTKit: syslog message: FramebufferDCP.cpp:1967: IOMFB: swap_submit_dcp: swallowed swap ID 2 as timinsg are not enabled for External Display
[   11.562996] omarchy-m2 kernel: apple-dcp 289c00000.dcp: dcp_poweroff() done
[   11.563136] omarchy-m2 kernel: apple-dcp 315c00000.dcp: RTKit: syslog message: nifiedPipeline.cpp:4191: IOMFB: Could not find Backlight service
[   11.563271] omarchy-m2 kernel: apple-dcp 315c00000.dcp: RTKit: syslog message: nifiedPipeline.cpp:4199: IOMFB: Could not find nvram service
[   11.563402] omarchy-m2 kernel: apple-dcp 315c00000.dcp: RTKit: syslog message: nifiedPipeline.cpp:1838: virtual bool UnifiedPipeline::start_ios_gated(): Created AP Services
[   11.566007] omarchy-m2 kernel: apple-dcp 315c00000.dcp: RTKit: syslog message: nifiedPipeline.cpp:1871: virtual bool UnifiedPipeline::start_ios_gated(): Flushed RTPs
[   11.566126] omarchy-m2 kernel: apple-dcp 315c00000.dcp: RTKit: syslog message: PPipeDCP_H13P.cpp:11122: IOMFB setup_video_limits called on secondary display with no timing set
[   11.566243] omarchy-m2 kernel: apple-dcp 315c00000.dcp: read_edt_data key=initial-vbi-advance-lines count=1 default0=0x2 ret=0
[   11.567007] omarchy-m2 kernel: apple-dcp 315c00000.dcp: RTKit: syslog message: nifiedPipeline.cpp:1356: set_device_enabled_gated: current state: 1, requested state: 1
[   11.567135] omarchy-m2 kernel: apple-dcp 315c00000.dcp: RTKit: syslog message: PPipeDCP_H13P.cpp:11122: IOMFB setup_video_limits called on secondary display with no timing set
[   11.569006] omarchy-m2 kernel: apple-dcp 315c00000.dcp: RTKit: syslog message: PPipeDCP_H13P.cpp:10468: set_run_mode_safe: no need to defer: 2 -> 1
[   11.569141] omarchy-m2 kernel: apple-dcp 315c00000.dcp: RTKit: syslog message: PPipeDCP_H13P.cpp:10468: set_run_mode_safe: no need to defer: 1 -> 0
[   11.569279] omarchy-m2 kernel: apple-dcp 315c00000.dcp: RTKit: syslog message: nifiedPipeline.cpp:1356: set_device_enabled_gated: current state: 1, requested state: 0
[   11.569389] omarchy-m2 kernel: apple-dcp 315c00000.dcp: DCP booted
[   11.569505] omarchy-m2 kernel: apple-dcp 315c00000.dcp: DCP is_main_display: 0
[   11.676021] omarchy-m2 kernel: Console: switching to colour dummy device 80x25
[   11.677008] omarchy-m2 kernel: [drm] Initialized apple 1.0.0 for soc:display-subsystem on minor 2
[   11.679010] omarchy-m2 kernel: Bluetooth: hci0: HCI LE Coded PHY feature bit is set, but its usage is not supported.
[   11.680008] omarchy-m2 kernel: apple-dcp 389c00000.dcp: dcp_poweron() starting
[   11.680299] omarchy-m2 kernel: apple-dcp 389c00000.dcp: dcp_set_power_state_req returned, 9999 ms remaining
[   11.680520] omarchy-m2 kernel: apple-dcp 389c00000.dcp: set_digital_out_mode(color:1 timing:2) "3456x2160": 120 1042130 3456 3464 3496 3536 2160 2278 2360 2456 0x48 0x0
[   11.680725] omarchy-m2 kernel: apple-dcp 389c00000.dcp: set_digital_out_mode() color mode depth:8 format:0 colorimetry:16 eotf:0 range:0 vrr:1
[   11.680900] omarchy-m2 kernel: apple-dcp 389c00000.dcp: RTKit: syslog message: FramebufferDCP.cpp:5931: IOMFBParameter_adaptive_sync Req minRR = 0x0, mediaTargetRate = 0x0, Fractional Rate = 0
[   11.681093] omarchy-m2 kernel: apple-dcp 389c00000.dcp: RTKit: syslog message: nifiedPipeline.cpp:7462: set_digital_out_mode: Modeset requested for colorID: 1, timingID: 2
[   11.681258] omarchy-m2 kernel: apple-dcp 389c00000.dcp: RTKit: syslog message: PPipeDCP_H13P.cpp:18011: Dual pipe disabled offset 0
[   11.681329] omarchy-m2 kernel: apple-dcp 389c00000.dcp: RTKit: syslog message: PPipeDCP_H13P.cpp:10490: set_run_mode_safe: deferring: 4 -> 1
[   11.681401] omarchy-m2 kernel: apple-dcp 389c00000.dcp: RTKit: syslog message: PPipeDCP_H13P.cpp:10395: virtual IOMFBStatus IOMFB::UPPipeDCP_H13P::ready_for_run_mode_change(IOMFB::AppleRegisterStream *): initiating deferred run mod
[   11.681574] omarchy-m2 kernel: apple-dcp 389c00000.dcp: RTKit: syslog message: UPTSQManager.cpp:150: IOMFBStatus IOMFB::UPTSQManager::power_down_M3(IOMFB::AppleRegisterStream *, UPTSQManager::ModeChangeWaiter *): request mode ch
[   11.683007] omarchy-m2 kernel: apple-dcp 389c00000.dcp: RTKit: syslog message: UPTSQManager.cpp:162: IOMFBStatus IOMFB::UPTSQManager::power_down_M3(IOMFB::AppleRegisterStream *, UPTSQManager::ModeChangeWaiter *): disabling M3
[   11.683178] omarchy-m2 kernel: apple-dcp 389c00000.dcp: RTKit: syslog message: PPipeDCP_H13P.cpp:10468: set_run_mode_safe: no need to defer: 1 -> 0
[   11.684010] omarchy-m2 kernel: apple-dcp 389c00000.dcp: RTKit: syslog message: ck_PCC2DBlm_v5.cpp:3300: Quiescing callback
[   11.726013] omarchy-m2 kernel: Bluetooth: hci0: Failed to read codec capabilities (-22)
[   11.727012] omarchy-m2 kernel: Bluetooth: hci0: Failed to read codec capabilities (-22)
[   11.728016] omarchy-m2 kernel: Bluetooth: hci0: Failed to read codec capabilities (-22)
[   11.729011] omarchy-m2 kernel: Bluetooth: hci0: Failed to read codec capabilities (-22)
[   11.730010] omarchy-m2 kernel: Bluetooth: hci0: Failed to read codec capabilities (-22)
[   11.731010] omarchy-m2 kernel: Bluetooth: hci0: Failed to read codec capabilities (-22)
[   11.732012] omarchy-m2 kernel: Bluetooth: hci0: Failed to read codec capabilities (-22)
[   11.733009] omarchy-m2 kernel: Bluetooth: hci0: Failed to read codec capabilities (-22)
[   11.734020] omarchy-m2 kernel: Bluetooth: hci0: Failed to read codec capabilities (-22)
[   11.735008] omarchy-m2 kernel: Bluetooth: hci0: Failed to read codec capabilities (-22)
[   11.739003] omarchy-m2 kernel: Bluetooth: MGMT ver 1.23
[   11.762006] omarchy-m2 kernel: apple-dcp 389c00000.dcp: RTKit: syslog message: nifiedPipeline.cpp:1356: set_device_enabled_gated: current state: 1, requested state: 0
[   11.762171] omarchy-m2 kernel: Bluetooth: hci0: Bad flag given (0x1) vs supported (0xe)
[   11.762180] omarchy-m2 kernel: apple-dcp 389c00000.dcp: RTKit: syslog message: nifiedPipeline.cpp:7700: set_mode: timingID: 2 colorID: 1
[   11.763008] omarchy-m2 kernel: apple-dcp 389c00000.dcp: RTKit: syslog message: PPipeDCP_H13P.cpp:11092: IOMFB updateFrequencies: minimum-frequency property not found, using getClockFrequency(0) instead.
[   11.763153] omarchy-m2 kernel: apple-dcp 389c00000.dcp: RTKit: syslog message: PPipeDCP_H13P.cpp:11109: IOMFB updateFrequencies EDT ERROR: getClockFrequency(0) (257142848) < videoClock 521064960! Giving up on frequencies.
[   11.764007] omarchy-m2 kernel: apple-dcp 389c00000.dcp: RTKit: syslog message: nifiedPipeline.cpp:7356: IOMFBStatus UnifiedPipeline::mode_set_gated(uint32_t, uint32_t): 3456x2234@120 Hz link: 1
[   11.764119] omarchy-m2 kernel: apple-dcp 389c00000.dcp: RTKit: syslog message: nifiedPipeline.cpp:1356: set_device_enabled_gated: current state: 0, requested state: 1
[   11.764229] omarchy-m2 kernel: apple-dcp 389c00000.dcp: RTKit: syslog message: PPipeDCP_H13P.cpp:10468: set_run_mode_safe: no need to defer: 0 -> 1
[   11.764346] omarchy-m2 kernel: apple-dcp 389c00000.dcp: RTKit: syslog message: ock_Tunables_v1.cpp:651: IOMFB: Writing tunables with target 4
[   11.765011] omarchy-m2 kernel: apple-dcp 389c00000.dcp: RTKit: syslog message: ck_Config_H13P.cpp:1771: program_frame_size: pixel_clock 1042130000, vid0 521065000, 00020910 0000007e
[   11.765123] omarchy-m2 kernel: apple-dcp 389c00000.dcp: RTKit: syslog message: M3Hal_v1.cpp:197: IOMFB: load LED M3 IMem : size 0x7b74
[   11.766012] omarchy-m2 kernel: apple-dcp 389c00000.dcp: RTKit: syslog message: M3Hal_v1.cpp:197: IOMFB: load LED M3 DMem : size 0x102e0
[   11.768009] omarchy-m2 kernel: apple-dcp 389c00000.dcp: RTKit: syslog message: ock_PCC2DLTM_v4.cpp:324: IOMFBStatus IOMFB::UPBlock_PCC2DLTM_v4::set_mcpu_power(IOMFB::AppleRegisterStream *, bool) Loading M3 Hal
[   11.768174] omarchy-m2 kernel: apple-dcp 389c00000.dcp: RTKit: syslog message: M3Hal_v1.cpp:197: IOMFB: load LTM M3 IMem : size 0x7308
[   11.769007] omarchy-m2 kernel: apple-dcp 389c00000.dcp: RTKit: syslog message: M3Hal_v1.cpp:197: IOMFB: load LTM M3 DMem : size 0xd190
[   11.770007] omarchy-m2 kernel: apple-dcp 389c00000.dcp: RTKit: syslog message: ck_PCC2DBlm_v5.cpp:4938: [set_lts_buffer] buffer 0x10001cc4000 Add_lo = 0x1cc4000, Add_hi = 0x100, size 0x2900 stride 0x100
[   11.777009] omarchy-m2 kernel: apple-dcp 389c00000.dcp: RTKit: syslog message: PPipeDCP_H13P.cpp:10468: set_run_mode_safe: no need to defer: 1 -> 2
[   11.777150] omarchy-m2 kernel: apple-dcp 389c00000.dcp: RTKit: syslog message: UPPipeDCP_H13P.cpp:1532: IOMFB: videoClock is zero, defaulting to 521065000
[   11.777279] omarchy-m2 kernel: apple-dcp 389c00000.dcp: RTKit: syslog message: M3Hal_v1.cpp:197: IOMFB: load BLM M3 IMem : size 0x764c
[   11.777427] omarchy-m2 kernel: apple-dcp 389c00000.dcp: RTKit: syslog message: M3Hal_v1.cpp:197: IOMFB: load BLM M3 DMem : size 0xaf6c
[   11.779004] omarchy-m2 kernel: apple-dcp 389c00000.dcp: RTKit: syslog message: FBPropertyManager.h:189: value_t<P> IOMFB::PropMgr::getVal(IOMFB::RuntimeProperty) [P = IOMFB::RuntimePropertyType::boolean]: WARNING - type mismatch on
[   11.779131] omarchy-m2 kernel: apple-dcp 389c00000.dcp: RTKit: syslog message: PPipeDCP_H13P.cpp:10490: set_run_mode_safe: deferring: 2 -> 4
[   11.779266] omarchy-m2 kernel: apple-dcp 389c00000.dcp: RTKit: syslog message: PPipeDCP_H13P.cpp:10395: virtual IOMFBStatus IOMFB::UPPipeDCP_H13P::ready_for_run_mode_change(IOMFB::AppleRegisterStream *): initiating deferred run mod
[   11.779408] omarchy-m2 kernel: apple-dcp 389c00000.dcp: RTKit: syslog message: M3Hal_v1.cpp:197: IOMFB: load APT M3 IMem : size 0x7b40
[   11.779541] omarchy-m2 kernel: apple-dcp 389c00000.dcp: RTKit: syslog message: M3Hal_v1.cpp:197: IOMFB: load APT M3 DMem : size 0x6fd4
[   11.779678] omarchy-m2 kernel: apple-dcp 389c00000.dcp: RTKit: syslog message: CAHandler.cpp:188: IOMFB load_ca_data: Unrecognized data version 0 (expected 1 or 2)
[   11.779820] omarchy-m2 kernel: apple-dcp 389c00000.dcp: RTKit: syslog message: PPipeDCP_H13P.cpp:14085: IOMFB Int RTBandwidth: program_M3_rt_config: Using Dashboard 28e3d1208
[   11.779958] omarchy-m2 kernel: apple-dcp 389c00000.dcp: RTKit: syslog message: UPTSQManager.cpp:133: IOMFB: clearing M3 reset
[   11.780103] omarchy-m2 kernel: apple-dcp 389c00000.dcp: RTKit: syslog message: UPTSQ_Hal_v1.cpp:349: IOMFB: timebase_offset = 4
[   11.794004] omarchy-m2 kernel: apple-dcp 389c00000.dcp: RTKit: syslog message: UPTSQManager.cpp:105: IOMFB: switch to normal mode succeeded
[   11.794111] omarchy-m2 kernel: apple-dcp 389c00000.dcp: RTKit: syslog message: eoInterfaceIOAV.cpp:296: IOMFB: VideoInterfaceIOAV::power_on: m_power_ctrl->setPower( 1 )
[   11.800017] omarchy-m2 kernel: apple-dcp 389c00000.dcp: RTKit: syslog message: MMailboxHandler.cpp:214: pcc firmware: MailBox Printf is enabled in BLM Pipe Line Init
[   11.800299] omarchy-m2 kernel: apple-dcp 389c00000.dcp: RTKit: syslog message: PPipeDCP_H13P.cpp:17179: handle_stage1_enable blm_en 1 ltm_en 0
[   11.800826] omarchy-m2 kernel: apple-dcp 389c00000.dcp: set_digital_out_mode finished:8381
[   11.801086] omarchy-m2 kernel: Console: switching to colour frame buffer device 216x67
[   11.820417] omarchy-m2 kernel: apple-drm soc:display-subsystem: [drm] fb0: appledrmfb frame buffer device
[   11.825122] omarchy-m2 kernel: apple-dcp 315c00000.dcp: typec mux set typec2 alt=0000000000000000 svid=0000 mode=0 dp=0 usb4=0 tbt=0 usb4_xbar=yes
[   11.829755] omarchy-m2 kernel: apple-dcp 315c00000.dcp: typec mux set typec0 alt=0000000000000000 svid=0000 mode=0 dp=0 usb4=0 tbt=0 usb4_xbar=yes
[   11.835055] omarchy-m2 kernel: apple-dcp 315c00000.dcp: typec mux set typec1 alt=0000000000000000 svid=0000 mode=0 dp=0 usb4=0 tbt=0 usb4_xbar=yes
[   11.835380] omarchy-m2 kernel: tas2764 3-003b: supply SDZ not found, using dummy regulator
[   11.835854] omarchy-m2 kernel: tas2764 3-003c: supply SDZ not found, using dummy regulator
[   11.857005] omarchy-m2 kernel: ieee80211 phy0: brcmf_p2p_set_firmware: failed to update device address ret -52
[   11.858005] omarchy-m2 kernel: ieee80211 phy0: brcmf_p2p_create_p2pdev: set p2p_disc error
[   11.858111] omarchy-m2 kernel: ieee80211 phy0: brcmf_cfg80211_add_iface: add iface p2p-dev-wlan0 type 10 failed: err=-52
[   11.989007] omarchy-m2 kernel: input: MacBook Pro J416 Headphone Jack as /devices/platform/sound/sound/card1/input5
[   12.439009] omarchy-m2 kernel: Bluetooth: RFCOMM TTY layer initialized
[   12.439044] omarchy-m2 kernel: Bluetooth: RFCOMM socket layer initialized
[   12.439072] omarchy-m2 kernel: Bluetooth: RFCOMM ver 1.11
[   12.722084] omarchy-m2 kernel: snd-soc-macaudio sound: Speaker volumes unlocked
[   14.847006] omarchy-m2 kernel: kauditd_printk_skb: 260 callbacks suppressed
[   14.847019] omarchy-m2 kernel: audit: type=1130 audit(1790061072.161:160): pid=1 uid=0 auid=4294967295 ses=4294967295 subj=unconfined msg='unit=udisks2 comm="systemd" exe="/usr/lib/systemd/systemd" hostname=? addr=? terminal=? res=success'
[   16.249019] omarchy-m2 kernel: audit: type=1131 audit(1790061073.563:161): pid=1 uid=0 auid=4294967295 ses=4294967295 subj=unconfined msg='unit=systemd-rfkill comm="systemd" exe="/usr/lib/systemd/systemd" hostname=? addr=? terminal=? res=success'
[   16.788036] omarchy-m2 kernel: ieee80211 phy0: brcmf_set_key_mgmt: get okc_enable failed (-52)
[   16.792021] omarchy-m2 kernel: ieee80211 phy0: brcmf_c_set_joinpref_default: Set join_pref error (-52)
[   17.100019] omarchy-m2 kernel: audit: type=1334 audit(1790061074.413:162): prog-id=57 op=LOAD
[   17.100056] omarchy-m2 kernel: audit: type=1300 audit(1790061074.413:162): arch=c00000b7 syscall=280 success=yes exit=26 a0=5 a1=ffffe33b4f70 a2=a8 a3=ffff1e21c540 items=0 ppid=1 pid=857 auid=4294967295 uid=0 gid=0 euid=0 suid=0 fsuid=0 egid=0 sgid=0 fsgid=0 tty=(none) ses=4294967295 comm="NetworkManager" exe="/usr/bin/NetworkManager" subj=unconfined key=(null)
[   17.100107] omarchy-m2 kernel: audit: type=1327 audit(1790061074.413:162): proctitle=2F7573722F62696E2F4E6574776F726B4D616E61676572002D2D6E6F2D6461656D6F6E
[   17.232078] omarchy-m2 kernel: audit: type=1334 audit(1790061074.546:163): prog-id=58 op=LOAD
[   17.232166] omarchy-m2 kernel: audit: type=1300 audit(1790061074.546:163): arch=c00000b7 syscall=280 success=yes exit=26 a0=5 a1=ffffe33b4f70 a2=a8 a3=ffff1e21c540 items=0 ppid=1 pid=857 auid=4294967295 uid=0 gid=0 euid=0 suid=0 fsuid=0 egid=0 sgid=0 fsgid=0 tty=(none) ses=4294967295 comm="NetworkManager" exe="/usr/bin/NetworkManager" subj=unconfined key=(null)
[   17.232193] omarchy-m2 kernel: audit: type=1327 audit(1790061074.546:163): proctitle=2F7573722F62696E2F4E6574776F726B4D616E61676572002D2D6E6F2D6461656D6F6E
[   17.241014] omarchy-m2 kernel: audit: type=1334 audit(1790061074.554:164): prog-id=57 op=UNLOAD
[   17.241040] omarchy-m2 kernel: audit: type=1300 audit(1790061074.554:164): arch=c00000b7 syscall=29 success=yes exit=0 a0=26 a1=4028644a a2=ffff131fd110 a3=ffff263ed6c0 items=0 ppid=1261 pid=1272 auid=1001 uid=1001 gid=1001 euid=1001 suid=1001 fsuid=1001 egid=1001 sgid=1001 fsgid=1001 tty=(none) ses=1 comm="QSGRenderThread" exe="/usr/bin/quickshell" subj=unconfined key=(null)
[   18.730063] omarchy-m2 kernel: [UFW BLOCK] IN=wlan0 OUT= MAC=5c:e9:1e:be:44:b9:a6:da:85:b7:04:0e:08:00 SRC=192.168.11.147 DST=192.168.11.177 LEN=152 TOS=0x00 PREC=0x00 TTL=64 ID=11027 PROTO=UDP SPT=41641 DPT=41641 LEN=132 
[   20.418008] omarchy-m2 kernel: kauditd_printk_skb: 100 callbacks suppressed
[   20.418030] omarchy-m2 kernel: audit: type=1131 audit(1790061077.732:198): pid=1 uid=0 auid=4294967295 ses=4294967295 subj=unconfined msg='unit=NetworkManager-dispatcher comm="systemd" exe="/usr/lib/systemd/systemd" hostname=? addr=? terminal=? res=success'
[   35.793476] omarchy-m2 kernel: audit: type=1101 audit(1790061093.107:199): pid=4312 uid=1001 auid=1001 ses=1 subj=unconfined msg='op=PAM:accounting grantors=pam_unix,pam_permit,pam_time acct="oliver" exe="/usr/bin/sudo" hostname=? addr=? terminal=? res=success'
[   35.793502] omarchy-m2 kernel: audit: type=1110 audit(1790061093.108:200): pid=4312 uid=1001 auid=1001 ses=1 subj=unconfined msg='op=PAM:setcred grantors=pam_faillock,pam_permit,pam_env,pam_faillock acct="root" exe="/usr/bin/sudo" hostname=? addr=? terminal=? res=success'
[   35.794005] omarchy-m2 kernel: audit: type=1105 audit(1790061093.108:201): pid=4312 uid=1001 auid=1001 ses=1 subj=unconfined msg='op=PAM:session_open grantors=pam_systemd_home,pam_limits,pam_unix,pam_permit,pam_systemd acct="root" exe="/usr/bin/sudo" hostname=? addr=? terminal=? res=success'
[   35.840032] omarchy-m2 kernel: audit: type=1106 audit(1790061093.154:202): pid=4312 uid=1001 auid=1001 ses=1 subj=unconfined msg='op=PAM:session_close grantors=pam_systemd_home,pam_limits,pam_unix,pam_permit,pam_systemd acct="root" exe="/usr/bin/sudo" hostname=? addr=? terminal=? res=success'
[   35.840043] omarchy-m2 kernel: audit: type=1104 audit(1790061093.154:203): pid=4312 uid=1001 auid=1001 ses=1 subj=unconfined msg='op=PAM:setcred grantors=pam_faillock,pam_permit,pam_env,pam_faillock acct="root" exe="/usr/bin/sudo" hostname=? addr=? terminal=? res=success'
[   41.296018] omarchy-m2 kernel: audit: type=1131 audit(1790061098.609:204): pid=1 uid=0 auid=4294967295 ses=4294967295 subj=unconfined msg='unit=systemd-hostnamed comm="systemd" exe="/usr/lib/systemd/systemd" hostname=? addr=? terminal=? res=success'
[   41.339005] omarchy-m2 kernel: audit: type=1334 audit(1790061098.653:205): prog-id=38 op=UNLOAD
[  159.170350] omarchy-m2 kernel: audit: type=1101 audit(1790061216.483:206): pid=6255 uid=1001 auid=1001 ses=1 subj=unconfined msg='op=PAM:accounting grantors=pam_unix,pam_permit,pam_time acct="oliver" exe="/usr/bin/sudo" hostname=? addr=? terminal=? res=success'
[  159.170457] omarchy-m2 kernel: audit: type=1110 audit(1790061216.484:207): pid=6255 uid=1001 auid=1001 ses=1 subj=unconfined msg='op=PAM:setcred grantors=pam_faillock,pam_permit,pam_env,pam_faillock acct="root" exe="/usr/bin/sudo" hostname=? addr=? terminal=? res=success'
[  159.170521] omarchy-m2 kernel: audit: type=1105 audit(1790061216.484:208): pid=6255 uid=1001 auid=1001 ses=1 subj=unconfined msg='op=PAM:session_open grantors=pam_systemd_home,pam_limits,pam_unix,pam_permit,pam_systemd acct="root" exe="/usr/bin/sudo" hostname=? addr=? terminal=? res=success'
[  166.705268] omarchy-m2 kernel: audit: type=1106 audit(1790061224.019:209): pid=6255 uid=1001 auid=1001 ses=1 subj=unconfined msg='op=PAM:session_close grantors=pam_systemd_home,pam_limits,pam_unix,pam_permit,pam_systemd acct="root" exe="/usr/bin/sudo" hostname=? addr=? terminal=? res=success'
[  166.705301] omarchy-m2 kernel: audit: type=1104 audit(1790061224.019:210): pid=6255 uid=1001 auid=1001 ses=1 subj=unconfined msg='op=PAM:setcred grantors=pam_faillock,pam_permit,pam_env,pam_faillock acct="root" exe="/usr/bin/sudo" hostname=? addr=? terminal=? res=success'
[  317.487033] omarchy-m2 kernel: macsmc 2a2400000.smc: RTKit: syslog message: aceElec.cpp:1151:         Elec: Elec Cause 0x20
[  317.672006] omarchy-m2 kernel: macsmc 2a2400000.smc: RTKit: syslog message: aceElec.cpp:1151:         Elec: Elec Cause 0x200000
[  318.129020] omarchy-m2 kernel: apple-dcp 315c00000.dcp: typec mux set typec2 alt=0000000000000000 svid=0000 mode=4 dp=0 usb4=1 tbt=0 usb4_xbar=yes
[  318.129274] omarchy-m2 kernel: apple-dcp 315c00000.dcp: dcp_dptx_disconnect(port=0)
[  318.129420] omarchy-m2 kernel: apple-display-crossbar f0304c000.mux: Switched dpin0 to dispext1,0 (t602x atc=0x1 mux=0x2002)
[  318.129539] omarchy-m2 kernel: apple-display-crossbar f0304c000.mux: t602x dpin0: 000=00000004 004=000001fb 008=00000004 00c=00000004 014=000001fb 018=00000010 01c=00000001 024=00000110 028=00000001 02c=00000004 030=00002002 034=00000001 040=0005ad6b 044=02b5ad6b 048=00000000 04c=00000000 050=00000000 060=00000000 070=00000000
[  318.129683] omarchy-m2 kernel: apple-display-crossbar f0304c000.mux: t602x dpin0 clk: 000=00000004 800=00000000 020=00000000 820=00000000 024=00000110 81c=00000110
[  318.129773] omarchy-m2 kernel: apple-dcp 315c00000.dcp: allocated Type-C DPTX PHY 4 (USB4 DP IN, ACIO AUX)
[  318.129843] omarchy-m2 kernel: apple-dcp 315c00000.dcp: USB4 dpin mux typec2; waiting for DP IN HPD
[  318.131011] omarchy-m2 kernel: thunderbolt-apple-acio f01ac0000.cio: RTKit: Initializing (protocol version 12)
[  318.131164] omarchy-m2 kernel: thunderbolt-apple-acio f01ac0000.cio: RTKit: syslog message: main.c:60: #ACIO FW IS READY# FW_VERSION_STRING=AppleCIOFirmware-475~290__2026-04-18-18:18
[  318.131249] omarchy-m2 kernel: thunderbolt-apple-acio f01ac0000.cio: RTKit: syslog message: main.c:61: FW state=1
[  318.131322] omarchy-m2 kernel: apple-dart f01a80000.iommu: DART [pagesize 4000, 16 streams, bypass support: 1, bypass forced: 0, locked: 0, AS 42 -> 42] initialized
[  318.132009] omarchy-m2 kernel: thunderbolt-apple-nhi f01f00000.nhi: device links to tunneled native ports are missing!
[  318.141005] omarchy-m2 kernel: thunderbolt-apple-acio f01ac0000.cio: RTKit: syslog message: lane_init.c:181: Entering Phase 1. action=0
[  318.141127] omarchy-m2 kernel: thunderbolt-apple-acio f01ac0000.cio: RTKit: syslog message: lane_init.c:78: Lane init parmas = 0x00000011
[  318.163013] omarchy-m2 kernel: phy-apple-atc f03000000.phy: ATCPHY_PIPEHANDLER_STATE_USB4 not implemented; falling back to USB2
[  318.163331] omarchy-m2 kernel: xhci-hcd xhci-hcd.3.auto: xHCI Host Controller
[  318.163514] omarchy-m2 kernel: xhci-hcd xhci-hcd.3.auto: new USB bus registered, assigned bus number 1
[  318.163649] omarchy-m2 kernel: xhci-hcd xhci-hcd.3.auto: hcc params 0x0238ffcd hci version 0x110 quirks 0x0000808000000010
[  318.163795] omarchy-m2 kernel: xhci-hcd xhci-hcd.3.auto: irq 167, io mem 0xf02280000
[  318.163940] omarchy-m2 kernel: phy-apple-atc f03000000.phy: ATCPHY_PIPEHANDLER_STATE_USB4 not implemented; falling back to USB2
[  318.164100] omarchy-m2 kernel: xhci-hcd xhci-hcd.3.auto: xHCI Host Controller
[  318.164271] omarchy-m2 kernel: xhci-hcd xhci-hcd.3.auto: new USB bus registered, assigned bus number 2
[  318.164445] omarchy-m2 kernel: xhci-hcd xhci-hcd.3.auto: Host supports USB 3.1 Enhanced SuperSpeed
[  318.164607] omarchy-m2 kernel: usb usb1: New USB device found, idVendor=1d6b, idProduct=0002, bcdDevice= 7.01
[  318.164798] omarchy-m2 kernel: usb usb1: New USB device strings: Mfr=3, Product=2, SerialNumber=1
[  318.164932] omarchy-m2 kernel: usb usb1: Product: xHCI Host Controller
[  318.165090] omarchy-m2 kernel: usb usb1: Manufacturer: Linux 7.1.12-2.5-1-ARCH xhci-hcd
[  318.165234] omarchy-m2 kernel: usb usb1: SerialNumber: xhci-hcd.3.auto
[  318.165373] omarchy-m2 kernel: hub 1-0:1.0: USB hub found
[  318.165549] omarchy-m2 kernel: hub 1-0:1.0: 1 port detected
[  318.165729] omarchy-m2 kernel: usb usb2: We don't know the algorithms for LPM for this host, disabling LPM.
[  318.166010] omarchy-m2 kernel: usb usb2: New USB device found, idVendor=1d6b, idProduct=0003, bcdDevice= 7.01
[  318.166250] omarchy-m2 kernel: usb usb2: New USB device strings: Mfr=3, Product=2, SerialNumber=1
[  318.166493] omarchy-m2 kernel: usb usb2: Product: xHCI Host Controller
[  318.166724] omarchy-m2 kernel: usb usb2: Manufacturer: Linux 7.1.12-2.5-1-ARCH xhci-hcd
[  318.166919] omarchy-m2 kernel: usb usb2: SerialNumber: xhci-hcd.3.auto
[  318.167119] omarchy-m2 kernel: hub 2-0:1.0: USB hub found
[  318.167305] omarchy-m2 kernel: hub 2-0:1.0: 1 port detected
[  318.179006] omarchy-m2 kernel: audit: type=1130 audit(1790061375.493:211): pid=1 uid=0 auid=4294967295 ses=4294967295 subj=unconfined msg='unit=bolt comm="systemd" exe="/usr/lib/systemd/systemd" hostname=? addr=? terminal=? res=success'
[  318.191014] omarchy-m2 kernel: thunderbolt-apple-acio f01ac0000.cio: RTKit: syslog message: lane_init.c:343: Entering Phase 2
[  318.207027] omarchy-m2 kernel: thunderbolt-apple-acio f01ac0000.cio: RTKit: syslog message: lane_init.c:396: Entering Phase 3
[  318.208024] omarchy-m2 kernel: thunderbolt-apple-acio f01ac0000.cio: RTKit: syslog message: lane_init.c:882: Got AT register 12. 3 bytes. 0x00 0xf3 0x5f
[  318.208342] omarchy-m2 kernel: thunderbolt-apple-acio f01ac0000.cio: RTKit: syslog message: lane_init.c:1024: Entering Connected
[  318.208638] omarchy-m2 kernel: thunderbolt-apple-acio f01ac0000.cio: RTKit: syslog message: high_speed_lane.c:2212: RT Broadcast LOCAL: gen=2, legacy=0, rs_fec=1, usb4=1, l0_en=1, l1_en=1
[  318.208920] omarchy-m2 kernel: thunderbolt-apple-acio f01ac0000.cio: RTKit: syslog message: high_speed_lane.c:2212: RT Broadcast LOCAL: gen=2, legacy=0, rs_fec=1, usb4=1, l0_en=1, l1_en=1
[  318.243026] omarchy-m2 kernel: thunderbolt-apple-acio f01ac0000.cio: RTKit: syslog message: high_speed_lane.c:2219: RT Broadcast REMOTE: gen=2, legacy=0, rs_fec=1, usb4=1, l0_en=1, l1_en=1
[  318.243349] omarchy-m2 kernel: thunderbolt-apple-acio f01ac0000.cio: RTKit: syslog message: high_speed_lane.c:2219: RT Broadcast REMOTE: gen=2, legacy=0, rs_fec=1, usb4=1, l0_en=1, l1_en=1
[  318.402104] omarchy-m2 kernel: usb 1-1: new high-speed USB device number 2 using xhci-hcd
[  318.430025] omarchy-m2 kernel: macsmc 2a2400000.smc: RTKit: syslog message: charger.cpp:3180: Not charging:0
[  318.480022] omarchy-m2 kernel: thunderbolt-apple-acio f01ac0000.cio: RTKit: syslog message: high_speed_lane.c:289: Gen2/3 link error. lane=0, error=84
[  318.480373] omarchy-m2 kernel: thunderbolt-apple-acio f01ac0000.cio: RTKit: syslog message: high_speed_lane.c:289: Gen2/3 link error. lane=1, error=84
[  318.480655] omarchy-m2 kernel: thunderbolt-apple-acio f01ac0000.cio: RTKit: syslog message: lane_training_cl0.c:24: Gen2/3 lane=0 entered CL0!
[  318.480958] omarchy-m2 kernel: thunderbolt-apple-acio f01ac0000.cio: RTKit: syslog message: lane_training_cl0.c:24: Gen2/3 lane=1 entered CL0!
[  318.498012] omarchy-m2 kernel: thunderbolt 0-1: new device found, vendor=0x5a device=0xde81
[  318.498413] omarchy-m2 kernel: thunderbolt 0-1: Other World Computing Thunderbolt 5 Hub
[  318.525025] omarchy-m2 kernel: usb 1-1: New USB device found, idVendor=1d5c, idProduct=5801, bcdDevice= 1.01
[  318.525280] omarchy-m2 kernel: usb 1-1: New USB device strings: Mfr=1, Product=2, SerialNumber=0
[  318.525436] omarchy-m2 kernel: usb 1-1: Product: USB2.0 Hub
[  318.525572] omarchy-m2 kernel: usb 1-1: Manufacturer: Fresco Logic, Inc.
[  318.531014] omarchy-m2 kernel: hub 1-1:1.0: USB hub found
[  318.531285] omarchy-m2 kernel: hub 1-1:1.0: 5 ports detected
[  318.723006] omarchy-m2 kernel: thunderbolt 0-0:1.1: new retimer found, vendor=0x5ac device=0x2200
[  318.825077] omarchy-m2 kernel: thunderbolt-apple-acio f01ac0000.cio: RTKit: syslog message: clx.c:776: CLX CFG: clx_en changed 0x0 --> 0x0
[  318.825464] omarchy-m2 kernel: thunderbolt-apple-acio f01ac0000.cio: RTKit: syslog message: clx.c:776: CLX CFG: clx_en changed 0x0 --> 0x3
[  319.073088] omarchy-m2 kernel: usb 1-1.1: new full-speed USB device number 3 using xhci-hcd
[  319.157028] omarchy-m2 kernel: thunderbolt-apple-acio f01ac0000.cio: RTKit: syslog message: iguration_space_tx.c:57: TX path: src port=14, null port=0, hopid=8
[  319.157404] omarchy-m2 kernel: thunderbolt-apple-acio f01ac0000.cio: RTKit: syslog message: ration_space_null.c:140: RX path: null port=0, queue=1, target port=14, hopid=8
[  319.159017] omarchy-m2 kernel: thunderbolt-apple-acio f01ac0000.cio: RTKit: syslog message: iguration_space_tx.c:57: TX path: src port=13, null port=0, hopid=9
[  319.159482] omarchy-m2 kernel: usb 1-1.1: New USB device found, idVendor=1e91, idProduct=de81, bcdDevice= 0.04
[  319.159936] omarchy-m2 kernel: usb 1-1.1: New USB device strings: Mfr=1, Product=2, SerialNumber=3
[  319.160340] omarchy-m2 kernel: thunderbolt-apple-acio f01ac0000.cio: RTKit: syslog message: ration_space_null.c:140: RX path: null port=0, queue=2, target port=13, hopid=8
[  319.160702] omarchy-m2 kernel: usb 1-1.1: Product: Thunderbolt 5 Hub
[  319.161019] omarchy-m2 kernel: usb 1-1.1: Manufacturer: Other World Computing
[  319.161328] omarchy-m2 kernel: usb 1-1.1: SerialNumber: 0052
[  319.161661] omarchy-m2 kernel: thunderbolt-apple-acio f01ac0000.cio: error -ENODEV: PCIe-C requires a successful m1n1 preinit handoff
[  319.162055] omarchy-m2 kernel: thunderbolt-apple-acio f01ac0000.cio: deferred PCIe-C activation failed: -19
[  319.243029] omarchy-m2 kernel: usb 1-1.2: new high-speed USB device number 4 using xhci-hcd
[  319.328111] omarchy-m2 kernel: usb 1-1.2: New USB device found, idVendor=06cb, idProduct=7100, bcdDevice= 1.c4
[  319.328530] omarchy-m2 kernel: usb 1-1.2: New USB device strings: Mfr=1, Product=2, SerialNumber=3
[  319.328915] omarchy-m2 kernel: usb 1-1.2: Product: VMM7100
[  319.329327] omarchy-m2 kernel: usb 1-1.2: Manufacturer: Synaptics
[  319.329703] omarchy-m2 kernel: usb 1-1.2: SerialNumber: 000000000000
[  319.352018] omarchy-m2 kernel: usbhid 1-1.2:1.0: couldn't find an input interrupt endpoint
[  319.352621] omarchy-m2 kernel: usbcore: registered new interface driver usbhid
[  319.352650] omarchy-m2 kernel: usbhid: USB HID core driver
[  319.868035] omarchy-m2 kernel: thunderbolt-apple-acio f01ac0000.cio: RTKit: syslog message: iguration_space_tx.c:57: TX path: src port=15, null port=0, hopid=10
[  319.869141] omarchy-m2 kernel: thunderbolt-apple-acio f01ac0000.cio: RTKit: syslog message: iguration_space_tx.c:57: TX path: src port=16, null port=0, hopid=11
[  319.869783] omarchy-m2 kernel: thunderbolt-apple-acio f01ac0000.cio: RTKit: syslog message: ration_space_null.c:140: RX path: null port=0, queue=3, target port=16, hopid=8
[  319.870394] omarchy-m2 kernel: thunderbolt-apple-nhi f01f00000.nhi: 0:5: USB4 DPTX Discovery closed (CS13 writable, CS9 static); AE=0 VE=0
[  319.871229] omarchy-m2 kernel: thunderbolt-apple-nhi f01f00000.nhi: 0:5: DP IN CS0=c0090400 CS1=00004008 CS2=241021c2 CS3=00000000 LOCAL=15402334 REMOTE=0547a135 STAT=00000000 COMMON=15402134 CS8=00000000 VE=1 AE=1 HPD=1 DPRX=0
[  319.871878] omarchy-m2 kernel: thunderbolt-apple-nhi f01f00000.nhi: 1:19: DP OUT CS0=c0090400 CS1=00004008 CS2=00000040 CS3=00000000 LOCAL=05c7a335 REMOTE=15402334 STAT=04000000 COMMON=05402334 CS8=00000000 VE=1 AE=1 HPD=1 DPRX=0
[  319.872602] omarchy-m2 kernel: thunderbolt-apple-nhi f01f00000.nhi: 0:5 <-> 1:19 (DP): Apple: DP IN HPD=1 typec=2 (DPTX should use this adapter, not ATC)
[  319.873258] omarchy-m2 kernel: thunderbolt-apple-nhi f01f00000.nhi: DP IN analog/AUX serializer: tunnel 0:5 <-> 1:19
[  319.873901] omarchy-m2 kernel: thunderbolt-apple-acio f01ac0000.cio: ACIO RC ctrl 0x0: 000=00003010 004=00000011 018=00040000 01c=00000001 024=09600258 028=00000001 030=000007af 034=00000001 038=00000001 03c=218a6e5e 040=00000079 044=00000001 048=00000001 060=00000001 064=00000001 068=00000001 070=00000001 074=00000001 078=00000003 0a8=01000000 0ac=04000001 0d0=00000062
[  319.874531] omarchy-m2 kernel: thunderbolt-apple-nhi f01f00000.nhi: 0: Apple VSE cap=53: 00=ca0005ff 01=00000011 02=00000000 03=00000000 04=00000000 05=00000000 06=00000000 07=00000000 08=00000000 09=00000000 0a=00000000 0b=00000000 0c=00000fff 0d=00000fff 0e=00000000 0f=00000000
[  319.874996] omarchy-m2 kernel: thunderbolt-apple-nhi f01f00000.nhi: DP IN analog block 0x4000 (port 5) dpin_aux=0 (0=hands-off)
[  319.875327] omarchy-m2 kernel: thunderbolt-apple-nhi f01f00000.nhi: DP IN analog: leaving PHY alone until DPRX timeout
[  319.875629] omarchy-m2 kernel: thunderbolt-apple-nhi f01f00000.nhi: 0:5: host DP IN type=0e0101 cap=9 CS0=c0090400 CS1=00004008 CS2=241021c2 CS3=00000000 LOCAL=15402334 REMOTE=0547a135 STAT=00000000 COMMON=15402134 CS8=00000000 CS9=41000553 CS10=00000000 ADP_CS4=0b300000 VE=1 AE=1 HPD=1 DPRX=0 LCK=0
[  319.875932] omarchy-m2 kernel: thunderbolt-apple-nhi f01f00000.nhi: 0:5: host DP IN CS11=00000000 CS12=00000000 CS13=00000000 CS14=00000000 CS15=00000000 CS16=00000000 disc=0
[  319.876252] omarchy-m2 kernel: thunderbolt-apple-nhi f01f00000.nhi: 0:6: host DP IN type=0e0101 cap=9 CS0=00090400 CS1=00004008 CS2=00000000 CS3=00000000 LOCAL=15402334 REMOTE=00000000 STAT=00000000 COMMON=00000000 CS8=00000000 CS9=41000553 CS10=00000000 ADP_CS4=0b300000 VE=0 AE=0 HPD=0 DPRX=0 LCK=0
[  319.876550] omarchy-m2 kernel: thunderbolt-apple-nhi f01f00000.nhi: 0:6: host DP IN CS11=00000000 CS12=00000000 CS13=00000000 CS14=00000000 CS15=00000000 CS16=00000000 disc=0
[  319.876862] omarchy-m2 kernel: thunderbolt-apple-nhi f01f00000.nhi: 0:5: DP IN hop 8 enable=1 out=1 next=11 credits=1
[  319.877178] omarchy-m2 kernel: thunderbolt-apple-nhi f01f00000.nhi: 0:5: DP IN hop 9 enable=1 out=1 next=10 credits=0
[  319.877477] omarchy-m2 kernel: thunderbolt-apple-nhi f01f00000.nhi: 1:19: hub DP OUT type=0e0102 cap=57 CS0=c0090400 CS1=00004008 CS2=00000040 CS3=00000000 LOCAL=05c7a335 REMOTE=15402334 STAT=04000000 COMMON=05402334 CS8=00000000 CS9=00000000 CS10=00000000 ADP_CS4=40800000 VE=1 AE=1 HPD=1 DPRX=0 LCK=0
[  319.877775] omarchy-m2 kernel: thunderbolt-apple-nhi f01f00000.nhi: 1:19: hub DP OUT CS11=00000000 CS12=00000000 CS13=00000000 CS14=00000000 CS15=00000000 CS16=00000000 disc=0
[  319.878090] omarchy-m2 kernel: thunderbolt-apple-nhi f01f00000.nhi: 0:5 <-> 1:19 (DP): Apple: DP tunnel paths up, not waiting for DPRX
[  319.936025] omarchy-m2 kernel: appledrm: DP IN HPD=1 typec2, dpin mux only (ACIO AUX, no DPTX PHY)
[  319.936075] omarchy-m2 kernel: apple-dcp 315c00000.dcp: USB4 DP IN armed typec2; DPTX HPD in 200 ms (no PHY connect)
[  320.144104] omarchy-m2 kernel: apple-dcp 315c00000.dcp: dcp_dptx_connect(port=0) target=0:4 typec=1 route=borrowed conn_type=20 connected=0
[  320.144526] omarchy-m2 kernel: apple-dcp 315c00000.dcp: USB4 protocol probe: target=0x8021 typec2, PHY absent, one attempt
[  320.144860] omarchy-m2 kernel: apple-dcp 315c00000.dcp: DPTX validate target=0x8021 core=1 atc=2 die=0 or=0x0
[  320.145196] omarchy-m2 kernel: apple-dcp 315c00000.dcp: USB4 protocol probe: validate=0
[  320.145532] omarchy-m2 kernel: apple-dcp 315c00000.dcp: DPTX connect target=0x8021 unk=0x100
[  320.145847] omarchy-m2 kernel: apple-dcp 315c00000.dcp: USB4 protocol probe: connect=0
[  320.146145] omarchy-m2 kernel: apple-dcp 315c00000.dcp: RTKit: syslog message: AppleDCPDPTX.cpp:355: [AFK]powering nub 0x854e10
[  320.146450] omarchy-m2 kernel: apple-dcp 315c00000.dcp: DPTXPort: APCALL 18 (32 bytes)
[  320.146735] omarchy-m2 kernel: apple-dcp 315c00000.dcp: DPTXPort: GET_SUPPORTS_HPD 1 usb4=1
[  320.147030] omarchy-m2 kernel: apple-dcp 315c00000.dcp: DPTXPort: APCALL 10 (32 bytes)
[  320.147327] omarchy-m2 kernel: apple-dcp 315c00000.dcp: get_max_lane_count: USB4 DP IN, 4 lanes
[  320.147610] omarchy-m2 kernel: apple-dcp 315c00000.dcp: DPTXPort: APCALL 0 (16 bytes)
[  320.147873] omarchy-m2 kernel: apple-display-crossbar f0304c000.mux: Switched dpin0 to disconnected state
[  320.148173] omarchy-m2 kernel: apple-display-crossbar f0304c000.mux: t602x idle: 000=00000000 004=000001ff 008=00000000 00c=00000000 014=000001ff 018=00000000 01c=00000000 024=00000111 028=00000000 02c=00000000 030=00000000 034=00000000 040=0005ad6b 044=02b5ad6b 048=00000000 04c=00000000 050=00000000 060=00000000 070=00000000
[  320.148455] omarchy-m2 kernel: apple-display-crossbar f0304c000.mux: t602x idle clk: 000=00000000 800=00000000 020=00000000 820=00000000 024=00000111 81c=00000111
[  320.148763] omarchy-m2 kernel: apple-display-crossbar f0304c000.mux: Switched dpin0 to dispext1,0 (t602x atc=0x1 mux=0x2002)
[  320.149105] omarchy-m2 kernel: apple-display-crossbar f0304c000.mux: t602x dpin0: 000=00000004 004=000001fb 008=00000004 00c=00000004 014=000001fb 018=00000010 01c=00000001 024=00000110 028=00000001 02c=00000004 030=00002002 034=00000001 040=0005ad6b 044=02b5ad6b 048=00000000 04c=00000000 050=00000000 060=00000000 070=00000000
[  320.149439] omarchy-m2 kernel: apple-display-crossbar f0304c000.mux: t602x dpin0 clk: 000=00000004 800=00000000 020=00000000 820=00000000 024=00000110 81c=00000110
[  320.149755] omarchy-m2 kernel: thunderbolt-apple-acio f01ac0000.cio: native DPIN0: active=1 base=0x0000000f01e50000, CONTROL=0x0c ACK=0x10
[  320.150072] omarchy-m2 kernel: thunderbolt-apple-acio f01ac0000.cio: native DPIN0: active=1 handshake=0
[  320.150350] omarchy-m2 kernel: apple-dcp 315c00000.dcp: native DPIN0: DCP active=1 result=0
[  320.150634] omarchy-m2 kernel: apple-dcp 315c00000.dcp: USB4 protocol probe: request_display=0 modes=0
[  320.157030] omarchy-m2 kernel: apple-dcp 315c00000.dcp: RTKit: syslog message: DCPDP13Service.cpp:60: [AFK]version: 14
[  320.157315] omarchy-m2 kernel: apple-dcp 315c00000.dcp: RTKit: syslog message: DCPDPService.cpp:76: [AFK]version: 14
[  320.162016] omarchy-m2 kernel: apple-dcp 315c00000.dcp: AFK[ep:28]: new service DCPDP13Service on channel 1
[  320.166019] omarchy-m2 kernel: apple-dcp 315c00000.dcp: AFK[ep:28]: new service DCPDP13Service on channel 3
[  320.166308] omarchy-m2 kernel: apple-dcp 315c00000.dcp: USB4 protocol probe: HPD=0 cached_lanes=4 modes=0
[  320.166579] omarchy-m2 kernel: apple-dcp 315c00000.dcp: USB4 protocol probe finished: 0; no automatic retry
[  320.199021] omarchy-m2 kernel: apple-dcp 315c00000.dcp: DPTXPort: APCALL 21 (144 bytes)
[  320.201019] omarchy-m2 kernel: apple-dcp 315c00000.dcp: DPTXPort: APCALL 7 (32 bytes)
[  320.201325] omarchy-m2 kernel: apple-dcp 315c00000.dcp: DPTXPort: APCALL 13 (32 bytes)
[  320.201601] omarchy-m2 kernel: apple-dcp 315c00000.dcp: DPTXPort: APCALL 7 (32 bytes)
[  320.201881] omarchy-m2 kernel: apple-dcp 315c00000.dcp: DPTXPort: APCALL 15 (32 bytes)
[  320.202185] omarchy-m2 kernel: apple-dcp 315c00000.dcp: DPTXPort: APCALL 5 (16 bytes)
[  320.202463] omarchy-m2 kernel: apple-dcp 315c00000.dcp: DPTXPort: APCALL 12 (32 bytes)
[  320.202749] omarchy-m2 kernel: apple-dcp 315c00000.dcp: DPTXPort: APCALL 9 (32 bytes)
[  320.203020] omarchy-m2 kernel: apple-dcp 315c00000.dcp: DPTXPort: SET_LINK_RATE 0xa
[  320.203306] omarchy-m2 kernel: apple-dcp 315c00000.dcp: DPTXPort: APCALL 6 (16 bytes)
[  320.203582] omarchy-m2 kernel: apple-display-crossbar f0304c000.mux: Switched dpin0 to disconnected state
[  320.203844] omarchy-m2 kernel: apple-display-crossbar f0304c000.mux: t602x idle: 000=00000000 004=000001ff 008=00000000 00c=00000000 014=000001ff 018=00000000 01c=00000000 024=00000111 028=00000000 02c=00000000 030=00000000 034=00000000 040=0005ad6b 044=02b5ad6b 048=00000000 04c=00000000 050=00000000 060=00000000 070=00000000
[  320.204138] omarchy-m2 kernel: apple-display-crossbar f0304c000.mux: t602x idle clk: 000=00000000 800=00000000 020=00000000 820=00000000 024=00000111 81c=00000111
[  320.204410] omarchy-m2 kernel: apple-display-crossbar f0304c000.mux: Switched dpin0 to dispext1,0 (t602x atc=0x1 mux=0x2002)
[  320.204670] omarchy-m2 kernel: apple-display-crossbar f0304c000.mux: t602x dpin0: 000=00000004 004=000001fb 008=00000004 00c=00000004 014=000001fb 018=00000010 01c=00000001 024=00000110 028=00000001 02c=00000004 030=00002002 034=00000001 040=0005ad6b 044=02b5ad6b 048=00000000 04c=00000000 050=00000000 060=00000000 070=00000000
[  320.204948] omarchy-m2 kernel: apple-display-crossbar f0304c000.mux: t602x dpin0 clk: 000=00000004 800=00000000 020=00000000 820=00000000 024=00000110 81c=00000110
[  320.205217] omarchy-m2 kernel: apple-dcp 315c00000.dcp: native DPIN0: DCP active=1 result=0
[  320.205516] omarchy-m2 kernel: apple-dcp 315c00000.dcp: native DPIN0: link-config up rate=0xa result=0
[  320.213016] omarchy-m2 kernel: apple-dcp 315c00000.dcp: DPTXPort: APCALL 13 (32 bytes)
[  320.214023] omarchy-m2 kernel: apple-dcp 315c00000.dcp: DPTXPort: APCALL 12 (32 bytes)
[  320.214289] omarchy-m2 kernel: apple-dcp 315c00000.dcp: set_active_lane_count: unexpected lane count:4 phy: 0
[  320.214566] omarchy-m2 kernel: apple-dcp 315c00000.dcp: USB4/DPTX: SET_ACTIVE_LANE_COUNT 4
[  320.214839] omarchy-m2 kernel: apple-dcp 315c00000.dcp: DPTXPort: APCALL 3 (64 bytes)
[  320.215130] omarchy-m2 kernel: apple-dcp 315c00000.dcp: set_drive_settings: 4:0:14:0:0:0:0
[  320.215409] omarchy-m2 kernel: apple-dcp 315c00000.dcp: DPTXPort: APCALL 2 (32 bytes)
[  320.215673] omarchy-m2 kernel: apple-dcp 315c00000.dcp: DPTXPort: APCALL 3 (64 bytes)
[  320.215936] omarchy-m2 kernel: apple-dcp 315c00000.dcp: set_drive_settings: 4:0:0:0:0:0:0
[  320.216215] omarchy-m2 kernel: apple-dcp 315c00000.dcp: DPTXPort: APCALL 2 (32 bytes)
[  320.216501] omarchy-m2 kernel: apple-dcp 315c00000.dcp: DPTXPort: APCALL 3 (64 bytes)
[  320.216771] omarchy-m2 kernel: apple-dcp 315c00000.dcp: set_drive_settings: 4:0:0:0:0:0:0
[  320.217065] omarchy-m2 kernel: apple-dcp 315c00000.dcp: DPTXPort: APCALL 2 (32 bytes)
[  320.218022] omarchy-m2 kernel: apple-dcp 315c00000.dcp: DPTXPort: APCALL 3 (64 bytes)
[  320.218303] omarchy-m2 kernel: apple-dcp 315c00000.dcp: set_drive_settings: 4:0:0:0:0:0:0
[  320.218566] omarchy-m2 kernel: apple-dcp 315c00000.dcp: DPTXPort: APCALL 2 (32 bytes)
[  320.336027] omarchy-m2 kernel: apple-dcp 315c00000.dcp: RTKit: syslog message: eoInterfaceIOAV.cpp:135: IOMFB: IOAVVideoInterface published
[  320.336312] omarchy-m2 kernel: apple-dcp 315c00000.dcp: RTKit: syslog message: eoInterfaceIOAV.cpp:714: IOMFBStatus VideoInterfaceIOAV::plug_gated(IOAVVideoInterface *, bool): display HPD asserted
[  320.341025] omarchy-m2 kernel: apple-dcp 315c00000.dcp: RTKit: syslog message: oInterfaceIOAV.cpp:1701: Got peer ID 1
[  320.341317] omarchy-m2 kernel: apple-dcp 315c00000.dcp: RTKit: syslog message: oInterfaceIOAV.cpp:1701: Got peer ID 1
[  320.341595] omarchy-m2 kernel: apple-dcp 315c00000.dcp: RTKit: syslog message: oInterfaceIOAV.cpp:1701: Got peer ID 1
[  320.341872] omarchy-m2 kernel: apple-dcp 315c00000.dcp: RTKit: syslog message: oInterfaceIOAV.cpp:1701: Got peer ID 1
[  320.342159] omarchy-m2 kernel: apple-dcp 315c00000.dcp: RTKit: syslog message: oInterfaceIOAV.cpp:1701: Got peer ID 1
[  320.342433] omarchy-m2 kernel: apple-dcp 315c00000.dcp: RTKit: syslog message: oInterfaceIOAV.cpp:1701: Got peer ID 1
[  320.342731] omarchy-m2 kernel: apple-dcp 315c00000.dcp: RTKit: syslog message: oInterfaceIOAV.cpp:1701: Got peer ID 1
[  320.343018] omarchy-m2 kernel: apple-dcp 315c00000.dcp: RTKit: syslog message: oInterfaceIOAV.cpp:1701: Got peer ID 1
[  320.343281] omarchy-m2 kernel: apple-dcp 315c00000.dcp: RTKit: syslog message: oInterfaceIOAV.cpp:1701: Got peer ID 1
[  320.343555] omarchy-m2 kernel: apple-dcp 315c00000.dcp: RTKit: syslog message: oInterfaceIOAV.cpp:1701: Got peer ID 1
[  320.343834] omarchy-m2 kernel: apple-dcp 315c00000.dcp: RTKit: syslog message: oInterfaceIOAV.cpp:1701: Got peer ID 1
[  320.344124] omarchy-m2 kernel: apple-dcp 315c00000.dcp: RTKit: syslog message: oInterfaceIOAV.cpp:1701: Got peer ID 1
[  320.344400] omarchy-m2 kernel: apple-dcp 315c00000.dcp: RTKit: syslog message: oInterfaceIOAV.cpp:1701: Got peer ID 1
[  320.344663] omarchy-m2 kernel: apple-dcp 315c00000.dcp: RTKit: syslog message: oInterfaceIOAV.cpp:1701: Got peer ID 1
[  320.344940] omarchy-m2 kernel: apple-dcp 315c00000.dcp: RTKit: syslog message: oInterfaceIOAV.cpp:1701: Got peer ID 1
[  320.345211] omarchy-m2 kernel: apple-dcp 315c00000.dcp: RTKit: syslog message: oInterfaceIOAV.cpp:1701: Got peer ID 1
[  320.345485] omarchy-m2 kernel: apple-dcp 315c00000.dcp: RTKit: syslog message: oInterfaceIOAV.cpp:1701: Got peer ID 1
[  320.345758] omarchy-m2 kernel: apple-dcp 315c00000.dcp: RTKit: syslog message: oInterfaceIOAV.cpp:1701: Got peer ID 1
[  320.346031] omarchy-m2 kernel: apple-dcp 315c00000.dcp: RTKit: syslog message: oInterfaceIOAV.cpp:1701: Got peer ID 1
[  320.346307] omarchy-m2 kernel: apple-dcp 315c00000.dcp: RTKit: syslog message: oInterfaceIOAV.cpp:1701: Got peer ID 1
[  320.346568] omarchy-m2 kernel: apple-dcp 315c00000.dcp: RTKit: syslog message: oInterfaceIOAV.cpp:1701: Got peer ID 1
[  320.346833] omarchy-m2 kernel: apple-dcp 315c00000.dcp: RTKit: syslog message: oInterfaceIOAV.cpp:1701: Got peer ID 1
[  320.347100] omarchy-m2 kernel: apple-dcp 315c00000.dcp: RTKit: syslog message: oInterfaceIOAV.cpp:1701: Got peer ID 1
[  320.347372] omarchy-m2 kernel: apple-dcp 315c00000.dcp: RTKit: syslog message: oInterfaceIOAV.cpp:1701: Got peer ID 1
[  320.347638] omarchy-m2 kernel: apple-dcp 315c00000.dcp: RTKit: syslog message: oInterfaceIOAV.cpp:1701: Got peer ID 1
[  320.347908] omarchy-m2 kernel: apple-dcp 315c00000.dcp: RTKit: syslog message: oInterfaceIOAV.cpp:1701: Got peer ID 1
[  320.348189] omarchy-m2 kernel: apple-dcp 315c00000.dcp: RTKit: syslog message: oInterfaceIOAV.cpp:1701: Got peer ID 1
[  320.348454] omarchy-m2 kernel: apple-dcp 315c00000.dcp: RTKit: syslog message: oInterfaceIOAV.cpp:1701: Got peer ID 1
[  320.348724] omarchy-m2 kernel: apple-dcp 315c00000.dcp: RTKit: syslog message: oInterfaceIOAV.cpp:1701: Got peer ID 1
[  320.348995] omarchy-m2 kernel: apple-dcp 315c00000.dcp: RTKit: syslog message: oInterfaceIOAV.cpp:1701: Got peer ID 1
[  320.349271] omarchy-m2 kernel: apple-dcp 315c00000.dcp: RTKit: syslog message: oInterfaceIOAV.cpp:1701: Got peer ID 1
[  320.349532] omarchy-m2 kernel: apple-dcp 315c00000.dcp: RTKit: syslog message: oInterfaceIOAV.cpp:1701: Got peer ID 1
[  320.349806] omarchy-m2 kernel: apple-dcp 315c00000.dcp: RTKit: syslog message: oInterfaceIOAV.cpp:1701: Got peer ID 1
[  320.350096] omarchy-m2 kernel: apple-dcp 315c00000.dcp: RTKit: syslog message: oInterfaceIOAV.cpp:1701: Got peer ID 1
[  320.350358] omarchy-m2 kernel: apple-dcp 315c00000.dcp: RTKit: syslog message: oInterfaceIOAV.cpp:1701: Got peer ID 1
[  320.350638] omarchy-m2 kernel: apple-dcp 315c00000.dcp: RTKit: syslog message: oInterfaceIOAV.cpp:1701: Got peer ID 1
[  320.350913] omarchy-m2 kernel: apple-dcp 315c00000.dcp: DCP property key=ColorElements bytes=5049 accepted=1 nr_modes=0
[  320.376030] omarchy-m2 kernel: thunderbolt-apple-nhi f01f00000.nhi: 0:5: DP IN CS changed CS0=c0090400 CS2=241021c2 CS9=41000553 CS13=00000000 COMMON=b7402134 VE=1 AE=1 HPD=1 DPRX=1 disc=0
[  320.376370] omarchy-m2 kernel: thunderbolt-apple-nhi f01f00000.nhi: 0:5: DP IN DPRX_DONE=1 (ACIO AUX completed)
[  320.376655] omarchy-m2 kernel: thunderbolt-apple-acio f01ac0000.cio: ACIO RC dpin0 analog DPRX done 0x4000: 000=80000000 004=00400040 008=00000004 00c=80000000 010=00000040 014=00000004 018=00000017 01c=00000010 020=00000000 024=00000004 028=80000000 02c=00000010 030=00000004 034=80000000 038=01010101 03c=00000101 040=00000001 044=01010101 048=00000001 04c=00000004 050=00000000 054=00000000 058=00000000
[  320.376956] omarchy-m2 kernel: thunderbolt-apple-acio f01ac0000.cio: ACIO RC dpin0 analog DPRX done 0x4000: 05c=00000000 060=00000000 064=00000000 068=00000000 06c=00000000 070=00000000 074=00000000 078=00000000 07c=00000000
[  320.377240] omarchy-m2 kernel: thunderbolt-apple-acio f01ac0000.cio: ACIO RC dpin1 analog 0x8000: 000=80000000 004=00040004 008=00000004 00c=00001005 010=00040004 014=00000000 018=00000004 01c=00000000 020=00040004 024=00000000 028=00000004 02c=80010000 030=00000004 034=80000000 038=00000004 03c=80000000 040=00000004 044=80000000 048=00000004 04c=80000000 050=00000004 054=80000000 058=00000004
[  320.377519] omarchy-m2 kernel: thunderbolt-apple-acio f01ac0000.cio: ACIO RC dpin1 analog 0x8000: 05c=80000000 060=00000004 064=00000000 068=00000000 06c=00000000 070=00000000 074=00000000 078=00000000 07c=00000000
[  320.402079] omarchy-m2 kernel: apple-dcp 315c00000.dcp: DCP property key=TimingElements bytes=205757 accepted=1 nr_modes=22
[  320.402389] omarchy-m2 kernel: apple-dcp 315c00000.dcp: DCP property key=DisplayAttributes bytes=1285 accepted=1 nr_modes=22
[  320.402665] omarchy-m2 kernel: apple-dcp 315c00000.dcp: DCP property key=Transport bytes=53 accepted=1 nr_modes=22
[  320.402960] omarchy-m2 kernel: apple-dcp 315c00000.dcp: RTKit: syslog message: oInterfaceIOAV.cpp:1701: Got peer ID 1
[  320.403279] omarchy-m2 kernel: apple-dcp 315c00000.dcp: cb_hotplug() connected:1, valid_mode:0 nr_modes:22
[  320.403600] omarchy-m2 kernel: apple-dcp 315c00000.dcp: dcp_hotplug() connected:1 valid_mode:0 nr_modes:22
[  320.419026] omarchy-m2 kernel: apple-dcp 315c00000.dcp: dcp_dptx_connect(port=0) target=0:4 typec=1 route=borrowed conn_type=20 connected=1
[  320.419332] omarchy-m2 kernel: apple-dcp 315c00000.dcp: dcp_poweron() starting
[  320.419638] omarchy-m2 kernel: apple-dcp 315c00000.dcp: RTKit: syslog message: FramebufferDCP.cpp:5931: IOMFBParameter_adaptive_sync Req minRR = 0x0, mediaTargetRate = 0x0, Fractional Rate = 0
[  320.419921] omarchy-m2 kernel: apple-dcp 315c00000.dcp: RTKit: syslog message: nifiedPipeline.cpp:1356: set_device_enabled_gated: current state: 0, requested state: 1
[  320.420219] omarchy-m2 kernel: apple-dcp 315c00000.dcp: RTKit: syslog message: PPipeDCP_H13P.cpp:10468: set_run_mode_safe: no need to defer: 0 -> 1
[  320.420542] omarchy-m2 kernel: apple-dcp 315c00000.dcp: RTKit: syslog message: PPipeDCP_H13P.cpp:10468: set_run_mode_safe: no need to defer: 1 -> 2
[  320.420848] omarchy-m2 kernel: apple-dcp 315c00000.dcp: read_edt_data key=initial-vbi-advance-lines count=1 default0=0x2 ret=0
[  320.421157] omarchy-m2 kernel: apple-dcp 315c00000.dcp: dcp_set_power_state_req returned, 9998 ms remaining
[  320.421459] omarchy-m2 kernel: apple-dcp 315c00000.dcp: set_digital_out_mode(color:88 timing:50) "2560x1440": 60 241500 2560 2608 2640 2720 1440 1443 1448 1481 0x48 0x0
[  320.421733] omarchy-m2 kernel: apple-dcp 315c00000.dcp: set_digital_out_mode() color mode depth:8 format:0 colorimetry:10 eotf:0 range:0 vrr:0
[  320.421996] omarchy-m2 kernel: apple-dcp 315c00000.dcp: RTKit: syslog message: nifiedPipeline.cpp:7462: set_digital_out_mode: Modeset requested for colorID: 88, timingID: 50
[  320.422272] omarchy-m2 kernel: apple-dcp 315c00000.dcp: RTKit: syslog message: PPipeDCP_H13P.cpp:18011: Dual pipe disabled offset 0
[  320.422536] omarchy-m2 kernel: apple-dcp 315c00000.dcp: RTKit: syslog message: PPipeDCP_H13P.cpp:10468: set_run_mode_safe: no need to defer: 2 -> 1
[  320.422820] omarchy-m2 kernel: apple-dcp 315c00000.dcp: RTKit: syslog message: PPipeDCP_H13P.cpp:10468: set_run_mode_safe: no need to defer: 1 -> 0
[  320.423093] omarchy-m2 kernel: apple-dcp 315c00000.dcp: RTKit: syslog message: nifiedPipeline.cpp:1356: set_device_enabled_gated: current state: 1, requested state: 0
[  320.622018] omarchy-m2 kernel: apple-dcp 315c00000.dcp: RTKit: syslog message: nifiedPipeline.cpp:7700: set_mode: timingID: 50 colorID: 88
[  320.623029] omarchy-m2 kernel: apple-dcp 315c00000.dcp: DPTXPort: APCALL 7 (32 bytes)
[  320.623123] omarchy-m2 kernel: apple-dcp 315c00000.dcp: DPTXPort: APCALL 13 (32 bytes)
[  320.623181] omarchy-m2 kernel: apple-dcp 315c00000.dcp: DPTXPort: APCALL 7 (32 bytes)
[  320.623238] omarchy-m2 kernel: apple-dcp 315c00000.dcp: DPTXPort: APCALL 14 (32 bytes)
[  320.623302] omarchy-m2 kernel: apple-dcp 315c00000.dcp: DPTXPort: APCALL 4 (64 bytes)
[  320.627025] omarchy-m2 kernel: apple-dcp 315c00000.dcp: RTKit: syslog message: PPipeDCP_H13P.cpp:11092: IOMFB updateFrequencies: minimum-frequency property not found, using getClockFrequency(0) instead.
[  320.627360] omarchy-m2 kernel: apple-dcp 315c00000.dcp: RTKit: syslog message: PPipeDCP_H13P.cpp:11109: IOMFB updateFrequencies EDT ERROR: getClockFrequency(0) (0) < videoClock 120749992! Giving up on frequencies.
[  320.627649] omarchy-m2 kernel: apple-dcp 315c00000.dcp: RTKit: syslog message: nifiedPipeline.cpp:7356: IOMFBStatus UnifiedPipeline::mode_set_gated(uint32_t, uint32_t): 2560x1440@59 Hz link: 1
[  320.627933] omarchy-m2 kernel: apple-dcp 315c00000.dcp: RTKit: syslog message: nifiedPipeline.cpp:1356: set_device_enabled_gated: current state: 0, requested state: 1
[  320.628275] omarchy-m2 kernel: apple-dcp 315c00000.dcp: RTKit: syslog message: PPipeDCP_H13P.cpp:10468: set_run_mode_safe: no need to defer: 0 -> 1
[  320.628549] omarchy-m2 kernel: apple-dcp 315c00000.dcp: RTKit: syslog message: ck_Config_H13P.cpp:1771: program_frame_size: pixel_clock 241500000, vid0 120750000, 000078c0 0000021f
[  320.628850] omarchy-m2 kernel: apple-dcp 315c00000.dcp: RTKit: syslog message: PPipeDCP_H13P.cpp:10468: set_run_mode_safe: no need to defer: 1 -> 2
[  320.629132] omarchy-m2 kernel: apple-dcp 315c00000.dcp: RTKit: syslog message: PPipeDCP_H13P.cpp:12351: IOMFB: Ext XPan M3 pixel_clock 241500000, htot 2720 vtot 1481
[  320.629414] omarchy-m2 kernel: apple-dcp 315c00000.dcp: RTKit: syslog message: PPipeDCP_H13P.cpp:12353: IOMFB: Ext XPan M3 SFM lines 1481, piodma_duration_lines 89, TSQ 1381
[  320.629684] omarchy-m2 kernel: apple-dcp 315c00000.dcp: RTKit: syslog message: PPipeDCP_H13P.cpp:12355: IOMFB: Ext XPan M3 SFM dur 400329, DisplayLead 27570
[  320.629991] omarchy-m2 kernel: apple-dcp 315c00000.dcp: read_edt_data key=initial-vbi-advance-lines count=1 default0=0x2 ret=0
[  320.630285] omarchy-m2 kernel: apple-dcp 315c00000.dcp: RTKit: syslog message: oTimingElement.cpp:1349: [AFK]SPLIT is 0
[  320.630557] omarchy-m2 kernel: apple-dcp 315c00000.dcp: RTKit: syslog message: PPipeDCP_H13P.cpp:10490: set_run_mode_safe: deferring: 2 -> 4
[  320.630838] omarchy-m2 kernel: apple-dcp 315c00000.dcp: RTKit: syslog message: PPipeDCP_H13P.cpp:10395: virtual IOMFBStatus IOMFB::UPPipeDCP_H13P::ready_for_run_mode_change(IOMFB::AppleRegisterStream *): initiating deferred run mod
[  320.631114] omarchy-m2 kernel: apple-dcp 315c00000.dcp: RTKit: syslog message: M3Hal_v1.cpp:197: IOMFB: load APT M3 IMem : size 0x7b40
[  320.631379] omarchy-m2 kernel: apple-dcp 315c00000.dcp: RTKit: syslog message: M3Hal_v1.cpp:197: IOMFB: load APT M3 DMem : size 0x6fd4
[  320.631653] omarchy-m2 kernel: apple-dcp 315c00000.dcp: RTKit: syslog message: CAHandler.cpp:188: IOMFB load_ca_data: Unrecognized data version 0 (expected 1 or 2)
[  320.631938] omarchy-m2 kernel: apple-dcp 315c00000.dcp: RTKit: syslog message: UPPipe.cpp:3767: IOMFB read_pmu_data_sync: pmu ram read error (e00002d8)
[  320.632226] omarchy-m2 kernel: apple-dcp 315c00000.dcp: RTKit: syslog message: PPipeDCP_H13P.cpp:14085: IOMFB Ext RTBandwidth: program_M3_rt_config: Using Dashboard 28e3d1218
[  320.632489] omarchy-m2 kernel: apple-dcp 315c00000.dcp: RTKit: syslog message: UPTSQManager.cpp:133: IOMFB: clearing M3 reset
[  320.632754] omarchy-m2 kernel: apple-dcp 315c00000.dcp: RTKit: syslog message: UPTSQ_Hal_v1.cpp:349: IOMFB: timebase_offset = 4
[  320.645023] omarchy-m2 kernel: apple-dcp 315c00000.dcp: RTKit: syslog message: UPTSQManager.cpp:105: IOMFB: switch to normal mode succeeded
[  320.645325] omarchy-m2 kernel: apple-dcp 315c00000.dcp: set_digital_out_mode finished:8276
[  324.335036] omarchy-m2 kernel: macsmc 2a2400000.smc: RTKit: syslog message: aceElec.cpp:1151:         Elec: Elec Cause 0x1000
[  347.661452] omarchy-m2 kernel: audit: type=1101 audit(1790061404.973:212): pid=13355 uid=1001 auid=1001 ses=1 subj=unconfined msg='op=PAM:accounting grantors=pam_unix,pam_permit,pam_time acct="oliver" exe="/usr/bin/sudo" hostname=? addr=? terminal=? res=success'
[  347.661566] omarchy-m2 kernel: audit: type=1110 audit(1790061404.974:213): pid=13355 uid=1001 auid=1001 ses=1 subj=unconfined msg='op=PAM:setcred grantors=pam_faillock,pam_permit,pam_env,pam_faillock acct="root" exe="/usr/bin/sudo" hostname=? addr=? terminal=? res=success'
[  347.661619] omarchy-m2 kernel: audit: type=1105 audit(1790061404.975:214): pid=13355 uid=1001 auid=1001 ses=1 subj=unconfined msg='op=PAM:session_open grantors=pam_systemd_home,pam_limits,pam_unix,pam_permit,pam_systemd acct="root" exe="/usr/bin/sudo" hostname=? addr=? terminal=? res=success'
