[Thu Sep 24 13:32:18 2026] apple-drm soc:display-subsystem: apple_plane_atomic_check: plane=35 crtc=50 mode=3456x2160 fb=3456x2160 OK
[Thu Sep 24 13:32:18 2026] apple-drm soc:display-subsystem: apple_plane_atomic_check: plane=35 crtc=50 mode=3456x2160 fb=3456x2160 OK
[Thu Sep 24 13:32:18 2026] apple-drm soc:display-subsystem: apple_plane_atomic_check: plane=35 crtc=50 mode=3456x2160 fb=3456x2160 OK
[Thu Sep 24 13:32:18 2026] apple-drm soc:display-subsystem: apple_plane_atomic_check: plane=35 crtc=50 mode=3456x2160 fb=3456x2160 OK
[Thu Sep 24 13:32:18 2026] apple-drm soc:display-subsystem: apple_plane_atomic_check: plane=35 crtc=50 mode=3456x2160 fb=3456x2160 OK
[Thu Sep 24 13:32:18 2026] apple-drm soc:display-subsystem: apple_plane_atomic_check: plane=35 crtc=50 mode=3456x2160 fb=3456x2160 OK
[Thu Sep 24 13:32:18 2026] apple-drm soc:display-subsystem: apple_plane_atomic_check: plane=35 crtc=50 mode=3456x2160 fb=3456x2160 OK
[Thu Sep 24 13:32:18 2026] apple-drm soc:display-subsystem: apple_plane_atomic_check: plane=35 crtc=50 mode=3456x2160 fb=3456x2160 OK
[Thu Sep 24 13:32:18 2026] apple-drm soc:display-subsystem: apple_plane_atomic_check: plane=35 crtc=50 mode=3456x2160 fb=3456x2160 OK
[Thu Sep 24 13:32:18 2026] apple-drm soc:display-subsystem: apple_plane_atomic_check: plane=35 crtc=50 mode=3456x2160 fb=3456x2160 OK
[Thu Sep 24 13:32:18 2026] apple-drm soc:display-subsystem: apple_plane_atomic_check: plane=35 crtc=50 mode=3456x2160 fb=3456x2160 OK
[Thu Sep 24 13:32:18 2026] apple-drm soc:display-subsystem: apple_plane_atomic_check: plane=35 crtc=50 mode=3456x2160 fb=3456x2160 OK
[Thu Sep 24 13:32:18 2026] apple-drm soc:display-subsystem: apple_plane_atomic_check: plane=35 crtc=50 mode=3456x2160 fb=3456x2160 OK
[Thu Sep 24 13:32:18 2026] apple-drm soc:display-subsystem: apple_plane_atomic_check: plane=35 crtc=50 mode=3456x2160 fb=3456x2160 OK
[Thu Sep 24 13:32:18 2026] apple-drm soc:display-subsystem: apple_plane_atomic_check: plane=35 crtc=50 mode=3456x2160 fb=3456x2160 OK
[Thu Sep 24 13:32:18 2026] apple-drm soc:display-subsystem: apple_plane_atomic_check: plane=35 crtc=50 mode=3456x2160 fb=3456x2160 OK
[Thu Sep 24 13:32:18 2026] apple-drm soc:display-subsystem: apple_plane_atomic_check: plane=35 crtc=50 mode=3456x2160 fb=3456x2160 OK
[Thu Sep 24 13:32:18 2026] apple-drm soc:display-subsystem: apple_plane_atomic_check: plane=35 crtc=50 mode=3456x2160 fb=3456x2160 OK
[Thu Sep 24 13:32:18 2026] apple-drm soc:display-subsystem: apple_plane_atomic_check: plane=35 crtc=50 mode=3456x2160 fb=3456x2160 OK
[Thu Sep 24 13:32:18 2026] apple-drm soc:display-subsystem: apple_plane_atomic_check: plane=35 crtc=50 mode=3456x2160 fb=3456x2160 OK
[Thu Sep 24 13:32:18 2026] apple-drm soc:display-subsystem: apple_plane_atomic_check: plane=35 crtc=50 mode=3456x2160 fb=3456x2160 OK
[Thu Sep 24 13:32:18 2026] apple-drm soc:display-subsystem: apple_plane_atomic_check: plane=35 crtc=50 mode=3456x2160 fb=3456x2160 OK
[Thu Sep 24 13:32:18 2026] apple-drm soc:display-subsystem: apple_plane_atomic_check: plane=35 crtc=50 mode=3456x2160 fb=3456x2160 OK
[Thu Sep 24 13:32:18 2026] apple-drm soc:display-subsystem: apple_plane_atomic_check: plane=35 crtc=50 mode=3456x2160 fb=3456x2160 OK
[Thu Sep 24 13:32:18 2026] apple-drm soc:display-subsystem: apple_plane_atomic_check: plane=35 crtc=50 mode=3456x2160 fb=3456x2160 OK
[Thu Sep 24 13:32:18 2026] apple-drm soc:display-subsystem: apple_plane_atomic_check: plane=35 crtc=50 mode=3456x2160 fb=3456x2160 OK
[Thu Sep 24 13:32:18 2026] apple-drm soc:display-subsystem: apple_plane_atomic_check: plane=35 crtc=50 mode=3456x2160 fb=3456x2160 OK
[Thu Sep 24 13:32:18 2026] apple-drm soc:display-subsystem: apple_plane_atomic_check: plane=35 crtc=50 mode=3456x2160 fb=3456x2160 OK
[Thu Sep 24 13:32:18 2026] apple-drm soc:display-subsystem: apple_plane_atomic_check: plane=35 crtc=50 mode=3456x2160 fb=3456x2160 OK
[Thu Sep 24 13:32:18 2026] apple-drm soc:display-subsystem: apple_plane_atomic_check: plane=35 crtc=50 mode=3456x2160 fb=3456x2160 OK
[Thu Sep 24 13:32:18 2026] apple-drm soc:display-subsystem: apple_plane_atomic_check: plane=35 crtc=50 mode=3456x2160 fb=3456x2160 OK
[Thu Sep 24 13:32:18 2026] apple-drm soc:display-subsystem: apple_plane_atomic_check: plane=35 crtc=50 mode=3456x2160 fb=3456x2160 OK
[Thu Sep 24 13:32:18 2026] apple-drm soc:display-subsystem: apple_plane_atomic_check: plane=35 crtc=50 mode=3456x2160 fb=3456x2160 OK
[Thu Sep 24 13:32:19 2026] apple-drm soc:display-subsystem: apple_plane_atomic_check: plane=35 crtc=50 mode=3456x2160 fb=3456x2160 OK
[Thu Sep 24 13:32:19 2026] apple-drm soc:display-subsystem: apple_plane_atomic_check: plane=35 crtc=50 mode=3456x2160 fb=3456x2160 OK
[Thu Sep 24 13:32:19 2026] apple-drm soc:display-subsystem: apple_plane_atomic_check: plane=35 crtc=50 mode=3456x2160 fb=3456x2160 OK
[Thu Sep 24 13:32:19 2026] apple-drm soc:display-subsystem: apple_plane_atomic_check: plane=35 crtc=50 mode=3456x2160 fb=3456x2160 OK
[Thu Sep 24 13:32:19 2026] apple-drm soc:display-subsystem: apple_plane_atomic_check: plane=35 crtc=50 mode=3456x2160 fb=3456x2160 OK
[Thu Sep 24 13:32:19 2026] apple-drm soc:display-subsystem: apple_plane_atomic_check: plane=35 crtc=50 mode=3456x2160 fb=3456x2160 OK
[Thu Sep 24 13:32:19 2026] apple-drm soc:display-subsystem: apple_plane_atomic_check: plane=35 crtc=50 mode=3456x2160 fb=3456x2160 OK
[Thu Sep 24 13:32:19 2026] apple-drm soc:display-subsystem: apple_plane_atomic_check: plane=35 crtc=50 mode=3456x2160 fb=3456x2160 OK
[Thu Sep 24 13:32:19 2026] apple-drm soc:display-subsystem: apple_plane_atomic_check: plane=35 crtc=50 mode=3456x2160 fb=3456x2160 OK
[Thu Sep 24 13:32:19 2026] apple-drm soc:display-subsystem: apple_plane_atomic_check: plane=35 crtc=50 mode=3456x2160 fb=3456x2160 OK
[Thu Sep 24 13:32:19 2026] apple-drm soc:display-subsystem: apple_plane_atomic_check: plane=35 crtc=50 mode=3456x2160 fb=3456x2160 OK
[Thu Sep 24 13:32:19 2026] apple-drm soc:display-subsystem: apple_plane_atomic_check: plane=35 crtc=50 mode=3456x2160 fb=3456x2160 OK
[Thu Sep 24 13:32:19 2026] apple-drm soc:display-subsystem: apple_plane_atomic_check: plane=35 crtc=50 mode=3456x2160 fb=3456x2160 OK
[Thu Sep 24 13:32:19 2026] apple-drm soc:display-subsystem: apple_plane_atomic_check: plane=35 crtc=50 mode=3456x2160 fb=3456x2160 OK
[Thu Sep 24 13:32:19 2026] apple-drm soc:display-subsystem: apple_plane_atomic_check: plane=35 crtc=50 mode=3456x2160 fb=3456x2160 OK
[Thu Sep 24 13:32:19 2026] apple-drm soc:display-subsystem: apple_plane_atomic_check: plane=35 crtc=50 mode=3456x2160 fb=3456x2160 OK
[Thu Sep 24 13:32:20 2026] apple-drm soc:display-subsystem: apple_plane_atomic_check: plane=35 crtc=50 mode=3456x2160 fb=3456x2160 OK
[Thu Sep 24 13:32:20 2026] apple-drm soc:display-subsystem: apple_plane_atomic_check: plane=35 crtc=50 mode=3456x2160 fb=3456x2160 OK
[Thu Sep 24 13:32:20 2026] apple-drm soc:display-subsystem: apple_plane_atomic_check: plane=35 crtc=50 mode=3456x2160 fb=3456x2160 OK
[Thu Sep 24 13:32:20 2026] apple-drm soc:display-subsystem: apple_plane_atomic_check: plane=35 crtc=50 mode=3456x2160 fb=3456x2160 OK
[Thu Sep 24 13:32:20 2026] apple-drm soc:display-subsystem: apple_plane_atomic_check: plane=35 crtc=50 mode=3456x2160 fb=3456x2160 OK
[Thu Sep 24 13:32:20 2026] apple-drm soc:display-subsystem: apple_plane_atomic_check: plane=35 crtc=50 mode=3456x2160 fb=3456x2160 OK
[Thu Sep 24 13:32:20 2026] apple-drm soc:display-subsystem: apple_plane_atomic_check: plane=35 crtc=50 mode=3456x2160 fb=3456x2160 OK
[Thu Sep 24 13:32:20 2026] apple-drm soc:display-subsystem: apple_plane_atomic_check: plane=35 crtc=50 mode=3456x2160 fb=3456x2160 OK
[Thu Sep 24 13:32:20 2026] apple-drm soc:display-subsystem: apple_plane_atomic_check: plane=35 crtc=50 mode=3456x2160 fb=3456x2160 OK
[Thu Sep 24 13:32:20 2026] apple-drm soc:display-subsystem: apple_plane_atomic_check: plane=35 crtc=50 mode=3456x2160 fb=3456x2160 OK
[Thu Sep 24 13:32:20 2026] apple-drm soc:display-subsystem: apple_plane_atomic_check: plane=35 crtc=50 mode=3456x2160 fb=3456x2160 OK
[Thu Sep 24 13:32:20 2026] apple-drm soc:display-subsystem: apple_plane_atomic_check: plane=35 crtc=50 mode=3456x2160 fb=3456x2160 OK
[Thu Sep 24 13:32:20 2026] apple-drm soc:display-subsystem: apple_plane_atomic_check: plane=35 crtc=50 mode=3456x2160 fb=3456x2160 OK
[Thu Sep 24 13:32:20 2026] apple-drm soc:display-subsystem: apple_plane_atomic_check: plane=35 crtc=50 mode=3456x2160 fb=3456x2160 OK
[Thu Sep 24 13:32:20 2026] apple-drm soc:display-subsystem: apple_plane_atomic_check: plane=35 crtc=50 mode=3456x2160 fb=3456x2160 OK
[Thu Sep 24 13:32:20 2026] apple-drm soc:display-subsystem: apple_plane_atomic_check: plane=35 crtc=50 mode=3456x2160 fb=3456x2160 OK
[Thu Sep 24 13:32:20 2026] apple-drm soc:display-subsystem: apple_plane_atomic_check: plane=35 crtc=50 mode=3456x2160 fb=3456x2160 OK
[Thu Sep 24 13:32:20 2026] apple-drm soc:display-subsystem: apple_plane_atomic_check: plane=35 crtc=50 mode=3456x2160 fb=3456x2160 OK
[Thu Sep 24 13:32:20 2026] apple-drm soc:display-subsystem: apple_plane_atomic_check: plane=35 crtc=50 mode=3456x2160 fb=3456x2160 OK
[Thu Sep 24 13:32:20 2026] apple-drm soc:display-subsystem: apple_plane_atomic_check: plane=35 crtc=50 mode=3456x2160 fb=3456x2160 OK
[Thu Sep 24 13:32:20 2026] apple-drm soc:display-subsystem: apple_plane_atomic_check: plane=35 crtc=50 mode=3456x2160 fb=3456x2160 OK
[Thu Sep 24 13:32:20 2026] apple-drm soc:display-subsystem: apple_plane_atomic_check: plane=35 crtc=50 mode=3456x2160 fb=3456x2160 OK
[Thu Sep 24 13:32:20 2026] apple-drm soc:display-subsystem: apple_plane_atomic_check: plane=35 crtc=50 mode=3456x2160 fb=3456x2160 OK
[Thu Sep 24 13:32:20 2026] apple-drm soc:display-subsystem: apple_plane_atomic_check: plane=35 crtc=50 mode=3456x2160 fb=3456x2160 OK
[Thu Sep 24 13:32:21 2026] apple-drm soc:display-subsystem: apple_plane_atomic_check: plane=35 crtc=50 mode=3456x2160 fb=3456x2160 OK
[Thu Sep 24 13:32:21 2026] apple-drm soc:display-subsystem: apple_plane_atomic_check: plane=35 crtc=50 mode=3456x2160 fb=3456x2160 OK
[Thu Sep 24 13:32:21 2026] apple-drm soc:display-subsystem: apple_plane_atomic_check: plane=35 crtc=50 mode=3456x2160 fb=3456x2160 OK
[Thu Sep 24 13:32:21 2026] apple-drm soc:display-subsystem: apple_plane_atomic_check: plane=35 crtc=50 mode=3456x2160 fb=3456x2160 OK
[Thu Sep 24 13:32:21 2026] apple-drm soc:display-subsystem: apple_plane_atomic_check: plane=35 crtc=50 mode=3456x2160 fb=3456x2160 OK
[Thu Sep 24 13:32:21 2026] apple-drm soc:display-subsystem: apple_plane_atomic_check: plane=35 crtc=50 mode=3456x2160 fb=3456x2160 OK
[Thu Sep 24 13:32:21 2026] apple-drm soc:display-subsystem: apple_plane_atomic_check: plane=35 crtc=50 mode=3456x2160 fb=3456x2160 OK
[Thu Sep 24 13:32:21 2026] apple-drm soc:display-subsystem: apple_plane_atomic_check: plane=35 crtc=50 mode=3456x2160 fb=3456x2160 OK
[Thu Sep 24 13:32:21 2026] apple-drm soc:display-subsystem: apple_plane_atomic_check: plane=35 crtc=50 mode=3456x2160 fb=3456x2160 OK
[Thu Sep 24 13:32:21 2026] apple-drm soc:display-subsystem: apple_plane_atomic_check: plane=35 crtc=50 mode=3456x2160 fb=3456x2160 OK
[Thu Sep 24 13:32:21 2026] apple-drm soc:display-subsystem: apple_plane_atomic_check: plane=35 crtc=50 mode=3456x2160 fb=3456x2160 OK
[Thu Sep 24 13:32:22 2026] apple-drm soc:display-subsystem: apple_plane_atomic_check: plane=35 crtc=50 mode=3456x2160 fb=3456x2160 OK
[Thu Sep 24 13:32:22 2026] apple-drm soc:display-subsystem: apple_plane_atomic_check: plane=35 crtc=50 mode=3456x2160 fb=3456x2160 OK
[Thu Sep 24 13:32:22 2026] apple-drm soc:display-subsystem: apple_plane_atomic_check: plane=35 crtc=50 mode=3456x2160 fb=3456x2160 OK
[Thu Sep 24 13:32:22 2026] apple-drm soc:display-subsystem: apple_plane_atomic_check: plane=35 crtc=50 mode=3456x2160 fb=3456x2160 OK
[Thu Sep 24 13:32:22 2026] apple-drm soc:display-subsystem: apple_plane_atomic_check: plane=35 crtc=50 mode=3456x2160 fb=3456x2160 OK
[Thu Sep 24 13:32:22 2026] apple-drm soc:display-subsystem: apple_plane_atomic_check: plane=35 crtc=50 mode=3456x2160 fb=3456x2160 OK
[Thu Sep 24 13:32:22 2026] apple-drm soc:display-subsystem: apple_plane_atomic_check: plane=35 crtc=50 mode=3456x2160 fb=3456x2160 OK
[Thu Sep 24 13:32:22 2026] apple-drm soc:display-subsystem: apple_plane_atomic_check: plane=35 crtc=50 mode=3456x2160 fb=3456x2160 OK
[Thu Sep 24 13:32:22 2026] apple-drm soc:display-subsystem: apple_plane_atomic_check: plane=35 crtc=50 mode=3456x2160 fb=3456x2160 OK
[Thu Sep 24 13:32:22 2026] apple-drm soc:display-subsystem: apple_plane_atomic_check: plane=35 crtc=50 mode=3456x2160 fb=3456x2160 OK
[Thu Sep 24 13:32:22 2026] apple-drm soc:display-subsystem: apple_plane_atomic_check: plane=35 crtc=50 mode=3456x2160 fb=3456x2160 OK
[Thu Sep 24 13:32:23 2026] apple-drm soc:display-subsystem: apple_plane_atomic_check: plane=35 crtc=50 mode=3456x2160 fb=3456x2160 OK
[Thu Sep 24 13:32:23 2026] apple-drm soc:display-subsystem: apple_plane_atomic_check: plane=35 crtc=50 mode=3456x2160 fb=3456x2160 OK
[Thu Sep 24 13:32:23 2026] apple-drm soc:display-subsystem: apple_plane_atomic_check: plane=35 crtc=50 mode=3456x2160 fb=3456x2160 OK
[Thu Sep 24 13:32:23 2026] apple-drm soc:display-subsystem: apple_plane_atomic_check: plane=35 crtc=50 mode=3456x2160 fb=3456x2160 OK
[Thu Sep 24 13:32:23 2026] apple-drm soc:display-subsystem: apple_plane_atomic_check: plane=35 crtc=50 mode=3456x2160 fb=3456x2160 OK
[Thu Sep 24 13:32:23 2026] apple-drm soc:display-subsystem: apple_plane_atomic_check: plane=35 crtc=50 mode=3456x2160 fb=3456x2160 OK
[Thu Sep 24 13:32:23 2026] apple-drm soc:display-subsystem: apple_plane_atomic_check: plane=35 crtc=50 mode=3456x2160 fb=3456x2160 OK
[Thu Sep 24 13:32:23 2026] apple-drm soc:display-subsystem: apple_plane_atomic_check: plane=35 crtc=50 mode=3456x2160 fb=3456x2160 OK
[Thu Sep 24 13:32:23 2026] apple-drm soc:display-subsystem: apple_plane_atomic_check: plane=35 crtc=50 mode=3456x2160 fb=3456x2160 OK
[Thu Sep 24 13:32:24 2026] apple-drm soc:display-subsystem: apple_plane_atomic_check: plane=35 crtc=50 mode=3456x2160 fb=3456x2160 OK
[Thu Sep 24 13:32:24 2026] apple-drm soc:display-subsystem: apple_plane_atomic_check: plane=35 crtc=50 mode=3456x2160 fb=3456x2160 OK
[Thu Sep 24 13:32:24 2026] apple-drm soc:display-subsystem: apple_plane_atomic_check: plane=35 crtc=50 mode=3456x2160 fb=3456x2160 OK
[Thu Sep 24 13:32:24 2026] apple-drm soc:display-subsystem: apple_plane_atomic_check: plane=35 crtc=50 mode=3456x2160 fb=3456x2160 OK
[Thu Sep 24 13:32:24 2026] apple-drm soc:display-subsystem: apple_plane_atomic_check: plane=35 crtc=50 mode=3456x2160 fb=3456x2160 OK
[Thu Sep 24 13:32:24 2026] apple-drm soc:display-subsystem: apple_plane_atomic_check: plane=35 crtc=50 mode=3456x2160 fb=3456x2160 OK
[Thu Sep 24 13:32:24 2026] apple-drm soc:display-subsystem: apple_plane_atomic_check: plane=35 crtc=50 mode=3456x2160 fb=3456x2160 OK
[Thu Sep 24 13:32:24 2026] apple-drm soc:display-subsystem: apple_plane_atomic_check: plane=35 crtc=50 mode=3456x2160 fb=3456x2160 OK
[Thu Sep 24 13:32:24 2026] apple-drm soc:display-subsystem: apple_plane_atomic_check: plane=35 crtc=50 mode=3456x2160 fb=3456x2160 OK
[Thu Sep 24 13:32:24 2026] apple-drm soc:display-subsystem: apple_plane_atomic_check: plane=35 crtc=50 mode=3456x2160 fb=3456x2160 OK
[Thu Sep 24 13:32:24 2026] apple-drm soc:display-subsystem: apple_plane_atomic_check: plane=35 crtc=50 mode=3456x2160 fb=3456x2160 OK
[Thu Sep 24 13:32:24 2026] apple-drm soc:display-subsystem: apple_plane_atomic_check: plane=35 crtc=50 mode=3456x2160 fb=3456x2160 OK
[Thu Sep 24 13:32:24 2026] apple-drm soc:display-subsystem: apple_plane_atomic_check: plane=35 crtc=50 mode=3456x2160 fb=3456x2160 OK
[Thu Sep 24 13:32:24 2026] apple-drm soc:display-subsystem: apple_plane_atomic_check: plane=35 crtc=50 mode=3456x2160 fb=3456x2160 OK
[Thu Sep 24 13:32:24 2026] apple-drm soc:display-subsystem: apple_plane_atomic_check: plane=35 crtc=50 mode=3456x2160 fb=3456x2160 OK
[Thu Sep 24 13:32:24 2026] apple-drm soc:display-subsystem: apple_plane_atomic_check: plane=35 crtc=50 mode=3456x2160 fb=3456x2160 OK
[Thu Sep 24 13:32:24 2026] apple-drm soc:display-subsystem: apple_plane_atomic_check: plane=35 crtc=50 mode=3456x2160 fb=3456x2160 OK
[Thu Sep 24 13:32:24 2026] apple-drm soc:display-subsystem: apple_plane_atomic_check: plane=35 crtc=50 mode=3456x2160 fb=3456x2160 OK
[Thu Sep 24 13:32:24 2026] apple-drm soc:display-subsystem: apple_plane_atomic_check: plane=35 crtc=50 mode=3456x2160 fb=3456x2160 OK
[Thu Sep 24 13:32:25 2026] apple-drm soc:display-subsystem: apple_plane_atomic_check: plane=35 crtc=50 mode=3456x2160 fb=3456x2160 OK
[Thu Sep 24 13:32:25 2026] apple-drm soc:display-subsystem: apple_plane_atomic_check: plane=35 crtc=50 mode=3456x2160 fb=3456x2160 OK
[Thu Sep 24 13:32:25 2026] apple-drm soc:display-subsystem: apple_plane_atomic_check: plane=35 crtc=50 mode=3456x2160 fb=3456x2160 OK
[Thu Sep 24 13:32:25 2026] apple-drm soc:display-subsystem: apple_plane_atomic_check: plane=35 crtc=50 mode=3456x2160 fb=3456x2160 OK
[Thu Sep 24 13:32:25 2026] apple-drm soc:display-subsystem: apple_plane_atomic_check: plane=35 crtc=50 mode=3456x2160 fb=3456x2160 OK
[Thu Sep 24 13:32:25 2026] apple-drm soc:display-subsystem: apple_plane_atomic_check: plane=35 crtc=50 mode=3456x2160 fb=3456x2160 OK
[Thu Sep 24 13:32:25 2026] apple-drm soc:display-subsystem: apple_plane_atomic_check: plane=35 crtc=50 mode=3456x2160 fb=3456x2160 OK
[Thu Sep 24 13:32:25 2026] apple-drm soc:display-subsystem: apple_plane_atomic_check: plane=35 crtc=50 mode=3456x2160 fb=3456x2160 OK
[Thu Sep 24 13:32:25 2026] apple-drm soc:display-subsystem: apple_plane_atomic_check: plane=35 crtc=50 mode=3456x2160 fb=3456x2160 OK
[Thu Sep 24 13:32:25 2026] apple-drm soc:display-subsystem: apple_plane_atomic_check: plane=35 crtc=50 mode=3456x2160 fb=3456x2160 OK
[Thu Sep 24 13:32:25 2026] apple-drm soc:display-subsystem: apple_plane_atomic_check: plane=35 crtc=50 mode=3456x2160 fb=3456x2160 OK
[Thu Sep 24 13:32:25 2026] apple-drm soc:display-subsystem: apple_plane_atomic_check: plane=35 crtc=50 mode=3456x2160 fb=3456x2160 OK
[Thu Sep 24 13:32:26 2026] apple-drm soc:display-subsystem: apple_plane_atomic_check: plane=35 crtc=50 mode=3456x2160 fb=3456x2160 OK
[Thu Sep 24 13:32:26 2026] apple-drm soc:display-subsystem: apple_plane_atomic_check: plane=35 crtc=50 mode=3456x2160 fb=3456x2160 OK
[Thu Sep 24 13:32:26 2026] apple-drm soc:display-subsystem: apple_plane_atomic_check: plane=35 crtc=50 mode=3456x2160 fb=3456x2160 OK
[Thu Sep 24 13:32:26 2026] apple-drm soc:display-subsystem: apple_plane_atomic_check: plane=35 crtc=50 mode=3456x2160 fb=3456x2160 OK
[Thu Sep 24 13:32:26 2026] apple-drm soc:display-subsystem: apple_plane_atomic_check: plane=35 crtc=50 mode=3456x2160 fb=3456x2160 OK
[Thu Sep 24 13:32:26 2026] apple-drm soc:display-subsystem: apple_plane_atomic_check: plane=35 crtc=50 mode=3456x2160 fb=3456x2160 OK
[Thu Sep 24 13:32:26 2026] apple-drm soc:display-subsystem: apple_plane_atomic_check: plane=35 crtc=50 mode=3456x2160 fb=3456x2160 OK
[Thu Sep 24 13:32:26 2026] apple-drm soc:display-subsystem: apple_plane_atomic_check: plane=35 crtc=50 mode=3456x2160 fb=3456x2160 OK
[Thu Sep 24 13:32:26 2026] apple-drm soc:display-subsystem: apple_plane_atomic_check: plane=35 crtc=50 mode=3456x2160 fb=3456x2160 OK
[Thu Sep 24 13:32:26 2026] apple-drm soc:display-subsystem: apple_plane_atomic_check: plane=35 crtc=50 mode=3456x2160 fb=3456x2160 OK
[Thu Sep 24 13:32:26 2026] apple-drm soc:display-subsystem: apple_plane_atomic_check: plane=35 crtc=50 mode=3456x2160 fb=3456x2160 OK
[Thu Sep 24 13:32:26 2026] apple-drm soc:display-subsystem: apple_plane_atomic_check: plane=35 crtc=50 mode=3456x2160 fb=3456x2160 OK
[Thu Sep 24 13:32:26 2026] apple-drm soc:display-subsystem: apple_plane_atomic_check: plane=35 crtc=50 mode=3456x2160 fb=3456x2160 OK
[Thu Sep 24 13:32:26 2026] apple-drm soc:display-subsystem: apple_plane_atomic_check: plane=35 crtc=50 mode=3456x2160 fb=3456x2160 OK
[Thu Sep 24 13:32:27 2026] apple-drm soc:display-subsystem: apple_plane_atomic_check: plane=35 crtc=50 mode=3456x2160 fb=3456x2160 OK
[Thu Sep 24 13:32:27 2026] apple-drm soc:display-subsystem: apple_plane_atomic_check: plane=35 crtc=50 mode=3456x2160 fb=3456x2160 OK
[Thu Sep 24 13:32:27 2026] apple-drm soc:display-subsystem: apple_plane_atomic_check: plane=35 crtc=50 mode=3456x2160 fb=3456x2160 OK
[Thu Sep 24 13:32:27 2026] apple-drm soc:display-subsystem: apple_plane_atomic_check: plane=35 crtc=50 mode=3456x2160 fb=3456x2160 OK
[Thu Sep 24 13:32:27 2026] apple-drm soc:display-subsystem: apple_plane_atomic_check: plane=35 crtc=50 mode=3456x2160 fb=3456x2160 OK
[Thu Sep 24 13:32:27 2026] apple-drm soc:display-subsystem: apple_plane_atomic_check: plane=35 crtc=50 mode=3456x2160 fb=3456x2160 OK
[Thu Sep 24 13:32:27 2026] apple-drm soc:display-subsystem: apple_plane_atomic_check: plane=35 crtc=50 mode=3456x2160 fb=3456x2160 OK
[Thu Sep 24 13:32:27 2026] apple-drm soc:display-subsystem: apple_plane_atomic_check: plane=35 crtc=50 mode=3456x2160 fb=3456x2160 OK
[Thu Sep 24 13:32:27 2026] apple-drm soc:display-subsystem: apple_plane_atomic_check: plane=35 crtc=50 mode=3456x2160 fb=3456x2160 OK
[Thu Sep 24 13:32:27 2026] apple-drm soc:display-subsystem: apple_plane_atomic_check: plane=35 crtc=50 mode=3456x2160 fb=3456x2160 OK
[Thu Sep 24 13:32:27 2026] apple-drm soc:display-subsystem: apple_plane_atomic_check: plane=35 crtc=50 mode=3456x2160 fb=3456x2160 OK
[Thu Sep 24 13:32:27 2026] apple-drm soc:display-subsystem: apple_plane_atomic_check: plane=35 crtc=50 mode=3456x2160 fb=3456x2160 OK
[Thu Sep 24 13:32:28 2026] apple-drm soc:display-subsystem: apple_plane_atomic_check: plane=35 crtc=50 mode=3456x2160 fb=3456x2160 OK
[Thu Sep 24 13:32:28 2026] apple-drm soc:display-subsystem: apple_plane_atomic_check: plane=35 crtc=50 mode=3456x2160 fb=3456x2160 OK
[Thu Sep 24 13:32:28 2026] apple-drm soc:display-subsystem: apple_plane_atomic_check: plane=35 crtc=50 mode=3456x2160 fb=3456x2160 OK
[Thu Sep 24 13:32:28 2026] apple-drm soc:display-subsystem: apple_plane_atomic_check: plane=35 crtc=50 mode=3456x2160 fb=3456x2160 OK
[Thu Sep 24 13:32:28 2026] apple-drm soc:display-subsystem: apple_plane_atomic_check: plane=35 crtc=50 mode=3456x2160 fb=3456x2160 OK
[Thu Sep 24 13:32:28 2026] apple-drm soc:display-subsystem: apple_plane_atomic_check: plane=35 crtc=50 mode=3456x2160 fb=3456x2160 OK
[Thu Sep 24 13:32:28 2026] apple-drm soc:display-subsystem: apple_plane_atomic_check: plane=35 crtc=50 mode=3456x2160 fb=3456x2160 OK
[Thu Sep 24 13:32:28 2026] apple-drm soc:display-subsystem: apple_plane_atomic_check: plane=35 crtc=50 mode=3456x2160 fb=3456x2160 OK
[Thu Sep 24 13:32:28 2026] apple-drm soc:display-subsystem: apple_plane_atomic_check: plane=35 crtc=50 mode=3456x2160 fb=3456x2160 OK
[Thu Sep 24 13:32:28 2026] apple-drm soc:display-subsystem: apple_plane_atomic_check: plane=35 crtc=50 mode=3456x2160 fb=3456x2160 OK
[Thu Sep 24 13:32:28 2026] apple-drm soc:display-subsystem: apple_plane_atomic_check: plane=35 crtc=50 mode=3456x2160 fb=3456x2160 OK
[Thu Sep 24 13:32:28 2026] apple-drm soc:display-subsystem: apple_plane_atomic_check: plane=35 crtc=50 mode=3456x2160 fb=3456x2160 OK
[Thu Sep 24 13:32:28 2026] apple-drm soc:display-subsystem: apple_plane_atomic_check: plane=35 crtc=50 mode=3456x2160 fb=3456x2160 OK
[Thu Sep 24 13:32:28 2026] apple-drm soc:display-subsystem: apple_plane_atomic_check: plane=35 crtc=50 mode=3456x2160 fb=3456x2160 OK
[Thu Sep 24 13:32:28 2026] apple-drm soc:display-subsystem: apple_plane_atomic_check: plane=35 crtc=50 mode=3456x2160 fb=3456x2160 OK
[Thu Sep 24 13:32:28 2026] apple-drm soc:display-subsystem: apple_plane_atomic_check: plane=35 crtc=50 mode=3456x2160 fb=3456x2160 OK
[Thu Sep 24 13:32:28 2026] apple-drm soc:display-subsystem: apple_plane_atomic_check: plane=35 crtc=50 mode=3456x2160 fb=3456x2160 OK
[Thu Sep 24 13:32:28 2026] apple-drm soc:display-subsystem: apple_plane_atomic_check: plane=35 crtc=50 mode=3456x2160 fb=3456x2160 OK
[Thu Sep 24 13:32:29 2026] apple-drm soc:display-subsystem: apple_plane_atomic_check: plane=35 crtc=50 mode=3456x2160 fb=3456x2160 OK
[Thu Sep 24 13:32:29 2026] audit: type=1131 audit(1790249549.042:203): pid=1 uid=0 auid=4294967295 ses=4294967295 subj=unconfined msg='unit=systemd-hostnamed comm="systemd" exe="/usr/lib/systemd/systemd" hostname=? addr=? terminal=? res=success'
[Thu Sep 24 13:32:29 2026] apple-drm soc:display-subsystem: apple_plane_atomic_check: plane=35 crtc=50 mode=3456x2160 fb=3456x2160 OK
[Thu Sep 24 13:32:29 2026] audit: type=1334 audit(1790249549.065:204): prog-id=38 op=UNLOAD
[Thu Sep 24 13:32:29 2026] apple-drm soc:display-subsystem: apple_plane_atomic_check: plane=35 crtc=50 mode=3456x2160 fb=3456x2160 OK
[Thu Sep 24 13:32:29 2026] apple-drm soc:display-subsystem: apple_plane_atomic_check: plane=35 crtc=50 mode=3456x2160 fb=3456x2160 OK
[Thu Sep 24 13:32:29 2026] apple-drm soc:display-subsystem: apple_plane_atomic_check: plane=35 crtc=50 mode=3456x2160 fb=3456x2160 OK
[Thu Sep 24 13:32:29 2026] apple-drm soc:display-subsystem: apple_plane_atomic_check: plane=35 crtc=50 mode=3456x2160 fb=3456x2160 OK
[Thu Sep 24 13:32:29 2026] apple-drm soc:display-subsystem: apple_plane_atomic_check: plane=35 crtc=50 mode=3456x2160 fb=3456x2160 OK
[Thu Sep 24 13:32:29 2026] apple-drm soc:display-subsystem: apple_plane_atomic_check: plane=35 crtc=50 mode=3456x2160 fb=3456x2160 OK
[Thu Sep 24 13:32:29 2026] apple-drm soc:display-subsystem: apple_plane_atomic_check: plane=35 crtc=50 mode=3456x2160 fb=3456x2160 OK
[Thu Sep 24 13:32:29 2026] apple-drm soc:display-subsystem: apple_plane_atomic_check: plane=35 crtc=50 mode=3456x2160 fb=3456x2160 OK
[Thu Sep 24 13:32:29 2026] apple-drm soc:display-subsystem: apple_plane_atomic_check: plane=35 crtc=50 mode=3456x2160 fb=3456x2160 OK
[Thu Sep 24 13:32:29 2026] apple-drm soc:display-subsystem: apple_plane_atomic_check: plane=35 crtc=50 mode=3456x2160 fb=3456x2160 OK
[Thu Sep 24 13:32:29 2026] apple-drm soc:display-subsystem: apple_plane_atomic_check: plane=35 crtc=50 mode=3456x2160 fb=3456x2160 OK
[Thu Sep 24 13:32:29 2026] apple-drm soc:display-subsystem: apple_plane_atomic_check: plane=35 crtc=50 mode=3456x2160 fb=3456x2160 OK
[Thu Sep 24 13:32:30 2026] apple-drm soc:display-subsystem: apple_plane_atomic_check: plane=35 crtc=50 mode=3456x2160 fb=3456x2160 OK
[Thu Sep 24 13:32:30 2026] apple-drm soc:display-subsystem: apple_plane_atomic_check: plane=35 crtc=50 mode=3456x2160 fb=3456x2160 OK
[Thu Sep 24 13:32:30 2026] apple-drm soc:display-subsystem: apple_plane_atomic_check: plane=35 crtc=50 mode=3456x2160 fb=3456x2160 OK
[Thu Sep 24 13:32:30 2026] apple-drm soc:display-subsystem: apple_plane_atomic_check: plane=35 crtc=50 mode=3456x2160 fb=3456x2160 OK
[Thu Sep 24 13:32:30 2026] apple-drm soc:display-subsystem: apple_plane_atomic_check: plane=35 crtc=50 mode=3456x2160 fb=3456x2160 OK
[Thu Sep 24 13:32:30 2026] apple-drm soc:display-subsystem: apple_plane_atomic_check: plane=35 crtc=50 mode=3456x2160 fb=3456x2160 OK
[Thu Sep 24 13:32:30 2026] apple-drm soc:display-subsystem: apple_plane_atomic_check: plane=35 crtc=50 mode=3456x2160 fb=3456x2160 OK
[Thu Sep 24 13:32:30 2026] apple-drm soc:display-subsystem: apple_plane_atomic_check: plane=35 crtc=50 mode=3456x2160 fb=3456x2160 OK
[Thu Sep 24 13:32:30 2026] apple-drm soc:display-subsystem: apple_plane_atomic_check: plane=35 crtc=50 mode=3456x2160 fb=3456x2160 OK
[Thu Sep 24 13:32:30 2026] apple-drm soc:display-subsystem: apple_plane_atomic_check: plane=35 crtc=50 mode=3456x2160 fb=3456x2160 OK
[Thu Sep 24 13:32:30 2026] apple-drm soc:display-subsystem: apple_plane_atomic_check: plane=35 crtc=50 mode=3456x2160 fb=3456x2160 OK
[Thu Sep 24 13:32:30 2026] apple-drm soc:display-subsystem: apple_plane_atomic_check: plane=35 crtc=50 mode=3456x2160 fb=3456x2160 OK
[Thu Sep 24 13:32:30 2026] apple-drm soc:display-subsystem: apple_plane_atomic_check: plane=35 crtc=50 mode=3456x2160 fb=3456x2160 OK
[Thu Sep 24 13:32:30 2026] apple-drm soc:display-subsystem: apple_plane_atomic_check: plane=35 crtc=50 mode=3456x2160 fb=3456x2160 OK
[Thu Sep 24 13:32:31 2026] apple-dcp 289c00000.dcp: DPTXPort: APCALL 5 (16 bytes)
[Thu Sep 24 13:32:31 2026] DPTXPort: apcall data: 00000000: 00 00 00 00 00 00 00 00 00 00 00 00 00 00 00 00  ................
[Thu Sep 24 13:32:31 2026] thunderbolt-apple-acio f01ac0000.cio: dpin0: inactive handshake=0
[Thu Sep 24 13:32:31 2026] apple-display-crossbar f0304c000.mux: dpin0: crossbar link down (dispext=0 atc=0x1)
[Thu Sep 24 13:32:31 2026] apple-dcp 289c00000.dcp: DPTXPort: APCALL 12 (32 bytes)
[Thu Sep 24 13:32:31 2026] DPTXPort: apcall data: 00000000: 00 00 00 00 00 00 00 00 00 00 00 00 00 00 00 00  ................
[Thu Sep 24 13:32:31 2026] DPTXPort: apcall data: 00000010: 00 00 00 00 00 00 00 00 00 00 00 00 00 00 00 00  ................
[Thu Sep 24 13:32:31 2026] apple-dcp 289c00000.dcp: DPTXPort: APCALL 9 (32 bytes)
[Thu Sep 24 13:32:31 2026] DPTXPort: apcall data: 00000000: 00 00 00 00 00 00 00 00 00 00 00 00 00 00 00 00  ................
[Thu Sep 24 13:32:31 2026] DPTXPort: apcall data: 00000010: 00 00 00 00 00 00 00 00 00 00 00 00 00 00 00 00  ................
[Thu Sep 24 13:32:31 2026] apple-dcp 289c00000.dcp: DPTXPort: SET_LINK_RATE 0x0
[Thu Sep 24 13:32:31 2026] apple-display-crossbar f0304c000.mux: dpin0: crossbar link down (dispext=0 atc=0x1)
[Thu Sep 24 13:32:31 2026] apple-dcp 289c00000.dcp: DPTXPort: APCALL 6 (16 bytes)
[Thu Sep 24 13:32:31 2026] DPTXPort: apcall data: 00000000: 00 00 00 00 00 00 00 00 00 00 00 00 00 00 00 00  ................
[Thu Sep 24 13:32:31 2026] apple-drm soc:display-subsystem: apple_plane_atomic_check: plane=35 crtc=50 mode=3456x2160 fb=3456x2160 OK
[Thu Sep 24 13:32:31 2026] apple-drm soc:display-subsystem: apple_plane_atomic_check: plane=35 crtc=50 mode=3456x2160 fb=3456x2160 OK
[Thu Sep 24 13:32:31 2026] apple-drm soc:display-subsystem: apple_plane_atomic_check: plane=35 crtc=50 mode=3456x2160 fb=3456x2160 OK
[Thu Sep 24 13:32:31 2026] apple-drm soc:display-subsystem: apple_plane_atomic_check: plane=35 crtc=50 mode=3456x2160 fb=3456x2160 OK
[Thu Sep 24 13:32:31 2026] apple-drm soc:display-subsystem: apple_plane_atomic_check: plane=35 crtc=50 mode=3456x2160 fb=3456x2160 OK
[Thu Sep 24 13:32:31 2026] apple-drm soc:display-subsystem: apple_plane_atomic_check: plane=35 crtc=50 mode=3456x2160 fb=3456x2160 OK
[Thu Sep 24 13:32:31 2026] apple-drm soc:display-subsystem: apple_plane_atomic_check: plane=35 crtc=50 mode=3456x2160 fb=3456x2160 OK
[Thu Sep 24 13:32:31 2026] apple-drm soc:display-subsystem: apple_plane_atomic_check: plane=35 crtc=50 mode=3456x2160 fb=3456x2160 OK
[Thu Sep 24 13:32:31 2026] apple-drm soc:display-subsystem: apple_plane_atomic_check: plane=35 crtc=50 mode=3456x2160 fb=3456x2160 OK
[Thu Sep 24 13:32:31 2026] apple-drm soc:display-subsystem: apple_plane_atomic_check: plane=35 crtc=50 mode=3456x2160 fb=3456x2160 OK
[Thu Sep 24 13:32:31 2026] apple-drm soc:display-subsystem: apple_plane_atomic_check: plane=35 crtc=50 mode=3456x2160 fb=3456x2160 OK
[Thu Sep 24 13:32:31 2026] apple-drm soc:display-subsystem: apple_plane_atomic_check: plane=35 crtc=50 mode=3456x2160 fb=3456x2160 OK
[Thu Sep 24 13:32:31 2026] apple-drm soc:display-subsystem: apple_plane_atomic_check: plane=35 crtc=50 mode=3456x2160 fb=3456x2160 OK
[Thu Sep 24 13:32:31 2026] apple-drm soc:display-subsystem: apple_plane_atomic_check: plane=35 crtc=50 mode=3456x2160 fb=3456x2160 OK
[Thu Sep 24 13:32:32 2026] apple-drm soc:display-subsystem: apple_plane_atomic_check: plane=35 crtc=50 mode=3456x2160 fb=3456x2160 OK
[Thu Sep 24 13:32:32 2026] apple-drm soc:display-subsystem: apple_plane_atomic_check: plane=35 crtc=50 mode=3456x2160 fb=3456x2160 OK
[Thu Sep 24 13:32:32 2026] apple-drm soc:display-subsystem: apple_plane_atomic_check: plane=35 crtc=50 mode=3456x2160 fb=3456x2160 OK
[Thu Sep 24 13:32:32 2026] apple-drm soc:display-subsystem: apple_plane_atomic_check: plane=35 crtc=50 mode=3456x2160 fb=3456x2160 OK
[Thu Sep 24 13:32:32 2026] apple-drm soc:display-subsystem: apple_plane_atomic_check: plane=35 crtc=50 mode=3456x2160 fb=3456x2160 OK
[Thu Sep 24 13:32:32 2026] apple-drm soc:display-subsystem: apple_plane_atomic_check: plane=35 crtc=50 mode=3456x2160 fb=3456x2160 OK
[Thu Sep 24 13:32:32 2026] apple-drm soc:display-subsystem: apple_plane_atomic_check: plane=35 crtc=50 mode=3456x2160 fb=3456x2160 OK
[Thu Sep 24 13:32:32 2026] apple-drm soc:display-subsystem: apple_plane_atomic_check: plane=35 crtc=50 mode=3456x2160 fb=3456x2160 OK
[Thu Sep 24 13:32:32 2026] apple-drm soc:display-subsystem: apple_plane_atomic_check: plane=35 crtc=50 mode=3456x2160 fb=3456x2160 OK
[Thu Sep 24 13:32:32 2026] apple-drm soc:display-subsystem: apple_plane_atomic_check: plane=35 crtc=50 mode=3456x2160 fb=3456x2160 OK
[Thu Sep 24 13:32:32 2026] apple-drm soc:display-subsystem: apple_plane_atomic_check: plane=35 crtc=50 mode=3456x2160 fb=3456x2160 OK
[Thu Sep 24 13:32:32 2026] apple-drm soc:display-subsystem: apple_plane_atomic_check: plane=35 crtc=50 mode=3456x2160 fb=3456x2160 OK
[Thu Sep 24 13:32:32 2026] apple-drm soc:display-subsystem: apple_plane_atomic_check: plane=35 crtc=50 mode=3456x2160 fb=3456x2160 OK
[Thu Sep 24 13:32:32 2026] apple-drm soc:display-subsystem: apple_plane_atomic_check: plane=35 crtc=50 mode=3456x2160 fb=3456x2160 OK
[Thu Sep 24 13:32:32 2026] apple-drm soc:display-subsystem: apple_plane_atomic_check: plane=35 crtc=50 mode=3456x2160 fb=3456x2160 OK
[Thu Sep 24 13:32:32 2026] apple-drm soc:display-subsystem: apple_plane_atomic_check: plane=35 crtc=50 mode=3456x2160 fb=3456x2160 OK
[Thu Sep 24 13:32:32 2026] apple-drm soc:display-subsystem: apple_plane_atomic_check: plane=35 crtc=50 mode=3456x2160 fb=3456x2160 OK
[Thu Sep 24 13:32:32 2026] apple-drm soc:display-subsystem: apple_plane_atomic_check: plane=35 crtc=50 mode=3456x2160 fb=3456x2160 OK
[Thu Sep 24 13:32:32 2026] apple-drm soc:display-subsystem: apple_plane_atomic_check: plane=35 crtc=50 mode=3456x2160 fb=3456x2160 OK
[Thu Sep 24 13:32:32 2026] apple-drm soc:display-subsystem: apple_plane_atomic_check: plane=35 crtc=50 mode=3456x2160 fb=3456x2160 OK
[Thu Sep 24 13:32:32 2026] apple-drm soc:display-subsystem: apple_plane_atomic_check: plane=35 crtc=50 mode=3456x2160 fb=3456x2160 OK
[Thu Sep 24 13:32:32 2026] apple-drm soc:display-subsystem: apple_plane_atomic_check: plane=35 crtc=50 mode=3456x2160 fb=3456x2160 OK
[Thu Sep 24 13:32:33 2026] apple-drm soc:display-subsystem: apple_plane_atomic_check: plane=35 crtc=50 mode=3456x2160 fb=3456x2160 OK
[Thu Sep 24 13:32:33 2026] apple-drm soc:display-subsystem: apple_plane_atomic_check: plane=35 crtc=50 mode=3456x2160 fb=3456x2160 OK
[Thu Sep 24 13:32:33 2026] apple-drm soc:display-subsystem: apple_plane_atomic_check: plane=35 crtc=50 mode=3456x2160 fb=3456x2160 OK
[Thu Sep 24 13:32:33 2026] apple-drm soc:display-subsystem: apple_plane_atomic_check: plane=35 crtc=50 mode=3456x2160 fb=3456x2160 OK
[Thu Sep 24 13:32:33 2026] apple-drm soc:display-subsystem: apple_plane_atomic_check: plane=35 crtc=50 mode=3456x2160 fb=3456x2160 OK
[Thu Sep 24 13:32:33 2026] apple-drm soc:display-subsystem: apple_plane_atomic_check: plane=35 crtc=50 mode=3456x2160 fb=3456x2160 OK
[Thu Sep 24 13:32:33 2026] apple-drm soc:display-subsystem: apple_plane_atomic_check: plane=35 crtc=50 mode=3456x2160 fb=3456x2160 OK
[Thu Sep 24 13:32:33 2026] apple-drm soc:display-subsystem: apple_plane_atomic_check: plane=35 crtc=50 mode=3456x2160 fb=3456x2160 OK
[Thu Sep 24 13:32:33 2026] apple-drm soc:display-subsystem: apple_plane_atomic_check: plane=35 crtc=50 mode=3456x2160 fb=3456x2160 OK
[Thu Sep 24 13:32:33 2026] apple-drm soc:display-subsystem: apple_plane_atomic_check: plane=35 crtc=50 mode=3456x2160 fb=3456x2160 OK
[Thu Sep 24 13:32:33 2026] apple-drm soc:display-subsystem: apple_plane_atomic_check: plane=35 crtc=50 mode=3456x2160 fb=3456x2160 OK
[Thu Sep 24 13:32:33 2026] apple-drm soc:display-subsystem: apple_plane_atomic_check: plane=35 crtc=50 mode=3456x2160 fb=3456x2160 OK
[Thu Sep 24 13:32:33 2026] apple-drm soc:display-subsystem: apple_plane_atomic_check: plane=35 crtc=50 mode=3456x2160 fb=3456x2160 OK
[Thu Sep 24 13:32:33 2026] apple-drm soc:display-subsystem: apple_plane_atomic_check: plane=35 crtc=50 mode=3456x2160 fb=3456x2160 OK
[Thu Sep 24 13:32:33 2026] apple-drm soc:display-subsystem: apple_plane_atomic_check: plane=35 crtc=50 mode=3456x2160 fb=3456x2160 OK
[Thu Sep 24 13:32:33 2026] apple-drm soc:display-subsystem: apple_plane_atomic_check: plane=35 crtc=50 mode=3456x2160 fb=3456x2160 OK
[Thu Sep 24 13:32:33 2026] apple-drm soc:display-subsystem: apple_plane_atomic_check: plane=35 crtc=50 mode=3456x2160 fb=3456x2160 OK
[Thu Sep 24 13:32:33 2026] apple-drm soc:display-subsystem: apple_plane_atomic_check: plane=35 crtc=50 mode=3456x2160 fb=3456x2160 OK
[Thu Sep 24 13:32:33 2026] apple-drm soc:display-subsystem: apple_plane_atomic_check: plane=35 crtc=50 mode=3456x2160 fb=3456x2160 OK
[Thu Sep 24 13:32:33 2026] apple-drm soc:display-subsystem: apple_plane_atomic_check: plane=35 crtc=50 mode=3456x2160 fb=3456x2160 OK
[Thu Sep 24 13:32:34 2026] apple-drm soc:display-subsystem: apple_plane_atomic_check: plane=35 crtc=50 mode=3456x2160 fb=3456x2160 OK
[Thu Sep 24 13:32:34 2026] apple-drm soc:display-subsystem: apple_plane_atomic_check: plane=35 crtc=50 mode=3456x2160 fb=3456x2160 OK
[Thu Sep 24 13:32:34 2026] apple-drm soc:display-subsystem: apple_plane_atomic_check: plane=35 crtc=50 mode=3456x2160 fb=3456x2160 OK
[Thu Sep 24 13:32:34 2026] apple-drm soc:display-subsystem: apple_plane_atomic_check: plane=35 crtc=50 mode=3456x2160 fb=3456x2160 OK
[Thu Sep 24 13:32:34 2026] apple-drm soc:display-subsystem: apple_plane_atomic_check: plane=35 crtc=50 mode=3456x2160 fb=3456x2160 OK
[Thu Sep 24 13:32:34 2026] apple-drm soc:display-subsystem: apple_plane_atomic_check: plane=35 crtc=50 mode=3456x2160 fb=3456x2160 OK
[Thu Sep 24 13:32:34 2026] apple-drm soc:display-subsystem: apple_plane_atomic_check: plane=35 crtc=50 mode=3456x2160 fb=3456x2160 OK
[Thu Sep 24 13:32:34 2026] apple-drm soc:display-subsystem: apple_plane_atomic_check: plane=35 crtc=50 mode=3456x2160 fb=3456x2160 OK
[Thu Sep 24 13:32:34 2026] apple-drm soc:display-subsystem: apple_plane_atomic_check: plane=35 crtc=50 mode=3456x2160 fb=3456x2160 OK
[Thu Sep 24 13:32:34 2026] apple-drm soc:display-subsystem: apple_plane_atomic_check: plane=35 crtc=50 mode=3456x2160 fb=3456x2160 OK
[Thu Sep 24 13:32:34 2026] apple-drm soc:display-subsystem: apple_plane_atomic_check: plane=35 crtc=50 mode=3456x2160 fb=3456x2160 OK
[Thu Sep 24 13:32:34 2026] apple-drm soc:display-subsystem: apple_plane_atomic_check: plane=35 crtc=50 mode=3456x2160 fb=3456x2160 OK
[Thu Sep 24 13:32:34 2026] apple-drm soc:display-subsystem: apple_plane_atomic_check: plane=35 crtc=50 mode=3456x2160 fb=3456x2160 OK
[Thu Sep 24 13:32:34 2026] apple-drm soc:display-subsystem: apple_plane_atomic_check: plane=35 crtc=50 mode=3456x2160 fb=3456x2160 OK
[Thu Sep 24 13:32:34 2026] apple-drm soc:display-subsystem: apple_plane_atomic_check: plane=35 crtc=50 mode=3456x2160 fb=3456x2160 OK
[Thu Sep 24 13:32:34 2026] apple-drm soc:display-subsystem: apple_plane_atomic_check: plane=35 crtc=50 mode=3456x2160 fb=3456x2160 OK
[Thu Sep 24 13:32:34 2026] apple-drm soc:display-subsystem: apple_plane_atomic_check: plane=35 crtc=50 mode=3456x2160 fb=3456x2160 OK
[Thu Sep 24 13:32:34 2026] apple-drm soc:display-subsystem: apple_plane_atomic_check: plane=35 crtc=50 mode=3456x2160 fb=3456x2160 OK
[Thu Sep 24 13:32:34 2026] apple-drm soc:display-subsystem: apple_plane_atomic_check: plane=35 crtc=50 mode=3456x2160 fb=3456x2160 OK
[Thu Sep 24 13:32:34 2026] apple-drm soc:display-subsystem: apple_plane_atomic_check: plane=35 crtc=50 mode=3456x2160 fb=3456x2160 OK
[Thu Sep 24 13:32:34 2026] apple-drm soc:display-subsystem: apple_plane_atomic_check: plane=35 crtc=50 mode=3456x2160 fb=3456x2160 OK
[Thu Sep 24 13:32:34 2026] apple-drm soc:display-subsystem: apple_plane_atomic_check: plane=35 crtc=50 mode=3456x2160 fb=3456x2160 OK
[Thu Sep 24 13:32:34 2026] apple-drm soc:display-subsystem: apple_plane_atomic_check: plane=35 crtc=50 mode=3456x2160 fb=3456x2160 OK
[Thu Sep 24 13:32:34 2026] apple-drm soc:display-subsystem: apple_plane_atomic_check: plane=35 crtc=50 mode=3456x2160 fb=3456x2160 OK
[Thu Sep 24 13:32:34 2026] apple-drm soc:display-subsystem: apple_plane_atomic_check: plane=35 crtc=50 mode=3456x2160 fb=3456x2160 OK
[Thu Sep 24 13:32:34 2026] apple-drm soc:display-subsystem: apple_plane_atomic_check: plane=35 crtc=50 mode=3456x2160 fb=3456x2160 OK
[Thu Sep 24 13:32:34 2026] apple-drm soc:display-subsystem: apple_plane_atomic_check: plane=35 crtc=50 mode=3456x2160 fb=3456x2160 OK
[Thu Sep 24 13:32:35 2026] apple-drm soc:display-subsystem: apple_plane_atomic_check: plane=35 crtc=50 mode=3456x2160 fb=3456x2160 OK
[Thu Sep 24 13:32:35 2026] apple-drm soc:display-subsystem: apple_plane_atomic_check: plane=35 crtc=50 mode=3456x2160 fb=3456x2160 OK
[Thu Sep 24 13:32:35 2026] apple-drm soc:display-subsystem: apple_plane_atomic_check: plane=35 crtc=50 mode=3456x2160 fb=3456x2160 OK
[Thu Sep 24 13:32:35 2026] apple-drm soc:display-subsystem: apple_plane_atomic_check: plane=35 crtc=50 mode=3456x2160 fb=3456x2160 OK
[Thu Sep 24 13:32:35 2026] apple-drm soc:display-subsystem: apple_plane_atomic_check: plane=35 crtc=50 mode=3456x2160 fb=3456x2160 OK
[Thu Sep 24 13:32:35 2026] apple-drm soc:display-subsystem: apple_plane_atomic_check: plane=35 crtc=50 mode=3456x2160 fb=3456x2160 OK
[Thu Sep 24 13:32:35 2026] apple-drm soc:display-subsystem: apple_plane_atomic_check: plane=35 crtc=50 mode=3456x2160 fb=3456x2160 OK
[Thu Sep 24 13:32:35 2026] apple-drm soc:display-subsystem: apple_plane_atomic_check: plane=35 crtc=50 mode=3456x2160 fb=3456x2160 OK
[Thu Sep 24 13:32:35 2026] apple-drm soc:display-subsystem: apple_plane_atomic_check: plane=35 crtc=50 mode=3456x2160 fb=3456x2160 OK
[Thu Sep 24 13:32:35 2026] apple-drm soc:display-subsystem: apple_plane_atomic_check: plane=35 crtc=50 mode=3456x2160 fb=3456x2160 OK
[Thu Sep 24 13:32:35 2026] apple-drm soc:display-subsystem: apple_plane_atomic_check: plane=35 crtc=50 mode=3456x2160 fb=3456x2160 OK
[Thu Sep 24 13:32:35 2026] apple-drm soc:display-subsystem: apple_plane_atomic_check: plane=35 crtc=50 mode=3456x2160 fb=3456x2160 OK
[Thu Sep 24 13:32:35 2026] apple-drm soc:display-subsystem: apple_plane_atomic_check: plane=35 crtc=50 mode=3456x2160 fb=3456x2160 OK
[Thu Sep 24 13:32:35 2026] apple-drm soc:display-subsystem: apple_plane_atomic_check: plane=35 crtc=50 mode=3456x2160 fb=3456x2160 OK
[Thu Sep 24 13:32:35 2026] apple-drm soc:display-subsystem: apple_plane_atomic_check: plane=35 crtc=50 mode=3456x2160 fb=3456x2160 OK
[Thu Sep 24 13:32:35 2026] apple-drm soc:display-subsystem: apple_plane_atomic_check: plane=35 crtc=50 mode=3456x2160 fb=3456x2160 OK
[Thu Sep 24 13:32:35 2026] apple-drm soc:display-subsystem: apple_plane_atomic_check: plane=35 crtc=50 mode=3456x2160 fb=3456x2160 OK
[Thu Sep 24 13:32:35 2026] apple-drm soc:display-subsystem: apple_plane_atomic_check: plane=35 crtc=50 mode=3456x2160 fb=3456x2160 OK
[Thu Sep 24 13:32:35 2026] apple-drm soc:display-subsystem: apple_plane_atomic_check: plane=35 crtc=50 mode=3456x2160 fb=3456x2160 OK
[Thu Sep 24 13:32:35 2026] apple-drm soc:display-subsystem: apple_plane_atomic_check: plane=35 crtc=50 mode=3456x2160 fb=3456x2160 OK
[Thu Sep 24 13:32:35 2026] apple-drm soc:display-subsystem: apple_plane_atomic_check: plane=35 crtc=50 mode=3456x2160 fb=3456x2160 OK
[Thu Sep 24 13:32:35 2026] apple-drm soc:display-subsystem: apple_plane_atomic_check: plane=35 crtc=50 mode=3456x2160 fb=3456x2160 OK
[Thu Sep 24 13:32:35 2026] apple-drm soc:display-subsystem: apple_plane_atomic_check: plane=35 crtc=50 mode=3456x2160 fb=3456x2160 OK
[Thu Sep 24 13:32:35 2026] apple-drm soc:display-subsystem: apple_plane_atomic_check: plane=35 crtc=50 mode=3456x2160 fb=3456x2160 OK
[Thu Sep 24 13:32:36 2026] apple-drm soc:display-subsystem: apple_plane_atomic_check: plane=35 crtc=50 mode=3456x2160 fb=3456x2160 OK
[Thu Sep 24 13:32:36 2026] apple-drm soc:display-subsystem: apple_plane_atomic_check: plane=35 crtc=50 mode=3456x2160 fb=3456x2160 OK
[Thu Sep 24 13:32:36 2026] apple-drm soc:display-subsystem: apple_plane_atomic_check: plane=35 crtc=50 mode=3456x2160 fb=3456x2160 OK
[Thu Sep 24 13:32:36 2026] apple-drm soc:display-subsystem: apple_plane_atomic_check: plane=35 crtc=50 mode=3456x2160 fb=3456x2160 OK
[Thu Sep 24 13:32:36 2026] apple-drm soc:display-subsystem: apple_plane_atomic_check: plane=35 crtc=50 mode=3456x2160 fb=3456x2160 OK
[Thu Sep 24 13:32:36 2026] apple-drm soc:display-subsystem: apple_plane_atomic_check: plane=35 crtc=50 mode=3456x2160 fb=3456x2160 OK
[Thu Sep 24 13:32:36 2026] apple-drm soc:display-subsystem: apple_plane_atomic_check: plane=35 crtc=50 mode=3456x2160 fb=3456x2160 OK
[Thu Sep 24 13:32:36 2026] apple-drm soc:display-subsystem: apple_plane_atomic_check: plane=35 crtc=50 mode=3456x2160 fb=3456x2160 OK
[Thu Sep 24 13:32:36 2026] apple-drm soc:display-subsystem: apple_plane_atomic_check: plane=35 crtc=50 mode=3456x2160 fb=3456x2160 OK
[Thu Sep 24 13:32:36 2026] apple-drm soc:display-subsystem: apple_plane_atomic_check: plane=35 crtc=50 mode=3456x2160 fb=3456x2160 OK
[Thu Sep 24 13:32:36 2026] apple-drm soc:display-subsystem: apple_plane_atomic_check: plane=35 crtc=50 mode=3456x2160 fb=3456x2160 OK
[Thu Sep 24 13:32:36 2026] apple-drm soc:display-subsystem: apple_plane_atomic_check: plane=35 crtc=50 mode=3456x2160 fb=3456x2160 OK
[Thu Sep 24 13:32:36 2026] apple-drm soc:display-subsystem: apple_plane_atomic_check: plane=35 crtc=50 mode=3456x2160 fb=3456x2160 OK
[Thu Sep 24 13:32:36 2026] apple-drm soc:display-subsystem: apple_plane_atomic_check: plane=35 crtc=50 mode=3456x2160 fb=3456x2160 OK
[Thu Sep 24 13:32:36 2026] apple-drm soc:display-subsystem: apple_plane_atomic_check: plane=35 crtc=50 mode=3456x2160 fb=3456x2160 OK
[Thu Sep 24 13:32:36 2026] apple-drm soc:display-subsystem: apple_plane_atomic_check: plane=35 crtc=50 mode=3456x2160 fb=3456x2160 OK
[Thu Sep 24 13:32:36 2026] apple-drm soc:display-subsystem: apple_plane_atomic_check: plane=35 crtc=50 mode=3456x2160 fb=3456x2160 OK
[Thu Sep 24 13:32:36 2026] apple-drm soc:display-subsystem: apple_plane_atomic_check: plane=35 crtc=50 mode=3456x2160 fb=3456x2160 OK
[Thu Sep 24 13:32:36 2026] apple-drm soc:display-subsystem: apple_plane_atomic_check: plane=35 crtc=50 mode=3456x2160 fb=3456x2160 OK
[Thu Sep 24 13:32:36 2026] apple-drm soc:display-subsystem: apple_plane_atomic_check: plane=35 crtc=50 mode=3456x2160 fb=3456x2160 OK
[Thu Sep 24 13:32:36 2026] apple-drm soc:display-subsystem: apple_plane_atomic_check: plane=35 crtc=50 mode=3456x2160 fb=3456x2160 OK
[Thu Sep 24 13:32:36 2026] apple-drm soc:display-subsystem: apple_plane_atomic_check: plane=35 crtc=50 mode=3456x2160 fb=3456x2160 OK
[Thu Sep 24 13:32:36 2026] apple-drm soc:display-subsystem: apple_plane_atomic_check: plane=35 crtc=50 mode=3456x2160 fb=3456x2160 OK
[Thu Sep 24 13:32:36 2026] apple-drm soc:display-subsystem: apple_plane_atomic_check: plane=35 crtc=50 mode=3456x2160 fb=3456x2160 OK
[Thu Sep 24 13:32:36 2026] apple-drm soc:display-subsystem: apple_plane_atomic_check: plane=35 crtc=50 mode=3456x2160 fb=3456x2160 OK
[Thu Sep 24 13:32:36 2026] apple-drm soc:display-subsystem: apple_plane_atomic_check: plane=35 crtc=50 mode=3456x2160 fb=3456x2160 OK
[Thu Sep 24 13:32:37 2026] apple-drm soc:display-subsystem: apple_plane_atomic_check: plane=35 crtc=50 mode=3456x2160 fb=3456x2160 OK
[Thu Sep 24 13:32:37 2026] apple-drm soc:display-subsystem: apple_plane_atomic_check: plane=35 crtc=50 mode=3456x2160 fb=3456x2160 OK
[Thu Sep 24 13:32:37 2026] apple-drm soc:display-subsystem: apple_plane_atomic_check: plane=35 crtc=50 mode=3456x2160 fb=3456x2160 OK
[Thu Sep 24 13:32:37 2026] apple-drm soc:display-subsystem: apple_plane_atomic_check: plane=35 crtc=50 mode=3456x2160 fb=3456x2160 OK
[Thu Sep 24 13:32:37 2026] apple-drm soc:display-subsystem: apple_plane_atomic_check: plane=35 crtc=50 mode=3456x2160 fb=3456x2160 OK
[Thu Sep 24 13:32:37 2026] apple-drm soc:display-subsystem: apple_plane_atomic_check: plane=35 crtc=50 mode=3456x2160 fb=3456x2160 OK
[Thu Sep 24 13:32:37 2026] apple-drm soc:display-subsystem: apple_plane_atomic_check: plane=35 crtc=50 mode=3456x2160 fb=3456x2160 OK
[Thu Sep 24 13:32:37 2026] apple-drm soc:display-subsystem: apple_plane_atomic_check: plane=35 crtc=50 mode=3456x2160 fb=3456x2160 OK
[Thu Sep 24 13:32:37 2026] apple-drm soc:display-subsystem: apple_plane_atomic_check: plane=35 crtc=50 mode=3456x2160 fb=3456x2160 OK
[Thu Sep 24 13:32:37 2026] apple-drm soc:display-subsystem: apple_plane_atomic_check: plane=35 crtc=50 mode=3456x2160 fb=3456x2160 OK
[Thu Sep 24 13:32:37 2026] apple-drm soc:display-subsystem: apple_plane_atomic_check: plane=35 crtc=50 mode=3456x2160 fb=3456x2160 OK
[Thu Sep 24 13:32:37 2026] apple-drm soc:display-subsystem: apple_plane_atomic_check: plane=35 crtc=50 mode=3456x2160 fb=3456x2160 OK
[Thu Sep 24 13:32:37 2026] apple-drm soc:display-subsystem: apple_plane_atomic_check: plane=35 crtc=50 mode=3456x2160 fb=3456x2160 OK
[Thu Sep 24 13:32:37 2026] apple-drm soc:display-subsystem: apple_plane_atomic_check: plane=35 crtc=50 mode=3456x2160 fb=3456x2160 OK
[Thu Sep 24 13:32:37 2026] apple-drm soc:display-subsystem: apple_plane_atomic_check: plane=35 crtc=50 mode=3456x2160 fb=3456x2160 OK
[Thu Sep 24 13:32:37 2026] apple-drm soc:display-subsystem: apple_plane_atomic_check: plane=35 crtc=50 mode=3456x2160 fb=3456x2160 OK
[Thu Sep 24 13:32:37 2026] apple-drm soc:display-subsystem: apple_plane_atomic_check: plane=35 crtc=50 mode=3456x2160 fb=3456x2160 OK
[Thu Sep 24 13:32:37 2026] apple-drm soc:display-subsystem: apple_plane_atomic_check: plane=35 crtc=50 mode=3456x2160 fb=3456x2160 OK
[Thu Sep 24 13:32:37 2026] apple-drm soc:display-subsystem: apple_plane_atomic_check: plane=35 crtc=50 mode=3456x2160 fb=3456x2160 OK
[Thu Sep 24 13:32:37 2026] apple-drm soc:display-subsystem: apple_plane_atomic_check: plane=35 crtc=50 mode=3456x2160 fb=3456x2160 OK
[Thu Sep 24 13:32:37 2026] apple-drm soc:display-subsystem: apple_plane_atomic_check: plane=35 crtc=50 mode=3456x2160 fb=3456x2160 OK
[Thu Sep 24 13:32:37 2026] apple-drm soc:display-subsystem: apple_plane_atomic_check: plane=35 crtc=50 mode=3456x2160 fb=3456x2160 OK
[Thu Sep 24 13:32:37 2026] apple-drm soc:display-subsystem: apple_plane_atomic_check: plane=35 crtc=50 mode=3456x2160 fb=3456x2160 OK
[Thu Sep 24 13:32:37 2026] apple-drm soc:display-subsystem: apple_plane_atomic_check: plane=35 crtc=50 mode=3456x2160 fb=3456x2160 OK
[Thu Sep 24 13:32:37 2026] apple-drm soc:display-subsystem: apple_plane_atomic_check: plane=35 crtc=50 mode=3456x2160 fb=3456x2160 OK
[Thu Sep 24 13:32:37 2026] apple-drm soc:display-subsystem: apple_plane_atomic_check: plane=35 crtc=50 mode=3456x2160 fb=3456x2160 OK
[Thu Sep 24 13:32:37 2026] audit: type=1101 audit(1790249558.130:205): pid=6957 uid=1001 auid=1001 ses=1 subj=unconfined msg='op=PAM:accounting grantors=pam_unix,pam_permit,pam_time acct="oliver" exe="/usr/bin/sudo" hostname=? addr=? terminal=? res=success'
[Thu Sep 24 13:32:37 2026] audit: type=1110 audit(1790249558.130:206): pid=6957 uid=1001 auid=1001 ses=1 subj=unconfined msg='op=PAM:setcred grantors=pam_faillock,pam_permit,pam_env,pam_faillock acct="root" exe="/usr/bin/sudo" hostname=? addr=? terminal=? res=success'
[Thu Sep 24 13:32:37 2026] audit: type=1105 audit(1790249558.131:207): pid=6957 uid=1001 auid=1001 ses=1 subj=unconfined msg='op=PAM:session_open grantors=pam_systemd_home,pam_limits,pam_unix,pam_permit,pam_systemd acct="root" exe="/usr/bin/sudo" hostname=? addr=? terminal=? res=success'
[Thu Sep 24 13:32:37 2026] audit: type=1106 audit(1790249558.147:208): pid=6957 uid=1001 auid=1001 ses=1 subj=unconfined msg='op=PAM:session_close grantors=pam_systemd_home,pam_limits,pam_unix,pam_permit,pam_systemd acct="root" exe="/usr/bin/sudo" hostname=? addr=? terminal=? res=success'
[Thu Sep 24 13:32:37 2026] audit: type=1104 audit(1790249558.148:209): pid=6957 uid=1001 auid=1001 ses=1 subj=unconfined msg='op=PAM:setcred grantors=pam_faillock,pam_permit,pam_env,pam_faillock acct="root" exe="/usr/bin/sudo" hostname=? addr=? terminal=? res=success'
[Thu Sep 24 13:32:38 2026] apple-drm soc:display-subsystem: apple_plane_atomic_check: plane=35 crtc=50 mode=3456x2160 fb=3456x2160 OK
[Thu Sep 24 13:32:38 2026] apple-drm soc:display-subsystem: apple_plane_atomic_check: plane=35 crtc=50 mode=3456x2160 fb=3456x2160 OK
[Thu Sep 24 13:32:38 2026] apple-drm soc:display-subsystem: apple_plane_atomic_check: plane=35 crtc=50 mode=3456x2160 fb=3456x2160 OK
[Thu Sep 24 13:32:38 2026] apple-drm soc:display-subsystem: apple_plane_atomic_check: plane=35 crtc=50 mode=3456x2160 fb=3456x2160 OK
[Thu Sep 24 13:32:38 2026] apple-drm soc:display-subsystem: apple_plane_atomic_check: plane=35 crtc=50 mode=3456x2160 fb=3456x2160 OK
[Thu Sep 24 13:32:38 2026] apple-drm soc:display-subsystem: apple_plane_atomic_check: plane=35 crtc=50 mode=3456x2160 fb=3456x2160 OK
[Thu Sep 24 13:32:38 2026] apple-drm soc:display-subsystem: apple_plane_atomic_check: plane=35 crtc=50 mode=3456x2160 fb=3456x2160 OK
[Thu Sep 24 13:32:38 2026] apple-drm soc:display-subsystem: apple_plane_atomic_check: plane=35 crtc=50 mode=3456x2160 fb=3456x2160 OK
[Thu Sep 24 13:32:38 2026] apple-drm soc:display-subsystem: apple_plane_atomic_check: plane=35 crtc=50 mode=3456x2160 fb=3456x2160 OK
[Thu Sep 24 13:32:38 2026] apple-drm soc:display-subsystem: apple_plane_atomic_check: plane=35 crtc=50 mode=3456x2160 fb=3456x2160 OK
[Thu Sep 24 13:32:38 2026] apple-drm soc:display-subsystem: apple_plane_atomic_check: plane=35 crtc=50 mode=3456x2160 fb=3456x2160 OK
[Thu Sep 24 13:32:38 2026] apple-drm soc:display-subsystem: apple_plane_atomic_check: plane=35 crtc=50 mode=3456x2160 fb=3456x2160 OK
[Thu Sep 24 13:32:38 2026] apple-drm soc:display-subsystem: apple_plane_atomic_check: plane=35 crtc=50 mode=3456x2160 fb=3456x2160 OK
[Thu Sep 24 13:32:38 2026] apple-drm soc:display-subsystem: apple_plane_atomic_check: plane=35 crtc=50 mode=3456x2160 fb=3456x2160 OK
[Thu Sep 24 13:32:38 2026] apple-drm soc:display-subsystem: apple_plane_atomic_check: plane=35 crtc=50 mode=3456x2160 fb=3456x2160 OK
[Thu Sep 24 13:32:38 2026] apple-drm soc:display-subsystem: apple_plane_atomic_check: plane=35 crtc=50 mode=3456x2160 fb=3456x2160 OK
[Thu Sep 24 13:32:38 2026] apple-drm soc:display-subsystem: apple_plane_atomic_check: plane=35 crtc=50 mode=3456x2160 fb=3456x2160 OK
[Thu Sep 24 13:32:38 2026] apple-drm soc:display-subsystem: apple_plane_atomic_check: plane=35 crtc=50 mode=3456x2160 fb=3456x2160 OK
[Thu Sep 24 13:32:38 2026] apple-drm soc:display-subsystem: apple_plane_atomic_check: plane=35 crtc=50 mode=3456x2160 fb=3456x2160 OK
[Thu Sep 24 13:32:38 2026] apple-drm soc:display-subsystem: apple_plane_atomic_check: plane=35 crtc=50 mode=3456x2160 fb=3456x2160 OK
[Thu Sep 24 13:32:38 2026] apple-drm soc:display-subsystem: apple_plane_atomic_check: plane=35 crtc=50 mode=3456x2160 fb=3456x2160 OK
[Thu Sep 24 13:32:38 2026] apple-drm soc:display-subsystem: apple_plane_atomic_check: plane=35 crtc=50 mode=3456x2160 fb=3456x2160 OK
[Thu Sep 24 13:32:38 2026] apple-drm soc:display-subsystem: apple_plane_atomic_check: plane=35 crtc=50 mode=3456x2160 fb=3456x2160 OK
[Thu Sep 24 13:32:38 2026] apple-drm soc:display-subsystem: apple_plane_atomic_check: plane=35 crtc=50 mode=3456x2160 fb=3456x2160 OK
[Thu Sep 24 13:32:39 2026] apple-drm soc:display-subsystem: apple_plane_atomic_check: plane=35 crtc=50 mode=3456x2160 fb=3456x2160 OK
[Thu Sep 24 13:32:39 2026] apple-drm soc:display-subsystem: apple_plane_atomic_check: plane=35 crtc=50 mode=3456x2160 fb=3456x2160 OK
[Thu Sep 24 13:32:39 2026] apple-drm soc:display-subsystem: apple_plane_atomic_check: plane=35 crtc=50 mode=3456x2160 fb=3456x2160 OK
[Thu Sep 24 13:32:39 2026] apple-drm soc:display-subsystem: apple_plane_atomic_check: plane=35 crtc=50 mode=3456x2160 fb=3456x2160 OK
[Thu Sep 24 13:32:39 2026] apple-drm soc:display-subsystem: apple_plane_atomic_check: plane=35 crtc=50 mode=3456x2160 fb=3456x2160 OK
[Thu Sep 24 13:32:39 2026] apple-drm soc:display-subsystem: apple_plane_atomic_check: plane=35 crtc=50 mode=3456x2160 fb=3456x2160 OK
[Thu Sep 24 13:32:39 2026] apple-drm soc:display-subsystem: apple_plane_atomic_check: plane=35 crtc=50 mode=3456x2160 fb=3456x2160 OK
[Thu Sep 24 13:32:39 2026] apple-drm soc:display-subsystem: apple_plane_atomic_check: plane=35 crtc=50 mode=3456x2160 fb=3456x2160 OK
[Thu Sep 24 13:32:39 2026] apple-drm soc:display-subsystem: apple_plane_atomic_check: plane=35 crtc=50 mode=3456x2160 fb=3456x2160 OK
[Thu Sep 24 13:32:39 2026] apple-drm soc:display-subsystem: apple_plane_atomic_check: plane=35 crtc=50 mode=3456x2160 fb=3456x2160 OK
[Thu Sep 24 13:32:39 2026] apple-drm soc:display-subsystem: apple_plane_atomic_check: plane=35 crtc=50 mode=3456x2160 fb=3456x2160 OK
[Thu Sep 24 13:32:39 2026] apple-drm soc:display-subsystem: apple_plane_atomic_check: plane=35 crtc=50 mode=3456x2160 fb=3456x2160 OK
[Thu Sep 24 13:32:39 2026] apple-drm soc:display-subsystem: apple_plane_atomic_check: plane=35 crtc=50 mode=3456x2160 fb=3456x2160 OK
[Thu Sep 24 13:32:39 2026] apple-drm soc:display-subsystem: apple_plane_atomic_check: plane=35 crtc=50 mode=3456x2160 fb=3456x2160 OK
[Thu Sep 24 13:32:39 2026] apple-drm soc:display-subsystem: apple_plane_atomic_check: plane=35 crtc=50 mode=3456x2160 fb=3456x2160 OK
[Thu Sep 24 13:32:39 2026] apple-drm soc:display-subsystem: apple_plane_atomic_check: plane=35 crtc=50 mode=3456x2160 fb=3456x2160 OK
[Thu Sep 24 13:32:39 2026] apple-drm soc:display-subsystem: apple_plane_atomic_check: plane=35 crtc=50 mode=3456x2160 fb=3456x2160 OK
[Thu Sep 24 13:32:39 2026] apple-drm soc:display-subsystem: apple_plane_atomic_check: plane=35 crtc=50 mode=3456x2160 fb=3456x2160 OK
[Thu Sep 24 13:32:39 2026] apple-drm soc:display-subsystem: apple_plane_atomic_check: plane=35 crtc=50 mode=3456x2160 fb=3456x2160 OK
[Thu Sep 24 13:32:39 2026] apple-drm soc:display-subsystem: apple_plane_atomic_check: plane=35 crtc=50 mode=3456x2160 fb=3456x2160 OK
[Thu Sep 24 13:32:39 2026] apple-drm soc:display-subsystem: apple_plane_atomic_check: plane=35 crtc=50 mode=3456x2160 fb=3456x2160 OK
[Thu Sep 24 13:32:39 2026] apple-drm soc:display-subsystem: apple_plane_atomic_check: plane=35 crtc=50 mode=3456x2160 fb=3456x2160 OK
[Thu Sep 24 13:32:39 2026] apple-drm soc:display-subsystem: apple_plane_atomic_check: plane=35 crtc=50 mode=3456x2160 fb=3456x2160 OK
[Thu Sep 24 13:32:39 2026] apple-drm soc:display-subsystem: apple_plane_atomic_check: plane=35 crtc=50 mode=3456x2160 fb=3456x2160 OK
[Thu Sep 24 13:32:39 2026] apple-drm soc:display-subsystem: apple_plane_atomic_check: plane=35 crtc=50 mode=3456x2160 fb=3456x2160 OK
[Thu Sep 24 13:32:39 2026] apple-drm soc:display-subsystem: apple_plane_atomic_check: plane=35 crtc=50 mode=3456x2160 fb=3456x2160 OK
[Thu Sep 24 13:32:40 2026] apple-drm soc:display-subsystem: apple_plane_atomic_check: plane=35 crtc=50 mode=3456x2160 fb=3456x2160 OK
[Thu Sep 24 13:32:40 2026] apple-drm soc:display-subsystem: apple_plane_atomic_check: plane=35 crtc=50 mode=3456x2160 fb=3456x2160 OK
[Thu Sep 24 13:32:40 2026] apple-drm soc:display-subsystem: apple_plane_atomic_check: plane=35 crtc=50 mode=3456x2160 fb=3456x2160 OK
[Thu Sep 24 13:32:40 2026] apple-drm soc:display-subsystem: apple_plane_atomic_check: plane=35 crtc=50 mode=3456x2160 fb=3456x2160 OK
[Thu Sep 24 13:32:40 2026] apple-drm soc:display-subsystem: apple_plane_atomic_check: plane=35 crtc=50 mode=3456x2160 fb=3456x2160 OK
[Thu Sep 24 13:32:40 2026] apple-drm soc:display-subsystem: apple_plane_atomic_check: plane=35 crtc=50 mode=3456x2160 fb=3456x2160 OK
[Thu Sep 24 13:32:40 2026] apple-drm soc:display-subsystem: apple_plane_atomic_check: plane=35 crtc=50 mode=3456x2160 fb=3456x2160 OK
[Thu Sep 24 13:32:40 2026] apple-drm soc:display-subsystem: apple_plane_atomic_check: plane=35 crtc=50 mode=3456x2160 fb=3456x2160 OK
[Thu Sep 24 13:32:40 2026] apple-drm soc:display-subsystem: apple_plane_atomic_check: plane=35 crtc=50 mode=3456x2160 fb=3456x2160 OK
[Thu Sep 24 13:32:40 2026] apple-drm soc:display-subsystem: apple_plane_atomic_check: plane=35 crtc=50 mode=3456x2160 fb=3456x2160 OK
[Thu Sep 24 13:32:40 2026] apple-drm soc:display-subsystem: apple_plane_atomic_check: plane=35 crtc=50 mode=3456x2160 fb=3456x2160 OK
[Thu Sep 24 13:32:40 2026] apple-drm soc:display-subsystem: apple_plane_atomic_check: plane=35 crtc=50 mode=3456x2160 fb=3456x2160 OK
[Thu Sep 24 13:32:40 2026] apple-drm soc:display-subsystem: apple_plane_atomic_check: plane=35 crtc=50 mode=3456x2160 fb=3456x2160 OK
[Thu Sep 24 13:32:40 2026] apple-drm soc:display-subsystem: apple_plane_atomic_check: plane=35 crtc=50 mode=3456x2160 fb=3456x2160 OK
[Thu Sep 24 13:32:40 2026] apple-drm soc:display-subsystem: apple_plane_atomic_check: plane=35 crtc=50 mode=3456x2160 fb=3456x2160 OK
[Thu Sep 24 13:32:40 2026] apple-drm soc:display-subsystem: apple_plane_atomic_check: plane=35 crtc=50 mode=3456x2160 fb=3456x2160 OK
[Thu Sep 24 13:32:40 2026] apple-drm soc:display-subsystem: apple_plane_atomic_check: plane=35 crtc=50 mode=3456x2160 fb=3456x2160 OK
[Thu Sep 24 13:32:40 2026] apple-drm soc:display-subsystem: apple_plane_atomic_check: plane=35 crtc=50 mode=3456x2160 fb=3456x2160 OK
[Thu Sep 24 13:32:40 2026] apple-drm soc:display-subsystem: apple_plane_atomic_check: plane=35 crtc=50 mode=3456x2160 fb=3456x2160 OK
[Thu Sep 24 13:32:40 2026] apple-drm soc:display-subsystem: apple_plane_atomic_check: plane=35 crtc=50 mode=3456x2160 fb=3456x2160 OK
[Thu Sep 24 13:32:40 2026] apple-drm soc:display-subsystem: apple_plane_atomic_check: plane=35 crtc=50 mode=3456x2160 fb=3456x2160 OK
[Thu Sep 24 13:32:40 2026] apple-drm soc:display-subsystem: apple_plane_atomic_check: plane=35 crtc=50 mode=3456x2160 fb=3456x2160 OK
[Thu Sep 24 13:32:40 2026] apple-drm soc:display-subsystem: apple_plane_atomic_check: plane=35 crtc=50 mode=3456x2160 fb=3456x2160 OK
[Thu Sep 24 13:32:40 2026] apple-drm soc:display-subsystem: apple_plane_atomic_check: plane=35 crtc=50 mode=3456x2160 fb=3456x2160 OK
[Thu Sep 24 13:32:41 2026] apple-drm soc:display-subsystem: apple_plane_atomic_check: plane=35 crtc=50 mode=3456x2160 fb=3456x2160 OK
[Thu Sep 24 13:32:41 2026] apple-drm soc:display-subsystem: apple_plane_atomic_check: plane=35 crtc=50 mode=3456x2160 fb=3456x2160 OK
[Thu Sep 24 13:32:41 2026] apple-drm soc:display-subsystem: apple_plane_atomic_check: plane=35 crtc=50 mode=3456x2160 fb=3456x2160 OK
[Thu Sep 24 13:32:41 2026] apple-drm soc:display-subsystem: apple_plane_atomic_check: plane=35 crtc=50 mode=3456x2160 fb=3456x2160 OK
[Thu Sep 24 13:32:41 2026] apple-drm soc:display-subsystem: apple_plane_atomic_check: plane=35 crtc=50 mode=3456x2160 fb=3456x2160 OK
[Thu Sep 24 13:32:41 2026] apple-drm soc:display-subsystem: apple_plane_atomic_check: plane=35 crtc=50 mode=3456x2160 fb=3456x2160 OK
[Thu Sep 24 13:32:41 2026] apple-drm soc:display-subsystem: apple_plane_atomic_check: plane=35 crtc=50 mode=3456x2160 fb=3456x2160 OK
[Thu Sep 24 13:32:41 2026] apple-drm soc:display-subsystem: apple_plane_atomic_check: plane=35 crtc=50 mode=3456x2160 fb=3456x2160 OK
[Thu Sep 24 13:32:41 2026] apple-drm soc:display-subsystem: apple_plane_atomic_check: plane=35 crtc=50 mode=3456x2160 fb=3456x2160 OK
[Thu Sep 24 13:32:41 2026] apple-drm soc:display-subsystem: apple_plane_atomic_check: plane=35 crtc=50 mode=3456x2160 fb=3456x2160 OK
[Thu Sep 24 13:32:41 2026] apple-drm soc:display-subsystem: apple_plane_atomic_check: plane=35 crtc=50 mode=3456x2160 fb=3456x2160 OK
[Thu Sep 24 13:32:41 2026] apple-drm soc:display-subsystem: apple_plane_atomic_check: plane=35 crtc=50 mode=3456x2160 fb=3456x2160 OK
[Thu Sep 24 13:32:41 2026] apple-drm soc:display-subsystem: apple_plane_atomic_check: plane=35 crtc=50 mode=3456x2160 fb=3456x2160 OK
[Thu Sep 24 13:32:41 2026] apple-drm soc:display-subsystem: apple_plane_atomic_check: plane=35 crtc=50 mode=3456x2160 fb=3456x2160 OK
[Thu Sep 24 13:32:41 2026] apple-drm soc:display-subsystem: apple_plane_atomic_check: plane=35 crtc=50 mode=3456x2160 fb=3456x2160 OK
[Thu Sep 24 13:32:41 2026] apple-drm soc:display-subsystem: apple_plane_atomic_check: plane=35 crtc=50 mode=3456x2160 fb=3456x2160 OK
[Thu Sep 24 13:32:41 2026] apple-drm soc:display-subsystem: apple_plane_atomic_check: plane=35 crtc=50 mode=3456x2160 fb=3456x2160 OK
[Thu Sep 24 13:32:41 2026] apple-drm soc:display-subsystem: apple_plane_atomic_check: plane=35 crtc=50 mode=3456x2160 fb=3456x2160 OK
[Thu Sep 24 13:32:41 2026] apple-drm soc:display-subsystem: apple_plane_atomic_check: plane=35 crtc=50 mode=3456x2160 fb=3456x2160 OK
[Thu Sep 24 13:32:41 2026] apple-drm soc:display-subsystem: apple_plane_atomic_check: plane=35 crtc=50 mode=3456x2160 fb=3456x2160 OK
[Thu Sep 24 13:32:41 2026] apple-drm soc:display-subsystem: apple_plane_atomic_check: plane=35 crtc=50 mode=3456x2160 fb=3456x2160 OK
[Thu Sep 24 13:32:41 2026] apple-drm soc:display-subsystem: apple_plane_atomic_check: plane=35 crtc=50 mode=3456x2160 fb=3456x2160 OK
[Thu Sep 24 13:32:41 2026] apple-drm soc:display-subsystem: apple_plane_atomic_check: plane=35 crtc=50 mode=3456x2160 fb=3456x2160 OK
[Thu Sep 24 13:32:41 2026] apple-drm soc:display-subsystem: apple_plane_atomic_check: plane=35 crtc=50 mode=3456x2160 fb=3456x2160 OK
[Thu Sep 24 13:32:41 2026] apple-drm soc:display-subsystem: apple_plane_atomic_check: plane=35 crtc=50 mode=3456x2160 fb=3456x2160 OK
[Thu Sep 24 13:32:41 2026] apple-drm soc:display-subsystem: apple_plane_atomic_check: plane=35 crtc=50 mode=3456x2160 fb=3456x2160 OK
[Thu Sep 24 13:32:42 2026] apple-drm soc:display-subsystem: apple_plane_atomic_check: plane=35 crtc=50 mode=3456x2160 fb=3456x2160 OK
[Thu Sep 24 13:32:42 2026] apple-drm soc:display-subsystem: apple_plane_atomic_check: plane=35 crtc=50 mode=3456x2160 fb=3456x2160 OK
[Thu Sep 24 13:32:42 2026] apple-drm soc:display-subsystem: apple_plane_atomic_check: plane=35 crtc=50 mode=3456x2160 fb=3456x2160 OK
[Thu Sep 24 13:32:42 2026] apple-drm soc:display-subsystem: apple_plane_atomic_check: plane=35 crtc=50 mode=3456x2160 fb=3456x2160 OK
[Thu Sep 24 13:32:42 2026] apple-drm soc:display-subsystem: apple_plane_atomic_check: plane=35 crtc=50 mode=3456x2160 fb=3456x2160 OK
[Thu Sep 24 13:32:42 2026] apple-drm soc:display-subsystem: apple_plane_atomic_check: plane=35 crtc=50 mode=3456x2160 fb=3456x2160 OK
[Thu Sep 24 13:32:42 2026] apple-drm soc:display-subsystem: apple_plane_atomic_check: plane=35 crtc=50 mode=3456x2160 fb=3456x2160 OK
[Thu Sep 24 13:32:42 2026] apple-drm soc:display-subsystem: apple_plane_atomic_check: plane=35 crtc=50 mode=3456x2160 fb=3456x2160 OK
[Thu Sep 24 13:32:42 2026] apple-drm soc:display-subsystem: apple_plane_atomic_check: plane=35 crtc=50 mode=3456x2160 fb=3456x2160 OK
[Thu Sep 24 13:32:42 2026] apple-drm soc:display-subsystem: apple_plane_atomic_check: plane=35 crtc=50 mode=3456x2160 fb=3456x2160 OK
[Thu Sep 24 13:32:42 2026] apple-drm soc:display-subsystem: apple_plane_atomic_check: plane=35 crtc=50 mode=3456x2160 fb=3456x2160 OK
[Thu Sep 24 13:32:42 2026] apple-drm soc:display-subsystem: apple_plane_atomic_check: plane=35 crtc=50 mode=3456x2160 fb=3456x2160 OK
[Thu Sep 24 13:32:42 2026] apple-drm soc:display-subsystem: apple_plane_atomic_check: plane=35 crtc=50 mode=3456x2160 fb=3456x2160 OK
[Thu Sep 24 13:32:42 2026] apple-drm soc:display-subsystem: apple_plane_atomic_check: plane=35 crtc=50 mode=3456x2160 fb=3456x2160 OK
[Thu Sep 24 13:32:42 2026] apple-drm soc:display-subsystem: apple_plane_atomic_check: plane=35 crtc=50 mode=3456x2160 fb=3456x2160 OK
[Thu Sep 24 13:32:42 2026] apple-drm soc:display-subsystem: apple_plane_atomic_check: plane=35 crtc=50 mode=3456x2160 fb=3456x2160 OK
[Thu Sep 24 13:32:42 2026] apple-drm soc:display-subsystem: apple_plane_atomic_check: plane=35 crtc=50 mode=3456x2160 fb=3456x2160 OK
[Thu Sep 24 13:32:42 2026] apple-drm soc:display-subsystem: apple_plane_atomic_check: plane=35 crtc=50 mode=3456x2160 fb=3456x2160 OK
[Thu Sep 24 13:32:42 2026] apple-drm soc:display-subsystem: apple_plane_atomic_check: plane=35 crtc=50 mode=3456x2160 fb=3456x2160 OK
[Thu Sep 24 13:32:42 2026] apple-drm soc:display-subsystem: apple_plane_atomic_check: plane=35 crtc=50 mode=3456x2160 fb=3456x2160 OK
[Thu Sep 24 13:32:42 2026] apple-drm soc:display-subsystem: apple_plane_atomic_check: plane=35 crtc=50 mode=3456x2160 fb=3456x2160 OK
[Thu Sep 24 13:32:42 2026] apple-drm soc:display-subsystem: apple_plane_atomic_check: plane=35 crtc=50 mode=3456x2160 fb=3456x2160 OK
[Thu Sep 24 13:32:42 2026] apple-drm soc:display-subsystem: apple_plane_atomic_check: plane=35 crtc=50 mode=3456x2160 fb=3456x2160 OK
[Thu Sep 24 13:32:42 2026] apple-drm soc:display-subsystem: apple_plane_atomic_check: plane=35 crtc=50 mode=3456x2160 fb=3456x2160 OK
[Thu Sep 24 13:32:43 2026] apple-drm soc:display-subsystem: apple_plane_atomic_check: plane=35 crtc=50 mode=3456x2160 fb=3456x2160 OK
[Thu Sep 24 13:32:43 2026] apple-drm soc:display-subsystem: apple_plane_atomic_check: plane=35 crtc=50 mode=3456x2160 fb=3456x2160 OK
[Thu Sep 24 13:32:43 2026] apple-drm soc:display-subsystem: apple_plane_atomic_check: plane=35 crtc=50 mode=3456x2160 fb=3456x2160 OK
[Thu Sep 24 13:32:43 2026] apple-drm soc:display-subsystem: apple_plane_atomic_check: plane=35 crtc=50 mode=3456x2160 fb=3456x2160 OK
[Thu Sep 24 13:32:43 2026] apple-drm soc:display-subsystem: apple_plane_atomic_check: plane=35 crtc=50 mode=3456x2160 fb=3456x2160 OK
[Thu Sep 24 13:32:43 2026] apple-drm soc:display-subsystem: apple_plane_atomic_check: plane=35 crtc=50 mode=3456x2160 fb=3456x2160 OK
[Thu Sep 24 13:32:43 2026] apple-drm soc:display-subsystem: apple_plane_atomic_check: plane=35 crtc=50 mode=3456x2160 fb=3456x2160 OK
[Thu Sep 24 13:32:43 2026] apple-drm soc:display-subsystem: apple_plane_atomic_check: plane=35 crtc=50 mode=3456x2160 fb=3456x2160 OK
[Thu Sep 24 13:32:43 2026] apple-drm soc:display-subsystem: apple_plane_atomic_check: plane=35 crtc=50 mode=3456x2160 fb=3456x2160 OK
[Thu Sep 24 13:32:43 2026] apple-drm soc:display-subsystem: apple_plane_atomic_check: plane=35 crtc=50 mode=3456x2160 fb=3456x2160 OK
[Thu Sep 24 13:32:43 2026] apple-drm soc:display-subsystem: apple_plane_atomic_check: plane=35 crtc=50 mode=3456x2160 fb=3456x2160 OK
[Thu Sep 24 13:32:43 2026] apple-drm soc:display-subsystem: apple_plane_atomic_check: plane=35 crtc=50 mode=3456x2160 fb=3456x2160 OK
[Thu Sep 24 13:32:43 2026] apple-drm soc:display-subsystem: apple_plane_atomic_check: plane=35 crtc=50 mode=3456x2160 fb=3456x2160 OK
[Thu Sep 24 13:32:43 2026] apple-drm soc:display-subsystem: apple_plane_atomic_check: plane=35 crtc=50 mode=3456x2160 fb=3456x2160 OK
[Thu Sep 24 13:32:43 2026] apple-drm soc:display-subsystem: apple_plane_atomic_check: plane=35 crtc=50 mode=3456x2160 fb=3456x2160 OK
[Thu Sep 24 13:32:43 2026] apple-drm soc:display-subsystem: apple_plane_atomic_check: plane=35 crtc=50 mode=3456x2160 fb=3456x2160 OK
[Thu Sep 24 13:32:43 2026] apple-drm soc:display-subsystem: apple_plane_atomic_check: plane=35 crtc=50 mode=3456x2160 fb=3456x2160 OK
[Thu Sep 24 13:32:43 2026] apple-drm soc:display-subsystem: apple_plane_atomic_check: plane=35 crtc=50 mode=3456x2160 fb=3456x2160 OK
[Thu Sep 24 13:32:43 2026] apple-drm soc:display-subsystem: apple_plane_atomic_check: plane=35 crtc=50 mode=3456x2160 fb=3456x2160 OK
[Thu Sep 24 13:32:43 2026] apple-drm soc:display-subsystem: apple_plane_atomic_check: plane=35 crtc=50 mode=3456x2160 fb=3456x2160 OK
[Thu Sep 24 13:32:43 2026] apple-drm soc:display-subsystem: apple_plane_atomic_check: plane=35 crtc=50 mode=3456x2160 fb=3456x2160 OK
[Thu Sep 24 13:32:43 2026] apple-drm soc:display-subsystem: apple_plane_atomic_check: plane=35 crtc=50 mode=3456x2160 fb=3456x2160 OK
[Thu Sep 24 13:32:43 2026] apple-drm soc:display-subsystem: apple_plane_atomic_check: plane=35 crtc=50 mode=3456x2160 fb=3456x2160 OK
[Thu Sep 24 13:32:43 2026] apple-drm soc:display-subsystem: apple_plane_atomic_check: plane=35 crtc=50 mode=3456x2160 fb=3456x2160 OK
[Thu Sep 24 13:32:43 2026] apple-drm soc:display-subsystem: apple_plane_atomic_check: plane=35 crtc=50 mode=3456x2160 fb=3456x2160 OK
[Thu Sep 24 13:32:43 2026] apple-drm soc:display-subsystem: apple_plane_atomic_check: plane=35 crtc=50 mode=3456x2160 fb=3456x2160 OK
[Thu Sep 24 13:32:44 2026] apple-drm soc:display-subsystem: apple_plane_atomic_check: plane=35 crtc=50 mode=3456x2160 fb=3456x2160 OK
[Thu Sep 24 13:32:44 2026] apple-drm soc:display-subsystem: apple_plane_atomic_check: plane=35 crtc=50 mode=3456x2160 fb=3456x2160 OK
[Thu Sep 24 13:32:44 2026] apple-drm soc:display-subsystem: apple_plane_atomic_check: plane=35 crtc=50 mode=3456x2160 fb=3456x2160 OK
[Thu Sep 24 13:32:44 2026] apple-drm soc:display-subsystem: apple_plane_atomic_check: plane=35 crtc=50 mode=3456x2160 fb=3456x2160 OK
[Thu Sep 24 13:32:44 2026] apple-drm soc:display-subsystem: apple_plane_atomic_check: plane=35 crtc=50 mode=3456x2160 fb=3456x2160 OK
[Thu Sep 24 13:32:44 2026] apple-drm soc:display-subsystem: apple_plane_atomic_check: plane=35 crtc=50 mode=3456x2160 fb=3456x2160 OK
[Thu Sep 24 13:32:44 2026] apple-drm soc:display-subsystem: apple_plane_atomic_check: plane=35 crtc=50 mode=3456x2160 fb=3456x2160 OK
[Thu Sep 24 13:32:44 2026] apple-drm soc:display-subsystem: apple_plane_atomic_check: plane=35 crtc=50 mode=3456x2160 fb=3456x2160 OK
[Thu Sep 24 13:32:44 2026] apple-drm soc:display-subsystem: apple_plane_atomic_check: plane=35 crtc=50 mode=3456x2160 fb=3456x2160 OK
[Thu Sep 24 13:32:44 2026] apple-drm soc:display-subsystem: apple_plane_atomic_check: plane=35 crtc=50 mode=3456x2160 fb=3456x2160 OK
[Thu Sep 24 13:32:44 2026] apple-drm soc:display-subsystem: apple_plane_atomic_check: plane=35 crtc=50 mode=3456x2160 fb=3456x2160 OK
[Thu Sep 24 13:32:44 2026] apple-drm soc:display-subsystem: apple_plane_atomic_check: plane=35 crtc=50 mode=3456x2160 fb=3456x2160 OK
[Thu Sep 24 13:32:44 2026] apple-drm soc:display-subsystem: apple_plane_atomic_check: plane=35 crtc=50 mode=3456x2160 fb=3456x2160 OK
[Thu Sep 24 13:32:44 2026] apple-drm soc:display-subsystem: apple_plane_atomic_check: plane=35 crtc=50 mode=3456x2160 fb=3456x2160 OK
[Thu Sep 24 13:32:44 2026] apple-drm soc:display-subsystem: apple_plane_atomic_check: plane=35 crtc=50 mode=3456x2160 fb=3456x2160 OK
[Thu Sep 24 13:32:44 2026] apple-drm soc:display-subsystem: apple_plane_atomic_check: plane=35 crtc=50 mode=3456x2160 fb=3456x2160 OK
[Thu Sep 24 13:32:44 2026] apple-drm soc:display-subsystem: apple_plane_atomic_check: plane=35 crtc=50 mode=3456x2160 fb=3456x2160 OK
[Thu Sep 24 13:32:44 2026] apple-drm soc:display-subsystem: apple_plane_atomic_check: plane=35 crtc=50 mode=3456x2160 fb=3456x2160 OK
[Thu Sep 24 13:32:44 2026] apple-drm soc:display-subsystem: apple_plane_atomic_check: plane=35 crtc=50 mode=3456x2160 fb=3456x2160 OK
[Thu Sep 24 13:32:44 2026] apple-drm soc:display-subsystem: apple_plane_atomic_check: plane=35 crtc=50 mode=3456x2160 fb=3456x2160 OK
[Thu Sep 24 13:32:44 2026] apple-drm soc:display-subsystem: apple_plane_atomic_check: plane=35 crtc=50 mode=3456x2160 fb=3456x2160 OK
[Thu Sep 24 13:32:44 2026] apple-drm soc:display-subsystem: apple_plane_atomic_check: plane=35 crtc=50 mode=3456x2160 fb=3456x2160 OK
[Thu Sep 24 13:32:44 2026] apple-drm soc:display-subsystem: apple_plane_atomic_check: plane=35 crtc=50 mode=3456x2160 fb=3456x2160 OK
[Thu Sep 24 13:32:44 2026] apple-drm soc:display-subsystem: apple_plane_atomic_check: plane=35 crtc=50 mode=3456x2160 fb=3456x2160 OK
[Thu Sep 24 13:32:45 2026] apple-drm soc:display-subsystem: apple_plane_atomic_check: plane=35 crtc=50 mode=3456x2160 fb=3456x2160 OK
[Thu Sep 24 13:32:45 2026] apple-drm soc:display-subsystem: apple_plane_atomic_check: plane=35 crtc=50 mode=3456x2160 fb=3456x2160 OK
[Thu Sep 24 13:32:45 2026] apple-drm soc:display-subsystem: apple_plane_atomic_check: plane=35 crtc=50 mode=3456x2160 fb=3456x2160 OK
[Thu Sep 24 13:32:45 2026] apple-drm soc:display-subsystem: apple_plane_atomic_check: plane=35 crtc=50 mode=3456x2160 fb=3456x2160 OK
[Thu Sep 24 13:32:45 2026] apple-drm soc:display-subsystem: apple_plane_atomic_check: plane=35 crtc=50 mode=3456x2160 fb=3456x2160 OK
[Thu Sep 24 13:32:45 2026] apple-drm soc:display-subsystem: apple_plane_atomic_check: plane=35 crtc=50 mode=3456x2160 fb=3456x2160 OK
[Thu Sep 24 13:32:45 2026] apple-drm soc:display-subsystem: apple_plane_atomic_check: plane=35 crtc=50 mode=3456x2160 fb=3456x2160 OK
[Thu Sep 24 13:32:45 2026] apple-drm soc:display-subsystem: apple_plane_atomic_check: plane=35 crtc=50 mode=3456x2160 fb=3456x2160 OK
[Thu Sep 24 13:32:45 2026] apple-drm soc:display-subsystem: apple_plane_atomic_check: plane=35 crtc=50 mode=3456x2160 fb=3456x2160 OK
[Thu Sep 24 13:32:45 2026] apple-drm soc:display-subsystem: apple_plane_atomic_check: plane=35 crtc=50 mode=3456x2160 fb=3456x2160 OK
[Thu Sep 24 13:32:45 2026] apple-drm soc:display-subsystem: apple_plane_atomic_check: plane=35 crtc=50 mode=3456x2160 fb=3456x2160 OK
[Thu Sep 24 13:32:45 2026] apple-drm soc:display-subsystem: apple_plane_atomic_check: plane=35 crtc=50 mode=3456x2160 fb=3456x2160 OK
[Thu Sep 24 13:32:45 2026] apple-drm soc:display-subsystem: apple_plane_atomic_check: plane=35 crtc=50 mode=3456x2160 fb=3456x2160 OK
[Thu Sep 24 13:32:45 2026] apple-drm soc:display-subsystem: apple_plane_atomic_check: plane=35 crtc=50 mode=3456x2160 fb=3456x2160 OK
[Thu Sep 24 13:32:45 2026] apple-drm soc:display-subsystem: apple_plane_atomic_check: plane=35 crtc=50 mode=3456x2160 fb=3456x2160 OK
[Thu Sep 24 13:32:45 2026] apple-drm soc:display-subsystem: apple_plane_atomic_check: plane=35 crtc=50 mode=3456x2160 fb=3456x2160 OK
[Thu Sep 24 13:32:45 2026] apple-drm soc:display-subsystem: apple_plane_atomic_check: plane=35 crtc=50 mode=3456x2160 fb=3456x2160 OK
[Thu Sep 24 13:32:45 2026] apple-drm soc:display-subsystem: apple_plane_atomic_check: plane=35 crtc=50 mode=3456x2160 fb=3456x2160 OK
[Thu Sep 24 13:32:45 2026] apple-drm soc:display-subsystem: apple_plane_atomic_check: plane=35 crtc=50 mode=3456x2160 fb=3456x2160 OK
[Thu Sep 24 13:32:45 2026] apple-drm soc:display-subsystem: apple_plane_atomic_check: plane=35 crtc=50 mode=3456x2160 fb=3456x2160 OK
[Thu Sep 24 13:32:45 2026] apple-drm soc:display-subsystem: apple_plane_atomic_check: plane=35 crtc=50 mode=3456x2160 fb=3456x2160 OK
[Thu Sep 24 13:32:45 2026] apple-drm soc:display-subsystem: apple_plane_atomic_check: plane=35 crtc=50 mode=3456x2160 fb=3456x2160 OK
[Thu Sep 24 13:32:45 2026] apple-drm soc:display-subsystem: apple_plane_atomic_check: plane=35 crtc=50 mode=3456x2160 fb=3456x2160 OK
[Thu Sep 24 13:32:45 2026] apple-drm soc:display-subsystem: apple_plane_atomic_check: plane=35 crtc=50 mode=3456x2160 fb=3456x2160 OK
[Thu Sep 24 13:32:46 2026] apple-drm soc:display-subsystem: apple_plane_atomic_check: plane=35 crtc=50 mode=3456x2160 fb=3456x2160 OK
[Thu Sep 24 13:32:46 2026] apple-drm soc:display-subsystem: apple_plane_atomic_check: plane=35 crtc=50 mode=3456x2160 fb=3456x2160 OK
[Thu Sep 24 13:32:46 2026] apple-drm soc:display-subsystem: apple_plane_atomic_check: plane=35 crtc=50 mode=3456x2160 fb=3456x2160 OK
[Thu Sep 24 13:32:46 2026] apple-drm soc:display-subsystem: apple_plane_atomic_check: plane=35 crtc=50 mode=3456x2160 fb=3456x2160 OK
[Thu Sep 24 13:32:46 2026] apple-drm soc:display-subsystem: apple_plane_atomic_check: plane=35 crtc=50 mode=3456x2160 fb=3456x2160 OK
[Thu Sep 24 13:32:46 2026] apple-drm soc:display-subsystem: apple_plane_atomic_check: plane=35 crtc=50 mode=3456x2160 fb=3456x2160 OK
[Thu Sep 24 13:32:46 2026] apple-drm soc:display-subsystem: apple_plane_atomic_check: plane=35 crtc=50 mode=3456x2160 fb=3456x2160 OK
[Thu Sep 24 13:32:46 2026] apple-drm soc:display-subsystem: apple_plane_atomic_check: plane=35 crtc=50 mode=3456x2160 fb=3456x2160 OK
[Thu Sep 24 13:32:46 2026] apple-drm soc:display-subsystem: apple_plane_atomic_check: plane=35 crtc=50 mode=3456x2160 fb=3456x2160 OK
[Thu Sep 24 13:32:46 2026] apple-drm soc:display-subsystem: apple_plane_atomic_check: plane=35 crtc=50 mode=3456x2160 fb=3456x2160 OK
[Thu Sep 24 13:32:46 2026] apple-drm soc:display-subsystem: apple_plane_atomic_check: plane=35 crtc=50 mode=3456x2160 fb=3456x2160 OK
[Thu Sep 24 13:32:46 2026] apple-drm soc:display-subsystem: apple_plane_atomic_check: plane=35 crtc=50 mode=3456x2160 fb=3456x2160 OK
[Thu Sep 24 13:32:46 2026] apple-drm soc:display-subsystem: apple_plane_atomic_check: plane=35 crtc=50 mode=3456x2160 fb=3456x2160 OK
[Thu Sep 24 13:32:46 2026] apple-drm soc:display-subsystem: apple_plane_atomic_check: plane=35 crtc=50 mode=3456x2160 fb=3456x2160 OK
[Thu Sep 24 13:32:46 2026] apple-drm soc:display-subsystem: apple_plane_atomic_check: plane=35 crtc=50 mode=3456x2160 fb=3456x2160 OK
[Thu Sep 24 13:32:46 2026] apple-drm soc:display-subsystem: apple_plane_atomic_check: plane=35 crtc=50 mode=3456x2160 fb=3456x2160 OK
[Thu Sep 24 13:32:46 2026] apple-drm soc:display-subsystem: apple_plane_atomic_check: plane=35 crtc=50 mode=3456x2160 fb=3456x2160 OK
[Thu Sep 24 13:32:46 2026] apple-drm soc:display-subsystem: apple_plane_atomic_check: plane=35 crtc=50 mode=3456x2160 fb=3456x2160 OK
[Thu Sep 24 13:32:46 2026] apple-drm soc:display-subsystem: apple_plane_atomic_check: plane=35 crtc=50 mode=3456x2160 fb=3456x2160 OK
[Thu Sep 24 13:32:46 2026] apple-drm soc:display-subsystem: apple_plane_atomic_check: plane=35 crtc=50 mode=3456x2160 fb=3456x2160 OK
[Thu Sep 24 13:32:46 2026] apple-drm soc:display-subsystem: apple_plane_atomic_check: plane=35 crtc=50 mode=3456x2160 fb=3456x2160 OK
[Thu Sep 24 13:32:46 2026] apple-drm soc:display-subsystem: apple_plane_atomic_check: plane=35 crtc=50 mode=3456x2160 fb=3456x2160 OK
[Thu Sep 24 13:32:46 2026] apple-drm soc:display-subsystem: apple_plane_atomic_check: plane=35 crtc=50 mode=3456x2160 fb=3456x2160 OK
[Thu Sep 24 13:32:46 2026] apple-drm soc:display-subsystem: apple_plane_atomic_check: plane=35 crtc=50 mode=3456x2160 fb=3456x2160 OK
[Thu Sep 24 13:32:46 2026] apple-drm soc:display-subsystem: apple_plane_atomic_check: plane=35 crtc=50 mode=3456x2160 fb=3456x2160 OK
[Thu Sep 24 13:32:46 2026] apple-drm soc:display-subsystem: apple_plane_atomic_check: plane=35 crtc=50 mode=3456x2160 fb=3456x2160 OK
[Thu Sep 24 13:32:47 2026] apple-drm soc:display-subsystem: apple_plane_atomic_check: plane=35 crtc=50 mode=3456x2160 fb=3456x2160 OK
[Thu Sep 24 13:32:47 2026] apple-drm soc:display-subsystem: apple_plane_atomic_check: plane=35 crtc=50 mode=3456x2160 fb=3456x2160 OK
[Thu Sep 24 13:32:47 2026] apple-drm soc:display-subsystem: apple_plane_atomic_check: plane=35 crtc=50 mode=3456x2160 fb=3456x2160 OK
[Thu Sep 24 13:32:47 2026] apple-drm soc:display-subsystem: apple_plane_atomic_check: plane=35 crtc=50 mode=3456x2160 fb=3456x2160 OK
[Thu Sep 24 13:32:47 2026] apple-drm soc:display-subsystem: apple_plane_atomic_check: plane=35 crtc=50 mode=3456x2160 fb=3456x2160 OK
[Thu Sep 24 13:32:47 2026] apple-drm soc:display-subsystem: apple_plane_atomic_check: plane=35 crtc=50 mode=3456x2160 fb=3456x2160 OK
[Thu Sep 24 13:32:47 2026] apple-drm soc:display-subsystem: apple_plane_atomic_check: plane=35 crtc=50 mode=3456x2160 fb=3456x2160 OK
[Thu Sep 24 13:32:47 2026] apple-drm soc:display-subsystem: apple_plane_atomic_check: plane=35 crtc=50 mode=3456x2160 fb=3456x2160 OK
[Thu Sep 24 13:32:47 2026] apple-drm soc:display-subsystem: apple_plane_atomic_check: plane=35 crtc=50 mode=3456x2160 fb=3456x2160 OK
[Thu Sep 24 13:32:47 2026] apple-drm soc:display-subsystem: apple_plane_atomic_check: plane=35 crtc=50 mode=3456x2160 fb=3456x2160 OK
[Thu Sep 24 13:32:47 2026] apple-drm soc:display-subsystem: apple_plane_atomic_check: plane=35 crtc=50 mode=3456x2160 fb=3456x2160 OK
[Thu Sep 24 13:32:47 2026] apple-drm soc:display-subsystem: apple_plane_atomic_check: plane=35 crtc=50 mode=3456x2160 fb=3456x2160 OK
[Thu Sep 24 13:32:47 2026] apple-drm soc:display-subsystem: apple_plane_atomic_check: plane=35 crtc=50 mode=3456x2160 fb=3456x2160 OK
[Thu Sep 24 13:32:47 2026] apple-drm soc:display-subsystem: apple_plane_atomic_check: plane=35 crtc=50 mode=3456x2160 fb=3456x2160 OK
[Thu Sep 24 13:32:47 2026] apple-drm soc:display-subsystem: apple_plane_atomic_check: plane=35 crtc=50 mode=3456x2160 fb=3456x2160 OK
[Thu Sep 24 13:32:47 2026] apple-drm soc:display-subsystem: apple_plane_atomic_check: plane=35 crtc=50 mode=3456x2160 fb=3456x2160 OK
[Thu Sep 24 13:32:47 2026] apple-drm soc:display-subsystem: apple_plane_atomic_check: plane=35 crtc=50 mode=3456x2160 fb=3456x2160 OK
[Thu Sep 24 13:32:47 2026] apple-drm soc:display-subsystem: apple_plane_atomic_check: plane=35 crtc=50 mode=3456x2160 fb=3456x2160 OK
[Thu Sep 24 13:32:47 2026] apple-drm soc:display-subsystem: apple_plane_atomic_check: plane=35 crtc=50 mode=3456x2160 fb=3456x2160 OK
[Thu Sep 24 13:32:47 2026] apple-drm soc:display-subsystem: apple_plane_atomic_check: plane=35 crtc=50 mode=3456x2160 fb=3456x2160 OK
[Thu Sep 24 13:32:47 2026] apple-drm soc:display-subsystem: apple_plane_atomic_check: plane=35 crtc=50 mode=3456x2160 fb=3456x2160 OK
[Thu Sep 24 13:32:47 2026] apple-drm soc:display-subsystem: apple_plane_atomic_check: plane=35 crtc=50 mode=3456x2160 fb=3456x2160 OK
[Thu Sep 24 13:32:47 2026] apple-drm soc:display-subsystem: apple_plane_atomic_check: plane=35 crtc=50 mode=3456x2160 fb=3456x2160 OK
[Thu Sep 24 13:32:48 2026] apple-drm soc:display-subsystem: apple_plane_atomic_check: plane=35 crtc=50 mode=3456x2160 fb=3456x2160 OK
[Thu Sep 24 13:32:48 2026] apple-drm soc:display-subsystem: apple_plane_atomic_check: plane=35 crtc=50 mode=3456x2160 fb=3456x2160 OK
[Thu Sep 24 13:32:48 2026] apple-drm soc:display-subsystem: apple_plane_atomic_check: plane=35 crtc=50 mode=3456x2160 fb=3456x2160 OK
[Thu Sep 24 13:32:48 2026] apple-drm soc:display-subsystem: apple_plane_atomic_check: plane=35 crtc=50 mode=3456x2160 fb=3456x2160 OK
[Thu Sep 24 13:32:48 2026] apple-drm soc:display-subsystem: apple_plane_atomic_check: plane=35 crtc=50 mode=3456x2160 fb=3456x2160 OK
[Thu Sep 24 13:32:48 2026] apple-drm soc:display-subsystem: apple_plane_atomic_check: plane=35 crtc=50 mode=3456x2160 fb=3456x2160 OK
[Thu Sep 24 13:32:48 2026] apple-drm soc:display-subsystem: apple_plane_atomic_check: plane=35 crtc=50 mode=3456x2160 fb=3456x2160 OK
[Thu Sep 24 13:32:48 2026] apple-drm soc:display-subsystem: apple_plane_atomic_check: plane=35 crtc=50 mode=3456x2160 fb=3456x2160 OK
[Thu Sep 24 13:32:48 2026] apple-drm soc:display-subsystem: apple_plane_atomic_check: plane=35 crtc=50 mode=3456x2160 fb=3456x2160 OK
[Thu Sep 24 13:32:48 2026] apple-drm soc:display-subsystem: apple_plane_atomic_check: plane=35 crtc=50 mode=3456x2160 fb=3456x2160 OK
[Thu Sep 24 13:32:48 2026] apple-drm soc:display-subsystem: apple_plane_atomic_check: plane=35 crtc=50 mode=3456x2160 fb=3456x2160 OK
[Thu Sep 24 13:32:48 2026] apple-drm soc:display-subsystem: apple_plane_atomic_check: plane=35 crtc=50 mode=3456x2160 fb=3456x2160 OK
[Thu Sep 24 13:32:48 2026] apple-drm soc:display-subsystem: apple_plane_atomic_check: plane=35 crtc=50 mode=3456x2160 fb=3456x2160 OK
[Thu Sep 24 13:32:48 2026] apple-drm soc:display-subsystem: apple_plane_atomic_check: plane=35 crtc=50 mode=3456x2160 fb=3456x2160 OK
[Thu Sep 24 13:32:48 2026] apple-drm soc:display-subsystem: apple_plane_atomic_check: plane=35 crtc=50 mode=3456x2160 fb=3456x2160 OK
[Thu Sep 24 13:32:48 2026] apple-drm soc:display-subsystem: apple_plane_atomic_check: plane=35 crtc=50 mode=3456x2160 fb=3456x2160 OK
[Thu Sep 24 13:32:48 2026] apple-drm soc:display-subsystem: apple_plane_atomic_check: plane=35 crtc=50 mode=3456x2160 fb=3456x2160 OK
[Thu Sep 24 13:32:48 2026] apple-drm soc:display-subsystem: apple_plane_atomic_check: plane=35 crtc=50 mode=3456x2160 fb=3456x2160 OK
[Thu Sep 24 13:32:48 2026] apple-drm soc:display-subsystem: apple_plane_atomic_check: plane=35 crtc=50 mode=3456x2160 fb=3456x2160 OK
[Thu Sep 24 13:32:48 2026] apple-drm soc:display-subsystem: apple_plane_atomic_check: plane=35 crtc=50 mode=3456x2160 fb=3456x2160 OK
[Thu Sep 24 13:32:48 2026] apple-drm soc:display-subsystem: apple_plane_atomic_check: plane=35 crtc=50 mode=3456x2160 fb=3456x2160 OK
[Thu Sep 24 13:32:48 2026] apple-drm soc:display-subsystem: apple_plane_atomic_check: plane=35 crtc=50 mode=3456x2160 fb=3456x2160 OK
[Thu Sep 24 13:32:48 2026] apple-drm soc:display-subsystem: apple_plane_atomic_check: plane=35 crtc=50 mode=3456x2160 fb=3456x2160 OK
[Thu Sep 24 13:32:49 2026] apple-drm soc:display-subsystem: apple_plane_atomic_check: plane=35 crtc=50 mode=3456x2160 fb=3456x2160 OK
[Thu Sep 24 13:32:49 2026] apple-drm soc:display-subsystem: apple_plane_atomic_check: plane=35 crtc=50 mode=3456x2160 fb=3456x2160 OK
[Thu Sep 24 13:32:49 2026] apple-drm soc:display-subsystem: apple_plane_atomic_check: plane=35 crtc=50 mode=3456x2160 fb=3456x2160 OK
[Thu Sep 24 13:32:49 2026] apple-drm soc:display-subsystem: apple_plane_atomic_check: plane=35 crtc=50 mode=3456x2160 fb=3456x2160 OK
[Thu Sep 24 13:32:49 2026] apple-drm soc:display-subsystem: apple_plane_atomic_check: plane=35 crtc=50 mode=3456x2160 fb=3456x2160 OK
[Thu Sep 24 13:32:49 2026] apple-drm soc:display-subsystem: apple_plane_atomic_check: plane=35 crtc=50 mode=3456x2160 fb=3456x2160 OK
[Thu Sep 24 13:32:49 2026] apple-drm soc:display-subsystem: apple_plane_atomic_check: plane=35 crtc=50 mode=3456x2160 fb=3456x2160 OK
[Thu Sep 24 13:32:49 2026] apple-drm soc:display-subsystem: apple_plane_atomic_check: plane=35 crtc=50 mode=3456x2160 fb=3456x2160 OK
[Thu Sep 24 13:32:49 2026] apple-drm soc:display-subsystem: apple_plane_atomic_check: plane=35 crtc=50 mode=3456x2160 fb=3456x2160 OK
[Thu Sep 24 13:32:49 2026] apple-drm soc:display-subsystem: apple_plane_atomic_check: plane=35 crtc=50 mode=3456x2160 fb=3456x2160 OK
[Thu Sep 24 13:32:49 2026] apple-drm soc:display-subsystem: apple_plane_atomic_check: plane=35 crtc=50 mode=3456x2160 fb=3456x2160 OK
[Thu Sep 24 13:32:49 2026] apple-drm soc:display-subsystem: apple_plane_atomic_check: plane=35 crtc=50 mode=3456x2160 fb=3456x2160 OK
[Thu Sep 24 13:32:49 2026] apple-drm soc:display-subsystem: apple_plane_atomic_check: plane=35 crtc=50 mode=3456x2160 fb=3456x2160 OK
[Thu Sep 24 13:32:49 2026] apple-drm soc:display-subsystem: apple_plane_atomic_check: plane=35 crtc=50 mode=3456x2160 fb=3456x2160 OK
[Thu Sep 24 13:32:49 2026] apple-drm soc:display-subsystem: apple_plane_atomic_check: plane=35 crtc=50 mode=3456x2160 fb=3456x2160 OK
[Thu Sep 24 13:32:49 2026] apple-drm soc:display-subsystem: apple_plane_atomic_check: plane=35 crtc=50 mode=3456x2160 fb=3456x2160 OK
[Thu Sep 24 13:32:49 2026] apple-drm soc:display-subsystem: apple_plane_atomic_check: plane=35 crtc=50 mode=3456x2160 fb=3456x2160 OK
[Thu Sep 24 13:32:49 2026] apple-drm soc:display-subsystem: apple_plane_atomic_check: plane=35 crtc=50 mode=3456x2160 fb=3456x2160 OK
[Thu Sep 24 13:32:49 2026] apple-drm soc:display-subsystem: apple_plane_atomic_check: plane=35 crtc=50 mode=3456x2160 fb=3456x2160 OK
[Thu Sep 24 13:32:49 2026] apple-drm soc:display-subsystem: apple_plane_atomic_check: plane=35 crtc=50 mode=3456x2160 fb=3456x2160 OK
[Thu Sep 24 13:32:49 2026] apple-drm soc:display-subsystem: apple_plane_atomic_check: plane=35 crtc=50 mode=3456x2160 fb=3456x2160 OK
[Thu Sep 24 13:32:49 2026] apple-drm soc:display-subsystem: apple_plane_atomic_check: plane=35 crtc=50 mode=3456x2160 fb=3456x2160 OK
[Thu Sep 24 13:32:49 2026] apple-drm soc:display-subsystem: apple_plane_atomic_check: plane=35 crtc=50 mode=3456x2160 fb=3456x2160 OK
[Thu Sep 24 13:32:49 2026] apple-drm soc:display-subsystem: apple_plane_atomic_check: plane=35 crtc=50 mode=3456x2160 fb=3456x2160 OK
[Thu Sep 24 13:32:50 2026] apple-drm soc:display-subsystem: apple_plane_atomic_check: plane=35 crtc=50 mode=3456x2160 fb=3456x2160 OK
[Thu Sep 24 13:32:50 2026] apple-drm soc:display-subsystem: apple_plane_atomic_check: plane=35 crtc=50 mode=3456x2160 fb=3456x2160 OK
[Thu Sep 24 13:32:50 2026] apple-drm soc:display-subsystem: apple_plane_atomic_check: plane=35 crtc=50 mode=3456x2160 fb=3456x2160 OK
[Thu Sep 24 13:32:50 2026] apple-drm soc:display-subsystem: apple_plane_atomic_check: plane=35 crtc=50 mode=3456x2160 fb=3456x2160 OK
[Thu Sep 24 13:32:50 2026] apple-drm soc:display-subsystem: apple_plane_atomic_check: plane=35 crtc=50 mode=3456x2160 fb=3456x2160 OK
[Thu Sep 24 13:32:50 2026] apple-drm soc:display-subsystem: apple_plane_atomic_check: plane=35 crtc=50 mode=3456x2160 fb=3456x2160 OK
[Thu Sep 24 13:32:50 2026] apple-drm soc:display-subsystem: apple_plane_atomic_check: plane=35 crtc=50 mode=3456x2160 fb=3456x2160 OK
[Thu Sep 24 13:32:50 2026] apple-drm soc:display-subsystem: apple_plane_atomic_check: plane=35 crtc=50 mode=3456x2160 fb=3456x2160 OK
[Thu Sep 24 13:32:50 2026] apple-drm soc:display-subsystem: apple_plane_atomic_check: plane=35 crtc=50 mode=3456x2160 fb=3456x2160 OK
[Thu Sep 24 13:32:50 2026] apple-drm soc:display-subsystem: apple_plane_atomic_check: plane=35 crtc=50 mode=3456x2160 fb=3456x2160 OK
[Thu Sep 24 13:32:50 2026] apple-drm soc:display-subsystem: apple_plane_atomic_check: plane=35 crtc=50 mode=3456x2160 fb=3456x2160 OK
[Thu Sep 24 13:32:50 2026] apple-drm soc:display-subsystem: apple_plane_atomic_check: plane=35 crtc=50 mode=3456x2160 fb=3456x2160 OK
[Thu Sep 24 13:32:50 2026] apple-drm soc:display-subsystem: apple_plane_atomic_check: plane=35 crtc=50 mode=3456x2160 fb=3456x2160 OK
[Thu Sep 24 13:32:50 2026] apple-drm soc:display-subsystem: apple_plane_atomic_check: plane=35 crtc=50 mode=3456x2160 fb=3456x2160 OK
[Thu Sep 24 13:32:50 2026] apple-drm soc:display-subsystem: apple_plane_atomic_check: plane=35 crtc=50 mode=3456x2160 fb=3456x2160 OK
[Thu Sep 24 13:32:50 2026] apple-drm soc:display-subsystem: apple_plane_atomic_check: plane=35 crtc=50 mode=3456x2160 fb=3456x2160 OK
[Thu Sep 24 13:32:50 2026] apple-drm soc:display-subsystem: apple_plane_atomic_check: plane=35 crtc=50 mode=3456x2160 fb=3456x2160 OK
[Thu Sep 24 13:32:50 2026] apple-drm soc:display-subsystem: apple_plane_atomic_check: plane=35 crtc=50 mode=3456x2160 fb=3456x2160 OK
[Thu Sep 24 13:32:50 2026] apple-drm soc:display-subsystem: apple_plane_atomic_check: plane=35 crtc=50 mode=3456x2160 fb=3456x2160 OK
[Thu Sep 24 13:32:50 2026] apple-drm soc:display-subsystem: apple_plane_atomic_check: plane=35 crtc=50 mode=3456x2160 fb=3456x2160 OK
[Thu Sep 24 13:32:50 2026] apple-drm soc:display-subsystem: apple_plane_atomic_check: plane=35 crtc=50 mode=3456x2160 fb=3456x2160 OK
[Thu Sep 24 13:32:50 2026] apple-drm soc:display-subsystem: apple_plane_atomic_check: plane=35 crtc=50 mode=3456x2160 fb=3456x2160 OK
[Thu Sep 24 13:32:51 2026] apple-drm soc:display-subsystem: apple_plane_atomic_check: plane=35 crtc=50 mode=3456x2160 fb=3456x2160 OK
[Thu Sep 24 13:32:51 2026] apple-drm soc:display-subsystem: apple_plane_atomic_check: plane=35 crtc=50 mode=3456x2160 fb=3456x2160 OK
[Thu Sep 24 13:32:51 2026] apple-drm soc:display-subsystem: apple_plane_atomic_check: plane=35 crtc=50 mode=3456x2160 fb=3456x2160 OK
[Thu Sep 24 13:32:51 2026] apple-drm soc:display-subsystem: apple_plane_atomic_check: plane=35 crtc=50 mode=3456x2160 fb=3456x2160 OK
[Thu Sep 24 13:32:51 2026] apple-drm soc:display-subsystem: apple_plane_atomic_check: plane=35 crtc=50 mode=3456x2160 fb=3456x2160 OK
[Thu Sep 24 13:32:51 2026] apple-drm soc:display-subsystem: apple_plane_atomic_check: plane=35 crtc=50 mode=3456x2160 fb=3456x2160 OK
[Thu Sep 24 13:32:51 2026] apple-drm soc:display-subsystem: apple_plane_atomic_check: plane=35 crtc=50 mode=3456x2160 fb=3456x2160 OK
[Thu Sep 24 13:32:51 2026] apple-drm soc:display-subsystem: apple_plane_atomic_check: plane=35 crtc=50 mode=3456x2160 fb=3456x2160 OK
[Thu Sep 24 13:32:51 2026] apple-drm soc:display-subsystem: apple_plane_atomic_check: plane=35 crtc=50 mode=3456x2160 fb=3456x2160 OK
[Thu Sep 24 13:32:51 2026] apple-drm soc:display-subsystem: apple_plane_atomic_check: plane=35 crtc=50 mode=3456x2160 fb=3456x2160 OK
[Thu Sep 24 13:32:51 2026] apple-drm soc:display-subsystem: apple_plane_atomic_check: plane=35 crtc=50 mode=3456x2160 fb=3456x2160 OK
[Thu Sep 24 13:32:51 2026] apple-drm soc:display-subsystem: apple_plane_atomic_check: plane=35 crtc=50 mode=3456x2160 fb=3456x2160 OK
[Thu Sep 24 13:32:51 2026] apple-drm soc:display-subsystem: apple_plane_atomic_check: plane=35 crtc=50 mode=3456x2160 fb=3456x2160 OK
[Thu Sep 24 13:32:51 2026] apple-drm soc:display-subsystem: apple_plane_atomic_check: plane=35 crtc=50 mode=3456x2160 fb=3456x2160 OK
[Thu Sep 24 13:32:51 2026] apple-drm soc:display-subsystem: apple_plane_atomic_check: plane=35 crtc=50 mode=3456x2160 fb=3456x2160 OK
[Thu Sep 24 13:32:51 2026] apple-drm soc:display-subsystem: apple_plane_atomic_check: plane=35 crtc=50 mode=3456x2160 fb=3456x2160 OK
[Thu Sep 24 13:32:51 2026] apple-drm soc:display-subsystem: apple_plane_atomic_check: plane=35 crtc=50 mode=3456x2160 fb=3456x2160 OK
[Thu Sep 24 13:32:51 2026] apple-drm soc:display-subsystem: apple_plane_atomic_check: plane=35 crtc=50 mode=3456x2160 fb=3456x2160 OK
[Thu Sep 24 13:32:51 2026] apple-drm soc:display-subsystem: apple_plane_atomic_check: plane=35 crtc=50 mode=3456x2160 fb=3456x2160 OK
[Thu Sep 24 13:32:51 2026] apple-drm soc:display-subsystem: apple_plane_atomic_check: plane=35 crtc=50 mode=3456x2160 fb=3456x2160 OK
[Thu Sep 24 13:32:52 2026] apple-drm soc:display-subsystem: apple_plane_atomic_check: plane=35 crtc=50 mode=3456x2160 fb=3456x2160 OK
[Thu Sep 24 13:32:52 2026] apple-drm soc:display-subsystem: apple_plane_atomic_check: plane=35 crtc=50 mode=3456x2160 fb=3456x2160 OK
[Thu Sep 24 13:32:52 2026] apple-drm soc:display-subsystem: apple_plane_atomic_check: plane=35 crtc=50 mode=3456x2160 fb=3456x2160 OK
[Thu Sep 24 13:32:52 2026] apple-drm soc:display-subsystem: apple_plane_atomic_check: plane=35 crtc=50 mode=3456x2160 fb=3456x2160 OK
[Thu Sep 24 13:32:52 2026] apple-drm soc:display-subsystem: apple_plane_atomic_check: plane=35 crtc=50 mode=3456x2160 fb=3456x2160 OK
[Thu Sep 24 13:32:52 2026] apple-drm soc:display-subsystem: apple_plane_atomic_check: plane=35 crtc=50 mode=3456x2160 fb=3456x2160 OK
[Thu Sep 24 13:32:52 2026] apple-drm soc:display-subsystem: apple_plane_atomic_check: plane=35 crtc=50 mode=3456x2160 fb=3456x2160 OK
[Thu Sep 24 13:32:52 2026] apple-drm soc:display-subsystem: apple_plane_atomic_check: plane=35 crtc=50 mode=3456x2160 fb=3456x2160 OK
[Thu Sep 24 13:32:52 2026] apple-drm soc:display-subsystem: apple_plane_atomic_check: plane=35 crtc=50 mode=3456x2160 fb=3456x2160 OK
[Thu Sep 24 13:32:52 2026] apple-drm soc:display-subsystem: apple_plane_atomic_check: plane=35 crtc=50 mode=3456x2160 fb=3456x2160 OK
[Thu Sep 24 13:32:52 2026] apple-drm soc:display-subsystem: apple_plane_atomic_check: plane=35 crtc=50 mode=3456x2160 fb=3456x2160 OK
[Thu Sep 24 13:32:52 2026] apple-drm soc:display-subsystem: apple_plane_atomic_check: plane=35 crtc=50 mode=3456x2160 fb=3456x2160 OK
[Thu Sep 24 13:32:52 2026] apple-drm soc:display-subsystem: apple_plane_atomic_check: plane=35 crtc=50 mode=3456x2160 fb=3456x2160 OK
[Thu Sep 24 13:32:52 2026] apple-drm soc:display-subsystem: apple_plane_atomic_check: plane=35 crtc=50 mode=3456x2160 fb=3456x2160 OK
[Thu Sep 24 13:32:52 2026] apple-drm soc:display-subsystem: apple_plane_atomic_check: plane=35 crtc=50 mode=3456x2160 fb=3456x2160 OK
[Thu Sep 24 13:32:52 2026] apple-drm soc:display-subsystem: apple_plane_atomic_check: plane=35 crtc=50 mode=3456x2160 fb=3456x2160 OK
[Thu Sep 24 13:32:52 2026] apple-drm soc:display-subsystem: apple_plane_atomic_check: plane=35 crtc=50 mode=3456x2160 fb=3456x2160 OK
[Thu Sep 24 13:32:52 2026] apple-drm soc:display-subsystem: apple_plane_atomic_check: plane=35 crtc=50 mode=3456x2160 fb=3456x2160 OK
[Thu Sep 24 13:32:53 2026] apple-drm soc:display-subsystem: apple_plane_atomic_check: plane=35 crtc=50 mode=3456x2160 fb=3456x2160 OK
[Thu Sep 24 13:32:53 2026] apple-drm soc:display-subsystem: apple_plane_atomic_check: plane=35 crtc=50 mode=3456x2160 fb=3456x2160 OK
[Thu Sep 24 13:32:53 2026] apple-drm soc:display-subsystem: apple_plane_atomic_check: plane=35 crtc=50 mode=3456x2160 fb=3456x2160 OK
[Thu Sep 24 13:32:53 2026] apple-drm soc:display-subsystem: apple_plane_atomic_check: plane=35 crtc=50 mode=3456x2160 fb=3456x2160 OK
[Thu Sep 24 13:32:53 2026] apple-drm soc:display-subsystem: apple_plane_atomic_check: plane=35 crtc=50 mode=3456x2160 fb=3456x2160 OK
[Thu Sep 24 13:32:53 2026] apple-drm soc:display-subsystem: apple_plane_atomic_check: plane=35 crtc=50 mode=3456x2160 fb=3456x2160 OK
[Thu Sep 24 13:32:53 2026] apple-drm soc:display-subsystem: apple_plane_atomic_check: plane=35 crtc=50 mode=3456x2160 fb=3456x2160 OK
[Thu Sep 24 13:32:53 2026] apple-drm soc:display-subsystem: apple_plane_atomic_check: plane=35 crtc=50 mode=3456x2160 fb=3456x2160 OK
[Thu Sep 24 13:32:53 2026] apple-drm soc:display-subsystem: apple_plane_atomic_check: plane=35 crtc=50 mode=3456x2160 fb=3456x2160 OK
[Thu Sep 24 13:32:53 2026] apple-drm soc:display-subsystem: apple_plane_atomic_check: plane=35 crtc=50 mode=3456x2160 fb=3456x2160 OK
[Thu Sep 24 13:32:53 2026] apple-drm soc:display-subsystem: apple_plane_atomic_check: plane=35 crtc=50 mode=3456x2160 fb=3456x2160 OK
[Thu Sep 24 13:32:53 2026] apple-drm soc:display-subsystem: apple_plane_atomic_check: plane=35 crtc=50 mode=3456x2160 fb=3456x2160 OK
[Thu Sep 24 13:32:53 2026] apple-drm soc:display-subsystem: apple_plane_atomic_check: plane=35 crtc=50 mode=3456x2160 fb=3456x2160 OK
[Thu Sep 24 13:32:53 2026] apple-drm soc:display-subsystem: apple_plane_atomic_check: plane=35 crtc=50 mode=3456x2160 fb=3456x2160 OK
[Thu Sep 24 13:32:53 2026] apple-drm soc:display-subsystem: apple_plane_atomic_check: plane=35 crtc=50 mode=3456x2160 fb=3456x2160 OK
[Thu Sep 24 13:32:53 2026] apple-drm soc:display-subsystem: apple_plane_atomic_check: plane=35 crtc=50 mode=3456x2160 fb=3456x2160 OK
[Thu Sep 24 13:32:53 2026] apple-drm soc:display-subsystem: apple_plane_atomic_check: plane=35 crtc=50 mode=3456x2160 fb=3456x2160 OK
[Thu Sep 24 13:32:53 2026] apple-drm soc:display-subsystem: apple_plane_atomic_check: plane=35 crtc=50 mode=3456x2160 fb=3456x2160 OK
[Thu Sep 24 13:32:53 2026] apple-drm soc:display-subsystem: apple_plane_atomic_check: plane=35 crtc=50 mode=3456x2160 fb=3456x2160 OK
[Thu Sep 24 13:32:53 2026] apple-drm soc:display-subsystem: apple_plane_atomic_check: plane=35 crtc=50 mode=3456x2160 fb=3456x2160 OK
[Thu Sep 24 13:32:53 2026] apple-drm soc:display-subsystem: apple_plane_atomic_check: plane=35 crtc=50 mode=3456x2160 fb=3456x2160 OK
[Thu Sep 24 13:32:53 2026] apple-drm soc:display-subsystem: apple_plane_atomic_check: plane=35 crtc=50 mode=3456x2160 fb=3456x2160 OK
[Thu Sep 24 13:32:54 2026] apple-drm soc:display-subsystem: apple_plane_atomic_check: plane=35 crtc=50 mode=3456x2160 fb=3456x2160 OK
[Thu Sep 24 13:32:54 2026] apple-drm soc:display-subsystem: apple_plane_atomic_check: plane=35 crtc=50 mode=3456x2160 fb=3456x2160 OK
[Thu Sep 24 13:32:54 2026] apple-drm soc:display-subsystem: apple_plane_atomic_check: plane=35 crtc=50 mode=3456x2160 fb=3456x2160 OK
[Thu Sep 24 13:32:54 2026] apple-drm soc:display-subsystem: apple_plane_atomic_check: plane=35 crtc=50 mode=3456x2160 fb=3456x2160 OK
[Thu Sep 24 13:32:54 2026] apple-drm soc:display-subsystem: apple_plane_atomic_check: plane=35 crtc=50 mode=3456x2160 fb=3456x2160 OK
[Thu Sep 24 13:32:54 2026] apple-drm soc:display-subsystem: apple_plane_atomic_check: plane=35 crtc=50 mode=3456x2160 fb=3456x2160 OK
[Thu Sep 24 13:32:54 2026] apple-drm soc:display-subsystem: apple_plane_atomic_check: plane=35 crtc=50 mode=3456x2160 fb=3456x2160 OK
[Thu Sep 24 13:32:54 2026] apple-drm soc:display-subsystem: apple_plane_atomic_check: plane=35 crtc=50 mode=3456x2160 fb=3456x2160 OK
[Thu Sep 24 13:32:54 2026] apple-drm soc:display-subsystem: apple_plane_atomic_check: plane=35 crtc=50 mode=3456x2160 fb=3456x2160 OK
[Thu Sep 24 13:32:54 2026] apple-drm soc:display-subsystem: apple_plane_atomic_check: plane=35 crtc=50 mode=3456x2160 fb=3456x2160 OK
[Thu Sep 24 13:32:54 2026] apple-drm soc:display-subsystem: apple_plane_atomic_check: plane=35 crtc=50 mode=3456x2160 fb=3456x2160 OK
[Thu Sep 24 13:32:54 2026] apple-drm soc:display-subsystem: apple_plane_atomic_check: plane=35 crtc=50 mode=3456x2160 fb=3456x2160 OK
[Thu Sep 24 13:32:54 2026] apple-drm soc:display-subsystem: apple_plane_atomic_check: plane=35 crtc=50 mode=3456x2160 fb=3456x2160 OK
[Thu Sep 24 13:32:54 2026] apple-drm soc:display-subsystem: apple_plane_atomic_check: plane=35 crtc=50 mode=3456x2160 fb=3456x2160 OK
[Thu Sep 24 13:32:54 2026] apple-drm soc:display-subsystem: apple_plane_atomic_check: plane=35 crtc=50 mode=3456x2160 fb=3456x2160 OK
[Thu Sep 24 13:32:54 2026] apple-drm soc:display-subsystem: apple_plane_atomic_check: plane=35 crtc=50 mode=3456x2160 fb=3456x2160 OK
[Thu Sep 24 13:32:54 2026] apple-drm soc:display-subsystem: apple_plane_atomic_check: plane=35 crtc=50 mode=3456x2160 fb=3456x2160 OK
[Thu Sep 24 13:32:54 2026] apple-drm soc:display-subsystem: apple_plane_atomic_check: plane=35 crtc=50 mode=3456x2160 fb=3456x2160 OK
[Thu Sep 24 13:32:54 2026] apple-drm soc:display-subsystem: apple_plane_atomic_check: plane=35 crtc=50 mode=3456x2160 fb=3456x2160 OK
[Thu Sep 24 13:32:54 2026] apple-drm soc:display-subsystem: apple_plane_atomic_check: plane=35 crtc=50 mode=3456x2160 fb=3456x2160 OK
[Thu Sep 24 13:32:54 2026] apple-drm soc:display-subsystem: apple_plane_atomic_check: plane=35 crtc=50 mode=3456x2160 fb=3456x2160 OK
[Thu Sep 24 13:32:54 2026] apple-drm soc:display-subsystem: apple_plane_atomic_check: plane=35 crtc=50 mode=3456x2160 fb=3456x2160 OK
[Thu Sep 24 13:32:54 2026] apple-drm soc:display-subsystem: apple_plane_atomic_check: plane=35 crtc=50 mode=3456x2160 fb=3456x2160 OK
[Thu Sep 24 13:32:54 2026] apple-drm soc:display-subsystem: apple_plane_atomic_check: plane=35 crtc=50 mode=3456x2160 fb=3456x2160 OK
[Thu Sep 24 13:32:55 2026] apple-drm soc:display-subsystem: apple_plane_atomic_check: plane=35 crtc=50 mode=3456x2160 fb=3456x2160 OK
[Thu Sep 24 13:32:55 2026] apple-drm soc:display-subsystem: apple_plane_atomic_check: plane=35 crtc=50 mode=3456x2160 fb=3456x2160 OK
[Thu Sep 24 13:32:55 2026] apple-drm soc:display-subsystem: apple_plane_atomic_check: plane=35 crtc=50 mode=3456x2160 fb=3456x2160 OK
[Thu Sep 24 13:32:55 2026] apple-drm soc:display-subsystem: apple_plane_atomic_check: plane=35 crtc=50 mode=3456x2160 fb=3456x2160 OK
[Thu Sep 24 13:32:55 2026] apple-drm soc:display-subsystem: apple_plane_atomic_check: plane=35 crtc=50 mode=3456x2160 fb=3456x2160 OK
[Thu Sep 24 13:32:55 2026] apple-drm soc:display-subsystem: apple_plane_atomic_check: plane=35 crtc=50 mode=3456x2160 fb=3456x2160 OK
[Thu Sep 24 13:32:55 2026] apple-drm soc:display-subsystem: apple_plane_atomic_check: plane=35 crtc=50 mode=3456x2160 fb=3456x2160 OK
[Thu Sep 24 13:32:55 2026] apple-drm soc:display-subsystem: apple_plane_atomic_check: plane=35 crtc=50 mode=3456x2160 fb=3456x2160 OK
[Thu Sep 24 13:32:55 2026] apple-drm soc:display-subsystem: apple_plane_atomic_check: plane=35 crtc=50 mode=3456x2160 fb=3456x2160 OK
[Thu Sep 24 13:32:55 2026] apple-drm soc:display-subsystem: apple_plane_atomic_check: plane=35 crtc=50 mode=3456x2160 fb=3456x2160 OK
[Thu Sep 24 13:32:55 2026] apple-drm soc:display-subsystem: apple_plane_atomic_check: plane=35 crtc=50 mode=3456x2160 fb=3456x2160 OK
[Thu Sep 24 13:32:55 2026] apple-drm soc:display-subsystem: apple_plane_atomic_check: plane=35 crtc=50 mode=3456x2160 fb=3456x2160 OK
[Thu Sep 24 13:32:55 2026] apple-drm soc:display-subsystem: apple_plane_atomic_check: plane=35 crtc=50 mode=3456x2160 fb=3456x2160 OK
[Thu Sep 24 13:32:55 2026] apple-drm soc:display-subsystem: apple_plane_atomic_check: plane=35 crtc=50 mode=3456x2160 fb=3456x2160 OK
[Thu Sep 24 13:32:55 2026] apple-drm soc:display-subsystem: apple_plane_atomic_check: plane=35 crtc=50 mode=3456x2160 fb=3456x2160 OK
[Thu Sep 24 13:32:55 2026] apple-drm soc:display-subsystem: apple_plane_atomic_check: plane=35 crtc=50 mode=3456x2160 fb=3456x2160 OK
[Thu Sep 24 13:32:55 2026] apple-drm soc:display-subsystem: apple_plane_atomic_check: plane=35 crtc=50 mode=3456x2160 fb=3456x2160 OK
[Thu Sep 24 13:32:55 2026] apple-drm soc:display-subsystem: apple_plane_atomic_check: plane=35 crtc=50 mode=3456x2160 fb=3456x2160 OK
[Thu Sep 24 13:32:55 2026] apple-drm soc:display-subsystem: apple_plane_atomic_check: plane=35 crtc=50 mode=3456x2160 fb=3456x2160 OK
[Thu Sep 24 13:32:55 2026] apple-drm soc:display-subsystem: apple_plane_atomic_check: plane=35 crtc=50 mode=3456x2160 fb=3456x2160 OK
[Thu Sep 24 13:32:56 2026] apple-drm soc:display-subsystem: apple_plane_atomic_check: plane=35 crtc=50 mode=3456x2160 fb=3456x2160 OK
[Thu Sep 24 13:32:56 2026] apple-drm soc:display-subsystem: apple_plane_atomic_check: plane=35 crtc=50 mode=3456x2160 fb=3456x2160 OK
[Thu Sep 24 13:32:56 2026] apple-drm soc:display-subsystem: apple_plane_atomic_check: plane=35 crtc=50 mode=3456x2160 fb=3456x2160 OK
[Thu Sep 24 13:32:56 2026] apple-drm soc:display-subsystem: apple_plane_atomic_check: plane=35 crtc=50 mode=3456x2160 fb=3456x2160 OK
[Thu Sep 24 13:32:56 2026] apple-drm soc:display-subsystem: apple_plane_atomic_check: plane=35 crtc=50 mode=3456x2160 fb=3456x2160 OK
[Thu Sep 24 13:32:56 2026] apple-drm soc:display-subsystem: apple_plane_atomic_check: plane=35 crtc=50 mode=3456x2160 fb=3456x2160 OK
[Thu Sep 24 13:32:56 2026] apple-drm soc:display-subsystem: apple_plane_atomic_check: plane=35 crtc=50 mode=3456x2160 fb=3456x2160 OK
[Thu Sep 24 13:32:56 2026] apple-drm soc:display-subsystem: apple_plane_atomic_check: plane=35 crtc=50 mode=3456x2160 fb=3456x2160 OK
[Thu Sep 24 13:32:56 2026] apple-drm soc:display-subsystem: apple_plane_atomic_check: plane=35 crtc=50 mode=3456x2160 fb=3456x2160 OK
[Thu Sep 24 13:32:56 2026] apple-drm soc:display-subsystem: apple_plane_atomic_check: plane=35 crtc=50 mode=3456x2160 fb=3456x2160 OK
[Thu Sep 24 13:32:56 2026] apple-drm soc:display-subsystem: apple_plane_atomic_check: plane=35 crtc=50 mode=3456x2160 fb=3456x2160 OK
[Thu Sep 24 13:32:56 2026] apple-drm soc:display-subsystem: apple_plane_atomic_check: plane=35 crtc=50 mode=3456x2160 fb=3456x2160 OK
[Thu Sep 24 13:32:56 2026] apple-drm soc:display-subsystem: apple_plane_atomic_check: plane=35 crtc=50 mode=3456x2160 fb=3456x2160 OK
[Thu Sep 24 13:32:56 2026] apple-drm soc:display-subsystem: apple_plane_atomic_check: plane=35 crtc=50 mode=3456x2160 fb=3456x2160 OK
[Thu Sep 24 13:32:56 2026] apple-drm soc:display-subsystem: apple_plane_atomic_check: plane=35 crtc=50 mode=3456x2160 fb=3456x2160 OK
[Thu Sep 24 13:32:56 2026] apple-drm soc:display-subsystem: apple_plane_atomic_check: plane=35 crtc=50 mode=3456x2160 fb=3456x2160 OK
[Thu Sep 24 13:32:56 2026] apple-drm soc:display-subsystem: apple_plane_atomic_check: plane=35 crtc=50 mode=3456x2160 fb=3456x2160 OK
[Thu Sep 24 13:32:56 2026] apple-drm soc:display-subsystem: apple_plane_atomic_check: plane=35 crtc=50 mode=3456x2160 fb=3456x2160 OK
[Thu Sep 24 13:32:56 2026] apple-drm soc:display-subsystem: apple_plane_atomic_check: plane=35 crtc=50 mode=3456x2160 fb=3456x2160 OK
[Thu Sep 24 13:32:56 2026] apple-drm soc:display-subsystem: apple_plane_atomic_check: plane=35 crtc=50 mode=3456x2160 fb=3456x2160 OK
[Thu Sep 24 13:32:57 2026] apple-drm soc:display-subsystem: apple_plane_atomic_check: plane=35 crtc=50 mode=3456x2160 fb=3456x2160 OK
[Thu Sep 24 13:32:57 2026] apple-drm soc:display-subsystem: apple_plane_atomic_check: plane=35 crtc=50 mode=3456x2160 fb=3456x2160 OK
[Thu Sep 24 13:32:57 2026] apple-drm soc:display-subsystem: apple_plane_atomic_check: plane=35 crtc=50 mode=3456x2160 fb=3456x2160 OK
[Thu Sep 24 13:32:57 2026] apple-drm soc:display-subsystem: apple_plane_atomic_check: plane=35 crtc=50 mode=3456x2160 fb=3456x2160 OK
[Thu Sep 24 13:32:57 2026] apple-drm soc:display-subsystem: apple_plane_atomic_check: plane=35 crtc=50 mode=3456x2160 fb=3456x2160 OK
[Thu Sep 24 13:32:57 2026] apple-drm soc:display-subsystem: apple_plane_atomic_check: plane=35 crtc=50 mode=3456x2160 fb=3456x2160 OK
[Thu Sep 24 13:32:57 2026] apple-drm soc:display-subsystem: apple_plane_atomic_check: plane=35 crtc=50 mode=3456x2160 fb=3456x2160 OK
[Thu Sep 24 13:32:57 2026] apple-drm soc:display-subsystem: apple_plane_atomic_check: plane=35 crtc=50 mode=3456x2160 fb=3456x2160 OK
[Thu Sep 24 13:32:57 2026] apple-drm soc:display-subsystem: apple_plane_atomic_check: plane=35 crtc=50 mode=3456x2160 fb=3456x2160 OK
[Thu Sep 24 13:32:57 2026] apple-drm soc:display-subsystem: apple_plane_atomic_check: plane=35 crtc=50 mode=3456x2160 fb=3456x2160 OK
[Thu Sep 24 13:32:57 2026] apple-drm soc:display-subsystem: apple_plane_atomic_check: plane=35 crtc=50 mode=3456x2160 fb=3456x2160 OK
[Thu Sep 24 13:32:57 2026] apple-drm soc:display-subsystem: apple_plane_atomic_check: plane=35 crtc=50 mode=3456x2160 fb=3456x2160 OK
[Thu Sep 24 13:32:57 2026] apple-drm soc:display-subsystem: apple_plane_atomic_check: plane=35 crtc=50 mode=3456x2160 fb=3456x2160 OK
[Thu Sep 24 13:32:57 2026] apple-drm soc:display-subsystem: apple_plane_atomic_check: plane=35 crtc=50 mode=3456x2160 fb=3456x2160 OK
[Thu Sep 24 13:32:57 2026] apple-drm soc:display-subsystem: apple_plane_atomic_check: plane=35 crtc=50 mode=3456x2160 fb=3456x2160 OK
[Thu Sep 24 13:32:57 2026] apple-drm soc:display-subsystem: apple_plane_atomic_check: plane=35 crtc=50 mode=3456x2160 fb=3456x2160 OK
[Thu Sep 24 13:32:57 2026] apple-drm soc:display-subsystem: apple_plane_atomic_check: plane=35 crtc=50 mode=3456x2160 fb=3456x2160 OK
[Thu Sep 24 13:32:57 2026] apple-drm soc:display-subsystem: apple_plane_atomic_check: plane=35 crtc=50 mode=3456x2160 fb=3456x2160 OK
[Thu Sep 24 13:32:57 2026] apple-drm soc:display-subsystem: apple_plane_atomic_check: plane=35 crtc=50 mode=3456x2160 fb=3456x2160 OK
[Thu Sep 24 13:32:57 2026] apple-drm soc:display-subsystem: apple_plane_atomic_check: plane=35 crtc=50 mode=3456x2160 fb=3456x2160 OK
[Thu Sep 24 13:32:57 2026] apple-drm soc:display-subsystem: apple_plane_atomic_check: plane=35 crtc=50 mode=3456x2160 fb=3456x2160 OK
[Thu Sep 24 13:32:57 2026] apple-drm soc:display-subsystem: apple_plane_atomic_check: plane=35 crtc=50 mode=3456x2160 fb=3456x2160 OK
[Thu Sep 24 13:32:57 2026] apple-drm soc:display-subsystem: apple_plane_atomic_check: plane=35 crtc=50 mode=3456x2160 fb=3456x2160 OK
[Thu Sep 24 13:32:57 2026] apple-drm soc:display-subsystem: apple_plane_atomic_check: plane=35 crtc=50 mode=3456x2160 fb=3456x2160 OK
[Thu Sep 24 13:32:58 2026] apple-drm soc:display-subsystem: apple_plane_atomic_check: plane=35 crtc=50 mode=3456x2160 fb=3456x2160 OK
[Thu Sep 24 13:32:58 2026] apple-drm soc:display-subsystem: apple_plane_atomic_check: plane=35 crtc=50 mode=3456x2160 fb=3456x2160 OK
[Thu Sep 24 13:32:58 2026] apple-drm soc:display-subsystem: apple_plane_atomic_check: plane=35 crtc=50 mode=3456x2160 fb=3456x2160 OK
[Thu Sep 24 13:32:58 2026] apple-drm soc:display-subsystem: apple_plane_atomic_check: plane=35 crtc=50 mode=3456x2160 fb=3456x2160 OK
[Thu Sep 24 13:32:58 2026] apple-drm soc:display-subsystem: apple_plane_atomic_check: plane=35 crtc=50 mode=3456x2160 fb=3456x2160 OK
[Thu Sep 24 13:32:58 2026] apple-drm soc:display-subsystem: apple_plane_atomic_check: plane=35 crtc=50 mode=3456x2160 fb=3456x2160 OK
[Thu Sep 24 13:32:58 2026] apple-drm soc:display-subsystem: apple_plane_atomic_check: plane=35 crtc=50 mode=3456x2160 fb=3456x2160 OK
[Thu Sep 24 13:32:58 2026] apple-drm soc:display-subsystem: apple_plane_atomic_check: plane=35 crtc=50 mode=3456x2160 fb=3456x2160 OK
[Thu Sep 24 13:32:58 2026] apple-drm soc:display-subsystem: apple_plane_atomic_check: plane=35 crtc=50 mode=3456x2160 fb=3456x2160 OK
[Thu Sep 24 13:32:58 2026] apple-drm soc:display-subsystem: apple_plane_atomic_check: plane=35 crtc=50 mode=3456x2160 fb=3456x2160 OK
[Thu Sep 24 13:32:58 2026] apple-drm soc:display-subsystem: apple_plane_atomic_check: plane=35 crtc=50 mode=3456x2160 fb=3456x2160 OK
[Thu Sep 24 13:32:58 2026] apple-drm soc:display-subsystem: apple_plane_atomic_check: plane=35 crtc=50 mode=3456x2160 fb=3456x2160 OK
[Thu Sep 24 13:32:58 2026] apple-drm soc:display-subsystem: apple_plane_atomic_check: plane=35 crtc=50 mode=3456x2160 fb=3456x2160 OK
[Thu Sep 24 13:32:58 2026] apple-drm soc:display-subsystem: apple_plane_atomic_check: plane=35 crtc=50 mode=3456x2160 fb=3456x2160 OK
[Thu Sep 24 13:32:58 2026] apple-drm soc:display-subsystem: apple_plane_atomic_check: plane=35 crtc=50 mode=3456x2160 fb=3456x2160 OK
[Thu Sep 24 13:32:58 2026] apple-drm soc:display-subsystem: apple_plane_atomic_check: plane=35 crtc=50 mode=3456x2160 fb=3456x2160 OK
[Thu Sep 24 13:32:58 2026] apple-drm soc:display-subsystem: apple_plane_atomic_check: plane=35 crtc=50 mode=3456x2160 fb=3456x2160 OK
[Thu Sep 24 13:32:58 2026] apple-drm soc:display-subsystem: apple_plane_atomic_check: plane=35 crtc=50 mode=3456x2160 fb=3456x2160 OK
[Thu Sep 24 13:32:58 2026] apple-drm soc:display-subsystem: apple_plane_atomic_check: plane=35 crtc=50 mode=3456x2160 fb=3456x2160 OK
[Thu Sep 24 13:32:58 2026] apple-drm soc:display-subsystem: apple_plane_atomic_check: plane=35 crtc=50 mode=3456x2160 fb=3456x2160 OK
[Thu Sep 24 13:32:58 2026] apple-drm soc:display-subsystem: apple_plane_atomic_check: plane=35 crtc=50 mode=3456x2160 fb=3456x2160 OK
[Thu Sep 24 13:32:58 2026] apple-drm soc:display-subsystem: apple_plane_atomic_check: plane=35 crtc=50 mode=3456x2160 fb=3456x2160 OK
[Thu Sep 24 13:32:58 2026] apple-drm soc:display-subsystem: apple_plane_atomic_check: plane=35 crtc=50 mode=3456x2160 fb=3456x2160 OK
[Thu Sep 24 13:32:58 2026] apple-drm soc:display-subsystem: apple_plane_atomic_check: plane=35 crtc=50 mode=3456x2160 fb=3456x2160 OK
[Thu Sep 24 13:32:59 2026] apple-drm soc:display-subsystem: apple_plane_atomic_check: plane=35 crtc=50 mode=3456x2160 fb=3456x2160 OK
[Thu Sep 24 13:32:59 2026] apple-drm soc:display-subsystem: apple_plane_atomic_check: plane=35 crtc=50 mode=3456x2160 fb=3456x2160 OK
[Thu Sep 24 13:32:59 2026] apple-drm soc:display-subsystem: apple_plane_atomic_check: plane=35 crtc=50 mode=3456x2160 fb=3456x2160 OK
[Thu Sep 24 13:32:59 2026] apple-drm soc:display-subsystem: apple_plane_atomic_check: plane=35 crtc=50 mode=3456x2160 fb=3456x2160 OK
[Thu Sep 24 13:32:59 2026] apple-drm soc:display-subsystem: apple_plane_atomic_check: plane=35 crtc=50 mode=3456x2160 fb=3456x2160 OK
[Thu Sep 24 13:32:59 2026] apple-drm soc:display-subsystem: apple_plane_atomic_check: plane=35 crtc=50 mode=3456x2160 fb=3456x2160 OK
[Thu Sep 24 13:32:59 2026] apple-drm soc:display-subsystem: apple_plane_atomic_check: plane=35 crtc=50 mode=3456x2160 fb=3456x2160 OK
[Thu Sep 24 13:32:59 2026] apple-drm soc:display-subsystem: apple_plane_atomic_check: plane=35 crtc=50 mode=3456x2160 fb=3456x2160 OK
[Thu Sep 24 13:32:59 2026] apple-drm soc:display-subsystem: apple_plane_atomic_check: plane=35 crtc=50 mode=3456x2160 fb=3456x2160 OK
[Thu Sep 24 13:32:59 2026] apple-drm soc:display-subsystem: apple_plane_atomic_check: plane=35 crtc=50 mode=3456x2160 fb=3456x2160 OK
[Thu Sep 24 13:32:59 2026] apple-drm soc:display-subsystem: apple_plane_atomic_check: plane=35 crtc=50 mode=3456x2160 fb=3456x2160 OK
[Thu Sep 24 13:32:59 2026] apple-drm soc:display-subsystem: apple_plane_atomic_check: plane=35 crtc=50 mode=3456x2160 fb=3456x2160 OK
[Thu Sep 24 13:32:59 2026] apple-drm soc:display-subsystem: apple_plane_atomic_check: plane=35 crtc=50 mode=3456x2160 fb=3456x2160 OK
[Thu Sep 24 13:32:59 2026] apple-drm soc:display-subsystem: apple_plane_atomic_check: plane=35 crtc=50 mode=3456x2160 fb=3456x2160 OK
[Thu Sep 24 13:32:59 2026] apple-drm soc:display-subsystem: apple_plane_atomic_check: plane=35 crtc=50 mode=3456x2160 fb=3456x2160 OK
[Thu Sep 24 13:32:59 2026] apple-drm soc:display-subsystem: apple_plane_atomic_check: plane=35 crtc=50 mode=3456x2160 fb=3456x2160 OK
[Thu Sep 24 13:32:59 2026] apple-drm soc:display-subsystem: apple_plane_atomic_check: plane=35 crtc=50 mode=3456x2160 fb=3456x2160 OK
[Thu Sep 24 13:32:59 2026] apple-drm soc:display-subsystem: apple_plane_atomic_check: plane=35 crtc=50 mode=3456x2160 fb=3456x2160 OK
[Thu Sep 24 13:32:59 2026] apple-drm soc:display-subsystem: apple_plane_atomic_check: plane=35 crtc=50 mode=3456x2160 fb=3456x2160 OK
[Thu Sep 24 13:32:59 2026] apple-drm soc:display-subsystem: apple_plane_atomic_check: plane=35 crtc=50 mode=3456x2160 fb=3456x2160 OK
[Thu Sep 24 13:33:00 2026] apple-drm soc:display-subsystem: apple_plane_atomic_check: plane=35 crtc=50 mode=3456x2160 fb=3456x2160 OK
[Thu Sep 24 13:33:00 2026] apple-drm soc:display-subsystem: apple_plane_atomic_check: plane=35 crtc=50 mode=3456x2160 fb=3456x2160 OK
[Thu Sep 24 13:33:00 2026] apple-drm soc:display-subsystem: apple_plane_atomic_check: plane=35 crtc=50 mode=3456x2160 fb=3456x2160 OK
[Thu Sep 24 13:33:00 2026] apple-drm soc:display-subsystem: apple_plane_atomic_check: plane=35 crtc=50 mode=3456x2160 fb=3456x2160 OK
[Thu Sep 24 13:33:00 2026] apple-drm soc:display-subsystem: apple_plane_atomic_check: plane=35 crtc=50 mode=3456x2160 fb=3456x2160 OK
[Thu Sep 24 13:33:00 2026] apple-drm soc:display-subsystem: apple_plane_atomic_check: plane=35 crtc=50 mode=3456x2160 fb=3456x2160 OK
[Thu Sep 24 13:33:00 2026] apple-drm soc:display-subsystem: apple_plane_atomic_check: plane=35 crtc=50 mode=3456x2160 fb=3456x2160 OK
[Thu Sep 24 13:33:00 2026] apple-drm soc:display-subsystem: apple_plane_atomic_check: plane=35 crtc=50 mode=3456x2160 fb=3456x2160 OK
[Thu Sep 24 13:33:00 2026] apple-drm soc:display-subsystem: apple_plane_atomic_check: plane=35 crtc=50 mode=3456x2160 fb=3456x2160 OK
[Thu Sep 24 13:33:00 2026] apple-drm soc:display-subsystem: apple_plane_atomic_check: plane=35 crtc=50 mode=3456x2160 fb=3456x2160 OK
[Thu Sep 24 13:33:00 2026] apple-drm soc:display-subsystem: apple_plane_atomic_check: plane=35 crtc=50 mode=3456x2160 fb=3456x2160 OK
[Thu Sep 24 13:33:00 2026] apple-drm soc:display-subsystem: apple_plane_atomic_check: plane=35 crtc=50 mode=3456x2160 fb=3456x2160 OK
[Thu Sep 24 13:33:00 2026] apple-drm soc:display-subsystem: apple_plane_atomic_check: plane=35 crtc=50 mode=3456x2160 fb=3456x2160 OK
[Thu Sep 24 13:33:00 2026] apple-drm soc:display-subsystem: apple_plane_atomic_check: plane=35 crtc=50 mode=3456x2160 fb=3456x2160 OK
[Thu Sep 24 13:33:00 2026] apple-drm soc:display-subsystem: apple_plane_atomic_check: plane=35 crtc=50 mode=3456x2160 fb=3456x2160 OK
[Thu Sep 24 13:33:00 2026] apple-drm soc:display-subsystem: apple_plane_atomic_check: plane=35 crtc=50 mode=3456x2160 fb=3456x2160 OK
[Thu Sep 24 13:33:00 2026] apple-drm soc:display-subsystem: apple_plane_atomic_check: plane=35 crtc=50 mode=3456x2160 fb=3456x2160 OK
[Thu Sep 24 13:33:00 2026] apple-drm soc:display-subsystem: apple_plane_atomic_check: plane=35 crtc=50 mode=3456x2160 fb=3456x2160 OK
[Thu Sep 24 13:33:00 2026] apple-drm soc:display-subsystem: apple_plane_atomic_check: plane=35 crtc=50 mode=3456x2160 fb=3456x2160 OK
[Thu Sep 24 13:33:00 2026] apple-drm soc:display-subsystem: apple_plane_atomic_check: plane=35 crtc=50 mode=3456x2160 fb=3456x2160 OK
[Thu Sep 24 13:33:00 2026] apple-drm soc:display-subsystem: apple_plane_atomic_check: plane=35 crtc=50 mode=3456x2160 fb=3456x2160 OK
[Thu Sep 24 13:33:01 2026] apple-drm soc:display-subsystem: apple_plane_atomic_check: plane=35 crtc=50 mode=3456x2160 fb=3456x2160 OK
[Thu Sep 24 13:33:01 2026] apple-drm soc:display-subsystem: apple_plane_atomic_check: plane=35 crtc=50 mode=3456x2160 fb=3456x2160 OK
[Thu Sep 24 13:33:01 2026] apple-drm soc:display-subsystem: apple_plane_atomic_check: plane=35 crtc=50 mode=3456x2160 fb=3456x2160 OK
[Thu Sep 24 13:33:01 2026] apple-drm soc:display-subsystem: apple_plane_atomic_check: plane=35 crtc=50 mode=3456x2160 fb=3456x2160 OK
[Thu Sep 24 13:33:01 2026] apple-drm soc:display-subsystem: apple_plane_atomic_check: plane=35 crtc=50 mode=3456x2160 fb=3456x2160 OK
[Thu Sep 24 13:33:01 2026] apple-drm soc:display-subsystem: apple_plane_atomic_check: plane=35 crtc=50 mode=3456x2160 fb=3456x2160 OK
[Thu Sep 24 13:33:01 2026] apple-drm soc:display-subsystem: apple_plane_atomic_check: plane=35 crtc=50 mode=3456x2160 fb=3456x2160 OK
[Thu Sep 24 13:33:01 2026] apple-drm soc:display-subsystem: apple_plane_atomic_check: plane=35 crtc=50 mode=3456x2160 fb=3456x2160 OK
[Thu Sep 24 13:33:01 2026] apple-drm soc:display-subsystem: apple_plane_atomic_check: plane=35 crtc=50 mode=3456x2160 fb=3456x2160 OK
[Thu Sep 24 13:33:01 2026] apple-drm soc:display-subsystem: apple_plane_atomic_check: plane=35 crtc=50 mode=3456x2160 fb=3456x2160 OK
[Thu Sep 24 13:33:01 2026] apple-drm soc:display-subsystem: apple_plane_atomic_check: plane=35 crtc=50 mode=3456x2160 fb=3456x2160 OK
[Thu Sep 24 13:33:01 2026] apple-drm soc:display-subsystem: apple_plane_atomic_check: plane=35 crtc=50 mode=3456x2160 fb=3456x2160 OK
[Thu Sep 24 13:33:01 2026] apple-drm soc:display-subsystem: apple_plane_atomic_check: plane=35 crtc=50 mode=3456x2160 fb=3456x2160 OK
[Thu Sep 24 13:33:01 2026] apple-drm soc:display-subsystem: apple_plane_atomic_check: plane=35 crtc=50 mode=3456x2160 fb=3456x2160 OK
[Thu Sep 24 13:33:01 2026] apple-drm soc:display-subsystem: apple_plane_atomic_check: plane=35 crtc=50 mode=3456x2160 fb=3456x2160 OK
[Thu Sep 24 13:33:01 2026] apple-drm soc:display-subsystem: apple_plane_atomic_check: plane=35 crtc=50 mode=3456x2160 fb=3456x2160 OK
[Thu Sep 24 13:33:01 2026] apple-drm soc:display-subsystem: apple_plane_atomic_check: plane=35 crtc=50 mode=3456x2160 fb=3456x2160 OK
[Thu Sep 24 13:33:01 2026] apple-drm soc:display-subsystem: apple_plane_atomic_check: plane=35 crtc=50 mode=3456x2160 fb=3456x2160 OK
[Thu Sep 24 13:33:01 2026] apple-drm soc:display-subsystem: apple_plane_atomic_check: plane=35 crtc=50 mode=3456x2160 fb=3456x2160 OK
[Thu Sep 24 13:33:01 2026] apple-drm soc:display-subsystem: apple_plane_atomic_check: plane=35 crtc=50 mode=3456x2160 fb=3456x2160 OK
[Thu Sep 24 13:33:01 2026] apple-drm soc:display-subsystem: apple_plane_atomic_check: plane=35 crtc=50 mode=3456x2160 fb=3456x2160 OK
[Thu Sep 24 13:33:01 2026] apple-drm soc:display-subsystem: apple_plane_atomic_check: plane=35 crtc=50 mode=3456x2160 fb=3456x2160 OK
[Thu Sep 24 13:33:02 2026] apple-drm soc:display-subsystem: apple_plane_atomic_check: plane=35 crtc=50 mode=3456x2160 fb=3456x2160 OK
[Thu Sep 24 13:33:02 2026] apple-drm soc:display-subsystem: apple_plane_atomic_check: plane=35 crtc=50 mode=3456x2160 fb=3456x2160 OK
[Thu Sep 24 13:33:02 2026] apple-drm soc:display-subsystem: apple_plane_atomic_check: plane=35 crtc=50 mode=3456x2160 fb=3456x2160 OK
[Thu Sep 24 13:33:02 2026] apple-drm soc:display-subsystem: apple_plane_atomic_check: plane=35 crtc=50 mode=3456x2160 fb=3456x2160 OK
[Thu Sep 24 13:33:02 2026] apple-drm soc:display-subsystem: apple_plane_atomic_check: plane=35 crtc=50 mode=3456x2160 fb=3456x2160 OK
[Thu Sep 24 13:33:02 2026] apple-drm soc:display-subsystem: apple_plane_atomic_check: plane=35 crtc=50 mode=3456x2160 fb=3456x2160 OK
[Thu Sep 24 13:33:02 2026] apple-drm soc:display-subsystem: apple_plane_atomic_check: plane=35 crtc=50 mode=3456x2160 fb=3456x2160 OK
[Thu Sep 24 13:33:02 2026] apple-drm soc:display-subsystem: apple_plane_atomic_check: plane=35 crtc=50 mode=3456x2160 fb=3456x2160 OK
[Thu Sep 24 13:33:02 2026] apple-drm soc:display-subsystem: apple_plane_atomic_check: plane=35 crtc=50 mode=3456x2160 fb=3456x2160 OK
[Thu Sep 24 13:33:02 2026] apple-drm soc:display-subsystem: apple_plane_atomic_check: plane=35 crtc=50 mode=3456x2160 fb=3456x2160 OK
[Thu Sep 24 13:33:02 2026] apple-drm soc:display-subsystem: apple_plane_atomic_check: plane=35 crtc=50 mode=3456x2160 fb=3456x2160 OK
[Thu Sep 24 13:33:02 2026] apple-drm soc:display-subsystem: apple_plane_atomic_check: plane=35 crtc=50 mode=3456x2160 fb=3456x2160 OK
[Thu Sep 24 13:33:02 2026] apple-drm soc:display-subsystem: apple_plane_atomic_check: plane=35 crtc=50 mode=3456x2160 fb=3456x2160 OK
[Thu Sep 24 13:33:02 2026] apple-drm soc:display-subsystem: apple_plane_atomic_check: plane=35 crtc=50 mode=3456x2160 fb=3456x2160 OK
[Thu Sep 24 13:33:02 2026] apple-drm soc:display-subsystem: apple_plane_atomic_check: plane=35 crtc=50 mode=3456x2160 fb=3456x2160 OK
[Thu Sep 24 13:33:02 2026] apple-drm soc:display-subsystem: apple_plane_atomic_check: plane=35 crtc=50 mode=3456x2160 fb=3456x2160 OK
[Thu Sep 24 13:33:02 2026] apple-drm soc:display-subsystem: apple_plane_atomic_check: plane=35 crtc=50 mode=3456x2160 fb=3456x2160 OK
[Thu Sep 24 13:33:02 2026] apple-drm soc:display-subsystem: apple_plane_atomic_check: plane=35 crtc=50 mode=3456x2160 fb=3456x2160 OK
[Thu Sep 24 13:33:02 2026] apple-drm soc:display-subsystem: apple_plane_atomic_check: plane=35 crtc=50 mode=3456x2160 fb=3456x2160 OK
[Thu Sep 24 13:33:02 2026] apple-drm soc:display-subsystem: apple_plane_atomic_check: plane=35 crtc=50 mode=3456x2160 fb=3456x2160 OK
[Thu Sep 24 13:33:02 2026] apple-drm soc:display-subsystem: apple_plane_atomic_check: plane=35 crtc=50 mode=3456x2160 fb=3456x2160 OK
[Thu Sep 24 13:33:02 2026] apple-drm soc:display-subsystem: apple_plane_atomic_check: plane=35 crtc=50 mode=3456x2160 fb=3456x2160 OK
[Thu Sep 24 13:33:02 2026] apple-drm soc:display-subsystem: apple_plane_atomic_check: plane=35 crtc=50 mode=3456x2160 fb=3456x2160 OK
[Thu Sep 24 13:33:02 2026] apple-drm soc:display-subsystem: apple_plane_atomic_check: plane=35 crtc=50 mode=3456x2160 fb=3456x2160 OK
[Thu Sep 24 13:33:02 2026] apple-drm soc:display-subsystem: apple_plane_atomic_check: plane=35 crtc=50 mode=3456x2160 fb=3456x2160 OK
[Thu Sep 24 13:33:02 2026] apple-drm soc:display-subsystem: apple_plane_atomic_check: plane=35 crtc=50 mode=3456x2160 fb=3456x2160 OK
[Thu Sep 24 13:33:03 2026] apple-drm soc:display-subsystem: apple_plane_atomic_check: plane=35 crtc=50 mode=3456x2160 fb=3456x2160 OK
[Thu Sep 24 13:33:03 2026] apple-drm soc:display-subsystem: apple_plane_atomic_check: plane=35 crtc=50 mode=3456x2160 fb=3456x2160 OK
[Thu Sep 24 13:33:03 2026] apple-drm soc:display-subsystem: apple_plane_atomic_check: plane=35 crtc=50 mode=3456x2160 fb=3456x2160 OK
[Thu Sep 24 13:33:03 2026] apple-drm soc:display-subsystem: apple_plane_atomic_check: plane=35 crtc=50 mode=3456x2160 fb=3456x2160 OK
[Thu Sep 24 13:33:03 2026] apple-drm soc:display-subsystem: apple_plane_atomic_check: plane=35 crtc=50 mode=3456x2160 fb=3456x2160 OK
[Thu Sep 24 13:33:03 2026] apple-drm soc:display-subsystem: apple_plane_atomic_check: plane=35 crtc=50 mode=3456x2160 fb=3456x2160 OK
[Thu Sep 24 13:33:03 2026] apple-drm soc:display-subsystem: apple_plane_atomic_check: plane=35 crtc=50 mode=3456x2160 fb=3456x2160 OK
[Thu Sep 24 13:33:03 2026] apple-drm soc:display-subsystem: apple_plane_atomic_check: plane=35 crtc=50 mode=3456x2160 fb=3456x2160 OK
[Thu Sep 24 13:33:03 2026] apple-drm soc:display-subsystem: apple_plane_atomic_check: plane=35 crtc=50 mode=3456x2160 fb=3456x2160 OK
[Thu Sep 24 13:33:03 2026] apple-drm soc:display-subsystem: apple_plane_atomic_check: plane=35 crtc=50 mode=3456x2160 fb=3456x2160 OK
[Thu Sep 24 13:33:03 2026] apple-drm soc:display-subsystem: apple_plane_atomic_check: plane=35 crtc=50 mode=3456x2160 fb=3456x2160 OK
[Thu Sep 24 13:33:03 2026] apple-drm soc:display-subsystem: apple_plane_atomic_check: plane=35 crtc=50 mode=3456x2160 fb=3456x2160 OK
[Thu Sep 24 13:33:03 2026] apple-drm soc:display-subsystem: apple_plane_atomic_check: plane=35 crtc=50 mode=3456x2160 fb=3456x2160 OK
[Thu Sep 24 13:33:03 2026] apple-drm soc:display-subsystem: apple_plane_atomic_check: plane=35 crtc=50 mode=3456x2160 fb=3456x2160 OK
[Thu Sep 24 13:33:03 2026] apple-drm soc:display-subsystem: apple_plane_atomic_check: plane=35 crtc=50 mode=3456x2160 fb=3456x2160 OK
[Thu Sep 24 13:33:03 2026] apple-drm soc:display-subsystem: apple_plane_atomic_check: plane=35 crtc=50 mode=3456x2160 fb=3456x2160 OK
[Thu Sep 24 13:33:03 2026] apple-drm soc:display-subsystem: apple_plane_atomic_check: plane=35 crtc=50 mode=3456x2160 fb=3456x2160 OK
[Thu Sep 24 13:33:03 2026] apple-drm soc:display-subsystem: apple_plane_atomic_check: plane=35 crtc=50 mode=3456x2160 fb=3456x2160 OK
[Thu Sep 24 13:33:03 2026] apple-drm soc:display-subsystem: apple_plane_atomic_check: plane=35 crtc=50 mode=3456x2160 fb=3456x2160 OK
[Thu Sep 24 13:33:03 2026] apple-drm soc:display-subsystem: apple_plane_atomic_check: plane=35 crtc=50 mode=3456x2160 fb=3456x2160 OK
[Thu Sep 24 13:33:03 2026] apple-drm soc:display-subsystem: apple_plane_atomic_check: plane=35 crtc=50 mode=3456x2160 fb=3456x2160 OK
[Thu Sep 24 13:33:03 2026] apple-drm soc:display-subsystem: apple_plane_atomic_check: plane=35 crtc=50 mode=3456x2160 fb=3456x2160 OK
[Thu Sep 24 13:33:03 2026] apple-drm soc:display-subsystem: apple_plane_atomic_check: plane=35 crtc=50 mode=3456x2160 fb=3456x2160 OK
[Thu Sep 24 13:33:03 2026] apple-drm soc:display-subsystem: apple_plane_atomic_check: plane=35 crtc=50 mode=3456x2160 fb=3456x2160 OK
[Thu Sep 24 13:33:04 2026] apple-drm soc:display-subsystem: apple_plane_atomic_check: plane=35 crtc=50 mode=3456x2160 fb=3456x2160 OK
[Thu Sep 24 13:33:04 2026] apple-drm soc:display-subsystem: apple_plane_atomic_check: plane=35 crtc=50 mode=3456x2160 fb=3456x2160 OK
[Thu Sep 24 13:33:04 2026] apple-drm soc:display-subsystem: apple_plane_atomic_check: plane=35 crtc=50 mode=3456x2160 fb=3456x2160 OK
[Thu Sep 24 13:33:04 2026] apple-drm soc:display-subsystem: apple_plane_atomic_check: plane=35 crtc=50 mode=3456x2160 fb=3456x2160 OK
[Thu Sep 24 13:33:04 2026] apple-drm soc:display-subsystem: apple_plane_atomic_check: plane=35 crtc=50 mode=3456x2160 fb=3456x2160 OK
[Thu Sep 24 13:33:04 2026] apple-drm soc:display-subsystem: apple_plane_atomic_check: plane=35 crtc=50 mode=3456x2160 fb=3456x2160 OK
[Thu Sep 24 13:33:04 2026] apple-drm soc:display-subsystem: apple_plane_atomic_check: plane=35 crtc=50 mode=3456x2160 fb=3456x2160 OK
[Thu Sep 24 13:33:04 2026] apple-drm soc:display-subsystem: apple_plane_atomic_check: plane=35 crtc=50 mode=3456x2160 fb=3456x2160 OK
[Thu Sep 24 13:33:04 2026] apple-drm soc:display-subsystem: apple_plane_atomic_check: plane=35 crtc=50 mode=3456x2160 fb=3456x2160 OK
[Thu Sep 24 13:33:04 2026] apple-drm soc:display-subsystem: apple_plane_atomic_check: plane=35 crtc=50 mode=3456x2160 fb=3456x2160 OK
[Thu Sep 24 13:33:04 2026] apple-drm soc:display-subsystem: apple_plane_atomic_check: plane=35 crtc=50 mode=3456x2160 fb=3456x2160 OK
[Thu Sep 24 13:33:04 2026] apple-drm soc:display-subsystem: apple_plane_atomic_check: plane=35 crtc=50 mode=3456x2160 fb=3456x2160 OK
[Thu Sep 24 13:33:04 2026] apple-drm soc:display-subsystem: apple_plane_atomic_check: plane=35 crtc=50 mode=3456x2160 fb=3456x2160 OK
[Thu Sep 24 13:33:04 2026] apple-drm soc:display-subsystem: apple_plane_atomic_check: plane=35 crtc=50 mode=3456x2160 fb=3456x2160 OK
[Thu Sep 24 13:33:04 2026] apple-drm soc:display-subsystem: apple_plane_atomic_check: plane=35 crtc=50 mode=3456x2160 fb=3456x2160 OK
[Thu Sep 24 13:33:04 2026] apple-drm soc:display-subsystem: apple_plane_atomic_check: plane=35 crtc=50 mode=3456x2160 fb=3456x2160 OK
[Thu Sep 24 13:33:04 2026] apple-drm soc:display-subsystem: apple_plane_atomic_check: plane=35 crtc=50 mode=3456x2160 fb=3456x2160 OK
[Thu Sep 24 13:33:04 2026] apple-drm soc:display-subsystem: apple_plane_atomic_check: plane=35 crtc=50 mode=3456x2160 fb=3456x2160 OK
[Thu Sep 24 13:33:04 2026] apple-drm soc:display-subsystem: apple_plane_atomic_check: plane=35 crtc=50 mode=3456x2160 fb=3456x2160 OK
[Thu Sep 24 13:33:04 2026] apple-drm soc:display-subsystem: apple_plane_atomic_check: plane=35 crtc=50 mode=3456x2160 fb=3456x2160 OK
[Thu Sep 24 13:33:04 2026] apple-drm soc:display-subsystem: apple_plane_atomic_check: plane=35 crtc=50 mode=3456x2160 fb=3456x2160 OK
[Thu Sep 24 13:33:04 2026] apple-drm soc:display-subsystem: apple_plane_atomic_check: plane=35 crtc=50 mode=3456x2160 fb=3456x2160 OK
[Thu Sep 24 13:33:05 2026] apple-drm soc:display-subsystem: apple_plane_atomic_check: plane=35 crtc=50 mode=3456x2160 fb=3456x2160 OK
[Thu Sep 24 13:33:05 2026] apple-drm soc:display-subsystem: apple_plane_atomic_check: plane=35 crtc=50 mode=3456x2160 fb=3456x2160 OK
[Thu Sep 24 13:33:05 2026] apple-drm soc:display-subsystem: apple_plane_atomic_check: plane=35 crtc=50 mode=3456x2160 fb=3456x2160 OK
[Thu Sep 24 13:33:05 2026] apple-drm soc:display-subsystem: apple_plane_atomic_check: plane=35 crtc=50 mode=3456x2160 fb=3456x2160 OK
[Thu Sep 24 13:33:05 2026] apple-drm soc:display-subsystem: apple_plane_atomic_check: plane=35 crtc=50 mode=3456x2160 fb=3456x2160 OK
[Thu Sep 24 13:33:05 2026] apple-drm soc:display-subsystem: apple_plane_atomic_check: plane=35 crtc=50 mode=3456x2160 fb=3456x2160 OK
[Thu Sep 24 13:33:05 2026] apple-drm soc:display-subsystem: apple_plane_atomic_check: plane=35 crtc=50 mode=3456x2160 fb=3456x2160 OK
[Thu Sep 24 13:33:05 2026] apple-drm soc:display-subsystem: apple_plane_atomic_check: plane=35 crtc=50 mode=3456x2160 fb=3456x2160 OK
[Thu Sep 24 13:33:05 2026] apple-drm soc:display-subsystem: apple_plane_atomic_check: plane=35 crtc=50 mode=3456x2160 fb=3456x2160 OK
[Thu Sep 24 13:33:05 2026] apple-drm soc:display-subsystem: apple_plane_atomic_check: plane=35 crtc=50 mode=3456x2160 fb=3456x2160 OK
[Thu Sep 24 13:33:05 2026] apple-drm soc:display-subsystem: apple_plane_atomic_check: plane=35 crtc=50 mode=3456x2160 fb=3456x2160 OK
[Thu Sep 24 13:33:05 2026] apple-drm soc:display-subsystem: apple_plane_atomic_check: plane=35 crtc=50 mode=3456x2160 fb=3456x2160 OK
[Thu Sep 24 13:33:05 2026] apple-drm soc:display-subsystem: apple_plane_atomic_check: plane=35 crtc=50 mode=3456x2160 fb=3456x2160 OK
[Thu Sep 24 13:33:05 2026] apple-drm soc:display-subsystem: apple_plane_atomic_check: plane=35 crtc=50 mode=3456x2160 fb=3456x2160 OK
[Thu Sep 24 13:33:05 2026] apple-drm soc:display-subsystem: apple_plane_atomic_check: plane=35 crtc=50 mode=3456x2160 fb=3456x2160 OK
[Thu Sep 24 13:33:05 2026] apple-drm soc:display-subsystem: apple_plane_atomic_check: plane=35 crtc=50 mode=3456x2160 fb=3456x2160 OK
[Thu Sep 24 13:33:05 2026] apple-drm soc:display-subsystem: apple_plane_atomic_check: plane=35 crtc=50 mode=3456x2160 fb=3456x2160 OK
[Thu Sep 24 13:33:05 2026] apple-drm soc:display-subsystem: apple_plane_atomic_check: plane=35 crtc=50 mode=3456x2160 fb=3456x2160 OK
[Thu Sep 24 13:33:06 2026] apple-drm soc:display-subsystem: apple_plane_atomic_check: plane=35 crtc=50 mode=3456x2160 fb=3456x2160 OK
[Thu Sep 24 13:33:06 2026] apple-drm soc:display-subsystem: apple_plane_atomic_check: plane=35 crtc=50 mode=3456x2160 fb=3456x2160 OK
[Thu Sep 24 13:33:06 2026] apple-drm soc:display-subsystem: apple_plane_atomic_check: plane=35 crtc=50 mode=3456x2160 fb=3456x2160 OK
[Thu Sep 24 13:33:06 2026] apple-drm soc:display-subsystem: apple_plane_atomic_check: plane=35 crtc=50 mode=3456x2160 fb=3456x2160 OK
[Thu Sep 24 13:33:06 2026] apple-drm soc:display-subsystem: apple_plane_atomic_check: plane=35 crtc=50 mode=3456x2160 fb=3456x2160 OK
[Thu Sep 24 13:33:06 2026] apple-drm soc:display-subsystem: apple_plane_atomic_check: plane=35 crtc=50 mode=3456x2160 fb=3456x2160 OK
[Thu Sep 24 13:33:06 2026] apple-drm soc:display-subsystem: apple_plane_atomic_check: plane=35 crtc=50 mode=3456x2160 fb=3456x2160 OK
[Thu Sep 24 13:33:06 2026] apple-drm soc:display-subsystem: apple_plane_atomic_check: plane=35 crtc=50 mode=3456x2160 fb=3456x2160 OK
[Thu Sep 24 13:33:06 2026] apple-drm soc:display-subsystem: apple_plane_atomic_check: plane=35 crtc=50 mode=3456x2160 fb=3456x2160 OK
[Thu Sep 24 13:33:06 2026] apple-drm soc:display-subsystem: apple_plane_atomic_check: plane=35 crtc=50 mode=3456x2160 fb=3456x2160 OK
[Thu Sep 24 13:33:06 2026] apple-drm soc:display-subsystem: apple_plane_atomic_check: plane=35 crtc=50 mode=3456x2160 fb=3456x2160 OK
[Thu Sep 24 13:33:06 2026] apple-drm soc:display-subsystem: apple_plane_atomic_check: plane=35 crtc=50 mode=3456x2160 fb=3456x2160 OK
[Thu Sep 24 13:33:06 2026] apple-drm soc:display-subsystem: apple_plane_atomic_check: plane=35 crtc=50 mode=3456x2160 fb=3456x2160 OK
[Thu Sep 24 13:33:06 2026] apple-drm soc:display-subsystem: apple_plane_atomic_check: plane=35 crtc=50 mode=3456x2160 fb=3456x2160 OK
[Thu Sep 24 13:33:06 2026] apple-drm soc:display-subsystem: apple_plane_atomic_check: plane=35 crtc=50 mode=3456x2160 fb=3456x2160 OK
[Thu Sep 24 13:33:06 2026] apple-drm soc:display-subsystem: apple_plane_atomic_check: plane=35 crtc=50 mode=3456x2160 fb=3456x2160 OK
[Thu Sep 24 13:33:07 2026] apple-drm soc:display-subsystem: apple_plane_atomic_check: plane=35 crtc=50 mode=3456x2160 fb=3456x2160 OK
[Thu Sep 24 13:33:07 2026] apple-drm soc:display-subsystem: apple_plane_atomic_check: plane=35 crtc=50 mode=3456x2160 fb=3456x2160 OK
[Thu Sep 24 13:33:07 2026] apple-drm soc:display-subsystem: apple_plane_atomic_check: plane=35 crtc=50 mode=3456x2160 fb=3456x2160 OK
[Thu Sep 24 13:33:07 2026] apple-drm soc:display-subsystem: apple_plane_atomic_check: plane=35 crtc=50 mode=3456x2160 fb=3456x2160 OK
[Thu Sep 24 13:33:07 2026] apple-drm soc:display-subsystem: apple_plane_atomic_check: plane=35 crtc=50 mode=3456x2160 fb=3456x2160 OK
[Thu Sep 24 13:33:07 2026] apple-drm soc:display-subsystem: apple_plane_atomic_check: plane=35 crtc=50 mode=3456x2160 fb=3456x2160 OK
[Thu Sep 24 13:33:07 2026] apple-drm soc:display-subsystem: apple_plane_atomic_check: plane=35 crtc=50 mode=3456x2160 fb=3456x2160 OK
[Thu Sep 24 13:33:07 2026] apple-drm soc:display-subsystem: apple_plane_atomic_check: plane=35 crtc=50 mode=3456x2160 fb=3456x2160 OK
[Thu Sep 24 13:33:07 2026] apple-drm soc:display-subsystem: apple_plane_atomic_check: plane=35 crtc=50 mode=3456x2160 fb=3456x2160 OK
[Thu Sep 24 13:33:07 2026] apple-drm soc:display-subsystem: apple_plane_atomic_check: plane=35 crtc=50 mode=3456x2160 fb=3456x2160 OK
[Thu Sep 24 13:33:07 2026] apple-drm soc:display-subsystem: apple_plane_atomic_check: plane=35 crtc=50 mode=3456x2160 fb=3456x2160 OK
[Thu Sep 24 13:33:07 2026] apple-drm soc:display-subsystem: apple_plane_atomic_check: plane=35 crtc=50 mode=3456x2160 fb=3456x2160 OK
[Thu Sep 24 13:33:07 2026] apple-drm soc:display-subsystem: apple_plane_atomic_check: plane=35 crtc=50 mode=3456x2160 fb=3456x2160 OK
[Thu Sep 24 13:33:07 2026] apple-drm soc:display-subsystem: apple_plane_atomic_check: plane=35 crtc=50 mode=3456x2160 fb=3456x2160 OK
[Thu Sep 24 13:33:08 2026] apple-drm soc:display-subsystem: apple_plane_atomic_check: plane=35 crtc=50 mode=3456x2160 fb=3456x2160 OK
[Thu Sep 24 13:33:08 2026] apple-drm soc:display-subsystem: apple_plane_atomic_check: plane=35 crtc=50 mode=3456x2160 fb=3456x2160 OK
[Thu Sep 24 13:33:08 2026] apple-drm soc:display-subsystem: apple_plane_atomic_check: plane=35 crtc=50 mode=3456x2160 fb=3456x2160 OK
[Thu Sep 24 13:33:08 2026] apple-drm soc:display-subsystem: apple_plane_atomic_check: plane=35 crtc=50 mode=3456x2160 fb=3456x2160 OK
[Thu Sep 24 13:33:08 2026] apple-drm soc:display-subsystem: apple_plane_atomic_check: plane=35 crtc=50 mode=3456x2160 fb=3456x2160 OK
[Thu Sep 24 13:33:08 2026] apple-drm soc:display-subsystem: apple_plane_atomic_check: plane=35 crtc=50 mode=3456x2160 fb=3456x2160 OK
[Thu Sep 24 13:33:08 2026] apple-drm soc:display-subsystem: apple_plane_atomic_check: plane=35 crtc=50 mode=3456x2160 fb=3456x2160 OK
[Thu Sep 24 13:33:08 2026] apple-drm soc:display-subsystem: apple_plane_atomic_check: plane=35 crtc=50 mode=3456x2160 fb=3456x2160 OK
[Thu Sep 24 13:33:08 2026] apple-drm soc:display-subsystem: apple_plane_atomic_check: plane=35 crtc=50 mode=3456x2160 fb=3456x2160 OK
[Thu Sep 24 13:33:08 2026] apple-drm soc:display-subsystem: apple_plane_atomic_check: plane=35 crtc=50 mode=3456x2160 fb=3456x2160 OK
[Thu Sep 24 13:33:08 2026] apple-drm soc:display-subsystem: apple_plane_atomic_check: plane=35 crtc=50 mode=3456x2160 fb=3456x2160 OK
[Thu Sep 24 13:33:08 2026] apple-drm soc:display-subsystem: apple_plane_atomic_check: plane=35 crtc=50 mode=3456x2160 fb=3456x2160 OK
[Thu Sep 24 13:33:08 2026] apple-drm soc:display-subsystem: apple_plane_atomic_check: plane=35 crtc=50 mode=3456x2160 fb=3456x2160 OK
[Thu Sep 24 13:33:08 2026] apple-drm soc:display-subsystem: apple_plane_atomic_check: plane=35 crtc=50 mode=3456x2160 fb=3456x2160 OK
[Thu Sep 24 13:33:08 2026] apple-drm soc:display-subsystem: apple_plane_atomic_check: plane=35 crtc=50 mode=3456x2160 fb=3456x2160 OK
[Thu Sep 24 13:33:08 2026] apple-drm soc:display-subsystem: apple_plane_atomic_check: plane=35 crtc=50 mode=3456x2160 fb=3456x2160 OK
[Thu Sep 24 13:33:09 2026] apple-drm soc:display-subsystem: apple_plane_atomic_check: plane=35 crtc=50 mode=3456x2160 fb=3456x2160 OK
[Thu Sep 24 13:33:09 2026] apple-drm soc:display-subsystem: apple_plane_atomic_check: plane=35 crtc=50 mode=3456x2160 fb=3456x2160 OK
[Thu Sep 24 13:33:09 2026] apple-drm soc:display-subsystem: apple_plane_atomic_check: plane=35 crtc=50 mode=3456x2160 fb=3456x2160 OK
[Thu Sep 24 13:33:09 2026] apple-drm soc:display-subsystem: apple_plane_atomic_check: plane=35 crtc=50 mode=3456x2160 fb=3456x2160 OK
[Thu Sep 24 13:33:09 2026] apple-drm soc:display-subsystem: apple_plane_atomic_check: plane=35 crtc=50 mode=3456x2160 fb=3456x2160 OK
[Thu Sep 24 13:33:09 2026] apple-drm soc:display-subsystem: apple_plane_atomic_check: plane=35 crtc=50 mode=3456x2160 fb=3456x2160 OK
[Thu Sep 24 13:33:09 2026] apple-drm soc:display-subsystem: apple_plane_atomic_check: plane=35 crtc=50 mode=3456x2160 fb=3456x2160 OK
[Thu Sep 24 13:33:09 2026] apple-drm soc:display-subsystem: apple_plane_atomic_check: plane=35 crtc=50 mode=3456x2160 fb=3456x2160 OK
[Thu Sep 24 13:33:09 2026] apple-drm soc:display-subsystem: apple_plane_atomic_check: plane=35 crtc=50 mode=3456x2160 fb=3456x2160 OK
[Thu Sep 24 13:33:09 2026] apple-drm soc:display-subsystem: apple_plane_atomic_check: plane=35 crtc=50 mode=3456x2160 fb=3456x2160 OK
[Thu Sep 24 13:33:09 2026] apple-drm soc:display-subsystem: apple_plane_atomic_check: plane=35 crtc=50 mode=3456x2160 fb=3456x2160 OK
[Thu Sep 24 13:33:09 2026] apple-drm soc:display-subsystem: apple_plane_atomic_check: plane=35 crtc=50 mode=3456x2160 fb=3456x2160 OK
[Thu Sep 24 13:33:09 2026] apple-drm soc:display-subsystem: apple_plane_atomic_check: plane=35 crtc=50 mode=3456x2160 fb=3456x2160 OK
[Thu Sep 24 13:33:09 2026] apple-drm soc:display-subsystem: apple_plane_atomic_check: plane=35 crtc=50 mode=3456x2160 fb=3456x2160 OK
[Thu Sep 24 13:33:10 2026] apple-drm soc:display-subsystem: apple_plane_atomic_check: plane=35 crtc=50 mode=3456x2160 fb=3456x2160 OK
[Thu Sep 24 13:33:10 2026] apple-drm soc:display-subsystem: apple_plane_atomic_check: plane=35 crtc=50 mode=3456x2160 fb=3456x2160 OK
[Thu Sep 24 13:33:10 2026] apple-drm soc:display-subsystem: apple_plane_atomic_check: plane=35 crtc=50 mode=3456x2160 fb=3456x2160 OK
[Thu Sep 24 13:33:10 2026] apple-drm soc:display-subsystem: apple_plane_atomic_check: plane=35 crtc=50 mode=3456x2160 fb=3456x2160 OK
[Thu Sep 24 13:33:10 2026] apple-drm soc:display-subsystem: apple_plane_atomic_check: plane=35 crtc=50 mode=3456x2160 fb=3456x2160 OK
[Thu Sep 24 13:33:10 2026] apple-drm soc:display-subsystem: apple_plane_atomic_check: plane=35 crtc=50 mode=3456x2160 fb=3456x2160 OK
[Thu Sep 24 13:33:10 2026] apple-drm soc:display-subsystem: apple_plane_atomic_check: plane=35 crtc=50 mode=3456x2160 fb=3456x2160 OK
[Thu Sep 24 13:33:10 2026] apple-drm soc:display-subsystem: apple_plane_atomic_check: plane=35 crtc=50 mode=3456x2160 fb=3456x2160 OK
[Thu Sep 24 13:33:10 2026] apple-drm soc:display-subsystem: apple_plane_atomic_check: plane=35 crtc=50 mode=3456x2160 fb=3456x2160 OK
[Thu Sep 24 13:33:10 2026] apple-drm soc:display-subsystem: apple_plane_atomic_check: plane=35 crtc=50 mode=3456x2160 fb=3456x2160 OK
[Thu Sep 24 13:33:10 2026] apple-drm soc:display-subsystem: apple_plane_atomic_check: plane=35 crtc=50 mode=3456x2160 fb=3456x2160 OK
[Thu Sep 24 13:33:10 2026] apple-drm soc:display-subsystem: apple_plane_atomic_check: plane=35 crtc=50 mode=3456x2160 fb=3456x2160 OK
[Thu Sep 24 13:33:11 2026] apple-drm soc:display-subsystem: apple_plane_atomic_check: plane=35 crtc=50 mode=3456x2160 fb=3456x2160 OK
[Thu Sep 24 13:33:11 2026] apple-drm soc:display-subsystem: apple_plane_atomic_check: plane=35 crtc=50 mode=3456x2160 fb=3456x2160 OK
[Thu Sep 24 13:33:11 2026] apple-drm soc:display-subsystem: apple_plane_atomic_check: plane=35 crtc=50 mode=3456x2160 fb=3456x2160 OK
[Thu Sep 24 13:33:11 2026] apple-drm soc:display-subsystem: apple_plane_atomic_check: plane=35 crtc=50 mode=3456x2160 fb=3456x2160 OK
[Thu Sep 24 13:33:11 2026] apple-drm soc:display-subsystem: apple_plane_atomic_check: plane=35 crtc=50 mode=3456x2160 fb=3456x2160 OK
[Thu Sep 24 13:33:11 2026] apple-drm soc:display-subsystem: apple_plane_atomic_check: plane=35 crtc=50 mode=3456x2160 fb=3456x2160 OK
[Thu Sep 24 13:33:11 2026] apple-drm soc:display-subsystem: apple_plane_atomic_check: plane=35 crtc=50 mode=3456x2160 fb=3456x2160 OK
[Thu Sep 24 13:33:11 2026] apple-drm soc:display-subsystem: apple_plane_atomic_check: plane=35 crtc=50 mode=3456x2160 fb=3456x2160 OK
[Thu Sep 24 13:33:11 2026] apple-drm soc:display-subsystem: apple_plane_atomic_check: plane=35 crtc=50 mode=3456x2160 fb=3456x2160 OK
[Thu Sep 24 13:33:11 2026] apple-drm soc:display-subsystem: apple_plane_atomic_check: plane=35 crtc=50 mode=3456x2160 fb=3456x2160 OK
[Thu Sep 24 13:33:11 2026] apple-drm soc:display-subsystem: apple_plane_atomic_check: plane=35 crtc=50 mode=3456x2160 fb=3456x2160 OK
[Thu Sep 24 13:33:11 2026] apple-drm soc:display-subsystem: apple_plane_atomic_check: plane=35 crtc=50 mode=3456x2160 fb=3456x2160 OK
[Thu Sep 24 13:33:11 2026] apple-drm soc:display-subsystem: apple_plane_atomic_check: plane=35 crtc=50 mode=3456x2160 fb=3456x2160 OK
[Thu Sep 24 13:33:11 2026] apple-drm soc:display-subsystem: apple_plane_atomic_check: plane=35 crtc=50 mode=3456x2160 fb=3456x2160 OK
[Thu Sep 24 13:33:11 2026] apple-drm soc:display-subsystem: apple_plane_atomic_check: plane=35 crtc=50 mode=3456x2160 fb=3456x2160 OK
[Thu Sep 24 13:33:11 2026] apple-drm soc:display-subsystem: apple_plane_atomic_check: plane=35 crtc=50 mode=3456x2160 fb=3456x2160 OK
[Thu Sep 24 13:33:11 2026] apple-drm soc:display-subsystem: apple_plane_atomic_check: plane=35 crtc=50 mode=3456x2160 fb=3456x2160 OK
[Thu Sep 24 13:33:11 2026] apple-drm soc:display-subsystem: apple_plane_atomic_check: plane=35 crtc=50 mode=3456x2160 fb=3456x2160 OK
[Thu Sep 24 13:33:12 2026] apple-drm soc:display-subsystem: apple_plane_atomic_check: plane=35 crtc=50 mode=3456x2160 fb=3456x2160 OK
[Thu Sep 24 13:33:12 2026] apple-drm soc:display-subsystem: apple_plane_atomic_check: plane=35 crtc=50 mode=3456x2160 fb=3456x2160 OK
[Thu Sep 24 13:33:12 2026] apple-drm soc:display-subsystem: apple_plane_atomic_check: plane=35 crtc=50 mode=3456x2160 fb=3456x2160 OK
[Thu Sep 24 13:33:12 2026] apple-drm soc:display-subsystem: apple_plane_atomic_check: plane=35 crtc=50 mode=3456x2160 fb=3456x2160 OK
[Thu Sep 24 13:33:12 2026] apple-drm soc:display-subsystem: apple_plane_atomic_check: plane=35 crtc=50 mode=3456x2160 fb=3456x2160 OK
[Thu Sep 24 13:33:12 2026] apple-drm soc:display-subsystem: apple_plane_atomic_check: plane=35 crtc=50 mode=3456x2160 fb=3456x2160 OK
[Thu Sep 24 13:33:12 2026] apple-drm soc:display-subsystem: apple_plane_atomic_check: plane=35 crtc=50 mode=3456x2160 fb=3456x2160 OK
[Thu Sep 24 13:33:12 2026] apple-drm soc:display-subsystem: apple_plane_atomic_check: plane=35 crtc=50 mode=3456x2160 fb=3456x2160 OK
[Thu Sep 24 13:33:12 2026] apple-drm soc:display-subsystem: apple_plane_atomic_check: plane=35 crtc=50 mode=3456x2160 fb=3456x2160 OK
[Thu Sep 24 13:33:12 2026] apple-drm soc:display-subsystem: apple_plane_atomic_check: plane=35 crtc=50 mode=3456x2160 fb=3456x2160 OK
[Thu Sep 24 13:33:12 2026] apple-drm soc:display-subsystem: apple_plane_atomic_check: plane=35 crtc=50 mode=3456x2160 fb=3456x2160 OK
[Thu Sep 24 13:33:12 2026] apple-drm soc:display-subsystem: apple_plane_atomic_check: plane=35 crtc=50 mode=3456x2160 fb=3456x2160 OK
[Thu Sep 24 13:33:12 2026] apple-drm soc:display-subsystem: apple_plane_atomic_check: plane=35 crtc=50 mode=3456x2160 fb=3456x2160 OK
[Thu Sep 24 13:33:12 2026] apple-drm soc:display-subsystem: apple_plane_atomic_check: plane=35 crtc=50 mode=3456x2160 fb=3456x2160 OK
[Thu Sep 24 13:33:12 2026] apple-drm soc:display-subsystem: apple_plane_atomic_check: plane=35 crtc=50 mode=3456x2160 fb=3456x2160 OK
[Thu Sep 24 13:33:12 2026] apple-drm soc:display-subsystem: apple_plane_atomic_check: plane=35 crtc=50 mode=3456x2160 fb=3456x2160 OK
[Thu Sep 24 13:33:12 2026] apple-drm soc:display-subsystem: apple_plane_atomic_check: plane=35 crtc=50 mode=3456x2160 fb=3456x2160 OK
[Thu Sep 24 13:33:12 2026] apple-drm soc:display-subsystem: apple_plane_atomic_check: plane=35 crtc=50 mode=3456x2160 fb=3456x2160 OK
[Thu Sep 24 13:33:12 2026] apple-drm soc:display-subsystem: apple_plane_atomic_check: plane=35 crtc=50 mode=3456x2160 fb=3456x2160 OK
[Thu Sep 24 13:33:12 2026] apple-drm soc:display-subsystem: apple_plane_atomic_check: plane=35 crtc=50 mode=3456x2160 fb=3456x2160 OK
[Thu Sep 24 13:33:12 2026] apple-drm soc:display-subsystem: apple_plane_atomic_check: plane=35 crtc=50 mode=3456x2160 fb=3456x2160 OK
[Thu Sep 24 13:33:12 2026] apple-drm soc:display-subsystem: apple_plane_atomic_check: plane=35 crtc=50 mode=3456x2160 fb=3456x2160 OK
[Thu Sep 24 13:33:12 2026] apple-drm soc:display-subsystem: apple_plane_atomic_check: plane=35 crtc=50 mode=3456x2160 fb=3456x2160 OK
[Thu Sep 24 13:33:12 2026] apple-drm soc:display-subsystem: apple_plane_atomic_check: plane=35 crtc=50 mode=3456x2160 fb=3456x2160 OK
[Thu Sep 24 13:33:13 2026] apple-drm soc:display-subsystem: apple_plane_atomic_check: plane=35 crtc=50 mode=3456x2160 fb=3456x2160 OK
[Thu Sep 24 13:33:13 2026] apple-drm soc:display-subsystem: apple_plane_atomic_check: plane=35 crtc=50 mode=3456x2160 fb=3456x2160 OK
[Thu Sep 24 13:33:13 2026] apple-drm soc:display-subsystem: apple_plane_atomic_check: plane=35 crtc=50 mode=3456x2160 fb=3456x2160 OK
[Thu Sep 24 13:33:13 2026] apple-drm soc:display-subsystem: apple_plane_atomic_check: plane=35 crtc=50 mode=3456x2160 fb=3456x2160 OK
[Thu Sep 24 13:33:13 2026] apple-drm soc:display-subsystem: apple_plane_atomic_check: plane=35 crtc=50 mode=3456x2160 fb=3456x2160 OK
[Thu Sep 24 13:33:13 2026] apple-drm soc:display-subsystem: apple_plane_atomic_check: plane=35 crtc=50 mode=3456x2160 fb=3456x2160 OK
[Thu Sep 24 13:33:13 2026] apple-drm soc:display-subsystem: apple_plane_atomic_check: plane=35 crtc=50 mode=3456x2160 fb=3456x2160 OK
[Thu Sep 24 13:33:13 2026] apple-drm soc:display-subsystem: apple_plane_atomic_check: plane=35 crtc=50 mode=3456x2160 fb=3456x2160 OK
[Thu Sep 24 13:33:13 2026] apple-drm soc:display-subsystem: apple_plane_atomic_check: plane=35 crtc=50 mode=3456x2160 fb=3456x2160 OK
[Thu Sep 24 13:33:13 2026] apple-drm soc:display-subsystem: apple_plane_atomic_check: plane=35 crtc=50 mode=3456x2160 fb=3456x2160 OK
[Thu Sep 24 13:33:13 2026] apple-drm soc:display-subsystem: apple_plane_atomic_check: plane=35 crtc=50 mode=3456x2160 fb=3456x2160 OK
[Thu Sep 24 13:33:13 2026] apple-drm soc:display-subsystem: apple_plane_atomic_check: plane=35 crtc=50 mode=3456x2160 fb=3456x2160 OK
[Thu Sep 24 13:33:13 2026] apple-drm soc:display-subsystem: apple_plane_atomic_check: plane=35 crtc=50 mode=3456x2160 fb=3456x2160 OK
[Thu Sep 24 13:33:13 2026] apple-drm soc:display-subsystem: apple_plane_atomic_check: plane=35 crtc=50 mode=3456x2160 fb=3456x2160 OK
[Thu Sep 24 13:33:13 2026] apple-drm soc:display-subsystem: apple_plane_atomic_check: plane=35 crtc=50 mode=3456x2160 fb=3456x2160 OK
[Thu Sep 24 13:33:13 2026] apple-drm soc:display-subsystem: apple_plane_atomic_check: plane=35 crtc=50 mode=3456x2160 fb=3456x2160 OK
[Thu Sep 24 13:33:14 2026] apple-drm soc:display-subsystem: apple_plane_atomic_check: plane=35 crtc=50 mode=3456x2160 fb=3456x2160 OK
[Thu Sep 24 13:33:14 2026] apple-drm soc:display-subsystem: apple_plane_atomic_check: plane=35 crtc=50 mode=3456x2160 fb=3456x2160 OK
[Thu Sep 24 13:33:14 2026] apple-drm soc:display-subsystem: apple_plane_atomic_check: plane=35 crtc=50 mode=3456x2160 fb=3456x2160 OK
[Thu Sep 24 13:33:14 2026] apple-drm soc:display-subsystem: apple_plane_atomic_check: plane=35 crtc=50 mode=3456x2160 fb=3456x2160 OK
[Thu Sep 24 13:33:14 2026] apple-drm soc:display-subsystem: apple_plane_atomic_check: plane=35 crtc=50 mode=3456x2160 fb=3456x2160 OK
[Thu Sep 24 13:33:14 2026] apple-drm soc:display-subsystem: apple_plane_atomic_check: plane=35 crtc=50 mode=3456x2160 fb=3456x2160 OK
[Thu Sep 24 13:33:14 2026] apple-drm soc:display-subsystem: apple_plane_atomic_check: plane=35 crtc=50 mode=3456x2160 fb=3456x2160 OK
[Thu Sep 24 13:33:14 2026] apple-drm soc:display-subsystem: apple_plane_atomic_check: plane=35 crtc=50 mode=3456x2160 fb=3456x2160 OK
[Thu Sep 24 13:33:14 2026] apple-drm soc:display-subsystem: apple_plane_atomic_check: plane=35 crtc=50 mode=3456x2160 fb=3456x2160 OK
[Thu Sep 24 13:33:14 2026] apple-drm soc:display-subsystem: apple_plane_atomic_check: plane=35 crtc=50 mode=3456x2160 fb=3456x2160 OK
[Thu Sep 24 13:33:14 2026] apple-drm soc:display-subsystem: apple_plane_atomic_check: plane=35 crtc=50 mode=3456x2160 fb=3456x2160 OK
[Thu Sep 24 13:33:14 2026] apple-drm soc:display-subsystem: apple_plane_atomic_check: plane=35 crtc=50 mode=3456x2160 fb=3456x2160 OK
[Thu Sep 24 13:33:14 2026] apple-drm soc:display-subsystem: apple_plane_atomic_check: plane=35 crtc=50 mode=3456x2160 fb=3456x2160 OK
[Thu Sep 24 13:33:14 2026] apple-drm soc:display-subsystem: apple_plane_atomic_check: plane=35 crtc=50 mode=3456x2160 fb=3456x2160 OK
[Thu Sep 24 13:33:14 2026] apple-drm soc:display-subsystem: apple_plane_atomic_check: plane=35 crtc=50 mode=3456x2160 fb=3456x2160 OK
[Thu Sep 24 13:33:14 2026] apple-drm soc:display-subsystem: apple_plane_atomic_check: plane=35 crtc=50 mode=3456x2160 fb=3456x2160 OK
[Thu Sep 24 13:33:14 2026] apple-drm soc:display-subsystem: apple_plane_atomic_check: plane=35 crtc=50 mode=3456x2160 fb=3456x2160 OK
[Thu Sep 24 13:33:14 2026] apple-drm soc:display-subsystem: apple_plane_atomic_check: plane=35 crtc=50 mode=3456x2160 fb=3456x2160 OK
[Thu Sep 24 13:33:14 2026] apple-drm soc:display-subsystem: apple_plane_atomic_check: plane=35 crtc=50 mode=3456x2160 fb=3456x2160 OK
[Thu Sep 24 13:33:14 2026] apple-drm soc:display-subsystem: apple_plane_atomic_check: plane=35 crtc=50 mode=3456x2160 fb=3456x2160 OK
[Thu Sep 24 13:33:15 2026] apple-drm soc:display-subsystem: apple_plane_atomic_check: plane=35 crtc=50 mode=3456x2160 fb=3456x2160 OK
[Thu Sep 24 13:33:15 2026] apple-drm soc:display-subsystem: apple_plane_atomic_check: plane=35 crtc=50 mode=3456x2160 fb=3456x2160 OK
[Thu Sep 24 13:33:15 2026] apple-drm soc:display-subsystem: apple_plane_atomic_check: plane=35 crtc=50 mode=3456x2160 fb=3456x2160 OK
[Thu Sep 24 13:33:15 2026] apple-drm soc:display-subsystem: apple_plane_atomic_check: plane=35 crtc=50 mode=3456x2160 fb=3456x2160 OK
[Thu Sep 24 13:33:15 2026] apple-drm soc:display-subsystem: apple_plane_atomic_check: plane=35 crtc=50 mode=3456x2160 fb=3456x2160 OK
[Thu Sep 24 13:33:15 2026] apple-drm soc:display-subsystem: apple_plane_atomic_check: plane=35 crtc=50 mode=3456x2160 fb=3456x2160 OK
[Thu Sep 24 13:33:15 2026] apple-drm soc:display-subsystem: apple_plane_atomic_check: plane=35 crtc=50 mode=3456x2160 fb=3456x2160 OK
[Thu Sep 24 13:33:15 2026] apple-drm soc:display-subsystem: apple_plane_atomic_check: plane=35 crtc=50 mode=3456x2160 fb=3456x2160 OK
[Thu Sep 24 13:33:15 2026] apple-drm soc:display-subsystem: apple_plane_atomic_check: plane=35 crtc=50 mode=3456x2160 fb=3456x2160 OK
[Thu Sep 24 13:33:15 2026] apple-drm soc:display-subsystem: apple_plane_atomic_check: plane=35 crtc=50 mode=3456x2160 fb=3456x2160 OK
[Thu Sep 24 13:33:15 2026] apple-drm soc:display-subsystem: apple_plane_atomic_check: plane=35 crtc=50 mode=3456x2160 fb=3456x2160 OK
[Thu Sep 24 13:33:15 2026] apple-drm soc:display-subsystem: apple_plane_atomic_check: plane=35 crtc=50 mode=3456x2160 fb=3456x2160 OK
[Thu Sep 24 13:33:15 2026] apple-drm soc:display-subsystem: apple_plane_atomic_check: plane=35 crtc=50 mode=3456x2160 fb=3456x2160 OK
[Thu Sep 24 13:33:15 2026] apple-drm soc:display-subsystem: apple_plane_atomic_check: plane=35 crtc=50 mode=3456x2160 fb=3456x2160 OK
[Thu Sep 24 13:33:15 2026] apple-drm soc:display-subsystem: apple_plane_atomic_check: plane=35 crtc=50 mode=3456x2160 fb=3456x2160 OK
[Thu Sep 24 13:33:15 2026] apple-drm soc:display-subsystem: apple_plane_atomic_check: plane=35 crtc=50 mode=3456x2160 fb=3456x2160 OK
[Thu Sep 24 13:33:15 2026] apple-drm soc:display-subsystem: apple_plane_atomic_check: plane=35 crtc=50 mode=3456x2160 fb=3456x2160 OK
[Thu Sep 24 13:33:15 2026] apple-drm soc:display-subsystem: apple_plane_atomic_check: plane=35 crtc=50 mode=3456x2160 fb=3456x2160 OK
[Thu Sep 24 13:33:15 2026] apple-drm soc:display-subsystem: apple_plane_atomic_check: plane=35 crtc=50 mode=3456x2160 fb=3456x2160 OK
[Thu Sep 24 13:33:15 2026] apple-drm soc:display-subsystem: apple_plane_atomic_check: plane=35 crtc=50 mode=3456x2160 fb=3456x2160 OK
[Thu Sep 24 13:33:15 2026] apple-drm soc:display-subsystem: apple_plane_atomic_check: plane=35 crtc=50 mode=3456x2160 fb=3456x2160 OK
[Thu Sep 24 13:33:15 2026] apple-drm soc:display-subsystem: apple_plane_atomic_check: plane=35 crtc=50 mode=3456x2160 fb=3456x2160 OK
[Thu Sep 24 13:33:16 2026] apple-drm soc:display-subsystem: apple_plane_atomic_check: plane=35 crtc=50 mode=3456x2160 fb=3456x2160 OK
[Thu Sep 24 13:33:16 2026] apple-drm soc:display-subsystem: apple_plane_atomic_check: plane=35 crtc=50 mode=3456x2160 fb=3456x2160 OK
[Thu Sep 24 13:33:16 2026] apple-drm soc:display-subsystem: apple_plane_atomic_check: plane=35 crtc=50 mode=3456x2160 fb=3456x2160 OK
[Thu Sep 24 13:33:16 2026] apple-drm soc:display-subsystem: apple_plane_atomic_check: plane=35 crtc=50 mode=3456x2160 fb=3456x2160 OK
[Thu Sep 24 13:33:16 2026] apple-drm soc:display-subsystem: apple_plane_atomic_check: plane=35 crtc=50 mode=3456x2160 fb=3456x2160 OK
[Thu Sep 24 13:33:16 2026] apple-drm soc:display-subsystem: apple_plane_atomic_check: plane=35 crtc=50 mode=3456x2160 fb=3456x2160 OK
[Thu Sep 24 13:33:16 2026] apple-drm soc:display-subsystem: apple_plane_atomic_check: plane=35 crtc=50 mode=3456x2160 fb=3456x2160 OK
[Thu Sep 24 13:33:16 2026] apple-drm soc:display-subsystem: apple_plane_atomic_check: plane=35 crtc=50 mode=3456x2160 fb=3456x2160 OK
[Thu Sep 24 13:33:16 2026] apple-drm soc:display-subsystem: apple_plane_atomic_check: plane=35 crtc=50 mode=3456x2160 fb=3456x2160 OK
[Thu Sep 24 13:33:16 2026] apple-drm soc:display-subsystem: apple_plane_atomic_check: plane=35 crtc=50 mode=3456x2160 fb=3456x2160 OK
[Thu Sep 24 13:33:16 2026] apple-drm soc:display-subsystem: apple_plane_atomic_check: plane=35 crtc=50 mode=3456x2160 fb=3456x2160 OK
[Thu Sep 24 13:33:16 2026] apple-drm soc:display-subsystem: apple_plane_atomic_check: plane=35 crtc=50 mode=3456x2160 fb=3456x2160 OK
[Thu Sep 24 13:33:16 2026] apple-drm soc:display-subsystem: apple_plane_atomic_check: plane=35 crtc=50 mode=3456x2160 fb=3456x2160 OK
[Thu Sep 24 13:33:16 2026] apple-drm soc:display-subsystem: apple_plane_atomic_check: plane=35 crtc=50 mode=3456x2160 fb=3456x2160 OK
[Thu Sep 24 13:33:16 2026] apple-drm soc:display-subsystem: apple_plane_atomic_check: plane=35 crtc=50 mode=3456x2160 fb=3456x2160 OK
[Thu Sep 24 13:33:16 2026] apple-drm soc:display-subsystem: apple_plane_atomic_check: plane=35 crtc=50 mode=3456x2160 fb=3456x2160 OK
[Thu Sep 24 13:33:16 2026] apple-drm soc:display-subsystem: apple_plane_atomic_check: plane=35 crtc=50 mode=3456x2160 fb=3456x2160 OK
[Thu Sep 24 13:33:16 2026] apple-drm soc:display-subsystem: apple_plane_atomic_check: plane=35 crtc=50 mode=3456x2160 fb=3456x2160 OK
[Thu Sep 24 13:33:16 2026] apple-drm soc:display-subsystem: apple_plane_atomic_check: plane=35 crtc=50 mode=3456x2160 fb=3456x2160 OK
[Thu Sep 24 13:33:16 2026] apple-drm soc:display-subsystem: apple_plane_atomic_check: plane=35 crtc=50 mode=3456x2160 fb=3456x2160 OK
[Thu Sep 24 13:33:16 2026] apple-drm soc:display-subsystem: apple_plane_atomic_check: plane=35 crtc=50 mode=3456x2160 fb=3456x2160 OK
[Thu Sep 24 13:33:16 2026] apple-drm soc:display-subsystem: apple_plane_atomic_check: plane=35 crtc=50 mode=3456x2160 fb=3456x2160 OK
[Thu Sep 24 13:33:16 2026] apple-drm soc:display-subsystem: apple_plane_atomic_check: plane=35 crtc=50 mode=3456x2160 fb=3456x2160 OK
[Thu Sep 24 13:33:16 2026] apple-drm soc:display-subsystem: apple_plane_atomic_check: plane=35 crtc=50 mode=3456x2160 fb=3456x2160 OK
[Thu Sep 24 13:33:17 2026] apple-drm soc:display-subsystem: apple_plane_atomic_check: plane=35 crtc=50 mode=3456x2160 fb=3456x2160 OK
[Thu Sep 24 13:33:17 2026] apple-drm soc:display-subsystem: apple_plane_atomic_check: plane=35 crtc=50 mode=3456x2160 fb=3456x2160 OK
[Thu Sep 24 13:33:17 2026] apple-drm soc:display-subsystem: apple_plane_atomic_check: plane=35 crtc=50 mode=3456x2160 fb=3456x2160 OK
[Thu Sep 24 13:33:17 2026] apple-drm soc:display-subsystem: apple_plane_atomic_check: plane=35 crtc=50 mode=3456x2160 fb=3456x2160 OK
[Thu Sep 24 13:33:17 2026] apple-drm soc:display-subsystem: apple_plane_atomic_check: plane=35 crtc=50 mode=3456x2160 fb=3456x2160 OK
[Thu Sep 24 13:33:17 2026] apple-drm soc:display-subsystem: apple_plane_atomic_check: plane=35 crtc=50 mode=3456x2160 fb=3456x2160 OK
[Thu Sep 24 13:33:17 2026] apple-drm soc:display-subsystem: apple_plane_atomic_check: plane=35 crtc=50 mode=3456x2160 fb=3456x2160 OK
[Thu Sep 24 13:33:17 2026] apple-drm soc:display-subsystem: apple_plane_atomic_check: plane=35 crtc=50 mode=3456x2160 fb=3456x2160 OK
[Thu Sep 24 13:33:17 2026] apple-drm soc:display-subsystem: apple_plane_atomic_check: plane=35 crtc=50 mode=3456x2160 fb=3456x2160 OK
[Thu Sep 24 13:33:17 2026] apple-drm soc:display-subsystem: apple_plane_atomic_check: plane=35 crtc=50 mode=3456x2160 fb=3456x2160 OK
[Thu Sep 24 13:33:17 2026] apple-drm soc:display-subsystem: apple_plane_atomic_check: plane=35 crtc=50 mode=3456x2160 fb=3456x2160 OK
[Thu Sep 24 13:33:17 2026] apple-drm soc:display-subsystem: apple_plane_atomic_check: plane=35 crtc=50 mode=3456x2160 fb=3456x2160 OK
[Thu Sep 24 13:33:17 2026] apple-drm soc:display-subsystem: apple_plane_atomic_check: plane=35 crtc=50 mode=3456x2160 fb=3456x2160 OK
[Thu Sep 24 13:33:17 2026] apple-drm soc:display-subsystem: apple_plane_atomic_check: plane=35 crtc=50 mode=3456x2160 fb=3456x2160 OK
[Thu Sep 24 13:33:17 2026] apple-drm soc:display-subsystem: apple_plane_atomic_check: plane=35 crtc=50 mode=3456x2160 fb=3456x2160 OK
[Thu Sep 24 13:33:17 2026] apple-drm soc:display-subsystem: apple_plane_atomic_check: plane=35 crtc=50 mode=3456x2160 fb=3456x2160 OK
[Thu Sep 24 13:33:17 2026] apple-drm soc:display-subsystem: apple_plane_atomic_check: plane=35 crtc=50 mode=3456x2160 fb=3456x2160 OK
[Thu Sep 24 13:33:17 2026] apple-drm soc:display-subsystem: apple_plane_atomic_check: plane=35 crtc=50 mode=3456x2160 fb=3456x2160 OK
[Thu Sep 24 13:33:17 2026] apple-drm soc:display-subsystem: apple_plane_atomic_check: plane=35 crtc=50 mode=3456x2160 fb=3456x2160 OK
[Thu Sep 24 13:33:17 2026] apple-drm soc:display-subsystem: apple_plane_atomic_check: plane=35 crtc=50 mode=3456x2160 fb=3456x2160 OK
[Thu Sep 24 13:33:17 2026] apple-drm soc:display-subsystem: apple_plane_atomic_check: plane=35 crtc=50 mode=3456x2160 fb=3456x2160 OK
[Thu Sep 24 13:33:17 2026] apple-drm soc:display-subsystem: apple_plane_atomic_check: plane=35 crtc=50 mode=3456x2160 fb=3456x2160 OK
[Thu Sep 24 13:33:18 2026] apple-drm soc:display-subsystem: apple_plane_atomic_check: plane=35 crtc=50 mode=3456x2160 fb=3456x2160 OK
[Thu Sep 24 13:33:18 2026] apple-drm soc:display-subsystem: apple_plane_atomic_check: plane=35 crtc=50 mode=3456x2160 fb=3456x2160 OK
[Thu Sep 24 13:33:18 2026] apple-drm soc:display-subsystem: apple_plane_atomic_check: plane=35 crtc=50 mode=3456x2160 fb=3456x2160 OK
[Thu Sep 24 13:33:18 2026] apple-drm soc:display-subsystem: apple_plane_atomic_check: plane=35 crtc=50 mode=3456x2160 fb=3456x2160 OK
[Thu Sep 24 13:33:18 2026] apple-drm soc:display-subsystem: apple_plane_atomic_check: plane=35 crtc=50 mode=3456x2160 fb=3456x2160 OK
[Thu Sep 24 13:33:18 2026] apple-drm soc:display-subsystem: apple_plane_atomic_check: plane=35 crtc=50 mode=3456x2160 fb=3456x2160 OK
[Thu Sep 24 13:33:18 2026] apple-drm soc:display-subsystem: apple_plane_atomic_check: plane=35 crtc=50 mode=3456x2160 fb=3456x2160 OK
[Thu Sep 24 13:33:18 2026] apple-drm soc:display-subsystem: apple_plane_atomic_check: plane=35 crtc=50 mode=3456x2160 fb=3456x2160 OK
[Thu Sep 24 13:33:18 2026] apple-drm soc:display-subsystem: apple_plane_atomic_check: plane=35 crtc=50 mode=3456x2160 fb=3456x2160 OK
[Thu Sep 24 13:33:18 2026] apple-drm soc:display-subsystem: apple_plane_atomic_check: plane=35 crtc=50 mode=3456x2160 fb=3456x2160 OK
[Thu Sep 24 13:33:18 2026] apple-drm soc:display-subsystem: apple_plane_atomic_check: plane=35 crtc=50 mode=3456x2160 fb=3456x2160 OK
[Thu Sep 24 13:33:18 2026] apple-drm soc:display-subsystem: apple_plane_atomic_check: plane=35 crtc=50 mode=3456x2160 fb=3456x2160 OK
[Thu Sep 24 13:33:18 2026] apple-drm soc:display-subsystem: apple_plane_atomic_check: plane=35 crtc=50 mode=3456x2160 fb=3456x2160 OK
[Thu Sep 24 13:33:18 2026] apple-drm soc:display-subsystem: apple_plane_atomic_check: plane=35 crtc=50 mode=3456x2160 fb=3456x2160 OK
[Thu Sep 24 13:33:18 2026] apple-drm soc:display-subsystem: apple_plane_atomic_check: plane=35 crtc=50 mode=3456x2160 fb=3456x2160 OK
[Thu Sep 24 13:33:18 2026] apple-drm soc:display-subsystem: apple_plane_atomic_check: plane=35 crtc=50 mode=3456x2160 fb=3456x2160 OK
[Thu Sep 24 13:33:18 2026] apple-drm soc:display-subsystem: apple_plane_atomic_check: plane=35 crtc=50 mode=3456x2160 fb=3456x2160 OK
[Thu Sep 24 13:33:18 2026] apple-drm soc:display-subsystem: apple_plane_atomic_check: plane=35 crtc=50 mode=3456x2160 fb=3456x2160 OK
[Thu Sep 24 13:33:18 2026] apple-drm soc:display-subsystem: apple_plane_atomic_check: plane=35 crtc=50 mode=3456x2160 fb=3456x2160 OK
[Thu Sep 24 13:33:18 2026] apple-drm soc:display-subsystem: apple_plane_atomic_check: plane=35 crtc=50 mode=3456x2160 fb=3456x2160 OK
[Thu Sep 24 13:33:18 2026] apple-drm soc:display-subsystem: apple_plane_atomic_check: plane=35 crtc=50 mode=3456x2160 fb=3456x2160 OK
[Thu Sep 24 13:33:18 2026] apple-drm soc:display-subsystem: apple_plane_atomic_check: plane=35 crtc=50 mode=3456x2160 fb=3456x2160 OK
[Thu Sep 24 13:33:18 2026] apple-drm soc:display-subsystem: apple_plane_atomic_check: plane=35 crtc=50 mode=3456x2160 fb=3456x2160 OK
[Thu Sep 24 13:33:18 2026] apple-drm soc:display-subsystem: apple_plane_atomic_check: plane=35 crtc=50 mode=3456x2160 fb=3456x2160 OK
[Thu Sep 24 13:33:18 2026] apple-drm soc:display-subsystem: apple_plane_atomic_check: plane=35 crtc=50 mode=3456x2160 fb=3456x2160 OK
[Thu Sep 24 13:33:18 2026] apple-drm soc:display-subsystem: apple_plane_atomic_check: plane=35 crtc=50 mode=3456x2160 fb=3456x2160 OK
[Thu Sep 24 13:33:19 2026] apple-drm soc:display-subsystem: apple_plane_atomic_check: plane=35 crtc=50 mode=3456x2160 fb=3456x2160 OK
[Thu Sep 24 13:33:19 2026] apple-drm soc:display-subsystem: apple_plane_atomic_check: plane=35 crtc=50 mode=3456x2160 fb=3456x2160 OK
[Thu Sep 24 13:33:19 2026] apple-drm soc:display-subsystem: apple_plane_atomic_check: plane=35 crtc=50 mode=3456x2160 fb=3456x2160 OK
[Thu Sep 24 13:33:19 2026] apple-drm soc:display-subsystem: apple_plane_atomic_check: plane=35 crtc=50 mode=3456x2160 fb=3456x2160 OK
[Thu Sep 24 13:33:19 2026] apple-drm soc:display-subsystem: apple_plane_atomic_check: plane=35 crtc=50 mode=3456x2160 fb=3456x2160 OK
[Thu Sep 24 13:33:19 2026] apple-drm soc:display-subsystem: apple_plane_atomic_check: plane=35 crtc=50 mode=3456x2160 fb=3456x2160 OK
[Thu Sep 24 13:33:19 2026] apple-drm soc:display-subsystem: apple_plane_atomic_check: plane=35 crtc=50 mode=3456x2160 fb=3456x2160 OK
[Thu Sep 24 13:33:19 2026] apple-drm soc:display-subsystem: apple_plane_atomic_check: plane=35 crtc=50 mode=3456x2160 fb=3456x2160 OK
[Thu Sep 24 13:33:19 2026] apple-drm soc:display-subsystem: apple_plane_atomic_check: plane=35 crtc=50 mode=3456x2160 fb=3456x2160 OK
[Thu Sep 24 13:33:19 2026] apple-drm soc:display-subsystem: apple_plane_atomic_check: plane=35 crtc=50 mode=3456x2160 fb=3456x2160 OK
[Thu Sep 24 13:33:19 2026] apple-drm soc:display-subsystem: apple_plane_atomic_check: plane=35 crtc=50 mode=3456x2160 fb=3456x2160 OK
[Thu Sep 24 13:33:19 2026] apple-drm soc:display-subsystem: apple_plane_atomic_check: plane=35 crtc=50 mode=3456x2160 fb=3456x2160 OK
[Thu Sep 24 13:33:19 2026] apple-drm soc:display-subsystem: apple_plane_atomic_check: plane=35 crtc=50 mode=3456x2160 fb=3456x2160 OK
[Thu Sep 24 13:33:19 2026] apple-drm soc:display-subsystem: apple_plane_atomic_check: plane=35 crtc=50 mode=3456x2160 fb=3456x2160 OK
[Thu Sep 24 13:33:19 2026] apple-drm soc:display-subsystem: apple_plane_atomic_check: plane=35 crtc=50 mode=3456x2160 fb=3456x2160 OK
[Thu Sep 24 13:33:19 2026] apple-drm soc:display-subsystem: apple_plane_atomic_check: plane=35 crtc=50 mode=3456x2160 fb=3456x2160 OK
[Thu Sep 24 13:33:19 2026] apple-drm soc:display-subsystem: apple_plane_atomic_check: plane=35 crtc=50 mode=3456x2160 fb=3456x2160 OK
[Thu Sep 24 13:33:19 2026] apple-drm soc:display-subsystem: apple_plane_atomic_check: plane=35 crtc=50 mode=3456x2160 fb=3456x2160 OK
[Thu Sep 24 13:33:19 2026] apple-drm soc:display-subsystem: apple_plane_atomic_check: plane=35 crtc=50 mode=3456x2160 fb=3456x2160 OK
[Thu Sep 24 13:33:19 2026] apple-drm soc:display-subsystem: apple_plane_atomic_check: plane=35 crtc=50 mode=3456x2160 fb=3456x2160 OK
[Thu Sep 24 13:33:20 2026] apple-drm soc:display-subsystem: apple_plane_atomic_check: plane=35 crtc=50 mode=3456x2160 fb=3456x2160 OK
[Thu Sep 24 13:33:20 2026] apple-drm soc:display-subsystem: apple_plane_atomic_check: plane=35 crtc=50 mode=3456x2160 fb=3456x2160 OK
[Thu Sep 24 13:33:20 2026] apple-drm soc:display-subsystem: apple_plane_atomic_check: plane=35 crtc=50 mode=3456x2160 fb=3456x2160 OK
[Thu Sep 24 13:33:20 2026] apple-drm soc:display-subsystem: apple_plane_atomic_check: plane=35 crtc=50 mode=3456x2160 fb=3456x2160 OK
[Thu Sep 24 13:33:20 2026] apple-drm soc:display-subsystem: apple_plane_atomic_check: plane=35 crtc=50 mode=3456x2160 fb=3456x2160 OK
[Thu Sep 24 13:33:20 2026] apple-drm soc:display-subsystem: apple_plane_atomic_check: plane=35 crtc=50 mode=3456x2160 fb=3456x2160 OK
[Thu Sep 24 13:33:20 2026] apple-drm soc:display-subsystem: apple_plane_atomic_check: plane=35 crtc=50 mode=3456x2160 fb=3456x2160 OK
[Thu Sep 24 13:33:20 2026] apple-drm soc:display-subsystem: apple_plane_atomic_check: plane=35 crtc=50 mode=3456x2160 fb=3456x2160 OK
[Thu Sep 24 13:33:20 2026] apple-drm soc:display-subsystem: apple_plane_atomic_check: plane=35 crtc=50 mode=3456x2160 fb=3456x2160 OK
[Thu Sep 24 13:33:20 2026] apple-drm soc:display-subsystem: apple_plane_atomic_check: plane=35 crtc=50 mode=3456x2160 fb=3456x2160 OK
[Thu Sep 24 13:33:20 2026] apple-drm soc:display-subsystem: apple_plane_atomic_check: plane=35 crtc=50 mode=3456x2160 fb=3456x2160 OK
[Thu Sep 24 13:33:20 2026] apple-drm soc:display-subsystem: apple_plane_atomic_check: plane=35 crtc=50 mode=3456x2160 fb=3456x2160 OK
[Thu Sep 24 13:33:20 2026] apple-drm soc:display-subsystem: apple_plane_atomic_check: plane=35 crtc=50 mode=3456x2160 fb=3456x2160 OK
[Thu Sep 24 13:33:20 2026] apple-drm soc:display-subsystem: apple_plane_atomic_check: plane=35 crtc=50 mode=3456x2160 fb=3456x2160 OK
[Thu Sep 24 13:33:20 2026] apple-drm soc:display-subsystem: apple_plane_atomic_check: plane=35 crtc=50 mode=3456x2160 fb=3456x2160 OK
[Thu Sep 24 13:33:20 2026] apple-drm soc:display-subsystem: apple_plane_atomic_check: plane=35 crtc=50 mode=3456x2160 fb=3456x2160 OK
[Thu Sep 24 13:33:20 2026] apple-drm soc:display-subsystem: apple_plane_atomic_check: plane=35 crtc=50 mode=3456x2160 fb=3456x2160 OK
[Thu Sep 24 13:33:20 2026] apple-drm soc:display-subsystem: apple_plane_atomic_check: plane=35 crtc=50 mode=3456x2160 fb=3456x2160 OK
[Thu Sep 24 13:33:20 2026] apple-drm soc:display-subsystem: apple_plane_atomic_check: plane=35 crtc=50 mode=3456x2160 fb=3456x2160 OK
[Thu Sep 24 13:33:20 2026] apple-drm soc:display-subsystem: apple_plane_atomic_check: plane=35 crtc=50 mode=3456x2160 fb=3456x2160 OK
[Thu Sep 24 13:33:21 2026] apple-drm soc:display-subsystem: apple_plane_atomic_check: plane=35 crtc=50 mode=3456x2160 fb=3456x2160 OK
[Thu Sep 24 13:33:21 2026] apple-drm soc:display-subsystem: apple_plane_atomic_check: plane=35 crtc=50 mode=3456x2160 fb=3456x2160 OK
[Thu Sep 24 13:33:21 2026] apple-drm soc:display-subsystem: apple_plane_atomic_check: plane=35 crtc=50 mode=3456x2160 fb=3456x2160 OK
[Thu Sep 24 13:33:21 2026] apple-drm soc:display-subsystem: apple_plane_atomic_check: plane=35 crtc=50 mode=3456x2160 fb=3456x2160 OK
[Thu Sep 24 13:33:21 2026] apple-drm soc:display-subsystem: apple_plane_atomic_check: plane=35 crtc=50 mode=3456x2160 fb=3456x2160 OK
[Thu Sep 24 13:33:21 2026] apple-drm soc:display-subsystem: apple_plane_atomic_check: plane=35 crtc=50 mode=3456x2160 fb=3456x2160 OK
[Thu Sep 24 13:33:21 2026] apple-drm soc:display-subsystem: apple_plane_atomic_check: plane=35 crtc=50 mode=3456x2160 fb=3456x2160 OK
[Thu Sep 24 13:33:21 2026] apple-drm soc:display-subsystem: apple_plane_atomic_check: plane=35 crtc=50 mode=3456x2160 fb=3456x2160 OK
[Thu Sep 24 13:33:21 2026] apple-drm soc:display-subsystem: apple_plane_atomic_check: plane=35 crtc=50 mode=3456x2160 fb=3456x2160 OK
[Thu Sep 24 13:33:21 2026] apple-drm soc:display-subsystem: apple_plane_atomic_check: plane=35 crtc=50 mode=3456x2160 fb=3456x2160 OK
[Thu Sep 24 13:33:21 2026] apple-drm soc:display-subsystem: apple_plane_atomic_check: plane=35 crtc=50 mode=3456x2160 fb=3456x2160 OK
[Thu Sep 24 13:33:21 2026] apple-drm soc:display-subsystem: apple_plane_atomic_check: plane=35 crtc=50 mode=3456x2160 fb=3456x2160 OK
[Thu Sep 24 13:33:21 2026] apple-drm soc:display-subsystem: apple_plane_atomic_check: plane=35 crtc=50 mode=3456x2160 fb=3456x2160 OK
[Thu Sep 24 13:33:21 2026] apple-drm soc:display-subsystem: apple_plane_atomic_check: plane=35 crtc=50 mode=3456x2160 fb=3456x2160 OK
[Thu Sep 24 13:33:21 2026] apple-drm soc:display-subsystem: apple_plane_atomic_check: plane=35 crtc=50 mode=3456x2160 fb=3456x2160 OK
[Thu Sep 24 13:33:21 2026] apple-drm soc:display-subsystem: apple_plane_atomic_check: plane=35 crtc=50 mode=3456x2160 fb=3456x2160 OK
[Thu Sep 24 13:33:21 2026] apple-drm soc:display-subsystem: apple_plane_atomic_check: plane=35 crtc=50 mode=3456x2160 fb=3456x2160 OK
[Thu Sep 24 13:33:21 2026] apple-drm soc:display-subsystem: apple_plane_atomic_check: plane=35 crtc=50 mode=3456x2160 fb=3456x2160 OK
[Thu Sep 24 13:33:21 2026] apple-drm soc:display-subsystem: apple_plane_atomic_check: plane=35 crtc=50 mode=3456x2160 fb=3456x2160 OK
[Thu Sep 24 13:33:21 2026] apple-drm soc:display-subsystem: apple_plane_atomic_check: plane=35 crtc=50 mode=3456x2160 fb=3456x2160 OK
[Thu Sep 24 13:33:21 2026] apple-drm soc:display-subsystem: apple_plane_atomic_check: plane=35 crtc=50 mode=3456x2160 fb=3456x2160 OK
[Thu Sep 24 13:33:21 2026] apple-drm soc:display-subsystem: apple_plane_atomic_check: plane=35 crtc=50 mode=3456x2160 fb=3456x2160 OK
[Thu Sep 24 13:33:21 2026] apple-drm soc:display-subsystem: apple_plane_atomic_check: plane=35 crtc=50 mode=3456x2160 fb=3456x2160 OK
[Thu Sep 24 13:33:21 2026] apple-drm soc:display-subsystem: apple_plane_atomic_check: plane=35 crtc=50 mode=3456x2160 fb=3456x2160 OK
[Thu Sep 24 13:33:21 2026] apple-drm soc:display-subsystem: apple_plane_atomic_check: plane=35 crtc=50 mode=3456x2160 fb=3456x2160 OK
[Thu Sep 24 13:33:21 2026] apple-drm soc:display-subsystem: apple_plane_atomic_check: plane=35 crtc=50 mode=3456x2160 fb=3456x2160 OK
[Thu Sep 24 13:33:22 2026] apple-drm soc:display-subsystem: apple_plane_atomic_check: plane=35 crtc=50 mode=3456x2160 fb=3456x2160 OK
[Thu Sep 24 13:33:22 2026] apple-drm soc:display-subsystem: apple_plane_atomic_check: plane=35 crtc=50 mode=3456x2160 fb=3456x2160 OK
[Thu Sep 24 13:33:22 2026] apple-drm soc:display-subsystem: apple_plane_atomic_check: plane=35 crtc=50 mode=3456x2160 fb=3456x2160 OK
[Thu Sep 24 13:33:22 2026] apple-drm soc:display-subsystem: apple_plane_atomic_check: plane=35 crtc=50 mode=3456x2160 fb=3456x2160 OK
[Thu Sep 24 13:33:22 2026] apple-drm soc:display-subsystem: apple_plane_atomic_check: plane=35 crtc=50 mode=3456x2160 fb=3456x2160 OK
[Thu Sep 24 13:33:22 2026] apple-drm soc:display-subsystem: apple_plane_atomic_check: plane=35 crtc=50 mode=3456x2160 fb=3456x2160 OK
[Thu Sep 24 13:33:22 2026] apple-drm soc:display-subsystem: apple_plane_atomic_check: plane=35 crtc=50 mode=3456x2160 fb=3456x2160 OK
[Thu Sep 24 13:33:22 2026] apple-drm soc:display-subsystem: apple_plane_atomic_check: plane=35 crtc=50 mode=3456x2160 fb=3456x2160 OK
[Thu Sep 24 13:33:22 2026] apple-drm soc:display-subsystem: apple_plane_atomic_check: plane=35 crtc=50 mode=3456x2160 fb=3456x2160 OK
[Thu Sep 24 13:33:22 2026] apple-drm soc:display-subsystem: apple_plane_atomic_check: plane=35 crtc=50 mode=3456x2160 fb=3456x2160 OK
[Thu Sep 24 13:33:22 2026] apple-drm soc:display-subsystem: apple_plane_atomic_check: plane=35 crtc=50 mode=3456x2160 fb=3456x2160 OK
[Thu Sep 24 13:33:22 2026] apple-drm soc:display-subsystem: apple_plane_atomic_check: plane=35 crtc=50 mode=3456x2160 fb=3456x2160 OK
[Thu Sep 24 13:33:22 2026] apple-drm soc:display-subsystem: apple_plane_atomic_check: plane=35 crtc=50 mode=3456x2160 fb=3456x2160 OK
[Thu Sep 24 13:33:22 2026] apple-drm soc:display-subsystem: apple_plane_atomic_check: plane=35 crtc=50 mode=3456x2160 fb=3456x2160 OK
[Thu Sep 24 13:33:22 2026] apple-drm soc:display-subsystem: apple_plane_atomic_check: plane=35 crtc=50 mode=3456x2160 fb=3456x2160 OK
[Thu Sep 24 13:33:22 2026] apple-drm soc:display-subsystem: apple_plane_atomic_check: plane=35 crtc=50 mode=3456x2160 fb=3456x2160 OK
[Thu Sep 24 13:33:22 2026] apple-drm soc:display-subsystem: apple_plane_atomic_check: plane=35 crtc=50 mode=3456x2160 fb=3456x2160 OK
[Thu Sep 24 13:33:22 2026] apple-drm soc:display-subsystem: apple_plane_atomic_check: plane=35 crtc=50 mode=3456x2160 fb=3456x2160 OK
[Thu Sep 24 13:33:23 2026] apple-drm soc:display-subsystem: apple_plane_atomic_check: plane=35 crtc=50 mode=3456x2160 fb=3456x2160 OK
[Thu Sep 24 13:33:23 2026] apple-drm soc:display-subsystem: apple_plane_atomic_check: plane=35 crtc=50 mode=3456x2160 fb=3456x2160 OK
[Thu Sep 24 13:33:23 2026] apple-drm soc:display-subsystem: apple_plane_atomic_check: plane=35 crtc=50 mode=3456x2160 fb=3456x2160 OK
[Thu Sep 24 13:33:23 2026] apple-drm soc:display-subsystem: apple_plane_atomic_check: plane=35 crtc=50 mode=3456x2160 fb=3456x2160 OK
[Thu Sep 24 13:33:23 2026] apple-drm soc:display-subsystem: apple_plane_atomic_check: plane=35 crtc=50 mode=3456x2160 fb=3456x2160 OK
[Thu Sep 24 13:33:23 2026] apple-drm soc:display-subsystem: apple_plane_atomic_check: plane=35 crtc=50 mode=3456x2160 fb=3456x2160 OK
[Thu Sep 24 13:33:23 2026] apple-drm soc:display-subsystem: apple_plane_atomic_check: plane=35 crtc=50 mode=3456x2160 fb=3456x2160 OK
[Thu Sep 24 13:33:23 2026] apple-drm soc:display-subsystem: apple_plane_atomic_check: plane=35 crtc=50 mode=3456x2160 fb=3456x2160 OK
[Thu Sep 24 13:33:23 2026] apple-drm soc:display-subsystem: apple_plane_atomic_check: plane=35 crtc=50 mode=3456x2160 fb=3456x2160 OK
[Thu Sep 24 13:33:23 2026] apple-drm soc:display-subsystem: apple_plane_atomic_check: plane=35 crtc=50 mode=3456x2160 fb=3456x2160 OK
[Thu Sep 24 13:33:23 2026] apple-drm soc:display-subsystem: apple_plane_atomic_check: plane=35 crtc=50 mode=3456x2160 fb=3456x2160 OK
[Thu Sep 24 13:33:23 2026] apple-drm soc:display-subsystem: apple_plane_atomic_check: plane=35 crtc=50 mode=3456x2160 fb=3456x2160 OK
[Thu Sep 24 13:33:23 2026] apple-drm soc:display-subsystem: apple_plane_atomic_check: plane=35 crtc=50 mode=3456x2160 fb=3456x2160 OK
[Thu Sep 24 13:33:23 2026] apple-drm soc:display-subsystem: apple_plane_atomic_check: plane=35 crtc=50 mode=3456x2160 fb=3456x2160 OK
[Thu Sep 24 13:33:23 2026] apple-drm soc:display-subsystem: apple_plane_atomic_check: plane=35 crtc=50 mode=3456x2160 fb=3456x2160 OK
[Thu Sep 24 13:33:23 2026] apple-drm soc:display-subsystem: apple_plane_atomic_check: plane=35 crtc=50 mode=3456x2160 fb=3456x2160 OK
[Thu Sep 24 13:33:23 2026] apple-drm soc:display-subsystem: apple_plane_atomic_check: plane=35 crtc=50 mode=3456x2160 fb=3456x2160 OK
[Thu Sep 24 13:33:23 2026] apple-drm soc:display-subsystem: apple_plane_atomic_check: plane=35 crtc=50 mode=3456x2160 fb=3456x2160 OK
[Thu Sep 24 13:33:23 2026] apple-drm soc:display-subsystem: apple_plane_atomic_check: plane=35 crtc=50 mode=3456x2160 fb=3456x2160 OK
[Thu Sep 24 13:33:23 2026] apple-drm soc:display-subsystem: apple_plane_atomic_check: plane=35 crtc=50 mode=3456x2160 fb=3456x2160 OK
[Thu Sep 24 13:33:24 2026] apple-drm soc:display-subsystem: apple_plane_atomic_check: plane=35 crtc=50 mode=3456x2160 fb=3456x2160 OK
[Thu Sep 24 13:33:24 2026] apple-drm soc:display-subsystem: apple_plane_atomic_check: plane=35 crtc=50 mode=3456x2160 fb=3456x2160 OK
[Thu Sep 24 13:33:24 2026] apple-drm soc:display-subsystem: apple_plane_atomic_check: plane=35 crtc=50 mode=3456x2160 fb=3456x2160 OK
[Thu Sep 24 13:33:24 2026] apple-drm soc:display-subsystem: apple_plane_atomic_check: plane=35 crtc=50 mode=3456x2160 fb=3456x2160 OK
[Thu Sep 24 13:33:24 2026] apple-drm soc:display-subsystem: apple_plane_atomic_check: plane=35 crtc=50 mode=3456x2160 fb=3456x2160 OK
[Thu Sep 24 13:33:24 2026] apple-drm soc:display-subsystem: apple_plane_atomic_check: plane=35 crtc=50 mode=3456x2160 fb=3456x2160 OK
[Thu Sep 24 13:33:24 2026] apple-drm soc:display-subsystem: apple_plane_atomic_check: plane=35 crtc=50 mode=3456x2160 fb=3456x2160 OK
[Thu Sep 24 13:33:24 2026] apple-drm soc:display-subsystem: apple_plane_atomic_check: plane=35 crtc=50 mode=3456x2160 fb=3456x2160 OK
[Thu Sep 24 13:33:24 2026] apple-drm soc:display-subsystem: apple_plane_atomic_check: plane=35 crtc=50 mode=3456x2160 fb=3456x2160 OK
[Thu Sep 24 13:33:24 2026] apple-drm soc:display-subsystem: apple_plane_atomic_check: plane=35 crtc=50 mode=3456x2160 fb=3456x2160 OK
[Thu Sep 24 13:33:24 2026] apple-drm soc:display-subsystem: apple_plane_atomic_check: plane=35 crtc=50 mode=3456x2160 fb=3456x2160 OK
[Thu Sep 24 13:33:24 2026] apple-drm soc:display-subsystem: apple_plane_atomic_check: plane=35 crtc=50 mode=3456x2160 fb=3456x2160 OK
[Thu Sep 24 13:33:24 2026] apple-drm soc:display-subsystem: apple_plane_atomic_check: plane=35 crtc=50 mode=3456x2160 fb=3456x2160 OK
[Thu Sep 24 13:33:24 2026] apple-drm soc:display-subsystem: apple_plane_atomic_check: plane=35 crtc=50 mode=3456x2160 fb=3456x2160 OK
[Thu Sep 24 13:33:24 2026] apple-drm soc:display-subsystem: apple_plane_atomic_check: plane=35 crtc=50 mode=3456x2160 fb=3456x2160 OK
[Thu Sep 24 13:33:24 2026] apple-drm soc:display-subsystem: apple_plane_atomic_check: plane=35 crtc=50 mode=3456x2160 fb=3456x2160 OK
[Thu Sep 24 13:33:24 2026] apple-drm soc:display-subsystem: apple_plane_atomic_check: plane=35 crtc=50 mode=3456x2160 fb=3456x2160 OK
[Thu Sep 24 13:33:24 2026] apple-drm soc:display-subsystem: apple_plane_atomic_check: plane=35 crtc=50 mode=3456x2160 fb=3456x2160 OK
[Thu Sep 24 13:33:24 2026] apple-drm soc:display-subsystem: apple_plane_atomic_check: plane=35 crtc=50 mode=3456x2160 fb=3456x2160 OK
[Thu Sep 24 13:33:24 2026] apple-drm soc:display-subsystem: apple_plane_atomic_check: plane=35 crtc=50 mode=3456x2160 fb=3456x2160 OK
[Thu Sep 24 13:33:24 2026] apple-drm soc:display-subsystem: apple_plane_atomic_check: plane=35 crtc=50 mode=3456x2160 fb=3456x2160 OK
[Thu Sep 24 13:33:24 2026] apple-drm soc:display-subsystem: apple_plane_atomic_check: plane=35 crtc=50 mode=3456x2160 fb=3456x2160 OK
[Thu Sep 24 13:33:25 2026] apple-drm soc:display-subsystem: apple_plane_atomic_check: plane=35 crtc=50 mode=3456x2160 fb=3456x2160 OK
[Thu Sep 24 13:33:25 2026] apple-drm soc:display-subsystem: apple_plane_atomic_check: plane=35 crtc=50 mode=3456x2160 fb=3456x2160 OK
[Thu Sep 24 13:33:25 2026] apple-drm soc:display-subsystem: apple_plane_atomic_check: plane=35 crtc=50 mode=3456x2160 fb=3456x2160 OK
[Thu Sep 24 13:33:25 2026] apple-drm soc:display-subsystem: apple_plane_atomic_check: plane=35 crtc=50 mode=3456x2160 fb=3456x2160 OK
[Thu Sep 24 13:33:25 2026] apple-drm soc:display-subsystem: apple_plane_atomic_check: plane=35 crtc=50 mode=3456x2160 fb=3456x2160 OK
[Thu Sep 24 13:33:25 2026] apple-drm soc:display-subsystem: apple_plane_atomic_check: plane=35 crtc=50 mode=3456x2160 fb=3456x2160 OK
[Thu Sep 24 13:33:25 2026] apple-drm soc:display-subsystem: apple_plane_atomic_check: plane=35 crtc=50 mode=3456x2160 fb=3456x2160 OK
[Thu Sep 24 13:33:25 2026] apple-drm soc:display-subsystem: apple_plane_atomic_check: plane=35 crtc=50 mode=3456x2160 fb=3456x2160 OK
[Thu Sep 24 13:33:25 2026] apple-drm soc:display-subsystem: apple_plane_atomic_check: plane=35 crtc=50 mode=3456x2160 fb=3456x2160 OK
[Thu Sep 24 13:33:25 2026] apple-drm soc:display-subsystem: apple_plane_atomic_check: plane=35 crtc=50 mode=3456x2160 fb=3456x2160 OK
[Thu Sep 24 13:33:25 2026] apple-drm soc:display-subsystem: apple_plane_atomic_check: plane=35 crtc=50 mode=3456x2160 fb=3456x2160 OK
[Thu Sep 24 13:33:25 2026] apple-drm soc:display-subsystem: apple_plane_atomic_check: plane=35 crtc=50 mode=3456x2160 fb=3456x2160 OK
[Thu Sep 24 13:33:25 2026] apple-drm soc:display-subsystem: apple_plane_atomic_check: plane=35 crtc=50 mode=3456x2160 fb=3456x2160 OK
[Thu Sep 24 13:33:25 2026] apple-drm soc:display-subsystem: apple_plane_atomic_check: plane=35 crtc=50 mode=3456x2160 fb=3456x2160 OK
[Thu Sep 24 13:33:25 2026] apple-drm soc:display-subsystem: apple_plane_atomic_check: plane=35 crtc=50 mode=3456x2160 fb=3456x2160 OK
[Thu Sep 24 13:33:25 2026] apple-drm soc:display-subsystem: apple_plane_atomic_check: plane=35 crtc=50 mode=3456x2160 fb=3456x2160 OK
[Thu Sep 24 13:33:25 2026] apple-drm soc:display-subsystem: apple_plane_atomic_check: plane=35 crtc=50 mode=3456x2160 fb=3456x2160 OK
[Thu Sep 24 13:33:25 2026] apple-drm soc:display-subsystem: apple_plane_atomic_check: plane=35 crtc=50 mode=3456x2160 fb=3456x2160 OK
[Thu Sep 24 13:33:25 2026] apple-drm soc:display-subsystem: apple_plane_atomic_check: plane=35 crtc=50 mode=3456x2160 fb=3456x2160 OK
[Thu Sep 24 13:33:25 2026] apple-drm soc:display-subsystem: apple_plane_atomic_check: plane=35 crtc=50 mode=3456x2160 fb=3456x2160 OK
[Thu Sep 24 13:33:25 2026] apple-drm soc:display-subsystem: apple_plane_atomic_check: plane=35 crtc=50 mode=3456x2160 fb=3456x2160 OK
[Thu Sep 24 13:33:25 2026] apple-drm soc:display-subsystem: apple_plane_atomic_check: plane=35 crtc=50 mode=3456x2160 fb=3456x2160 OK
[Thu Sep 24 13:33:26 2026] apple-drm soc:display-subsystem: apple_plane_atomic_check: plane=35 crtc=50 mode=3456x2160 fb=3456x2160 OK
[Thu Sep 24 13:33:26 2026] apple-drm soc:display-subsystem: apple_plane_atomic_check: plane=35 crtc=50 mode=3456x2160 fb=3456x2160 OK
[Thu Sep 24 13:33:26 2026] apple-drm soc:display-subsystem: apple_plane_atomic_check: plane=35 crtc=50 mode=3456x2160 fb=3456x2160 OK
[Thu Sep 24 13:33:26 2026] apple-drm soc:display-subsystem: apple_plane_atomic_check: plane=35 crtc=50 mode=3456x2160 fb=3456x2160 OK
[Thu Sep 24 13:33:26 2026] apple-drm soc:display-subsystem: apple_plane_atomic_check: plane=35 crtc=50 mode=3456x2160 fb=3456x2160 OK
[Thu Sep 24 13:33:26 2026] apple-drm soc:display-subsystem: apple_plane_atomic_check: plane=35 crtc=50 mode=3456x2160 fb=3456x2160 OK
[Thu Sep 24 13:33:26 2026] apple-drm soc:display-subsystem: apple_plane_atomic_check: plane=35 crtc=50 mode=3456x2160 fb=3456x2160 OK
[Thu Sep 24 13:33:26 2026] apple-drm soc:display-subsystem: apple_plane_atomic_check: plane=35 crtc=50 mode=3456x2160 fb=3456x2160 OK
[Thu Sep 24 13:33:26 2026] apple-drm soc:display-subsystem: apple_plane_atomic_check: plane=35 crtc=50 mode=3456x2160 fb=3456x2160 OK
[Thu Sep 24 13:33:26 2026] apple-drm soc:display-subsystem: apple_plane_atomic_check: plane=35 crtc=50 mode=3456x2160 fb=3456x2160 OK
[Thu Sep 24 13:33:26 2026] apple-drm soc:display-subsystem: apple_plane_atomic_check: plane=35 crtc=50 mode=3456x2160 fb=3456x2160 OK
[Thu Sep 24 13:33:26 2026] apple-drm soc:display-subsystem: apple_plane_atomic_check: plane=35 crtc=50 mode=3456x2160 fb=3456x2160 OK
[Thu Sep 24 13:33:26 2026] apple-drm soc:display-subsystem: apple_plane_atomic_check: plane=35 crtc=50 mode=3456x2160 fb=3456x2160 OK
[Thu Sep 24 13:33:26 2026] apple-drm soc:display-subsystem: apple_plane_atomic_check: plane=35 crtc=50 mode=3456x2160 fb=3456x2160 OK
[Thu Sep 24 13:33:26 2026] apple-drm soc:display-subsystem: apple_plane_atomic_check: plane=35 crtc=50 mode=3456x2160 fb=3456x2160 OK
[Thu Sep 24 13:33:26 2026] apple-drm soc:display-subsystem: apple_plane_atomic_check: plane=35 crtc=50 mode=3456x2160 fb=3456x2160 OK
[Thu Sep 24 13:33:26 2026] apple-drm soc:display-subsystem: apple_plane_atomic_check: plane=35 crtc=50 mode=3456x2160 fb=3456x2160 OK
[Thu Sep 24 13:33:26 2026] apple-drm soc:display-subsystem: apple_plane_atomic_check: plane=35 crtc=50 mode=3456x2160 fb=3456x2160 OK
[Thu Sep 24 13:33:26 2026] apple-drm soc:display-subsystem: apple_plane_atomic_check: plane=35 crtc=50 mode=3456x2160 fb=3456x2160 OK
[Thu Sep 24 13:33:26 2026] apple-drm soc:display-subsystem: apple_plane_atomic_check: plane=35 crtc=50 mode=3456x2160 fb=3456x2160 OK
[Thu Sep 24 13:33:26 2026] apple-drm soc:display-subsystem: apple_plane_atomic_check: plane=35 crtc=50 mode=3456x2160 fb=3456x2160 OK
[Thu Sep 24 13:33:26 2026] apple-drm soc:display-subsystem: apple_plane_atomic_check: plane=35 crtc=50 mode=3456x2160 fb=3456x2160 OK
[Thu Sep 24 13:33:26 2026] apple-drm soc:display-subsystem: apple_plane_atomic_check: plane=35 crtc=50 mode=3456x2160 fb=3456x2160 OK
[Thu Sep 24 13:33:26 2026] apple-drm soc:display-subsystem: apple_plane_atomic_check: plane=35 crtc=50 mode=3456x2160 fb=3456x2160 OK
[Thu Sep 24 13:33:26 2026] apple-drm soc:display-subsystem: apple_plane_atomic_check: plane=35 crtc=50 mode=3456x2160 fb=3456x2160 OK
[Thu Sep 24 13:33:26 2026] apple-drm soc:display-subsystem: apple_plane_atomic_check: plane=35 crtc=50 mode=3456x2160 fb=3456x2160 OK
[Thu Sep 24 13:33:26 2026] apple-drm soc:display-subsystem: apple_plane_atomic_check: plane=35 crtc=50 mode=3456x2160 fb=3456x2160 OK
[Thu Sep 24 13:33:26 2026] apple-drm soc:display-subsystem: apple_plane_atomic_check: plane=35 crtc=50 mode=3456x2160 fb=3456x2160 OK
[Thu Sep 24 13:33:27 2026] apple-drm soc:display-subsystem: apple_plane_atomic_check: plane=35 crtc=50 mode=3456x2160 fb=3456x2160 OK
[Thu Sep 24 13:33:27 2026] apple-drm soc:display-subsystem: apple_plane_atomic_check: plane=35 crtc=50 mode=3456x2160 fb=3456x2160 OK
[Thu Sep 24 13:33:27 2026] apple-drm soc:display-subsystem: apple_plane_atomic_check: plane=35 crtc=50 mode=3456x2160 fb=3456x2160 OK
[Thu Sep 24 13:33:27 2026] apple-drm soc:display-subsystem: apple_plane_atomic_check: plane=35 crtc=50 mode=3456x2160 fb=3456x2160 OK
[Thu Sep 24 13:33:27 2026] apple-drm soc:display-subsystem: apple_plane_atomic_check: plane=35 crtc=50 mode=3456x2160 fb=3456x2160 OK
[Thu Sep 24 13:33:27 2026] apple-drm soc:display-subsystem: apple_plane_atomic_check: plane=35 crtc=50 mode=3456x2160 fb=3456x2160 OK
[Thu Sep 24 13:33:27 2026] apple-drm soc:display-subsystem: apple_plane_atomic_check: plane=35 crtc=50 mode=3456x2160 fb=3456x2160 OK
[Thu Sep 24 13:33:27 2026] apple-drm soc:display-subsystem: apple_plane_atomic_check: plane=35 crtc=50 mode=3456x2160 fb=3456x2160 OK
[Thu Sep 24 13:33:27 2026] apple-drm soc:display-subsystem: apple_plane_atomic_check: plane=35 crtc=50 mode=3456x2160 fb=3456x2160 OK
[Thu Sep 24 13:33:27 2026] apple-drm soc:display-subsystem: apple_plane_atomic_check: plane=35 crtc=50 mode=3456x2160 fb=3456x2160 OK
[Thu Sep 24 13:33:27 2026] apple-drm soc:display-subsystem: apple_plane_atomic_check: plane=35 crtc=50 mode=3456x2160 fb=3456x2160 OK
[Thu Sep 24 13:33:27 2026] apple-drm soc:display-subsystem: apple_plane_atomic_check: plane=35 crtc=50 mode=3456x2160 fb=3456x2160 OK
[Thu Sep 24 13:33:27 2026] apple-drm soc:display-subsystem: apple_plane_atomic_check: plane=35 crtc=50 mode=3456x2160 fb=3456x2160 OK
[Thu Sep 24 13:33:27 2026] apple-drm soc:display-subsystem: apple_plane_atomic_check: plane=35 crtc=50 mode=3456x2160 fb=3456x2160 OK
[Thu Sep 24 13:33:27 2026] apple-drm soc:display-subsystem: apple_plane_atomic_check: plane=35 crtc=50 mode=3456x2160 fb=3456x2160 OK
[Thu Sep 24 13:33:27 2026] apple-drm soc:display-subsystem: apple_plane_atomic_check: plane=35 crtc=50 mode=3456x2160 fb=3456x2160 OK
[Thu Sep 24 13:33:27 2026] apple-drm soc:display-subsystem: apple_plane_atomic_check: plane=35 crtc=50 mode=3456x2160 fb=3456x2160 OK
[Thu Sep 24 13:33:27 2026] apple-drm soc:display-subsystem: apple_plane_atomic_check: plane=35 crtc=50 mode=3456x2160 fb=3456x2160 OK
[Thu Sep 24 13:33:27 2026] apple-drm soc:display-subsystem: apple_plane_atomic_check: plane=35 crtc=50 mode=3456x2160 fb=3456x2160 OK
[Thu Sep 24 13:33:27 2026] apple-drm soc:display-subsystem: apple_plane_atomic_check: plane=35 crtc=50 mode=3456x2160 fb=3456x2160 OK
[Thu Sep 24 13:33:27 2026] apple-drm soc:display-subsystem: apple_plane_atomic_check: plane=35 crtc=50 mode=3456x2160 fb=3456x2160 OK
[Thu Sep 24 13:33:27 2026] apple-drm soc:display-subsystem: apple_plane_atomic_check: plane=35 crtc=50 mode=3456x2160 fb=3456x2160 OK
[Thu Sep 24 13:33:28 2026] apple-drm soc:display-subsystem: apple_plane_atomic_check: plane=35 crtc=50 mode=3456x2160 fb=3456x2160 OK
[Thu Sep 24 13:33:28 2026] apple-drm soc:display-subsystem: apple_plane_atomic_check: plane=35 crtc=50 mode=3456x2160 fb=3456x2160 OK
[Thu Sep 24 13:33:28 2026] apple-drm soc:display-subsystem: apple_plane_atomic_check: plane=35 crtc=50 mode=3456x2160 fb=3456x2160 OK
[Thu Sep 24 13:33:28 2026] apple-drm soc:display-subsystem: apple_plane_atomic_check: plane=35 crtc=50 mode=3456x2160 fb=3456x2160 OK
[Thu Sep 24 13:33:28 2026] apple-drm soc:display-subsystem: apple_plane_atomic_check: plane=35 crtc=50 mode=3456x2160 fb=3456x2160 OK
[Thu Sep 24 13:33:28 2026] apple-drm soc:display-subsystem: apple_plane_atomic_check: plane=35 crtc=50 mode=3456x2160 fb=3456x2160 OK
[Thu Sep 24 13:33:28 2026] apple-drm soc:display-subsystem: apple_plane_atomic_check: plane=35 crtc=50 mode=3456x2160 fb=3456x2160 OK
[Thu Sep 24 13:33:28 2026] apple-drm soc:display-subsystem: apple_plane_atomic_check: plane=35 crtc=50 mode=3456x2160 fb=3456x2160 OK
[Thu Sep 24 13:33:28 2026] apple-drm soc:display-subsystem: apple_plane_atomic_check: plane=35 crtc=50 mode=3456x2160 fb=3456x2160 OK
[Thu Sep 24 13:33:28 2026] apple-drm soc:display-subsystem: apple_plane_atomic_check: plane=35 crtc=50 mode=3456x2160 fb=3456x2160 OK
[Thu Sep 24 13:33:28 2026] apple-drm soc:display-subsystem: apple_plane_atomic_check: plane=35 crtc=50 mode=3456x2160 fb=3456x2160 OK
[Thu Sep 24 13:33:28 2026] apple-drm soc:display-subsystem: apple_plane_atomic_check: plane=35 crtc=50 mode=3456x2160 fb=3456x2160 OK
[Thu Sep 24 13:33:28 2026] apple-drm soc:display-subsystem: apple_plane_atomic_check: plane=35 crtc=50 mode=3456x2160 fb=3456x2160 OK
[Thu Sep 24 13:33:28 2026] apple-drm soc:display-subsystem: apple_plane_atomic_check: plane=35 crtc=50 mode=3456x2160 fb=3456x2160 OK
[Thu Sep 24 13:33:28 2026] apple-drm soc:display-subsystem: apple_plane_atomic_check: plane=35 crtc=50 mode=3456x2160 fb=3456x2160 OK
[Thu Sep 24 13:33:28 2026] apple-drm soc:display-subsystem: apple_plane_atomic_check: plane=35 crtc=50 mode=3456x2160 fb=3456x2160 OK
[Thu Sep 24 13:33:28 2026] apple-drm soc:display-subsystem: apple_plane_atomic_check: plane=35 crtc=50 mode=3456x2160 fb=3456x2160 OK
[Thu Sep 24 13:33:28 2026] apple-drm soc:display-subsystem: apple_plane_atomic_check: plane=35 crtc=50 mode=3456x2160 fb=3456x2160 OK
[Thu Sep 24 13:33:28 2026] apple-drm soc:display-subsystem: apple_plane_atomic_check: plane=35 crtc=50 mode=3456x2160 fb=3456x2160 OK
[Thu Sep 24 13:33:28 2026] apple-drm soc:display-subsystem: apple_plane_atomic_check: plane=35 crtc=50 mode=3456x2160 fb=3456x2160 OK
[Thu Sep 24 13:33:28 2026] apple-drm soc:display-subsystem: apple_plane_atomic_check: plane=35 crtc=50 mode=3456x2160 fb=3456x2160 OK
[Thu Sep 24 13:33:28 2026] apple-drm soc:display-subsystem: apple_plane_atomic_check: plane=35 crtc=50 mode=3456x2160 fb=3456x2160 OK
[Thu Sep 24 13:33:29 2026] apple-drm soc:display-subsystem: apple_plane_atomic_check: plane=35 crtc=50 mode=3456x2160 fb=3456x2160 OK
[Thu Sep 24 13:33:29 2026] apple-drm soc:display-subsystem: apple_plane_atomic_check: plane=35 crtc=50 mode=3456x2160 fb=3456x2160 OK
[Thu Sep 24 13:33:29 2026] apple-drm soc:display-subsystem: apple_plane_atomic_check: plane=35 crtc=50 mode=3456x2160 fb=3456x2160 OK
[Thu Sep 24 13:33:29 2026] apple-drm soc:display-subsystem: apple_plane_atomic_check: plane=35 crtc=50 mode=3456x2160 fb=3456x2160 OK
[Thu Sep 24 13:33:29 2026] apple-drm soc:display-subsystem: apple_plane_atomic_check: plane=35 crtc=50 mode=3456x2160 fb=3456x2160 OK
[Thu Sep 24 13:33:29 2026] apple-drm soc:display-subsystem: apple_plane_atomic_check: plane=35 crtc=50 mode=3456x2160 fb=3456x2160 OK
[Thu Sep 24 13:33:29 2026] apple-drm soc:display-subsystem: apple_plane_atomic_check: plane=35 crtc=50 mode=3456x2160 fb=3456x2160 OK
[Thu Sep 24 13:33:29 2026] apple-drm soc:display-subsystem: apple_plane_atomic_check: plane=35 crtc=50 mode=3456x2160 fb=3456x2160 OK
[Thu Sep 24 13:33:29 2026] apple-drm soc:display-subsystem: apple_plane_atomic_check: plane=35 crtc=50 mode=3456x2160 fb=3456x2160 OK
[Thu Sep 24 13:33:29 2026] apple-drm soc:display-subsystem: apple_plane_atomic_check: plane=35 crtc=50 mode=3456x2160 fb=3456x2160 OK
[Thu Sep 24 13:33:29 2026] apple-drm soc:display-subsystem: apple_plane_atomic_check: plane=35 crtc=50 mode=3456x2160 fb=3456x2160 OK
[Thu Sep 24 13:33:29 2026] apple-drm soc:display-subsystem: apple_plane_atomic_check: plane=35 crtc=50 mode=3456x2160 fb=3456x2160 OK
[Thu Sep 24 13:33:29 2026] apple-drm soc:display-subsystem: apple_plane_atomic_check: plane=35 crtc=50 mode=3456x2160 fb=3456x2160 OK
[Thu Sep 24 13:33:29 2026] apple-drm soc:display-subsystem: apple_plane_atomic_check: plane=35 crtc=50 mode=3456x2160 fb=3456x2160 OK
[Thu Sep 24 13:33:29 2026] apple-drm soc:display-subsystem: apple_plane_atomic_check: plane=35 crtc=50 mode=3456x2160 fb=3456x2160 OK
[Thu Sep 24 13:33:29 2026] apple-drm soc:display-subsystem: apple_plane_atomic_check: plane=35 crtc=50 mode=3456x2160 fb=3456x2160 OK
[Thu Sep 24 13:33:29 2026] apple-drm soc:display-subsystem: apple_plane_atomic_check: plane=35 crtc=50 mode=3456x2160 fb=3456x2160 OK
[Thu Sep 24 13:33:29 2026] apple-drm soc:display-subsystem: apple_plane_atomic_check: plane=35 crtc=50 mode=3456x2160 fb=3456x2160 OK
[Thu Sep 24 13:33:29 2026] apple-drm soc:display-subsystem: apple_plane_atomic_check: plane=35 crtc=50 mode=3456x2160 fb=3456x2160 OK
[Thu Sep 24 13:33:29 2026] apple-drm soc:display-subsystem: apple_plane_atomic_check: plane=35 crtc=50 mode=3456x2160 fb=3456x2160 OK
[Thu Sep 24 13:33:29 2026] apple-drm soc:display-subsystem: apple_plane_atomic_check: plane=35 crtc=50 mode=3456x2160 fb=3456x2160 OK
[Thu Sep 24 13:33:29 2026] apple-drm soc:display-subsystem: apple_plane_atomic_check: plane=35 crtc=50 mode=3456x2160 fb=3456x2160 OK
[Thu Sep 24 13:33:29 2026] apple-drm soc:display-subsystem: apple_plane_atomic_check: plane=35 crtc=50 mode=3456x2160 fb=3456x2160 OK
[Thu Sep 24 13:33:29 2026] apple-drm soc:display-subsystem: apple_plane_atomic_check: plane=35 crtc=50 mode=3456x2160 fb=3456x2160 OK
[Thu Sep 24 13:33:29 2026] apple-drm soc:display-subsystem: apple_plane_atomic_check: plane=35 crtc=50 mode=3456x2160 fb=3456x2160 OK
[Thu Sep 24 13:33:30 2026] apple-drm soc:display-subsystem: apple_plane_atomic_check: plane=35 crtc=50 mode=3456x2160 fb=3456x2160 OK
[Thu Sep 24 13:33:30 2026] apple-drm soc:display-subsystem: apple_plane_atomic_check: plane=35 crtc=50 mode=3456x2160 fb=3456x2160 OK
[Thu Sep 24 13:33:30 2026] apple-drm soc:display-subsystem: apple_plane_atomic_check: plane=35 crtc=50 mode=3456x2160 fb=3456x2160 OK
[Thu Sep 24 13:33:30 2026] apple-drm soc:display-subsystem: apple_plane_atomic_check: plane=35 crtc=50 mode=3456x2160 fb=3456x2160 OK
[Thu Sep 24 13:33:30 2026] apple-drm soc:display-subsystem: apple_plane_atomic_check: plane=35 crtc=50 mode=3456x2160 fb=3456x2160 OK
[Thu Sep 24 13:33:30 2026] apple-drm soc:display-subsystem: apple_plane_atomic_check: plane=35 crtc=50 mode=3456x2160 fb=3456x2160 OK
[Thu Sep 24 13:33:30 2026] apple-drm soc:display-subsystem: apple_plane_atomic_check: plane=35 crtc=50 mode=3456x2160 fb=3456x2160 OK
[Thu Sep 24 13:33:30 2026] apple-drm soc:display-subsystem: apple_plane_atomic_check: plane=35 crtc=50 mode=3456x2160 fb=3456x2160 OK
[Thu Sep 24 13:33:30 2026] apple-drm soc:display-subsystem: apple_plane_atomic_check: plane=35 crtc=50 mode=3456x2160 fb=3456x2160 OK
[Thu Sep 24 13:33:30 2026] apple-drm soc:display-subsystem: apple_plane_atomic_check: plane=35 crtc=50 mode=3456x2160 fb=3456x2160 OK
[Thu Sep 24 13:33:30 2026] apple-drm soc:display-subsystem: apple_plane_atomic_check: plane=35 crtc=50 mode=3456x2160 fb=3456x2160 OK
[Thu Sep 24 13:33:30 2026] apple-drm soc:display-subsystem: apple_plane_atomic_check: plane=35 crtc=50 mode=3456x2160 fb=3456x2160 OK
[Thu Sep 24 13:33:30 2026] apple-drm soc:display-subsystem: apple_plane_atomic_check: plane=35 crtc=50 mode=3456x2160 fb=3456x2160 OK
[Thu Sep 24 13:33:30 2026] apple-drm soc:display-subsystem: apple_plane_atomic_check: plane=35 crtc=50 mode=3456x2160 fb=3456x2160 OK
[Thu Sep 24 13:33:30 2026] apple-drm soc:display-subsystem: apple_plane_atomic_check: plane=35 crtc=50 mode=3456x2160 fb=3456x2160 OK
[Thu Sep 24 13:33:30 2026] apple-drm soc:display-subsystem: apple_plane_atomic_check: plane=35 crtc=50 mode=3456x2160 fb=3456x2160 OK
[Thu Sep 24 13:33:30 2026] apple-drm soc:display-subsystem: apple_plane_atomic_check: plane=35 crtc=50 mode=3456x2160 fb=3456x2160 OK
[Thu Sep 24 13:33:30 2026] apple-drm soc:display-subsystem: apple_plane_atomic_check: plane=35 crtc=50 mode=3456x2160 fb=3456x2160 OK
[Thu Sep 24 13:33:30 2026] apple-drm soc:display-subsystem: apple_plane_atomic_check: plane=35 crtc=50 mode=3456x2160 fb=3456x2160 OK
[Thu Sep 24 13:33:30 2026] apple-drm soc:display-subsystem: apple_plane_atomic_check: plane=35 crtc=50 mode=3456x2160 fb=3456x2160 OK
[Thu Sep 24 13:33:30 2026] apple-drm soc:display-subsystem: apple_plane_atomic_check: plane=35 crtc=50 mode=3456x2160 fb=3456x2160 OK
[Thu Sep 24 13:33:30 2026] apple-drm soc:display-subsystem: apple_plane_atomic_check: plane=35 crtc=50 mode=3456x2160 fb=3456x2160 OK
[Thu Sep 24 13:33:31 2026] apple-drm soc:display-subsystem: apple_plane_atomic_check: plane=35 crtc=50 mode=3456x2160 fb=3456x2160 OK
[Thu Sep 24 13:33:31 2026] apple-drm soc:display-subsystem: apple_plane_atomic_check: plane=35 crtc=50 mode=3456x2160 fb=3456x2160 OK
[Thu Sep 24 13:33:31 2026] apple-drm soc:display-subsystem: apple_plane_atomic_check: plane=35 crtc=50 mode=3456x2160 fb=3456x2160 OK
[Thu Sep 24 13:33:31 2026] apple-drm soc:display-subsystem: apple_plane_atomic_check: plane=35 crtc=50 mode=3456x2160 fb=3456x2160 OK
[Thu Sep 24 13:33:31 2026] apple-drm soc:display-subsystem: apple_plane_atomic_check: plane=35 crtc=50 mode=3456x2160 fb=3456x2160 OK
[Thu Sep 24 13:33:31 2026] apple-drm soc:display-subsystem: apple_plane_atomic_check: plane=35 crtc=50 mode=3456x2160 fb=3456x2160 OK
[Thu Sep 24 13:33:31 2026] apple-drm soc:display-subsystem: apple_plane_atomic_check: plane=35 crtc=50 mode=3456x2160 fb=3456x2160 OK
[Thu Sep 24 13:33:31 2026] apple-drm soc:display-subsystem: apple_plane_atomic_check: plane=35 crtc=50 mode=3456x2160 fb=3456x2160 OK
[Thu Sep 24 13:33:31 2026] apple-drm soc:display-subsystem: apple_plane_atomic_check: plane=35 crtc=50 mode=3456x2160 fb=3456x2160 OK
[Thu Sep 24 13:33:31 2026] apple-drm soc:display-subsystem: apple_plane_atomic_check: plane=35 crtc=50 mode=3456x2160 fb=3456x2160 OK
[Thu Sep 24 13:33:31 2026] apple-drm soc:display-subsystem: apple_plane_atomic_check: plane=35 crtc=50 mode=3456x2160 fb=3456x2160 OK
[Thu Sep 24 13:33:31 2026] apple-drm soc:display-subsystem: apple_plane_atomic_check: plane=35 crtc=50 mode=3456x2160 fb=3456x2160 OK
[Thu Sep 24 13:33:31 2026] apple-drm soc:display-subsystem: apple_plane_atomic_check: plane=35 crtc=50 mode=3456x2160 fb=3456x2160 OK
[Thu Sep 24 13:33:31 2026] apple-drm soc:display-subsystem: apple_plane_atomic_check: plane=35 crtc=50 mode=3456x2160 fb=3456x2160 OK
[Thu Sep 24 13:33:31 2026] apple-drm soc:display-subsystem: apple_plane_atomic_check: plane=35 crtc=50 mode=3456x2160 fb=3456x2160 OK
[Thu Sep 24 13:33:31 2026] apple-drm soc:display-subsystem: apple_plane_atomic_check: plane=35 crtc=50 mode=3456x2160 fb=3456x2160 OK
[Thu Sep 24 13:33:31 2026] apple-drm soc:display-subsystem: apple_plane_atomic_check: plane=35 crtc=50 mode=3456x2160 fb=3456x2160 OK
[Thu Sep 24 13:33:31 2026] apple-drm soc:display-subsystem: apple_plane_atomic_check: plane=35 crtc=50 mode=3456x2160 fb=3456x2160 OK
[Thu Sep 24 13:33:31 2026] apple-drm soc:display-subsystem: apple_plane_atomic_check: plane=35 crtc=50 mode=3456x2160 fb=3456x2160 OK
[Thu Sep 24 13:33:31 2026] apple-drm soc:display-subsystem: apple_plane_atomic_check: plane=35 crtc=50 mode=3456x2160 fb=3456x2160 OK
[Thu Sep 24 13:33:31 2026] apple-drm soc:display-subsystem: apple_plane_atomic_check: plane=35 crtc=50 mode=3456x2160 fb=3456x2160 OK
[Thu Sep 24 13:33:31 2026] apple-drm soc:display-subsystem: apple_plane_atomic_check: plane=35 crtc=50 mode=3456x2160 fb=3456x2160 OK
[Thu Sep 24 13:33:31 2026] apple-drm soc:display-subsystem: apple_plane_atomic_check: plane=35 crtc=50 mode=3456x2160 fb=3456x2160 OK
[Thu Sep 24 13:33:31 2026] apple-drm soc:display-subsystem: apple_plane_atomic_check: plane=35 crtc=50 mode=3456x2160 fb=3456x2160 OK
[Thu Sep 24 13:33:32 2026] apple-drm soc:display-subsystem: apple_plane_atomic_check: plane=35 crtc=50 mode=3456x2160 fb=3456x2160 OK
[Thu Sep 24 13:33:32 2026] apple-drm soc:display-subsystem: apple_plane_atomic_check: plane=35 crtc=50 mode=3456x2160 fb=3456x2160 OK
[Thu Sep 24 13:33:32 2026] apple-drm soc:display-subsystem: apple_plane_atomic_check: plane=35 crtc=50 mode=3456x2160 fb=3456x2160 OK
[Thu Sep 24 13:33:32 2026] apple-drm soc:display-subsystem: apple_plane_atomic_check: plane=35 crtc=50 mode=3456x2160 fb=3456x2160 OK
[Thu Sep 24 13:33:32 2026] apple-drm soc:display-subsystem: apple_plane_atomic_check: plane=35 crtc=50 mode=3456x2160 fb=3456x2160 OK
[Thu Sep 24 13:33:32 2026] apple-drm soc:display-subsystem: apple_plane_atomic_check: plane=35 crtc=50 mode=3456x2160 fb=3456x2160 OK
[Thu Sep 24 13:33:32 2026] apple-drm soc:display-subsystem: apple_plane_atomic_check: plane=35 crtc=50 mode=3456x2160 fb=3456x2160 OK
[Thu Sep 24 13:33:32 2026] apple-drm soc:display-subsystem: apple_plane_atomic_check: plane=35 crtc=50 mode=3456x2160 fb=3456x2160 OK
[Thu Sep 24 13:33:32 2026] apple-drm soc:display-subsystem: apple_plane_atomic_check: plane=35 crtc=50 mode=3456x2160 fb=3456x2160 OK
[Thu Sep 24 13:33:32 2026] apple-drm soc:display-subsystem: apple_plane_atomic_check: plane=35 crtc=50 mode=3456x2160 fb=3456x2160 OK
[Thu Sep 24 13:33:32 2026] apple-drm soc:display-subsystem: apple_plane_atomic_check: plane=35 crtc=50 mode=3456x2160 fb=3456x2160 OK
[Thu Sep 24 13:33:32 2026] apple-drm soc:display-subsystem: apple_plane_atomic_check: plane=35 crtc=50 mode=3456x2160 fb=3456x2160 OK
[Thu Sep 24 13:33:32 2026] apple-drm soc:display-subsystem: apple_plane_atomic_check: plane=35 crtc=50 mode=3456x2160 fb=3456x2160 OK
[Thu Sep 24 13:33:32 2026] apple-drm soc:display-subsystem: apple_plane_atomic_check: plane=35 crtc=50 mode=3456x2160 fb=3456x2160 OK
[Thu Sep 24 13:33:32 2026] apple-drm soc:display-subsystem: apple_plane_atomic_check: plane=35 crtc=50 mode=3456x2160 fb=3456x2160 OK
[Thu Sep 24 13:33:32 2026] apple-drm soc:display-subsystem: apple_plane_atomic_check: plane=35 crtc=50 mode=3456x2160 fb=3456x2160 OK
[Thu Sep 24 13:33:32 2026] apple-drm soc:display-subsystem: apple_plane_atomic_check: plane=35 crtc=50 mode=3456x2160 fb=3456x2160 OK
[Thu Sep 24 13:33:32 2026] apple-drm soc:display-subsystem: apple_plane_atomic_check: plane=35 crtc=50 mode=3456x2160 fb=3456x2160 OK
[Thu Sep 24 13:33:33 2026] apple-drm soc:display-subsystem: apple_plane_atomic_check: plane=35 crtc=50 mode=3456x2160 fb=3456x2160 OK
[Thu Sep 24 13:33:33 2026] apple-drm soc:display-subsystem: apple_plane_atomic_check: plane=35 crtc=50 mode=3456x2160 fb=3456x2160 OK
[Thu Sep 24 13:33:33 2026] apple-drm soc:display-subsystem: apple_plane_atomic_check: plane=35 crtc=50 mode=3456x2160 fb=3456x2160 OK
[Thu Sep 24 13:33:33 2026] apple-drm soc:display-subsystem: apple_plane_atomic_check: plane=35 crtc=50 mode=3456x2160 fb=3456x2160 OK
[Thu Sep 24 13:33:33 2026] apple-drm soc:display-subsystem: apple_plane_atomic_check: plane=35 crtc=50 mode=3456x2160 fb=3456x2160 OK
[Thu Sep 24 13:33:33 2026] apple-drm soc:display-subsystem: apple_plane_atomic_check: plane=35 crtc=50 mode=3456x2160 fb=3456x2160 OK
[Thu Sep 24 13:33:33 2026] apple-drm soc:display-subsystem: apple_plane_atomic_check: plane=35 crtc=50 mode=3456x2160 fb=3456x2160 OK
[Thu Sep 24 13:33:33 2026] apple-drm soc:display-subsystem: apple_plane_atomic_check: plane=35 crtc=50 mode=3456x2160 fb=3456x2160 OK
[Thu Sep 24 13:33:33 2026] apple-drm soc:display-subsystem: apple_plane_atomic_check: plane=35 crtc=50 mode=3456x2160 fb=3456x2160 OK
[Thu Sep 24 13:33:33 2026] apple-drm soc:display-subsystem: apple_plane_atomic_check: plane=35 crtc=50 mode=3456x2160 fb=3456x2160 OK
[Thu Sep 24 13:33:33 2026] apple-drm soc:display-subsystem: apple_plane_atomic_check: plane=35 crtc=50 mode=3456x2160 fb=3456x2160 OK
[Thu Sep 24 13:33:33 2026] apple-drm soc:display-subsystem: apple_plane_atomic_check: plane=35 crtc=50 mode=3456x2160 fb=3456x2160 OK
[Thu Sep 24 13:33:33 2026] apple-drm soc:display-subsystem: apple_plane_atomic_check: plane=35 crtc=50 mode=3456x2160 fb=3456x2160 OK
[Thu Sep 24 13:33:33 2026] apple-drm soc:display-subsystem: apple_plane_atomic_check: plane=35 crtc=50 mode=3456x2160 fb=3456x2160 OK
[Thu Sep 24 13:33:33 2026] apple-drm soc:display-subsystem: apple_plane_atomic_check: plane=35 crtc=50 mode=3456x2160 fb=3456x2160 OK
[Thu Sep 24 13:33:33 2026] apple-drm soc:display-subsystem: apple_plane_atomic_check: plane=35 crtc=50 mode=3456x2160 fb=3456x2160 OK
[Thu Sep 24 13:33:34 2026] apple-drm soc:display-subsystem: apple_plane_atomic_check: plane=35 crtc=50 mode=3456x2160 fb=3456x2160 OK
[Thu Sep 24 13:33:34 2026] apple-drm soc:display-subsystem: apple_plane_atomic_check: plane=35 crtc=50 mode=3456x2160 fb=3456x2160 OK
[Thu Sep 24 13:33:34 2026] apple-drm soc:display-subsystem: apple_plane_atomic_check: plane=35 crtc=50 mode=3456x2160 fb=3456x2160 OK
[Thu Sep 24 13:33:34 2026] apple-drm soc:display-subsystem: apple_plane_atomic_check: plane=35 crtc=50 mode=3456x2160 fb=3456x2160 OK
[Thu Sep 24 13:33:34 2026] apple-drm soc:display-subsystem: apple_plane_atomic_check: plane=35 crtc=50 mode=3456x2160 fb=3456x2160 OK
[Thu Sep 24 13:33:34 2026] apple-drm soc:display-subsystem: apple_plane_atomic_check: plane=35 crtc=50 mode=3456x2160 fb=3456x2160 OK
[Thu Sep 24 13:33:34 2026] apple-drm soc:display-subsystem: apple_plane_atomic_check: plane=35 crtc=50 mode=3456x2160 fb=3456x2160 OK
[Thu Sep 24 13:33:34 2026] apple-drm soc:display-subsystem: apple_plane_atomic_check: plane=35 crtc=50 mode=3456x2160 fb=3456x2160 OK
[Thu Sep 24 13:33:34 2026] apple-drm soc:display-subsystem: apple_plane_atomic_check: plane=35 crtc=50 mode=3456x2160 fb=3456x2160 OK
[Thu Sep 24 13:33:34 2026] apple-drm soc:display-subsystem: apple_plane_atomic_check: plane=35 crtc=50 mode=3456x2160 fb=3456x2160 OK
[Thu Sep 24 13:33:34 2026] apple-drm soc:display-subsystem: apple_plane_atomic_check: plane=35 crtc=50 mode=3456x2160 fb=3456x2160 OK
[Thu Sep 24 13:33:34 2026] apple-drm soc:display-subsystem: apple_plane_atomic_check: plane=35 crtc=50 mode=3456x2160 fb=3456x2160 OK
[Thu Sep 24 13:33:34 2026] apple-drm soc:display-subsystem: apple_plane_atomic_check: plane=35 crtc=50 mode=3456x2160 fb=3456x2160 OK
[Thu Sep 24 13:33:34 2026] apple-drm soc:display-subsystem: apple_plane_atomic_check: plane=35 crtc=50 mode=3456x2160 fb=3456x2160 OK
[Thu Sep 24 13:33:35 2026] apple-drm soc:display-subsystem: apple_plane_atomic_check: plane=35 crtc=50 mode=3456x2160 fb=3456x2160 OK
[Thu Sep 24 13:33:35 2026] apple-drm soc:display-subsystem: apple_plane_atomic_check: plane=35 crtc=50 mode=3456x2160 fb=3456x2160 OK
[Thu Sep 24 13:33:35 2026] apple-drm soc:display-subsystem: apple_plane_atomic_check: plane=35 crtc=50 mode=3456x2160 fb=3456x2160 OK
[Thu Sep 24 13:33:36 2026] apple-drm soc:display-subsystem: apple_plane_atomic_check: plane=35 crtc=50 mode=3456x2160 fb=3456x2160 OK
[Thu Sep 24 13:33:46 2026] apple-drm soc:display-subsystem: apple_plane_atomic_check: plane=35 crtc=50 mode=3456x2160 fb=3456x2160 OK
[Thu Sep 24 13:33:46 2026] apple-drm soc:display-subsystem: apple_plane_atomic_check: plane=35 crtc=50 mode=3456x2160 fb=3456x2160 OK
[Thu Sep 24 13:33:46 2026] apple-drm soc:display-subsystem: apple_plane_atomic_check: plane=35 crtc=50 mode=3456x2160 fb=3456x2160 OK
[Thu Sep 24 13:33:46 2026] apple-drm soc:display-subsystem: apple_plane_atomic_check: plane=35 crtc=50 mode=3456x2160 fb=3456x2160 OK
[Thu Sep 24 13:33:46 2026] apple-drm soc:display-subsystem: apple_plane_atomic_check: plane=35 crtc=50 mode=3456x2160 fb=3456x2160 OK
[Thu Sep 24 13:33:46 2026] apple-drm soc:display-subsystem: apple_plane_atomic_check: plane=35 crtc=50 mode=3456x2160 fb=3456x2160 OK
[Thu Sep 24 13:33:46 2026] apple-drm soc:display-subsystem: apple_plane_atomic_check: plane=35 crtc=50 mode=3456x2160 fb=3456x2160 OK
[Thu Sep 24 13:33:46 2026] apple-drm soc:display-subsystem: apple_plane_atomic_check: plane=35 crtc=50 mode=3456x2160 fb=3456x2160 OK
[Thu Sep 24 13:33:46 2026] apple-drm soc:display-subsystem: apple_plane_atomic_check: plane=35 crtc=50 mode=3456x2160 fb=3456x2160 OK
[Thu Sep 24 13:33:46 2026] apple-drm soc:display-subsystem: apple_plane_atomic_check: plane=35 crtc=50 mode=3456x2160 fb=3456x2160 OK
[Thu Sep 24 13:33:46 2026] apple-drm soc:display-subsystem: apple_plane_atomic_check: plane=35 crtc=50 mode=3456x2160 fb=3456x2160 OK
[Thu Sep 24 13:33:46 2026] apple-drm soc:display-subsystem: apple_plane_atomic_check: plane=35 crtc=50 mode=3456x2160 fb=3456x2160 OK
[Thu Sep 24 13:33:46 2026] apple-drm soc:display-subsystem: apple_plane_atomic_check: plane=35 crtc=50 mode=3456x2160 fb=3456x2160 OK
[Thu Sep 24 13:33:46 2026] apple-drm soc:display-subsystem: apple_plane_atomic_check: plane=35 crtc=50 mode=3456x2160 fb=3456x2160 OK
[Thu Sep 24 13:33:46 2026] apple-drm soc:display-subsystem: apple_plane_atomic_check: plane=35 crtc=50 mode=3456x2160 fb=3456x2160 OK
[Thu Sep 24 13:33:46 2026] apple-drm soc:display-subsystem: apple_plane_atomic_check: plane=35 crtc=50 mode=3456x2160 fb=3456x2160 OK
[Thu Sep 24 13:33:46 2026] apple-drm soc:display-subsystem: apple_plane_atomic_check: plane=35 crtc=50 mode=3456x2160 fb=3456x2160 OK
[Thu Sep 24 13:33:46 2026] apple-drm soc:display-subsystem: apple_plane_atomic_check: plane=35 crtc=50 mode=3456x2160 fb=3456x2160 OK
[Thu Sep 24 13:33:46 2026] apple-drm soc:display-subsystem: apple_plane_atomic_check: plane=35 crtc=50 mode=3456x2160 fb=3456x2160 OK
[Thu Sep 24 13:33:46 2026] apple-drm soc:display-subsystem: apple_plane_atomic_check: plane=35 crtc=50 mode=3456x2160 fb=3456x2160 OK
[Thu Sep 24 13:33:47 2026] apple-drm soc:display-subsystem: apple_plane_atomic_check: plane=35 crtc=50 mode=3456x2160 fb=3456x2160 OK
[Thu Sep 24 13:33:47 2026] apple-drm soc:display-subsystem: apple_plane_atomic_check: plane=35 crtc=50 mode=3456x2160 fb=3456x2160 OK
[Thu Sep 24 13:33:47 2026] apple-drm soc:display-subsystem: apple_plane_atomic_check: plane=35 crtc=50 mode=3456x2160 fb=3456x2160 OK
[Thu Sep 24 13:33:47 2026] apple-drm soc:display-subsystem: apple_plane_atomic_check: plane=35 crtc=50 mode=3456x2160 fb=3456x2160 OK
[Thu Sep 24 13:33:47 2026] apple-drm soc:display-subsystem: apple_plane_atomic_check: plane=35 crtc=50 mode=3456x2160 fb=3456x2160 OK
[Thu Sep 24 13:33:47 2026] apple-drm soc:display-subsystem: apple_plane_atomic_check: plane=35 crtc=50 mode=3456x2160 fb=3456x2160 OK
[Thu Sep 24 13:33:47 2026] apple-drm soc:display-subsystem: apple_plane_atomic_check: plane=35 crtc=50 mode=3456x2160 fb=3456x2160 OK
[Thu Sep 24 13:33:47 2026] apple-drm soc:display-subsystem: apple_plane_atomic_check: plane=35 crtc=50 mode=3456x2160 fb=3456x2160 OK
[Thu Sep 24 13:33:47 2026] apple-drm soc:display-subsystem: apple_plane_atomic_check: plane=35 crtc=50 mode=3456x2160 fb=3456x2160 OK
[Thu Sep 24 13:33:47 2026] apple-drm soc:display-subsystem: apple_plane_atomic_check: plane=35 crtc=50 mode=3456x2160 fb=3456x2160 OK
[Thu Sep 24 13:33:47 2026] apple-drm soc:display-subsystem: apple_plane_atomic_check: plane=35 crtc=50 mode=3456x2160 fb=3456x2160 OK
[Thu Sep 24 13:33:47 2026] apple-drm soc:display-subsystem: apple_plane_atomic_check: plane=35 crtc=50 mode=3456x2160 fb=3456x2160 OK
[Thu Sep 24 13:33:47 2026] apple-drm soc:display-subsystem: apple_plane_atomic_check: plane=35 crtc=50 mode=3456x2160 fb=3456x2160 OK
[Thu Sep 24 13:33:47 2026] apple-drm soc:display-subsystem: apple_plane_atomic_check: plane=35 crtc=50 mode=3456x2160 fb=3456x2160 OK
[Thu Sep 24 13:33:47 2026] apple-drm soc:display-subsystem: apple_plane_atomic_check: plane=35 crtc=50 mode=3456x2160 fb=3456x2160 OK
[Thu Sep 24 13:33:47 2026] apple-drm soc:display-subsystem: apple_plane_atomic_check: plane=35 crtc=50 mode=3456x2160 fb=3456x2160 OK
[Thu Sep 24 13:33:47 2026] apple-drm soc:display-subsystem: apple_plane_atomic_check: plane=35 crtc=50 mode=3456x2160 fb=3456x2160 OK
[Thu Sep 24 13:33:47 2026] apple-drm soc:display-subsystem: apple_plane_atomic_check: plane=35 crtc=50 mode=3456x2160 fb=3456x2160 OK
[Thu Sep 24 13:33:48 2026] apple-drm soc:display-subsystem: apple_plane_atomic_check: plane=35 crtc=50 mode=3456x2160 fb=3456x2160 OK
[Thu Sep 24 13:33:48 2026] apple-drm soc:display-subsystem: apple_plane_atomic_check: plane=35 crtc=50 mode=3456x2160 fb=3456x2160 OK
[Thu Sep 24 13:33:48 2026] apple-drm soc:display-subsystem: apple_plane_atomic_check: plane=35 crtc=50 mode=3456x2160 fb=3456x2160 OK
[Thu Sep 24 13:33:48 2026] apple-drm soc:display-subsystem: apple_plane_atomic_check: plane=35 crtc=50 mode=3456x2160 fb=3456x2160 OK
[Thu Sep 24 13:33:48 2026] apple-drm soc:display-subsystem: apple_plane_atomic_check: plane=35 crtc=50 mode=3456x2160 fb=3456x2160 OK
[Thu Sep 24 13:33:48 2026] apple-drm soc:display-subsystem: apple_plane_atomic_check: plane=35 crtc=50 mode=3456x2160 fb=3456x2160 OK
[Thu Sep 24 13:33:48 2026] apple-drm soc:display-subsystem: apple_plane_atomic_check: plane=35 crtc=50 mode=3456x2160 fb=3456x2160 OK
[Thu Sep 24 13:33:48 2026] apple-drm soc:display-subsystem: apple_plane_atomic_check: plane=35 crtc=50 mode=3456x2160 fb=3456x2160 OK
[Thu Sep 24 13:33:48 2026] apple-drm soc:display-subsystem: apple_plane_atomic_check: plane=35 crtc=50 mode=3456x2160 fb=3456x2160 OK
[Thu Sep 24 13:33:48 2026] apple-drm soc:display-subsystem: apple_plane_atomic_check: plane=35 crtc=50 mode=3456x2160 fb=3456x2160 OK
[Thu Sep 24 13:33:48 2026] apple-drm soc:display-subsystem: apple_plane_atomic_check: plane=35 crtc=50 mode=3456x2160 fb=3456x2160 OK
[Thu Sep 24 13:33:48 2026] apple-drm soc:display-subsystem: apple_plane_atomic_check: plane=35 crtc=50 mode=3456x2160 fb=3456x2160 OK
[Thu Sep 24 13:33:48 2026] apple-drm soc:display-subsystem: apple_plane_atomic_check: plane=35 crtc=50 mode=3456x2160 fb=3456x2160 OK
[Thu Sep 24 13:33:48 2026] apple-drm soc:display-subsystem: apple_plane_atomic_check: plane=35 crtc=50 mode=3456x2160 fb=3456x2160 OK
[Thu Sep 24 13:33:53 2026] apple-drm soc:display-subsystem: apple_plane_atomic_check: plane=35 crtc=50 mode=3456x2160 fb=3456x2160 OK
[Thu Sep 24 13:33:56 2026] apple-drm soc:display-subsystem: apple_plane_atomic_check: plane=35 crtc=50 mode=3456x2160 fb=3456x2160 OK
[Thu Sep 24 13:33:56 2026] apple-drm soc:display-subsystem: apple_plane_atomic_check: plane=35 crtc=50 mode=3456x2160 fb=3456x2160 OK
[Thu Sep 24 13:33:56 2026] thunderbolt-apple-acio f01ac0000.cio: RTKit: syslog message: high_speed_lane.c:289: Gen2/3 link error. lane=0, error=87
[Thu Sep 24 13:33:56 2026] thunderbolt-apple-acio f01ac0000.cio: RTKit: syslog message: high_speed_lane.c:289: Gen2/3 link error. lane=1, error=87
[Thu Sep 24 13:33:56 2026] thunderbolt-apple-acio f01ac0000.cio: RTKit: syslog message: high_speed_lane.c:289: Gen2/3 link error. lane=0, error=89
[Thu Sep 24 13:33:56 2026] thunderbolt-apple-acio f01ac0000.cio: RTKit: syslog message: high_speed_lane.c:289: Gen2/3 link error. lane=0, error=87
[Thu Sep 24 13:33:56 2026] thunderbolt-apple-acio f01ac0000.cio: RTKit: syslog message: high_speed_lane.c:289: Gen2/3 link error. lane=1, error=84
[Thu Sep 24 13:33:56 2026] thunderbolt-apple-acio f01ac0000.cio: RTKit: syslog message: high_speed_lane.c:289: Gen2/3 link error. lane=0, error=89
[Thu Sep 24 13:33:56 2026] thunderbolt-apple-acio f01ac0000.cio: RTKit: syslog message: high_speed_lane.c:289: Gen2/3 link error. lane=1, error=87
[Thu Sep 24 13:33:56 2026] thunderbolt-apple-acio f01ac0000.cio: RTKit: syslog message: high_speed_lane.c:289: Gen2/3 link error. lane=0, error=87
[Thu Sep 24 13:33:56 2026] thunderbolt-apple-acio f01ac0000.cio: RTKit: syslog message: high_speed_lane.c:289: Gen2/3 link error. lane=1, error=84
[Thu Sep 24 13:33:56 2026] thunderbolt-apple-acio f01ac0000.cio: RTKit: syslog message: high_speed_lane.c:289: Gen2/3 link error. lane=0, error=89
[Thu Sep 24 13:33:56 2026] thunderbolt-apple-acio f01ac0000.cio: RTKit: syslog message: high_speed_lane.c:289: Gen2/3 link error. lane=0, error=87
[Thu Sep 24 13:33:56 2026] thunderbolt-apple-acio f01ac0000.cio: RTKit: syslog message: high_speed_lane.c:289: Gen2/3 link error. lane=1, error=84
[Thu Sep 24 13:33:56 2026] thunderbolt-apple-acio f01ac0000.cio: RTKit: syslog message: high_speed_lane.c:289: Gen2/3 link error. lane=0, error=89
[Thu Sep 24 13:33:56 2026] thunderbolt-apple-acio f01ac0000.cio: RTKit: syslog message: high_speed_lane.c:289: Gen2/3 link error. lane=1, error=87
[Thu Sep 24 13:33:56 2026] thunderbolt-apple-acio f01ac0000.cio: RTKit: syslog message: high_speed_lane.c:289: Gen2/3 link error. lane=0, error=87
[Thu Sep 24 13:33:56 2026] thunderbolt-apple-acio f01ac0000.cio: RTKit: syslog message: high_speed_lane.c:289: Gen2/3 link error. lane=1, error=89
[Thu Sep 24 13:33:56 2026] thunderbolt-apple-acio f01ac0000.cio: RTKit: syslog message: high_speed_lane.c:289: Gen2/3 link error. lane=0, error=89
[Thu Sep 24 13:33:56 2026] thunderbolt-apple-acio f01ac0000.cio: RTKit: syslog message: high_speed_lane.c:289: Gen2/3 link error. lane=1, error=84
[Thu Sep 24 13:33:56 2026] thunderbolt-apple-acio f01ac0000.cio: RTKit: syslog message: high_speed_lane.c:289: Gen2/3 link error. lane=0, error=87
[Thu Sep 24 13:33:56 2026] thunderbolt-apple-acio f01ac0000.cio: RTKit: syslog message: high_speed_lane.c:289: Gen2/3 link error. lane=1, error=87
[Thu Sep 24 13:33:56 2026] thunderbolt-apple-acio f01ac0000.cio: RTKit: syslog message: high_speed_lane.c:289: Gen2/3 link error. lane=0, error=89
[Thu Sep 24 13:33:56 2026] thunderbolt-apple-acio f01ac0000.cio: RTKit: syslog message: high_speed_lane.c:289: Gen2/3 link error. lane=1, error=84
[Thu Sep 24 13:33:56 2026] thunderbolt-apple-acio f01ac0000.cio: RTKit: syslog message: high_speed_lane.c:289: Gen2/3 link error. lane=0, error=87
[Thu Sep 24 13:33:56 2026] thunderbolt-apple-acio f01ac0000.cio: RTKit: syslog message: high_speed_lane.c:289: Gen2/3 link error. lane=0, error=84
[Thu Sep 24 13:33:56 2026] thunderbolt-apple-acio f01ac0000.cio: RTKit: syslog message: high_speed_lane.c:289: Gen2/3 link error. lane=1, error=87
[Thu Sep 24 13:33:56 2026] thunderbolt-apple-acio f01ac0000.cio: RTKit: syslog message: high_speed_lane.c:289: Gen2/3 link error. lane=1, error=84
[Thu Sep 24 13:33:56 2026] thunderbolt-apple-acio f01ac0000.cio: RTKit: syslog message: high_speed_lane.c:289: Gen2/3 link error. lane=0, error=87
[Thu Sep 24 13:33:56 2026] thunderbolt-apple-acio f01ac0000.cio: RTKit: syslog message: lane_init.c:181: Entering Phase 1. action=2
[Thu Sep 24 13:33:56 2026] thunderbolt-apple-acio f01ac0000.cio: RTKit: syslog message: lane_init.c:78: Lane init parmas = 0x00000011
[Thu Sep 24 13:33:56 2026] thunderbolt-apple-acio f01ac0000.cio: RTKit: syslog message: lane_init.c:343: Entering Phase 2
[Thu Sep 24 13:33:56 2026] thunderbolt 0-0:1.1: retimer disconnected
[Thu Sep 24 13:33:56 2026] usb 1-1: USB disconnect, device number 2
[Thu Sep 24 13:33:56 2026] usb 1-1.1: USB disconnect, device number 3
[Thu Sep 24 13:33:57 2026] thunderbolt-apple-nhi f01f00000.nhi: DP IN tunnel routing: tunnel down
[Thu Sep 24 13:33:57 2026] apple-dcp 289c00000.dcp: DPTXPort: APCALL 21 (144 bytes)
[Thu Sep 24 13:33:57 2026] DPTXPort: apcall data: 00000000: 00 00 00 00 00 00 00 00 00 00 00 00 00 00 00 00  ................
[Thu Sep 24 13:33:57 2026] DPTXPort: apcall data: 00000010: ff ff ff 00 00 00 00 00 00 00 00 00 00 00 00 00  ................
[Thu Sep 24 13:33:57 2026] DPTXPort: apcall data: 00000020: 00 00 00 00 00 00 00 00 00 00 00 00 00 00 00 00  ................
[Thu Sep 24 13:33:57 2026] DPTXPort: apcall data: 00000030: 00 00 00 00 00 00 00 00 00 00 00 00 00 00 00 00  ................
[Thu Sep 24 13:33:57 2026] apple-dcp 289c00000.dcp: RTKit: syslog message: eoInterfaceIOAV.cpp:146: IOMFB: IOAVVideoInterface terminated
[Thu Sep 24 13:33:57 2026] apple-dcp 289c00000.dcp: RTKit: syslog message: oInterfaceIOAV.cpp:1094: void VideoInterfaceIOAV::unplug_gated(IOAVVideoInterface *): display HPD removed
[Thu Sep 24 13:33:57 2026] thunderbolt 0-1: device disconnected
[Thu Sep 24 13:33:57 2026] apple-dcp 289c00000.dcp: cb_hotplug() connected:0, valid_mode:0 nr_modes:22
[Thu Sep 24 13:33:57 2026] apple-dcp 289c00000.dcp: DPTXPort: APCALL 5 (16 bytes)
[Thu Sep 24 13:33:57 2026] DPTXPort: apcall data: 00000000: 00 00 00 00 00 00 00 00 00 00 00 00 00 00 00 00  ................
[Thu Sep 24 13:33:57 2026] apple-dcp 289c00000.dcp: DPTXPort: APCALL 12 (32 bytes)
[Thu Sep 24 13:33:57 2026] DPTXPort: apcall data: 00000000: 00 00 00 00 00 00 00 00 00 00 00 00 00 00 00 00  ................
[Thu Sep 24 13:33:57 2026] DPTXPort: apcall data: 00000010: 00 00 00 00 00 00 00 00 00 00 00 00 00 00 00 00  ................
[Thu Sep 24 13:33:57 2026] usb 1-1.2: USB disconnect, device number 4
[Thu Sep 24 13:33:57 2026] apple-dcp 289c00000.dcp: DPTXPort: APCALL 9 (32 bytes)
[Thu Sep 24 13:33:57 2026] DPTXPort: apcall data: 00000000: 00 00 00 00 00 00 00 00 00 00 00 00 00 00 00 00  ................
[Thu Sep 24 13:33:57 2026] DPTXPort: apcall data: 00000010: 00 00 00 00 00 00 00 00 00 00 00 00 00 00 00 00  ................
[Thu Sep 24 13:33:57 2026] apple-dcp 289c00000.dcp: DPTXPort: SET_LINK_RATE 0x0
[Thu Sep 24 13:33:57 2026] apple-display-crossbar f0304c000.mux: dpin0: crossbar link down (dispext=0 atc=0x1)
[Thu Sep 24 13:33:57 2026] apple-dcp 289c00000.dcp: DPTXPort: APCALL 6 (16 bytes)
[Thu Sep 24 13:33:57 2026] DPTXPort: apcall data: 00000000: 00 00 00 00 00 00 00 00 00 00 00 00 00 00 00 00  ................
[Thu Sep 24 13:33:57 2026] apple-dcp 289c00000.dcp: RTKit: syslog message: dpointInterface.cpp:606: [AFK][AFKMailboxSharedMemoryEndpointInterface:#78] if:3 inCmd:0 inResp:0 outRepErr:0 outCmdErr:0 t:3544361785
[Thu Sep 24 13:33:57 2026] apple-dcp 289c00000.dcp: RTKit: syslog message: dpointInterface.cpp:606: [AFK][AFKMailboxSharedMemoryEndpointInterface:#76] if:1 inCmd:1 inResp:1 outRepErr:0 outCmdErr:0 t:3544365217
[Thu Sep 24 13:33:57 2026] apple-drm soc:display-subsystem: apple_plane_atomic_check: plane=35 crtc=50 mode=3456x2160 fb=3456x2160 OK
[Thu Sep 24 13:33:57 2026] apple-dcp 289c00000.dcp: DPTXPort: APCALL 20 (16 bytes)
[Thu Sep 24 13:33:57 2026] DPTXPort: apcall data: 00000000: 00 00 00 00 00 00 00 00 00 00 00 00 00 00 00 00  ................
[Thu Sep 24 13:33:57 2026] apple-dcp 289c00000.dcp: DPTXPort: INACTIVE_SINK_DETECTED (keep waiting for lanes)
[Thu Sep 24 13:33:57 2026] apple-dcp 289c00000.dcp: dcp_dptx_disconnect(port=0)
[Thu Sep 24 13:33:57 2026] apple-dcp 289c00000.dcp: DPTX release_display: call #1 this boot caller=dcp_dptx_disconnect.isra.0+0x6c/0x8c [appledrm]
[Thu Sep 24 13:33:57 2026] apple-dcp 289c00000.dcp: DPTXPort: APCALL 1 (16 bytes)
[Thu Sep 24 13:33:57 2026] DPTXPort: apcall data: 00000000: 00 00 00 00 00 00 00 00 00 00 00 00 00 00 00 00  ................
[Thu Sep 24 13:33:57 2026] apple-dcp 289c00000.dcp: DPTXPort: DEACTIVATE
[Thu Sep 24 13:33:57 2026] apple-dcp 289c00000.dcp: DPTX release_display: call #1 result=0
[Thu Sep 24 13:33:57 2026] apple-display-crossbar f0304c000.mux: Switched dpin0 to disconnected state
[Thu Sep 24 13:33:57 2026] apple-display-crossbar f0304c000.mux: t602x idle: 000=00000000 004=000001ff 008=00000000 00c=00000000 014=000001ff 018=00000000 01c=00000000 024=00000111 028=00000000 02c=00000000 030=00000000 034=00000000 040=0005ad6b 044=02b5ad6b 048=00000000 04c=00000000 050=00000000 060=00000000 070=00000000
[Thu Sep 24 13:33:57 2026] apple-display-crossbar f0304c000.mux: t602x idle clk: 000=00000000 800=00000001 020=00000000 820=00000000 024=00000111 81c=00000111
[Thu Sep 24 13:33:57 2026] apple-drm soc:display-subsystem: apple_plane_atomic_check: plane=35 crtc=50 mode=3456x2160 fb=3456x2160 OK
[Thu Sep 24 13:33:57 2026] apple-drm soc:display-subsystem: apple_plane_atomic_check: plane=35 crtc=50 mode=3456x2160 fb=3456x2160 OK
[Thu Sep 24 13:33:57 2026] apple-drm soc:display-subsystem: apple_plane_atomic_check: plane=35 crtc=50 mode=3456x2160 fb=3456x2160 OK
[Thu Sep 24 13:33:57 2026] apple-drm soc:display-subsystem: apple_plane_atomic_check: plane=35 crtc=50 mode=3456x2160 fb=3456x2160 OK
[Thu Sep 24 13:33:57 2026] apple-drm soc:display-subsystem: apple_plane_atomic_check: plane=35 crtc=50 mode=3456x2160 fb=3456x2160 OK
[Thu Sep 24 13:33:57 2026] macsmc 2a2400000.smc: RTKit: syslog message: aceElec.cpp:1151: 	Elec: Elec Cause 0x0
[Thu Sep 24 13:33:57 2026] apple-drm soc:display-subsystem: apple_plane_atomic_check: plane=35 crtc=50 mode=3456x2160 fb=3456x2160 OK
[Thu Sep 24 13:33:57 2026] xhci-hcd xhci-hcd.3.auto: remove, state 4
[Thu Sep 24 13:33:57 2026] usb usb2: USB disconnect, device number 1
[Thu Sep 24 13:33:57 2026] usb 2-1: USB disconnect, device number 2
[Thu Sep 24 13:33:57 2026] xhci-hcd xhci-hcd.3.auto: USB bus 2 deregistered
[Thu Sep 24 13:33:57 2026] xhci-hcd xhci-hcd.3.auto: remove, state 4
[Thu Sep 24 13:33:57 2026] usb usb1: USB disconnect, device number 1
[Thu Sep 24 13:33:57 2026] xhci-hcd xhci-hcd.3.auto: USB bus 1 deregistered
[Thu Sep 24 13:33:57 2026] phy-apple-atc f03000000.phy: Pipehandler lock not acked.
[Thu Sep 24 13:33:57 2026] phy-apple-atc f03000000.phy: Failed to lock pipehandler
[Thu Sep 24 13:33:57 2026] apple-dcp 315c00000.dcp: typec mux set typec2 alt=0000000000000000 svid=0000 mode=0 dp=0 usb4=0 tbt=0
[Thu Sep 24 13:33:57 2026] apple-drm soc:display-subsystem: apple_plane_atomic_check: plane=35 crtc=50 mode=3456x2160 fb=3456x2160 OK
[Thu Sep 24 13:33:59 2026] apple-drm soc:display-subsystem: apple_plane_atomic_check: plane=35 crtc=50 mode=3456x2160 fb=3456x2160 OK
[Thu Sep 24 13:34:00 2026] apple-drm soc:display-subsystem: apple_plane_atomic_check: plane=35 crtc=50 mode=3456x2160 fb=3456x2160 OK
[Thu Sep 24 13:34:00 2026] macsmc 2a2400000.smc: RTKit: syslog message: aceElec.cpp:1151: 	Elec: Elec Cause 0x0
[Thu Sep 24 13:34:00 2026] apple-drm soc:display-subsystem: apple_plane_atomic_check: plane=35 crtc=50 mode=3456x2160 fb=3456x2160 OK
[Thu Sep 24 13:34:01 2026] macsmc 2a2400000.smc: RTKit: syslog message: aceElec.cpp:1151: 	Elec: Elec Cause 0x200000
[Thu Sep 24 13:34:01 2026] apple-drm soc:display-subsystem: apple_plane_atomic_check: plane=35 crtc=50 mode=3456x2160 fb=3456x2160 OK
[Thu Sep 24 13:34:01 2026] apple-drm soc:display-subsystem: apple_plane_atomic_check: plane=35 crtc=50 mode=3456x2160 fb=3456x2160 OK
[Thu Sep 24 13:34:01 2026] macsmc 2a2400000.smc: RTKit: syslog message: aceElec.cpp:1151: 	Elec: Elec Cause 0x8020
[Thu Sep 24 13:34:01 2026] macsmc 2a2400000.smc: RTKit: syslog message: aceElec.cpp:1151: 	Elec: Elec Cause 0x0
[Thu Sep 24 13:34:01 2026] macsmc 2a2400000.smc: RTKit: syslog message: charger.cpp:3180: Not charging:400001
[Thu Sep 24 13:34:01 2026] apple-dcp 315c00000.dcp: typec mux set typec2 alt=0000000000000000 svid=0000 mode=4 dp=0 usb4=1 tbt=0
[Thu Sep 24 13:34:01 2026] thunderbolt-apple-acio f01ac0000.cio: RTKit: Initializing (protocol version 12)
[Thu Sep 24 13:34:01 2026] thunderbolt-apple-acio f01ac0000.cio: RTKit: syslog message: main.c:60: #ACIO FW IS READY# FW_VERSION_STRING=AppleCIOFirmware-475~290__2026-04-18-18:18
[Thu Sep 24 13:34:01 2026] thunderbolt-apple-acio f01ac0000.cio: RTKit: syslog message: main.c:61: FW state=1
[Thu Sep 24 13:34:01 2026] apple-dart f01a80000.iommu: DART [pagesize 4000, 16 streams, bypass support: 1, bypass forced: 0, locked: 0, AS 42 -> 42] initialized
[Thu Sep 24 13:34:01 2026] thunderbolt-apple-nhi f01f00000.nhi: device links to tunneled native ports are missing!
[Thu Sep 24 13:34:01 2026] thunderbolt-apple-acio f01ac0000.cio: RTKit: syslog message: lane_init.c:181: Entering Phase 1. action=0
[Thu Sep 24 13:34:01 2026] thunderbolt-apple-acio f01ac0000.cio: RTKit: syslog message: lane_init.c:78: Lane init parmas = 0x00000011
[Thu Sep 24 13:34:01 2026] xhci-hcd xhci-hcd.3.auto: xHCI Host Controller
[Thu Sep 24 13:34:01 2026] xhci-hcd xhci-hcd.3.auto: new USB bus registered, assigned bus number 1
[Thu Sep 24 13:34:01 2026] xhci-hcd xhci-hcd.3.auto: hcc params 0x0238ffcd hci version 0x110 quirks 0x0000808000000010
[Thu Sep 24 13:34:01 2026] xhci-hcd xhci-hcd.3.auto: irq 167, io mem 0xf02280000
[Thu Sep 24 13:34:01 2026] xhci-hcd xhci-hcd.3.auto: xHCI Host Controller
[Thu Sep 24 13:34:01 2026] xhci-hcd xhci-hcd.3.auto: new USB bus registered, assigned bus number 2
[Thu Sep 24 13:34:01 2026] xhci-hcd xhci-hcd.3.auto: Host supports USB 3.1 Enhanced SuperSpeed
[Thu Sep 24 13:34:01 2026] usb usb1: New USB device found, idVendor=1d6b, idProduct=0002, bcdDevice= 7.01
[Thu Sep 24 13:34:01 2026] usb usb1: New USB device strings: Mfr=3, Product=2, SerialNumber=1
[Thu Sep 24 13:34:01 2026] usb usb1: Product: xHCI Host Controller
[Thu Sep 24 13:34:01 2026] usb usb1: Manufacturer: Linux 7.1.12-2.5-1-ARCH xhci-hcd
[Thu Sep 24 13:34:01 2026] usb usb1: SerialNumber: xhci-hcd.3.auto
[Thu Sep 24 13:34:01 2026] hub 1-0:1.0: USB hub found
[Thu Sep 24 13:34:01 2026] hub 1-0:1.0: 1 port detected
[Thu Sep 24 13:34:01 2026] usb usb2: We don't know the algorithms for LPM for this host, disabling LPM.
[Thu Sep 24 13:34:01 2026] usb usb2: New USB device found, idVendor=1d6b, idProduct=0003, bcdDevice= 7.01
[Thu Sep 24 13:34:01 2026] usb usb2: New USB device strings: Mfr=3, Product=2, SerialNumber=1
[Thu Sep 24 13:34:01 2026] usb usb2: Product: xHCI Host Controller
[Thu Sep 24 13:34:01 2026] usb usb2: Manufacturer: Linux 7.1.12-2.5-1-ARCH xhci-hcd
[Thu Sep 24 13:34:01 2026] usb usb2: SerialNumber: xhci-hcd.3.auto
[Thu Sep 24 13:34:01 2026] hub 2-0:1.0: USB hub found
[Thu Sep 24 13:34:01 2026] hub 2-0:1.0: 1 port detected
[Thu Sep 24 13:34:01 2026] thunderbolt-apple-acio f01ac0000.cio: RTKit: syslog message: lane_init.c:343: Entering Phase 2
[Thu Sep 24 13:34:01 2026] thunderbolt-apple-acio f01ac0000.cio: RTKit: syslog message: lane_init.c:396: Entering Phase 3
[Thu Sep 24 13:34:01 2026] thunderbolt-apple-acio f01ac0000.cio: RTKit: syslog message: lane_init.c:882: Got AT register 12. 3 bytes. 0x00 0xf3 0x5f
[Thu Sep 24 13:34:01 2026] thunderbolt-apple-acio f01ac0000.cio: RTKit: syslog message: lane_init.c:1024: Entering Connected
[Thu Sep 24 13:34:01 2026] thunderbolt-apple-acio f01ac0000.cio: RTKit: syslog message: high_speed_lane.c:2212: RT Broadcast LOCAL: gen=2, legacy=0, rs_fec=1, usb4=1, l0_en=1, l1_en=1
[Thu Sep 24 13:34:01 2026] thunderbolt-apple-acio f01ac0000.cio: RTKit: syslog message: high_speed_lane.c:2212: RT Broadcast LOCAL: gen=2, legacy=0, rs_fec=1, usb4=1, l0_en=1, l1_en=1
[Thu Sep 24 13:34:01 2026] thunderbolt-apple-acio f01ac0000.cio: RTKit: syslog message: high_speed_lane.c:2219: RT Broadcast REMOTE: gen=2, legacy=0, rs_fec=1, usb4=1, l0_en=1, l1_en=1
[Thu Sep 24 13:34:01 2026] thunderbolt-apple-acio f01ac0000.cio: RTKit: syslog message: high_speed_lane.c:2219: RT Broadcast REMOTE: gen=2, legacy=0, rs_fec=1, usb4=1, l0_en=1, l1_en=1
[Thu Sep 24 13:34:02 2026] thunderbolt-apple-acio f01ac0000.cio: RTKit: syslog message: high_speed_lane.c:289: Gen2/3 link error. lane=0, error=84
[Thu Sep 24 13:34:02 2026] thunderbolt-apple-acio f01ac0000.cio: RTKit: syslog message: high_speed_lane.c:289: Gen2/3 link error. lane=1, error=84
[Thu Sep 24 13:34:02 2026] thunderbolt-apple-acio f01ac0000.cio: RTKit: syslog message: lane_training_cl0.c:24: Gen2/3 lane=0 entered CL0!
[Thu Sep 24 13:34:02 2026] thunderbolt-apple-acio f01ac0000.cio: RTKit: syslog message: lane_training_cl0.c:24: Gen2/3 lane=1 entered CL0!
[Thu Sep 24 13:34:02 2026] thunderbolt 0-1: new device found, vendor=0x5a device=0xde81
[Thu Sep 24 13:34:02 2026] thunderbolt 0-1: Other World Computing Thunderbolt 5 Hub
[Thu Sep 24 13:34:02 2026] usb 1-1: new high-speed USB device number 2 using xhci-hcd
[Thu Sep 24 13:34:02 2026] thunderbolt 0-0:1.1: new retimer found, vendor=0x5ac device=0x2200
[Thu Sep 24 13:34:02 2026] usb 1-1: New USB device found, idVendor=1d5c, idProduct=5801, bcdDevice= 1.01
[Thu Sep 24 13:34:02 2026] usb 1-1: New USB device strings: Mfr=1, Product=2, SerialNumber=0
[Thu Sep 24 13:34:02 2026] usb 1-1: Product: USB2.0 Hub
[Thu Sep 24 13:34:02 2026] usb 1-1: Manufacturer: Fresco Logic, Inc.
[Thu Sep 24 13:34:02 2026] hub 1-1:1.0: USB hub found
[Thu Sep 24 13:34:02 2026] hub 1-1:1.0: 5 ports detected
[Thu Sep 24 13:34:02 2026] apple-drm soc:display-subsystem: apple_plane_atomic_check: plane=35 crtc=50 mode=3456x2160 fb=3456x2160 OK
[Thu Sep 24 13:34:02 2026] apple-drm soc:display-subsystem: apple_plane_atomic_check: plane=35 crtc=50 mode=3456x2160 fb=3456x2160 OK
[Thu Sep 24 13:34:02 2026] apple-drm soc:display-subsystem: apple_plane_atomic_check: plane=35 crtc=50 mode=3456x2160 fb=3456x2160 OK
[Thu Sep 24 13:34:02 2026] apple-drm soc:display-subsystem: apple_plane_atomic_check: plane=35 crtc=50 mode=3456x2160 fb=3456x2160 OK
[Thu Sep 24 13:34:02 2026] thunderbolt-apple-acio f01ac0000.cio: RTKit: syslog message: clx.c:776: CLX CFG: clx_en changed 0x0 --> 0x0
[Thu Sep 24 13:34:02 2026] apple-drm soc:display-subsystem: apple_plane_atomic_check: plane=35 crtc=50 mode=3456x2160 fb=3456x2160 OK
[Thu Sep 24 13:34:02 2026] thunderbolt-apple-acio f01ac0000.cio: RTKit: syslog message: clx.c:776: CLX CFG: clx_en changed 0x0 --> 0x3
[Thu Sep 24 13:34:02 2026] apple-drm soc:display-subsystem: apple_plane_atomic_check: plane=35 crtc=50 mode=3456x2160 fb=3456x2160 OK
[Thu Sep 24 13:34:02 2026] apple-drm soc:display-subsystem: apple_plane_atomic_check: plane=35 crtc=50 mode=3456x2160 fb=3456x2160 OK
[Thu Sep 24 13:34:02 2026] apple-drm soc:display-subsystem: apple_plane_atomic_check: plane=35 crtc=50 mode=3456x2160 fb=3456x2160 OK
[Thu Sep 24 13:34:02 2026] apple-drm soc:display-subsystem: apple_plane_atomic_check: plane=35 crtc=50 mode=3456x2160 fb=3456x2160 OK
[Thu Sep 24 13:34:02 2026] apple-drm soc:display-subsystem: apple_plane_atomic_check: plane=35 crtc=50 mode=3456x2160 fb=3456x2160 OK
[Thu Sep 24 13:34:02 2026] apple-drm soc:display-subsystem: apple_plane_atomic_check: plane=35 crtc=50 mode=3456x2160 fb=3456x2160 OK
[Thu Sep 24 13:34:02 2026] apple-drm soc:display-subsystem: apple_plane_atomic_check: plane=35 crtc=50 mode=3456x2160 fb=3456x2160 OK
[Thu Sep 24 13:34:02 2026] apple-drm soc:display-subsystem: apple_plane_atomic_check: plane=35 crtc=50 mode=3456x2160 fb=3456x2160 OK
[Thu Sep 24 13:34:02 2026] apple-drm soc:display-subsystem: apple_plane_atomic_check: plane=35 crtc=50 mode=3456x2160 fb=3456x2160 OK
[Thu Sep 24 13:34:02 2026] apple-drm soc:display-subsystem: apple_plane_atomic_check: plane=35 crtc=50 mode=3456x2160 fb=3456x2160 OK
[Thu Sep 24 13:34:02 2026] apple-drm soc:display-subsystem: apple_plane_atomic_check: plane=35 crtc=50 mode=3456x2160 fb=3456x2160 OK
[Thu Sep 24 13:34:02 2026] apple-drm soc:display-subsystem: apple_plane_atomic_check: plane=35 crtc=50 mode=3456x2160 fb=3456x2160 OK
[Thu Sep 24 13:34:02 2026] apple-drm soc:display-subsystem: apple_plane_atomic_check: plane=35 crtc=50 mode=3456x2160 fb=3456x2160 OK
[Thu Sep 24 13:34:02 2026] apple-drm soc:display-subsystem: apple_plane_atomic_check: plane=35 crtc=50 mode=3456x2160 fb=3456x2160 OK
[Thu Sep 24 13:34:02 2026] apple-drm soc:display-subsystem: apple_plane_atomic_check: plane=35 crtc=50 mode=3456x2160 fb=3456x2160 OK
[Thu Sep 24 13:34:02 2026] apple-drm soc:display-subsystem: apple_plane_atomic_check: plane=35 crtc=50 mode=3456x2160 fb=3456x2160 OK
[Thu Sep 24 13:34:02 2026] apple-drm soc:display-subsystem: apple_plane_atomic_check: plane=35 crtc=50 mode=3456x2160 fb=3456x2160 OK
[Thu Sep 24 13:34:02 2026] apple-drm soc:display-subsystem: apple_plane_atomic_check: plane=35 crtc=50 mode=3456x2160 fb=3456x2160 OK
[Thu Sep 24 13:34:02 2026] apple-drm soc:display-subsystem: apple_plane_atomic_check: plane=35 crtc=50 mode=3456x2160 fb=3456x2160 OK
[Thu Sep 24 13:34:02 2026] apple-drm soc:display-subsystem: apple_plane_atomic_check: plane=35 crtc=50 mode=3456x2160 fb=3456x2160 OK
[Thu Sep 24 13:34:02 2026] apple-drm soc:display-subsystem: apple_plane_atomic_check: plane=35 crtc=50 mode=3456x2160 fb=3456x2160 OK
[Thu Sep 24 13:34:02 2026] apple-drm soc:display-subsystem: apple_plane_atomic_check: plane=35 crtc=50 mode=3456x2160 fb=3456x2160 OK
[Thu Sep 24 13:34:02 2026] apple-drm soc:display-subsystem: apple_plane_atomic_check: plane=35 crtc=50 mode=3456x2160 fb=3456x2160 OK
[Thu Sep 24 13:34:02 2026] apple-drm soc:display-subsystem: apple_plane_atomic_check: plane=35 crtc=50 mode=3456x2160 fb=3456x2160 OK
[Thu Sep 24 13:34:02 2026] apple-drm soc:display-subsystem: apple_plane_atomic_check: plane=35 crtc=50 mode=3456x2160 fb=3456x2160 OK
[Thu Sep 24 13:34:02 2026] apple-drm soc:display-subsystem: apple_plane_atomic_check: plane=35 crtc=50 mode=3456x2160 fb=3456x2160 OK
[Thu Sep 24 13:34:02 2026] apple-drm soc:display-subsystem: apple_plane_atomic_check: plane=35 crtc=50 mode=3456x2160 fb=3456x2160 OK
[Thu Sep 24 13:34:02 2026] apple-drm soc:display-subsystem: apple_plane_atomic_check: plane=35 crtc=50 mode=3456x2160 fb=3456x2160 OK
[Thu Sep 24 13:34:02 2026] apple-drm soc:display-subsystem: apple_plane_atomic_check: plane=35 crtc=50 mode=3456x2160 fb=3456x2160 OK
[Thu Sep 24 13:34:02 2026] apple-drm soc:display-subsystem: apple_plane_atomic_check: plane=35 crtc=50 mode=3456x2160 fb=3456x2160 OK
[Thu Sep 24 13:34:02 2026] apple-drm soc:display-subsystem: apple_plane_atomic_check: plane=35 crtc=50 mode=3456x2160 fb=3456x2160 OK
[Thu Sep 24 13:34:02 2026] apple-drm soc:display-subsystem: apple_plane_atomic_check: plane=35 crtc=50 mode=3456x2160 fb=3456x2160 OK
[Thu Sep 24 13:34:02 2026] apple-drm soc:display-subsystem: apple_plane_atomic_check: plane=35 crtc=50 mode=3456x2160 fb=3456x2160 OK
[Thu Sep 24 13:34:02 2026] apple-drm soc:display-subsystem: apple_plane_atomic_check: plane=35 crtc=50 mode=3456x2160 fb=3456x2160 OK
[Thu Sep 24 13:34:02 2026] apple-drm soc:display-subsystem: apple_plane_atomic_check: plane=35 crtc=50 mode=3456x2160 fb=3456x2160 OK
[Thu Sep 24 13:34:02 2026] apple-drm soc:display-subsystem: apple_plane_atomic_check: plane=35 crtc=50 mode=3456x2160 fb=3456x2160 OK
[Thu Sep 24 13:34:02 2026] apple-drm soc:display-subsystem: apple_plane_atomic_check: plane=35 crtc=50 mode=3456x2160 fb=3456x2160 OK
[Thu Sep 24 13:34:02 2026] apple-drm soc:display-subsystem: apple_plane_atomic_check: plane=35 crtc=50 mode=3456x2160 fb=3456x2160 OK
[Thu Sep 24 13:34:02 2026] thunderbolt-apple-acio f01ac0000.cio: RTKit: syslog message: iguration_space_tx.c:57: TX path: src port=14, null port=0, hopid=8
[Thu Sep 24 13:34:02 2026] thunderbolt-apple-acio f01ac0000.cio: RTKit: syslog message: ration_space_null.c:140: RX path: null port=0, queue=1, target port=14, hopid=8
[Thu Sep 24 13:34:02 2026] thunderbolt-apple-acio f01ac0000.cio: RTKit: syslog message: iguration_space_tx.c:57: TX path: src port=13, null port=0, hopid=9
[Thu Sep 24 13:34:02 2026] thunderbolt-apple-acio f01ac0000.cio: RTKit: syslog message: ration_space_null.c:140: RX path: null port=0, queue=2, target port=13, hopid=8
[Thu Sep 24 13:34:02 2026] thunderbolt-apple-acio f01ac0000.cio: error -ENODEV: PCIe-C requires a successful m1n1 preinit handoff
[Thu Sep 24 13:34:02 2026] thunderbolt-apple-acio f01ac0000.cio: deferred PCIe-C activation failed: -19
[Thu Sep 24 13:34:02 2026] apple-drm soc:display-subsystem: apple_plane_atomic_check: plane=35 crtc=50 mode=3456x2160 fb=3456x2160 OK
[Thu Sep 24 13:34:02 2026] apple-drm soc:display-subsystem: apple_plane_atomic_check: plane=35 crtc=50 mode=3456x2160 fb=3456x2160 OK
[Thu Sep 24 13:34:02 2026] apple-drm soc:display-subsystem: apple_plane_atomic_check: plane=35 crtc=50 mode=3456x2160 fb=3456x2160 OK
[Thu Sep 24 13:34:02 2026] apple-drm soc:display-subsystem: apple_plane_atomic_check: plane=35 crtc=50 mode=3456x2160 fb=3456x2160 OK
[Thu Sep 24 13:34:02 2026] apple-drm soc:display-subsystem: apple_plane_atomic_check: plane=35 crtc=50 mode=3456x2160 fb=3456x2160 OK
[Thu Sep 24 13:34:02 2026] apple-drm soc:display-subsystem: apple_plane_atomic_check: plane=35 crtc=50 mode=3456x2160 fb=3456x2160 OK
[Thu Sep 24 13:34:02 2026] apple-drm soc:display-subsystem: apple_plane_atomic_check: plane=35 crtc=50 mode=3456x2160 fb=3456x2160 OK
[Thu Sep 24 13:34:02 2026] apple-drm soc:display-subsystem: apple_plane_atomic_check: plane=35 crtc=50 mode=3456x2160 fb=3456x2160 OK
[Thu Sep 24 13:34:02 2026] apple-drm soc:display-subsystem: apple_plane_atomic_check: plane=35 crtc=50 mode=3456x2160 fb=3456x2160 OK
[Thu Sep 24 13:34:02 2026] apple-drm soc:display-subsystem: apple_plane_atomic_check: plane=35 crtc=50 mode=3456x2160 fb=3456x2160 OK
[Thu Sep 24 13:34:02 2026] apple-drm soc:display-subsystem: apple_plane_atomic_check: plane=35 crtc=50 mode=3456x2160 fb=3456x2160 OK
[Thu Sep 24 13:34:02 2026] apple-drm soc:display-subsystem: apple_plane_atomic_check: plane=35 crtc=50 mode=3456x2160 fb=3456x2160 OK
[Thu Sep 24 13:34:02 2026] usb 1-1.1: new full-speed USB device number 3 using xhci-hcd
[Thu Sep 24 13:34:02 2026] usb 1-1.1: New USB device found, idVendor=1e91, idProduct=de81, bcdDevice= 0.04
[Thu Sep 24 13:34:02 2026] usb 1-1.1: New USB device strings: Mfr=1, Product=2, SerialNumber=3
[Thu Sep 24 13:34:02 2026] usb 1-1.1: Product: Thunderbolt 5 Hub
[Thu Sep 24 13:34:02 2026] usb 1-1.1: Manufacturer: Other World Computing
[Thu Sep 24 13:34:02 2026] usb 1-1.1: SerialNumber: 0052
[Thu Sep 24 13:34:03 2026] usb 1-1.2: new high-speed USB device number 4 using xhci-hcd
[Thu Sep 24 13:34:03 2026] apple-drm soc:display-subsystem: apple_plane_atomic_check: plane=35 crtc=50 mode=3456x2160 fb=3456x2160 OK
[Thu Sep 24 13:34:03 2026] apple-drm soc:display-subsystem: apple_plane_atomic_check: plane=35 crtc=50 mode=3456x2160 fb=3456x2160 OK
[Thu Sep 24 13:34:03 2026] apple-drm soc:display-subsystem: apple_plane_atomic_check: plane=35 crtc=50 mode=3456x2160 fb=3456x2160 OK
[Thu Sep 24 13:34:03 2026] apple-drm soc:display-subsystem: apple_plane_atomic_check: plane=35 crtc=50 mode=3456x2160 fb=3456x2160 OK
[Thu Sep 24 13:34:03 2026] apple-drm soc:display-subsystem: apple_plane_atomic_check: plane=35 crtc=50 mode=3456x2160 fb=3456x2160 OK
[Thu Sep 24 13:34:03 2026] apple-drm soc:display-subsystem: apple_plane_atomic_check: plane=35 crtc=50 mode=3456x2160 fb=3456x2160 OK
[Thu Sep 24 13:34:03 2026] apple-drm soc:display-subsystem: apple_plane_atomic_check: plane=35 crtc=50 mode=3456x2160 fb=3456x2160 OK
[Thu Sep 24 13:34:03 2026] apple-drm soc:display-subsystem: apple_plane_atomic_check: plane=35 crtc=50 mode=3456x2160 fb=3456x2160 OK
[Thu Sep 24 13:34:03 2026] apple-drm soc:display-subsystem: apple_plane_atomic_check: plane=35 crtc=50 mode=3456x2160 fb=3456x2160 OK
[Thu Sep 24 13:34:03 2026] apple-drm soc:display-subsystem: apple_plane_atomic_check: plane=35 crtc=50 mode=3456x2160 fb=3456x2160 OK
[Thu Sep 24 13:34:03 2026] apple-drm soc:display-subsystem: apple_plane_atomic_check: plane=35 crtc=50 mode=3456x2160 fb=3456x2160 OK
[Thu Sep 24 13:34:03 2026] apple-drm soc:display-subsystem: apple_plane_atomic_check: plane=35 crtc=50 mode=3456x2160 fb=3456x2160 OK
[Thu Sep 24 13:34:03 2026] apple-drm soc:display-subsystem: apple_plane_atomic_check: plane=35 crtc=50 mode=3456x2160 fb=3456x2160 OK
[Thu Sep 24 13:34:03 2026] apple-drm soc:display-subsystem: apple_plane_atomic_check: plane=35 crtc=50 mode=3456x2160 fb=3456x2160 OK
[Thu Sep 24 13:34:03 2026] apple-drm soc:display-subsystem: apple_plane_atomic_check: plane=35 crtc=50 mode=3456x2160 fb=3456x2160 OK
[Thu Sep 24 13:34:03 2026] usb 1-1.2: New USB device found, idVendor=06cb, idProduct=7100, bcdDevice= 1.c4
[Thu Sep 24 13:34:03 2026] usb 1-1.2: New USB device strings: Mfr=1, Product=2, SerialNumber=3
[Thu Sep 24 13:34:03 2026] usb 1-1.2: Product: VMM7100
[Thu Sep 24 13:34:03 2026] usb 1-1.2: Manufacturer: Synaptics
[Thu Sep 24 13:34:03 2026] usb 1-1.2: SerialNumber: 000000000000
[Thu Sep 24 13:34:03 2026] usbhid 1-1.2:1.0: couldn't find an input interrupt endpoint
[Thu Sep 24 13:34:03 2026] usb 2-1: new SuperSpeed Plus Gen 2x1 USB device number 2 using xhci-hcd
[Thu Sep 24 13:34:03 2026] usb 2-1: New USB device found, idVendor=8087, idProduct=5787, bcdDevice= 0.00
[Thu Sep 24 13:34:03 2026] usb 2-1: New USB device strings: Mfr=1, Product=2, SerialNumber=0
[Thu Sep 24 13:34:03 2026] usb 2-1: Product: USB3 HUB
[Thu Sep 24 13:34:03 2026] usb 2-1: Manufacturer: Intel Corporation
[Thu Sep 24 13:34:03 2026] hub 2-1:1.0: USB hub found
[Thu Sep 24 13:34:03 2026] hub 2-1:1.0: 4 ports detected
[Thu Sep 24 13:34:03 2026] apple-drm soc:display-subsystem: apple_plane_atomic_check: plane=35 crtc=50 mode=3456x2160 fb=3456x2160 OK
[Thu Sep 24 13:34:03 2026] apple-drm soc:display-subsystem: apple_plane_atomic_check: plane=35 crtc=50 mode=3456x2160 fb=3456x2160 OK
[Thu Sep 24 13:34:03 2026] apple-drm soc:display-subsystem: apple_plane_atomic_check: plane=35 crtc=50 mode=3456x2160 fb=3456x2160 OK
[Thu Sep 24 13:34:03 2026] apple-drm soc:display-subsystem: apple_plane_atomic_check: plane=35 crtc=50 mode=3456x2160 fb=3456x2160 OK
[Thu Sep 24 13:34:03 2026] apple-drm soc:display-subsystem: apple_plane_atomic_check: plane=35 crtc=50 mode=3456x2160 fb=3456x2160 OK
[Thu Sep 24 13:34:03 2026] apple-drm soc:display-subsystem: apple_plane_atomic_check: plane=35 crtc=50 mode=3456x2160 fb=3456x2160 OK
[Thu Sep 24 13:34:03 2026] thunderbolt-apple-acio f01ac0000.cio: RTKit: syslog message: iguration_space_tx.c:57: TX path: src port=15, null port=0, hopid=10
[Thu Sep 24 13:34:03 2026] thunderbolt-apple-acio f01ac0000.cio: RTKit: syslog message: iguration_space_tx.c:57: TX path: src port=16, null port=0, hopid=11
[Thu Sep 24 13:34:03 2026] thunderbolt-apple-acio f01ac0000.cio: RTKit: syslog message: ration_space_null.c:140: RX path: null port=0, queue=3, target port=16, hopid=8
[Thu Sep 24 13:34:03 2026] thunderbolt-apple-nhi f01f00000.nhi: 0:5: USB4 DPTX Discovery closed (CS13 writable, CS9 static); AE=0 VE=0
[Thu Sep 24 13:34:04 2026] apple-drm soc:display-subsystem: apple_plane_atomic_check: plane=35 crtc=50 mode=3456x2160 fb=3456x2160 OK
[Thu Sep 24 13:34:04 2026] apple-drm soc:display-subsystem: apple_plane_atomic_check: plane=35 crtc=50 mode=3456x2160 fb=3456x2160 OK
[Thu Sep 24 13:34:04 2026] thunderbolt-apple-nhi f01f00000.nhi: 0:5: Apple: HPD propagated
[Thu Sep 24 13:34:04 2026] thunderbolt-apple-nhi f01f00000.nhi: 0:5: DP IN CS0=c0090400 CS1=00004008 CS2=241021c2 CS3=00000000 LOCAL=15402334 REMOTE=0547a135 STAT=24000000 COMMON=15402134 CS8=00000000 VE=1 AE=1 HPD=1 DPRX=0
[Thu Sep 24 13:34:04 2026] thunderbolt-apple-nhi f01f00000.nhi: 1:19: DP OUT CS0=c0090400 CS1=00004008 CS2=00000040 CS3=00000000 LOCAL=05c7a335 REMOTE=15402334 STAT=04000000 COMMON=05402334 CS8=00000000 VE=1 AE=1 HPD=1 DPRX=0
[Thu Sep 24 13:34:04 2026] thunderbolt-apple-nhi f01f00000.nhi: 0:5 <-> 1:19 (DP): Apple: DP IN HPD=1 typec=2 (DPTX should use this adapter, not ATC)
[Thu Sep 24 13:34:04 2026] thunderbolt-apple-nhi f01f00000.nhi: DP IN tunnel routing: tunnel 0:5 <-> 1:19
[Thu Sep 24 13:34:04 2026] thunderbolt-apple-acio f01ac0000.cio: ACIO RC ctrl 0x0: 000=00003010 004=00000011 018=00040000 01c=00000001 024=09600258 028=00000001 030=000007af 034=00000001 038=00000001 03c=52165298 040=00000037 044=00000001 048=00000001 060=00000001 064=00000001 068=00000001 070=00000001 074=00000001 078=00000003 0a8=01000000 0ac=04000001 0d0=00000062
[Thu Sep 24 13:34:04 2026] thunderbolt-apple-nhi f01f00000.nhi: 0: Apple VSE cap=53: 00=ca0005ff 01=00000011 02=00000000 03=00000000 04=00000000 05=00000000 06=00000000 07=00000000 08=00000000 09=00000000 0a=00000000 0b=00000000 0c=00000fff 0d=00000fff 0e=00000000 0f=00000000
[Thu Sep 24 13:34:04 2026] apple-dcp 289c00000.dcp: dcp_dptx_disconnect(port=0)
[Thu Sep 24 13:34:04 2026] apple-dcp 289c00000.dcp: allocated Type-C DPTX PHY 2
[Thu Sep 24 13:34:04 2026] apple-dcp 289c00000.dcp: display routed to Thunderbolt DP tunnel dpin0
[Thu Sep 24 13:34:04 2026] apple-dcp 289c00000.dcp: dcp_dptx_connect(port=0) target=0:2 dfp=1 typec=1 route=borrowed conn_type=20 connected=0
[Thu Sep 24 13:34:04 2026] apple-dcp 289c00000.dcp: DPTX validate: call #2 this boot target=0x8021 core=1 atc=2 die=0 attrs=0x101 caller=dcp_dptx_connect+0x130/0x344 [appledrm]
[Thu Sep 24 13:34:04 2026] apple-dcp 289c00000.dcp: DPTX connect: call #2 this boot target=0x8021 unk=0x101 caller=dcp_dptx_connect+0x188/0x344 [appledrm]
[Thu Sep 24 13:34:04 2026] apple-dcp 289c00000.dcp: DPTX request_display: call #2 this boot caller=dcp_dptx_connect+0x1bc/0x344 [appledrm]
[Thu Sep 24 13:34:04 2026] thunderbolt-apple-nhi f01f00000.nhi: 0:5: host DP IN type=0e0101 cap=9 CS0=c0090400 CS1=00004008 CS2=241021c2 CS3=00000000 LOCAL=15402334 REMOTE=0547a135 STAT=24000000 COMMON=15402134 CS8=00000000 CS9=41000553 CS10=00000000 ADP_CS4=0b300000 VE=1 AE=1 HPD=1 DPRX=0 LCK=0
[Thu Sep 24 13:34:04 2026] thunderbolt-apple-nhi f01f00000.nhi: 0:5: host DP IN CS11=00000000 CS12=00000000 CS13=00000000 CS14=00000000 CS15=00000000 CS16=00000000 disc=0
[Thu Sep 24 13:34:04 2026] apple-dcp 289c00000.dcp: RTKit: syslog message: AppleDCPDPTX.cpp:355: [AFK]powering nub 0x854670
[Thu Sep 24 13:34:04 2026] apple-dcp 289c00000.dcp: DPTXPort: APCALL 18 (32 bytes)
[Thu Sep 24 13:34:04 2026] DPTXPort: apcall data: 00000000: 00 00 00 00 00 00 00 00 00 00 00 00 00 00 00 00  ................
[Thu Sep 24 13:34:04 2026] DPTXPort: apcall data: 00000010: 00 00 00 00 00 00 00 00 00 00 00 00 00 00 00 00  ................
[Thu Sep 24 13:34:04 2026] apple-dcp 289c00000.dcp: DPTXPort: GET_SUPPORTS_HPD 1 usb4=1
[Thu Sep 24 13:34:04 2026] apple-dcp 289c00000.dcp: DPTXPort: APCALL 10 (32 bytes)
[Thu Sep 24 13:34:04 2026] DPTXPort: apcall data: 00000000: 00 00 00 00 00 00 00 00 00 00 00 00 00 00 00 00  ................
[Thu Sep 24 13:34:04 2026] DPTXPort: apcall data: 00000010: 00 00 00 00 00 00 00 00 00 00 00 00 00 00 00 00  ................
[Thu Sep 24 13:34:04 2026] apple-dcp 289c00000.dcp: DPTXPort: APCALL 0 (16 bytes)
[Thu Sep 24 13:34:04 2026] DPTXPort: apcall data: 00000000: 00 00 00 00 00 00 00 00 00 00 00 00 00 00 00 00  ................
[Thu Sep 24 13:34:04 2026] thunderbolt-apple-nhi f01f00000.nhi: 0:6: host DP IN type=0e0101 cap=9 CS0=00090400 CS1=00004008 CS2=00000000 CS3=00000000 LOCAL=15402334 REMOTE=00000000 STAT=00000000 COMMON=00000000 CS8=00000000 CS9=41000553 CS10=00000000 ADP_CS4=0b300000 VE=0 AE=0 HPD=0 DPRX=0 LCK=0
[Thu Sep 24 13:34:04 2026] thunderbolt-apple-nhi f01f00000.nhi: 0:6: host DP IN CS11=00000000 CS12=00000000 CS13=00000000 CS14=00000000 CS15=00000000 CS16=00000000 disc=0
[Thu Sep 24 13:34:04 2026] thunderbolt-apple-nhi f01f00000.nhi: 0:5: DP IN hop 8 enable=1 out=1 next=11 credits=1
[Thu Sep 24 13:34:04 2026] thunderbolt-apple-nhi f01f00000.nhi: 0:5: DP IN hop 9 enable=1 out=1 next=10 credits=0
[Thu Sep 24 13:34:04 2026] thunderbolt-apple-nhi f01f00000.nhi: 1:19: hub DP OUT type=0e0102 cap=57 CS0=c0090400 CS1=00004008 CS2=00000040 CS3=00000000 LOCAL=05c7a335 REMOTE=15402334 STAT=04000000 COMMON=05402334 CS8=00000000 CS9=00000000 CS10=00000000 ADP_CS4=40800000 VE=1 AE=1 HPD=1 DPRX=0 LCK=0
[Thu Sep 24 13:34:04 2026] thunderbolt-apple-nhi f01f00000.nhi: 1:19: hub DP OUT CS11=00000000 CS12=00000000 CS13=00000000 CS14=00000000 CS15=00000000 CS16=00000000 disc=0
[Thu Sep 24 13:34:04 2026] thunderbolt-apple-nhi f01f00000.nhi: 0:5 <-> 1:19 (DP): Apple: DP tunnel paths up, not waiting for DPRX
[Thu Sep 24 13:34:04 2026] thunderbolt-apple-acio f01ac0000.cio: dpin0: active handshake=0
[Thu Sep 24 13:34:04 2026] apple-dcp 289c00000.dcp: DPTX request_display: call #2 result=0
[Thu Sep 24 13:34:04 2026] apple-dcp 289c00000.dcp: RTKit: syslog message: DCPDP13Service.cpp:60: [AFK]version: 14
[Thu Sep 24 13:34:04 2026] apple-dcp 289c00000.dcp: RTKit: syslog message: DCPDPService.cpp:76: [AFK]version: 14
[Thu Sep 24 13:34:04 2026] apple-dcp 289c00000.dcp: AFK[ep:28]: new service DCPDP13Service on channel 5
[Thu Sep 24 13:34:04 2026] apple-dcp 289c00000.dcp: AFK[ep:28]: new service DCPDP13Service on channel 7
[Thu Sep 24 13:34:04 2026] apple-dcp 289c00000.dcp: DPTXPort: APCALL 21 (144 bytes)
[Thu Sep 24 13:34:04 2026] DPTXPort: apcall data: 00000000: 01 00 00 00 00 00 00 00 00 00 00 00 00 00 00 00  ................
[Thu Sep 24 13:34:04 2026] DPTXPort: apcall data: 00000010: ff ff ff 00 00 00 00 00 00 00 00 00 00 00 00 00  ................
[Thu Sep 24 13:34:04 2026] DPTXPort: apcall data: 00000020: 00 00 00 00 00 00 00 00 00 00 00 00 00 00 00 00  ................
[Thu Sep 24 13:34:04 2026] DPTXPort: apcall data: 00000030: 00 00 00 00 00 00 00 00 00 0a 00 00 a0 05 00 00  ................
[Thu Sep 24 13:34:04 2026] apple-dcp 289c00000.dcp: DPTXPort: APCALL 7 (32 bytes)
[Thu Sep 24 13:34:04 2026] DPTXPort: apcall data: 00000000: 00 00 00 00 00 00 00 00 00 00 00 00 00 00 00 00  ................
[Thu Sep 24 13:34:04 2026] DPTXPort: apcall data: 00000010: 00 00 00 00 00 00 00 00 00 00 00 00 00 00 00 00  ................
[Thu Sep 24 13:34:04 2026] apple-dcp 289c00000.dcp: DPTXPort: APCALL 13 (32 bytes)
[Thu Sep 24 13:34:04 2026] DPTXPort: apcall data: 00000000: 00 00 00 00 00 00 00 00 00 00 00 00 00 00 00 00  ................
[Thu Sep 24 13:34:04 2026] DPTXPort: apcall data: 00000010: 00 00 00 00 00 00 00 00 00 00 00 00 00 00 00 00  ................
[Thu Sep 24 13:34:04 2026] apple-dcp 289c00000.dcp: DPTXPort: APCALL 7 (32 bytes)
[Thu Sep 24 13:34:04 2026] DPTXPort: apcall data: 00000000: 00 00 00 00 00 00 00 00 00 00 00 00 00 00 00 00  ................
[Thu Sep 24 13:34:04 2026] DPTXPort: apcall data: 00000010: 00 00 00 00 00 00 00 00 00 00 00 00 00 00 00 00  ................
[Thu Sep 24 13:34:04 2026] apple-dcp 289c00000.dcp: DPTXPort: APCALL 15 (32 bytes)
[Thu Sep 24 13:34:04 2026] DPTXPort: apcall data: 00000000: 00 00 00 00 00 00 00 00 00 00 00 00 00 00 00 00  ................
[Thu Sep 24 13:34:04 2026] DPTXPort: apcall data: 00000010: 00 00 00 00 00 00 00 00 00 00 00 00 00 00 00 00  ................
[Thu Sep 24 13:34:04 2026] apple-dcp 289c00000.dcp: DPTXPort: APCALL 5 (16 bytes)
[Thu Sep 24 13:34:04 2026] DPTXPort: apcall data: 00000000: 00 00 00 00 00 00 00 00 00 00 00 00 00 00 00 00  ................
[Thu Sep 24 13:34:04 2026] apple-dcp 289c00000.dcp: DPTXPort: APCALL 12 (32 bytes)
[Thu Sep 24 13:34:04 2026] DPTXPort: apcall data: 00000000: 00 00 00 00 00 00 00 00 00 00 00 00 00 00 00 00  ................
[Thu Sep 24 13:34:04 2026] DPTXPort: apcall data: 00000010: 00 00 00 00 00 00 00 00 00 00 00 00 00 00 00 00  ................
[Thu Sep 24 13:34:04 2026] apple-dcp 289c00000.dcp: DPTXPort: APCALL 9 (32 bytes)
[Thu Sep 24 13:34:04 2026] DPTXPort: apcall data: 00000000: 00 00 00 00 00 00 00 00 00 00 00 00 00 00 00 00  ................
[Thu Sep 24 13:34:04 2026] DPTXPort: apcall data: 00000010: 0a 00 00 00 00 00 00 00 00 00 00 00 00 00 00 00  ................
[Thu Sep 24 13:34:04 2026] apple-dcp 289c00000.dcp: DPTXPort: SET_LINK_RATE 0xa
[Thu Sep 24 13:34:04 2026] phy-apple-atc f03000000.phy: DP tunnel clock: rate=0xa result=-114
[Thu Sep 24 13:34:04 2026] apple-dcp 289c00000.dcp: DP tunnel pixel clock (rate 0xa) failed: -114
[Thu Sep 24 13:34:04 2026] apple-dcp 289c00000.dcp: DPTXPort: APCALL 6 (16 bytes)
[Thu Sep 24 13:34:04 2026] DPTXPort: apcall data: 00000000: 00 00 00 00 00 00 00 00 00 00 00 00 00 00 00 00  ................
[Thu Sep 24 13:34:04 2026] apple-dcp 289c00000.dcp: no DP tunnel pixel clock, crossbar left down
[Thu Sep 24 13:34:04 2026] apple-dcp 289c00000.dcp: DPTXPort: APCALL 13 (32 bytes)
[Thu Sep 24 13:34:04 2026] DPTXPort: apcall data: 00000000: 00 00 00 00 00 00 00 00 00 00 00 00 00 00 00 00  ................
[Thu Sep 24 13:34:04 2026] DPTXPort: apcall data: 00000010: 00 00 00 00 00 00 00 00 00 00 00 00 00 00 00 00  ................
[Thu Sep 24 13:34:04 2026] apple-dcp 289c00000.dcp: DPTXPort: APCALL 12 (32 bytes)
[Thu Sep 24 13:34:04 2026] DPTXPort: apcall data: 00000000: 00 00 00 00 00 00 00 00 00 00 00 00 00 00 00 00  ................
[Thu Sep 24 13:34:04 2026] DPTXPort: apcall data: 00000010: 04 00 00 00 00 00 00 00 00 00 00 00 00 00 00 00  ................
[Thu Sep 24 13:34:04 2026] apple-dcp 289c00000.dcp: set_active_lane_count: unexpected lane count:4 phy: 0
[Thu Sep 24 13:34:04 2026] apple-dcp 289c00000.dcp: USB4/DPTX: SET_ACTIVE_LANE_COUNT 4
[Thu Sep 24 13:34:04 2026] apple-dcp 289c00000.dcp: DPTXPort: APCALL 3 (64 bytes)
[Thu Sep 24 13:34:04 2026] DPTXPort: apcall data: 00000000: d0 23 e6 40 ff ff ff ff 02 00 00 00 00 00 00 00  .#.@............
[Thu Sep 24 13:34:04 2026] DPTXPort: apcall data: 00000010: 04 00 00 00 00 00 00 00 2f 00 00 00 00 00 00 00  ......../.......
[Thu Sep 24 13:34:04 2026] DPTXPort: apcall data: 00000020: 00 00 00 00 00 00 00 00 00 00 00 00 00 00 00 00  ................
[Thu Sep 24 13:34:04 2026] DPTXPort: apcall data: 00000030: 00 00 00 00 00 00 00 00 00 00 00 00 00 00 00 00  ................
[Thu Sep 24 13:34:04 2026] apple-dcp 289c00000.dcp: set_drive_settings: 4:0:47:0:0:0:0
[Thu Sep 24 13:34:04 2026] apple-dcp 289c00000.dcp: DPTXPort: APCALL 2 (32 bytes)
[Thu Sep 24 13:34:04 2026] DPTXPort: apcall data: 00000000: 00 00 00 00 00 00 00 00 00 00 00 00 00 00 00 00  ................
[Thu Sep 24 13:34:04 2026] DPTXPort: apcall data: 00000010: 00 00 00 00 00 00 00 00 00 00 00 00 00 00 00 00  ................
[Thu Sep 24 13:34:04 2026] apple-dcp 289c00000.dcp: DPTXPort: APCALL 3 (64 bytes)
[Thu Sep 24 13:34:04 2026] DPTXPort: apcall data: 00000000: 00 00 00 00 00 00 00 00 00 00 00 00 00 00 00 00  ................
[Thu Sep 24 13:34:04 2026] DPTXPort: apcall data: 00000010: 04 00 00 00 00 00 00 00 00 00 00 00 00 00 00 00  ................
[Thu Sep 24 13:34:04 2026] DPTXPort: apcall data: 00000020: 00 00 00 00 00 00 00 00 00 00 00 00 00 00 00 00  ................
[Thu Sep 24 13:34:04 2026] DPTXPort: apcall data: 00000030: 00 00 00 00 00 00 00 00 00 00 00 00 00 00 00 00  ................
[Thu Sep 24 13:34:04 2026] apple-dcp 289c00000.dcp: set_drive_settings: 4:0:0:0:0:0:0
[Thu Sep 24 13:34:04 2026] apple-dcp 289c00000.dcp: DPTXPort: APCALL 2 (32 bytes)
[Thu Sep 24 13:34:04 2026] DPTXPort: apcall data: 00000000: 00 00 00 00 00 00 00 00 00 00 00 00 00 00 00 00  ................
[Thu Sep 24 13:34:04 2026] DPTXPort: apcall data: 00000010: 00 00 00 00 00 00 00 00 00 00 00 00 00 00 00 00  ................
[Thu Sep 24 13:34:04 2026] apple-dcp 289c00000.dcp: DPTXPort: APCALL 3 (64 bytes)
[Thu Sep 24 13:34:04 2026] DPTXPort: apcall data: 00000000: 00 00 00 00 00 00 00 00 00 00 00 00 00 00 00 00  ................
[Thu Sep 24 13:34:04 2026] DPTXPort: apcall data: 00000010: 04 00 00 00 00 00 00 00 00 00 00 00 00 00 00 00  ................
[Thu Sep 24 13:34:04 2026] DPTXPort: apcall data: 00000020: 00 00 00 00 00 00 00 00 00 00 00 00 00 00 00 00  ................
[Thu Sep 24 13:34:04 2026] DPTXPort: apcall data: 00000030: 00 00 00 00 00 00 00 00 00 00 00 00 00 00 00 00  ................
[Thu Sep 24 13:34:04 2026] apple-dcp 289c00000.dcp: set_drive_settings: 4:0:0:0:0:0:0
[Thu Sep 24 13:34:04 2026] apple-dcp 289c00000.dcp: DPTXPort: APCALL 2 (32 bytes)
[Thu Sep 24 13:34:04 2026] DPTXPort: apcall data: 00000000: 00 00 00 00 00 00 00 00 00 00 00 00 00 00 00 00  ................
[Thu Sep 24 13:34:04 2026] DPTXPort: apcall data: 00000010: 00 00 00 00 00 00 00 00 00 00 00 00 00 00 00 00  ................
[Thu Sep 24 13:34:04 2026] apple-dcp 289c00000.dcp: DPTXPort: APCALL 3 (64 bytes)
[Thu Sep 24 13:34:04 2026] DPTXPort: apcall data: 00000000: 00 00 00 00 00 00 00 00 00 00 00 00 00 00 00 00  ................
[Thu Sep 24 13:34:04 2026] DPTXPort: apcall data: 00000010: 04 00 00 00 00 00 00 00 00 00 00 00 00 00 00 00  ................
[Thu Sep 24 13:34:04 2026] DPTXPort: apcall data: 00000020: 00 00 00 00 00 00 00 00 00 00 00 00 00 00 00 00  ................
[Thu Sep 24 13:34:04 2026] DPTXPort: apcall data: 00000030: 00 00 00 00 00 00 00 00 00 00 00 00 00 00 00 00  ................
[Thu Sep 24 13:34:04 2026] apple-dcp 289c00000.dcp: set_drive_settings: 4:0:0:0:0:0:0
[Thu Sep 24 13:34:04 2026] apple-dcp 289c00000.dcp: DPTXPort: APCALL 2 (32 bytes)
[Thu Sep 24 13:34:04 2026] DPTXPort: apcall data: 00000000: 00 00 00 00 00 00 00 00 00 00 00 00 00 00 00 00  ................
[Thu Sep 24 13:34:04 2026] DPTXPort: apcall data: 00000010: 00 00 00 00 00 00 00 00 00 00 00 00 00 00 00 00  ................
[Thu Sep 24 13:34:04 2026] apple-drm soc:display-subsystem: apple_plane_atomic_check: plane=35 crtc=50 mode=3456x2160 fb=3456x2160 OK
[Thu Sep 24 13:34:04 2026] apple-drm soc:display-subsystem: apple_plane_atomic_check: plane=35 crtc=50 mode=3456x2160 fb=3456x2160 OK
[Thu Sep 24 13:34:04 2026] apple-dcp 289c00000.dcp: RTKit: syslog message: eoInterfaceIOAV.cpp:135: IOMFB: IOAVVideoInterface published
[Thu Sep 24 13:34:04 2026] apple-dcp 289c00000.dcp: RTKit: syslog message: eoInterfaceIOAV.cpp:714: IOMFBStatus VideoInterfaceIOAV::plug_gated(IOAVVideoInterface *, bool): display HPD asserted
[Thu Sep 24 13:34:04 2026] apple-dcp 289c00000.dcp: RTKit: syslog message: oInterfaceIOAV.cpp:1701: Got peer ID 0
[Thu Sep 24 13:34:04 2026] apple-dcp 289c00000.dcp: RTKit: syslog message: oInterfaceIOAV.cpp:1701: Got peer ID 0
[Thu Sep 24 13:34:04 2026] apple-dcp 289c00000.dcp: RTKit: syslog message: oInterfaceIOAV.cpp:1701: Got peer ID 0
[Thu Sep 24 13:34:04 2026] apple-dcp 289c00000.dcp: RTKit: syslog message: oInterfaceIOAV.cpp:1701: Got peer ID 0
[Thu Sep 24 13:34:04 2026] apple-dcp 289c00000.dcp: RTKit: syslog message: oInterfaceIOAV.cpp:1701: Got peer ID 0
[Thu Sep 24 13:34:04 2026] apple-dcp 289c00000.dcp: RTKit: syslog message: oInterfaceIOAV.cpp:1701: Got peer ID 0
[Thu Sep 24 13:34:04 2026] apple-dcp 289c00000.dcp: RTKit: syslog message: oInterfaceIOAV.cpp:1701: Got peer ID 0
[Thu Sep 24 13:34:04 2026] apple-dcp 289c00000.dcp: RTKit: syslog message: oInterfaceIOAV.cpp:1701: Got peer ID 0
[Thu Sep 24 13:34:04 2026] apple-dcp 289c00000.dcp: RTKit: syslog message: oInterfaceIOAV.cpp:1701: Got peer ID 0
[Thu Sep 24 13:34:04 2026] apple-dcp 289c00000.dcp: RTKit: syslog message: oInterfaceIOAV.cpp:1701: Got peer ID 0
[Thu Sep 24 13:34:04 2026] apple-dcp 289c00000.dcp: RTKit: syslog message: oInterfaceIOAV.cpp:1701: Got peer ID 0
[Thu Sep 24 13:34:04 2026] apple-dcp 289c00000.dcp: RTKit: syslog message: oInterfaceIOAV.cpp:1701: Got peer ID 0
[Thu Sep 24 13:34:04 2026] apple-dcp 289c00000.dcp: RTKit: syslog message: oInterfaceIOAV.cpp:1701: Got peer ID 0
[Thu Sep 24 13:34:04 2026] apple-dcp 289c00000.dcp: RTKit: syslog message: oInterfaceIOAV.cpp:1701: Got peer ID 0
[Thu Sep 24 13:34:04 2026] apple-dcp 289c00000.dcp: RTKit: syslog message: oInterfaceIOAV.cpp:1701: Got peer ID 0
[Thu Sep 24 13:34:04 2026] apple-dcp 289c00000.dcp: RTKit: syslog message: oInterfaceIOAV.cpp:1701: Got peer ID 0
[Thu Sep 24 13:34:04 2026] apple-dcp 289c00000.dcp: RTKit: syslog message: oInterfaceIOAV.cpp:1701: Got peer ID 0
[Thu Sep 24 13:34:04 2026] apple-dcp 289c00000.dcp: RTKit: syslog message: oInterfaceIOAV.cpp:1701: Got peer ID 0
[Thu Sep 24 13:34:04 2026] apple-dcp 289c00000.dcp: RTKit: syslog message: oInterfaceIOAV.cpp:1701: Got peer ID 0
[Thu Sep 24 13:34:04 2026] apple-dcp 289c00000.dcp: RTKit: syslog message: oInterfaceIOAV.cpp:1701: Got peer ID 0
[Thu Sep 24 13:34:04 2026] apple-dcp 289c00000.dcp: RTKit: syslog message: oInterfaceIOAV.cpp:1701: Got peer ID 0
[Thu Sep 24 13:34:04 2026] apple-dcp 289c00000.dcp: RTKit: syslog message: oInterfaceIOAV.cpp:1701: Got peer ID 0
[Thu Sep 24 13:34:04 2026] apple-dcp 289c00000.dcp: RTKit: syslog message: oInterfaceIOAV.cpp:1701: Got peer ID 0
[Thu Sep 24 13:34:04 2026] apple-dcp 289c00000.dcp: RTKit: syslog message: oInterfaceIOAV.cpp:1701: Got peer ID 0
[Thu Sep 24 13:34:04 2026] apple-dcp 289c00000.dcp: RTKit: syslog message: oInterfaceIOAV.cpp:1701: Got peer ID 0
[Thu Sep 24 13:34:04 2026] apple-dcp 289c00000.dcp: RTKit: syslog message: oInterfaceIOAV.cpp:1701: Got peer ID 0
[Thu Sep 24 13:34:04 2026] apple-dcp 289c00000.dcp: RTKit: syslog message: oInterfaceIOAV.cpp:1701: Got peer ID 0
[Thu Sep 24 13:34:04 2026] apple-dcp 289c00000.dcp: RTKit: syslog message: oInterfaceIOAV.cpp:1701: Got peer ID 0
[Thu Sep 24 13:34:04 2026] apple-dcp 289c00000.dcp: RTKit: syslog message: oInterfaceIOAV.cpp:1701: Got peer ID 0
[Thu Sep 24 13:34:04 2026] apple-dcp 289c00000.dcp: RTKit: syslog message: oInterfaceIOAV.cpp:1701: Got peer ID 0
[Thu Sep 24 13:34:04 2026] apple-dcp 289c00000.dcp: RTKit: syslog message: oInterfaceIOAV.cpp:1701: Got peer ID 0
[Thu Sep 24 13:34:04 2026] apple-dcp 289c00000.dcp: RTKit: syslog message: oInterfaceIOAV.cpp:1701: Got peer ID 0
[Thu Sep 24 13:34:04 2026] apple-dcp 289c00000.dcp: RTKit: syslog message: oInterfaceIOAV.cpp:1701: Got peer ID 0
[Thu Sep 24 13:34:04 2026] apple-dcp 289c00000.dcp: RTKit: syslog message: oInterfaceIOAV.cpp:1701: Got peer ID 0
[Thu Sep 24 13:34:04 2026] apple-dcp 289c00000.dcp: RTKit: syslog message: oInterfaceIOAV.cpp:1701: Got peer ID 0
[Thu Sep 24 13:34:04 2026] apple-dcp 289c00000.dcp: RTKit: syslog message: oInterfaceIOAV.cpp:1701: Got peer ID 0
[Thu Sep 24 13:34:04 2026] apple-dcp 289c00000.dcp: DCP property key=ColorElements bytes=5049 accepted=1 nr_modes=22
[Thu Sep 24 13:34:04 2026] apple-drm soc:display-subsystem: apple_plane_atomic_check: plane=35 crtc=50 mode=3456x2160 fb=3456x2160 OK
[Thu Sep 24 13:34:04 2026] apple-drm soc:display-subsystem: apple_plane_atomic_check: plane=35 crtc=50 mode=3456x2160 fb=3456x2160 OK
[Thu Sep 24 13:34:04 2026] apple-dcp 289c00000.dcp: DCP property key=TimingElements bytes=205757 accepted=1 nr_modes=22
[Thu Sep 24 13:34:04 2026] apple-dcp 289c00000.dcp: DCP property key=DisplayAttributes bytes=1285 accepted=1 nr_modes=22
[Thu Sep 24 13:34:04 2026] apple-dcp 289c00000.dcp: DCP property key=Transport bytes=53 accepted=1 nr_modes=22
[Thu Sep 24 13:34:04 2026] apple-dcp 289c00000.dcp: RTKit: syslog message: oInterfaceIOAV.cpp:1701: Got peer ID 0
[Thu Sep 24 13:34:04 2026] apple-dcp 289c00000.dcp: cb_hotplug() connected:1, valid_mode:0 nr_modes:22
[Thu Sep 24 13:34:04 2026] apple-dcp 289c00000.dcp: dcp_hotplug() connected:1 valid_mode:0 nr_modes:22
[Thu Sep 24 13:34:04 2026] apple-dcp 289c00000.dcp: dcp_hotplug: crtc=0000000000000000 active=-1 mode=-1x-1
[Thu Sep 24 13:34:04 2026] apple-drm soc:display-subsystem: apple_plane_atomic_check: plane=35 crtc=50 mode=3456x2160 fb=3456x2160 OK
[Thu Sep 24 13:34:04 2026] apple-drm soc:display-subsystem: apple_plane_atomic_check: plane=35 crtc=50 mode=3456x2160 fb=3456x2160 OK
[Thu Sep 24 13:34:04 2026] apple-drm soc:display-subsystem: apple_plane_atomic_check: plane=35 crtc=50 mode=3456x2160 fb=3456x2160 OK
[Thu Sep 24 13:34:04 2026] apple-drm soc:display-subsystem: apple_plane_atomic_check: plane=35 crtc=50 mode=3456x2160 fb=3456x2160 OK
[Thu Sep 24 13:34:04 2026] apple-drm soc:display-subsystem: apple_plane_atomic_check: plane=35 crtc=50 mode=3456x2160 fb=3456x2160 OK
[Thu Sep 24 13:34:04 2026] apple-drm soc:display-subsystem: apple_plane_atomic_check: plane=35 crtc=50 mode=3456x2160 fb=3456x2160 OK
[Thu Sep 24 13:34:04 2026] apple-drm soc:display-subsystem: apple_plane_atomic_check: plane=35 crtc=50 mode=3456x2160 fb=3456x2160 OK
[Thu Sep 24 13:34:04 2026] apple-drm soc:display-subsystem: apple_plane_atomic_check: plane=35 crtc=50 mode=3456x2160 fb=3456x2160 OK
[Thu Sep 24 13:34:04 2026] apple-drm soc:display-subsystem: apple_plane_atomic_check: plane=35 crtc=50 mode=3456x2160 fb=3456x2160 OK
[Thu Sep 24 13:34:04 2026] apple-drm soc:display-subsystem: apple_plane_atomic_check: plane=35 crtc=50 mode=3456x2160 fb=3456x2160 OK
[Thu Sep 24 13:34:04 2026] thunderbolt-apple-nhi f01f00000.nhi: 0:5: DP IN CS changed CS0=c0090400 CS2=241021c2 CS9=41000553 CS13=00000000 COMMON=b7402134 VE=1 AE=1 HPD=1 DPRX=1 disc=0
[Thu Sep 24 13:34:04 2026] thunderbolt-apple-nhi f01f00000.nhi: 0:5: DP IN DPRX_DONE=1 (ACIO AUX completed)
[Thu Sep 24 13:34:04 2026] thunderbolt-apple-acio f01ac0000.cio: ACIO RC dpin0 analog DPRX done 0x4000: 000=80000000 004=00400040 008=00000004 00c=80000000 010=00000040 014=00000004 018=00001017 01c=00000010 020=00000000 024=00000004 028=80000000 02c=00000010 030=00000004 034=80000000 038=01010101 03c=00000101 040=00000001 044=01010101 048=00000001 04c=00000004 050=00000000 054=00000000 058=00000000
[Thu Sep 24 13:34:04 2026] thunderbolt-apple-acio f01ac0000.cio: ACIO RC dpin0 analog DPRX done 0x4000: 05c=00000000 060=00000000 064=00000000 068=00000000 06c=00000000 070=00000000 074=00000000 078=00000000 07c=00000000
[Thu Sep 24 13:34:04 2026] thunderbolt-apple-acio f01ac0000.cio: ACIO RC dpin1 analog 0x8000: 000=80000000 004=00040004 008=00000004 00c=00001004 010=00040004 014=00000000 018=00000004 01c=10051007 020=00040004 024=00000000 028=00000004 02c=80010000 030=00000004 034=80000000 038=00000004 03c=80000000 040=00000004 044=80000000 048=00000004 04c=80000000 050=00000004 054=80000000 058=00000004
[Thu Sep 24 13:34:04 2026] thunderbolt-apple-acio f01ac0000.cio: ACIO RC dpin1 analog 0x8000: 05c=80000000 060=00000004 064=00000000 068=00000000 06c=00000000 070=00000000 074=00000000 078=00000000 07c=00000000
[Thu Sep 24 13:34:04 2026] apple-drm soc:display-subsystem: apple_plane_atomic_check: plane=35 crtc=50 mode=3456x2160 fb=3456x2160 OK
[Thu Sep 24 13:34:04 2026] apple-drm soc:display-subsystem: apple_plane_atomic_check: plane=35 crtc=50 mode=3456x2160 fb=3456x2160 OK
[Thu Sep 24 13:34:04 2026] apple-drm soc:display-subsystem: apple_plane_atomic_check: plane=35 crtc=50 mode=3456x2160 fb=3456x2160 OK
[Thu Sep 24 13:34:04 2026] apple-drm soc:display-subsystem: apple_plane_atomic_check: plane=35 crtc=50 mode=3456x2160 fb=3456x2160 OK
[Thu Sep 24 13:34:04 2026] apple-drm soc:display-subsystem: apple_plane_atomic_check: plane=35 crtc=50 mode=3456x2160 fb=3456x2160 OK
[Thu Sep 24 13:34:04 2026] apple-drm soc:display-subsystem: apple_plane_atomic_check: plane=35 crtc=50 mode=3456x2160 fb=3456x2160 OK
[Thu Sep 24 13:34:04 2026] apple-drm soc:display-subsystem: apple_plane_atomic_check: plane=35 crtc=50 mode=3456x2160 fb=3456x2160 OK
[Thu Sep 24 13:34:04 2026] apple-drm soc:display-subsystem: apple_plane_atomic_check: plane=35 crtc=50 mode=3456x2160 fb=3456x2160 OK
[Thu Sep 24 13:34:04 2026] apple-drm soc:display-subsystem: apple_plane_atomic_check: plane=35 crtc=50 mode=3456x2160 fb=3456x2160 OK
[Thu Sep 24 13:34:04 2026] apple-drm soc:display-subsystem: apple_plane_atomic_check: plane=35 crtc=50 mode=3456x2160 fb=3456x2160 OK
[Thu Sep 24 13:34:04 2026] apple-drm soc:display-subsystem: apple_plane_atomic_check: plane=35 crtc=50 mode=3456x2160 fb=3456x2160 OK
[Thu Sep 24 13:34:05 2026] apple-drm soc:display-subsystem: apple_plane_atomic_check: plane=35 crtc=50 mode=3456x2160 fb=3456x2160 OK
[Thu Sep 24 13:34:05 2026] apple-drm soc:display-subsystem: apple_plane_atomic_check: plane=35 crtc=50 mode=3456x2160 fb=3456x2160 OK
[Thu Sep 24 13:34:05 2026] apple-drm soc:display-subsystem: apple_plane_atomic_check: plane=35 crtc=50 mode=3456x2160 fb=3456x2160 OK
[Thu Sep 24 13:34:05 2026] apple-drm soc:display-subsystem: apple_plane_atomic_check: plane=35 crtc=50 mode=3456x2160 fb=3456x2160 OK
[Thu Sep 24 13:34:05 2026] apple-drm soc:display-subsystem: apple_plane_atomic_check: plane=35 crtc=50 mode=3456x2160 fb=3456x2160 OK
[Thu Sep 24 13:34:05 2026] apple-drm soc:display-subsystem: apple_plane_atomic_check: plane=35 crtc=50 mode=3456x2160 fb=3456x2160 OK
[Thu Sep 24 13:34:05 2026] apple-drm soc:display-subsystem: apple_plane_atomic_check: plane=35 crtc=50 mode=3456x2160 fb=3456x2160 OK
[Thu Sep 24 13:34:05 2026] apple-drm soc:display-subsystem: apple_plane_atomic_check: plane=35 crtc=50 mode=3456x2160 fb=3456x2160 OK
[Thu Sep 24 13:34:05 2026] apple-drm soc:display-subsystem: apple_plane_atomic_check: plane=35 crtc=50 mode=3456x2160 fb=3456x2160 OK
[Thu Sep 24 13:34:05 2026] apple-drm soc:display-subsystem: apple_plane_atomic_check: plane=35 crtc=50 mode=3456x2160 fb=3456x2160 OK
[Thu Sep 24 13:34:05 2026] apple-drm soc:display-subsystem: apple_plane_atomic_check: plane=35 crtc=50 mode=3456x2160 fb=3456x2160 OK
[Thu Sep 24 13:34:05 2026] apple-drm soc:display-subsystem: apple_plane_atomic_check: plane=35 crtc=50 mode=3456x2160 fb=3456x2160 OK
[Thu Sep 24 13:34:06 2026] apple-drm soc:display-subsystem: apple_plane_atomic_check: plane=35 crtc=50 mode=3456x2160 fb=3456x2160 OK
[Thu Sep 24 13:34:06 2026] apple-drm soc:display-subsystem: apple_plane_atomic_check: plane=35 crtc=50 mode=3456x2160 fb=3456x2160 OK
[Thu Sep 24 13:34:06 2026] apple-drm soc:display-subsystem: apple_plane_atomic_check: plane=35 crtc=50 mode=3456x2160 fb=3456x2160 OK
[Thu Sep 24 13:34:06 2026] apple-drm soc:display-subsystem: apple_plane_atomic_check: plane=35 crtc=50 mode=3456x2160 fb=3456x2160 OK
[Thu Sep 24 13:34:06 2026] apple-drm soc:display-subsystem: apple_plane_atomic_check: plane=35 crtc=50 mode=3456x2160 fb=3456x2160 OK
[Thu Sep 24 13:34:06 2026] apple-drm soc:display-subsystem: apple_plane_atomic_check: plane=35 crtc=50 mode=3456x2160 fb=3456x2160 OK
[Thu Sep 24 13:34:06 2026] apple-drm soc:display-subsystem: apple_plane_atomic_check: plane=35 crtc=50 mode=3456x2160 fb=3456x2160 OK
[Thu Sep 24 13:34:06 2026] apple-drm soc:display-subsystem: apple_plane_atomic_check: plane=35 crtc=50 mode=3456x2160 fb=3456x2160 OK
[Thu Sep 24 13:34:06 2026] apple-drm soc:display-subsystem: apple_plane_atomic_check: plane=35 crtc=50 mode=3456x2160 fb=3456x2160 OK
[Thu Sep 24 13:34:06 2026] apple-drm soc:display-subsystem: apple_plane_atomic_check: plane=35 crtc=50 mode=3456x2160 fb=3456x2160 OK
[Thu Sep 24 13:34:06 2026] apple-drm soc:display-subsystem: apple_plane_atomic_check: plane=35 crtc=50 mode=3456x2160 fb=3456x2160 OK
[Thu Sep 24 13:34:06 2026] apple-drm soc:display-subsystem: apple_plane_atomic_check: plane=35 crtc=50 mode=3456x2160 fb=3456x2160 OK
[Thu Sep 24 13:34:07 2026] apple-drm soc:display-subsystem: apple_plane_atomic_check: plane=35 crtc=50 mode=3456x2160 fb=3456x2160 OK
[Thu Sep 24 13:34:07 2026] apple-drm soc:display-subsystem: apple_plane_atomic_check: plane=35 crtc=50 mode=3456x2160 fb=3456x2160 OK
[Thu Sep 24 13:34:07 2026] apple-drm soc:display-subsystem: apple_plane_atomic_check: plane=35 crtc=50 mode=3456x2160 fb=3456x2160 OK
[Thu Sep 24 13:34:07 2026] apple-drm soc:display-subsystem: apple_plane_atomic_check: plane=35 crtc=50 mode=3456x2160 fb=3456x2160 OK
[Thu Sep 24 13:34:07 2026] apple-drm soc:display-subsystem: apple_plane_atomic_check: plane=35 crtc=50 mode=3456x2160 fb=3456x2160 OK
[Thu Sep 24 13:34:07 2026] apple-drm soc:display-subsystem: apple_plane_atomic_check: plane=35 crtc=50 mode=3456x2160 fb=3456x2160 OK
[Thu Sep 24 13:34:07 2026] apple-drm soc:display-subsystem: apple_plane_atomic_check: plane=35 crtc=50 mode=3456x2160 fb=3456x2160 OK
[Thu Sep 24 13:34:07 2026] apple-drm soc:display-subsystem: apple_plane_atomic_check: plane=35 crtc=50 mode=3456x2160 fb=3456x2160 OK
[Thu Sep 24 13:34:07 2026] apple-drm soc:display-subsystem: apple_plane_atomic_check: plane=35 crtc=50 mode=3456x2160 fb=3456x2160 OK
[Thu Sep 24 13:34:07 2026] apple-drm soc:display-subsystem: apple_plane_atomic_check: plane=35 crtc=50 mode=3456x2160 fb=3456x2160 OK
[Thu Sep 24 13:34:07 2026] apple-drm soc:display-subsystem: apple_plane_atomic_check: plane=35 crtc=50 mode=3456x2160 fb=3456x2160 OK
[Thu Sep 24 13:34:07 2026] apple-drm soc:display-subsystem: apple_plane_atomic_check: plane=35 crtc=50 mode=3456x2160 fb=3456x2160 OK
[Thu Sep 24 13:34:07 2026] apple-drm soc:display-subsystem: apple_plane_atomic_check: plane=35 crtc=50 mode=3456x2160 fb=3456x2160 OK
[Thu Sep 24 13:34:07 2026] apple-drm soc:display-subsystem: apple_plane_atomic_check: plane=35 crtc=50 mode=3456x2160 fb=3456x2160 OK
[Thu Sep 24 13:34:07 2026] macsmc 2a2400000.smc: RTKit: syslog message: aceElec.cpp:1151: 	Elec: Elec Cause 0x1000
[Thu Sep 24 13:34:07 2026] apple-drm soc:display-subsystem: apple_plane_atomic_check: plane=35 crtc=50 mode=3456x2160 fb=3456x2160 OK
[Thu Sep 24 13:34:07 2026] apple-drm soc:display-subsystem: apple_plane_atomic_check: plane=35 crtc=50 mode=3456x2160 fb=3456x2160 OK
[Thu Sep 24 13:34:07 2026] apple-drm soc:display-subsystem: apple_plane_atomic_check: plane=35 crtc=50 mode=3456x2160 fb=3456x2160 OK
[Thu Sep 24 13:34:07 2026] apple-drm soc:display-subsystem: apple_plane_atomic_check: plane=35 crtc=50 mode=3456x2160 fb=3456x2160 OK
[Thu Sep 24 13:34:07 2026] apple-drm soc:display-subsystem: apple_plane_atomic_check: plane=35 crtc=50 mode=3456x2160 fb=3456x2160 OK
[Thu Sep 24 13:34:07 2026] apple-drm soc:display-subsystem: apple_plane_atomic_check: plane=35 crtc=50 mode=3456x2160 fb=3456x2160 OK
[Thu Sep 24 13:34:07 2026] apple-drm soc:display-subsystem: apple_plane_atomic_check: plane=35 crtc=50 mode=3456x2160 fb=3456x2160 OK
[Thu Sep 24 13:34:07 2026] apple-drm soc:display-subsystem: apple_plane_atomic_check: plane=35 crtc=50 mode=3456x2160 fb=3456x2160 OK
[Thu Sep 24 13:34:07 2026] apple-drm soc:display-subsystem: apple_plane_atomic_check: plane=35 crtc=50 mode=3456x2160 fb=3456x2160 OK
[Thu Sep 24 13:34:07 2026] apple-drm soc:display-subsystem: apple_plane_atomic_check: plane=35 crtc=50 mode=3456x2160 fb=3456x2160 OK
[Thu Sep 24 13:34:08 2026] apple-drm soc:display-subsystem: apple_plane_atomic_check: plane=35 crtc=50 mode=3456x2160 fb=3456x2160 OK
[Thu Sep 24 13:34:08 2026] apple-drm soc:display-subsystem: apple_plane_atomic_check: plane=35 crtc=50 mode=3456x2160 fb=3456x2160 OK
[Thu Sep 24 13:34:08 2026] apple-drm soc:display-subsystem: apple_plane_atomic_check: plane=35 crtc=50 mode=3456x2160 fb=3456x2160 OK
[Thu Sep 24 13:34:08 2026] apple-drm soc:display-subsystem: apple_plane_atomic_check: plane=35 crtc=50 mode=3456x2160 fb=3456x2160 OK
[Thu Sep 24 13:34:08 2026] apple-drm soc:display-subsystem: apple_plane_atomic_check: plane=35 crtc=50 mode=3456x2160 fb=3456x2160 OK
[Thu Sep 24 13:34:08 2026] apple-drm soc:display-subsystem: apple_plane_atomic_check: plane=35 crtc=50 mode=3456x2160 fb=3456x2160 OK
[Thu Sep 24 13:34:08 2026] apple-drm soc:display-subsystem: apple_plane_atomic_check: plane=35 crtc=50 mode=3456x2160 fb=3456x2160 OK
[Thu Sep 24 13:34:08 2026] apple-drm soc:display-subsystem: apple_plane_atomic_check: plane=35 crtc=50 mode=3456x2160 fb=3456x2160 OK
[Thu Sep 24 13:34:08 2026] apple-drm soc:display-subsystem: apple_plane_atomic_check: plane=35 crtc=50 mode=3456x2160 fb=3456x2160 OK
[Thu Sep 24 13:34:08 2026] apple-drm soc:display-subsystem: apple_plane_atomic_check: plane=35 crtc=50 mode=3456x2160 fb=3456x2160 OK
[Thu Sep 24 13:34:08 2026] apple-drm soc:display-subsystem: apple_plane_atomic_check: plane=35 crtc=50 mode=3456x2160 fb=3456x2160 OK
[Thu Sep 24 13:34:08 2026] apple-drm soc:display-subsystem: apple_plane_atomic_check: plane=35 crtc=50 mode=3456x2160 fb=3456x2160 OK
[Thu Sep 24 13:34:08 2026] apple-drm soc:display-subsystem: apple_plane_atomic_check: plane=35 crtc=50 mode=3456x2160 fb=3456x2160 OK
[Thu Sep 24 13:34:08 2026] apple-drm soc:display-subsystem: apple_plane_atomic_check: plane=35 crtc=50 mode=3456x2160 fb=3456x2160 OK
[Thu Sep 24 13:34:08 2026] apple-drm soc:display-subsystem: apple_plane_atomic_check: plane=35 crtc=50 mode=3456x2160 fb=3456x2160 OK
[Thu Sep 24 13:34:08 2026] apple-drm soc:display-subsystem: apple_plane_atomic_check: plane=35 crtc=50 mode=3456x2160 fb=3456x2160 OK
[Thu Sep 24 13:34:08 2026] apple-drm soc:display-subsystem: apple_plane_atomic_check: plane=35 crtc=50 mode=3456x2160 fb=3456x2160 OK
[Thu Sep 24 13:34:08 2026] apple-drm soc:display-subsystem: apple_plane_atomic_check: plane=35 crtc=50 mode=3456x2160 fb=3456x2160 OK
[Thu Sep 24 13:34:08 2026] apple-drm soc:display-subsystem: apple_plane_atomic_check: plane=35 crtc=50 mode=3456x2160 fb=3456x2160 OK
[Thu Sep 24 13:34:08 2026] apple-drm soc:display-subsystem: apple_plane_atomic_check: plane=35 crtc=50 mode=3456x2160 fb=3456x2160 OK
[Thu Sep 24 13:34:08 2026] apple-drm soc:display-subsystem: apple_plane_atomic_check: plane=35 crtc=50 mode=3456x2160 fb=3456x2160 OK
[Thu Sep 24 13:34:08 2026] apple-drm soc:display-subsystem: apple_plane_atomic_check: plane=35 crtc=50 mode=3456x2160 fb=3456x2160 OK
[Thu Sep 24 13:34:09 2026] apple-drm soc:display-subsystem: apple_plane_atomic_check: plane=35 crtc=50 mode=3456x2160 fb=3456x2160 OK
[Thu Sep 24 13:34:09 2026] apple-drm soc:display-subsystem: apple_plane_atomic_check: plane=35 crtc=50 mode=3456x2160 fb=3456x2160 OK
[Thu Sep 24 13:34:09 2026] apple-drm soc:display-subsystem: apple_plane_atomic_check: plane=35 crtc=50 mode=3456x2160 fb=3456x2160 OK
[Thu Sep 24 13:34:09 2026] apple-drm soc:display-subsystem: apple_plane_atomic_check: plane=35 crtc=50 mode=3456x2160 fb=3456x2160 OK
[Thu Sep 24 13:34:09 2026] apple-drm soc:display-subsystem: apple_plane_atomic_check: plane=35 crtc=50 mode=3456x2160 fb=3456x2160 OK
[Thu Sep 24 13:34:09 2026] apple-drm soc:display-subsystem: apple_plane_atomic_check: plane=35 crtc=50 mode=3456x2160 fb=3456x2160 OK
[Thu Sep 24 13:34:09 2026] apple-drm soc:display-subsystem: apple_plane_atomic_check: plane=35 crtc=50 mode=3456x2160 fb=3456x2160 OK
[Thu Sep 24 13:34:09 2026] apple-drm soc:display-subsystem: apple_plane_atomic_check: plane=35 crtc=50 mode=3456x2160 fb=3456x2160 OK
[Thu Sep 24 13:34:09 2026] apple-drm soc:display-subsystem: apple_plane_atomic_check: plane=35 crtc=50 mode=3456x2160 fb=3456x2160 OK
[Thu Sep 24 13:34:09 2026] apple-drm soc:display-subsystem: apple_plane_atomic_check: plane=35 crtc=50 mode=3456x2160 fb=3456x2160 OK
[Thu Sep 24 13:34:09 2026] apple-drm soc:display-subsystem: apple_plane_atomic_check: plane=35 crtc=50 mode=3456x2160 fb=3456x2160 OK
[Thu Sep 24 13:34:09 2026] apple-drm soc:display-subsystem: apple_plane_atomic_check: plane=35 crtc=50 mode=3456x2160 fb=3456x2160 OK
[Thu Sep 24 13:34:09 2026] apple-drm soc:display-subsystem: apple_plane_atomic_check: plane=35 crtc=50 mode=3456x2160 fb=3456x2160 OK
[Thu Sep 24 13:34:09 2026] apple-drm soc:display-subsystem: apple_plane_atomic_check: plane=35 crtc=50 mode=3456x2160 fb=3456x2160 OK
[Thu Sep 24 13:34:09 2026] apple-drm soc:display-subsystem: apple_plane_atomic_check: plane=35 crtc=50 mode=3456x2160 fb=3456x2160 OK
[Thu Sep 24 13:34:09 2026] apple-drm soc:display-subsystem: apple_plane_atomic_check: plane=35 crtc=50 mode=3456x2160 fb=3456x2160 OK
[Thu Sep 24 13:34:09 2026] apple-drm soc:display-subsystem: apple_plane_atomic_check: plane=35 crtc=50 mode=3456x2160 fb=3456x2160 OK
[Thu Sep 24 13:34:09 2026] apple-drm soc:display-subsystem: apple_plane_atomic_check: plane=35 crtc=50 mode=3456x2160 fb=3456x2160 OK
[Thu Sep 24 13:34:09 2026] apple-drm soc:display-subsystem: apple_plane_atomic_check: plane=35 crtc=50 mode=3456x2160 fb=3456x2160 OK
[Thu Sep 24 13:34:09 2026] apple-drm soc:display-subsystem: apple_plane_atomic_check: plane=35 crtc=50 mode=3456x2160 fb=3456x2160 OK
[Thu Sep 24 13:34:09 2026] apple-drm soc:display-subsystem: apple_plane_atomic_check: plane=35 crtc=50 mode=3456x2160 fb=3456x2160 OK
[Thu Sep 24 13:34:09 2026] apple-drm soc:display-subsystem: apple_plane_atomic_check: plane=35 crtc=50 mode=3456x2160 fb=3456x2160 OK
[Thu Sep 24 13:34:09 2026] audit: type=1101 audit(1790249650.189:210): pid=12185 uid=1001 auid=1001 ses=1 subj=unconfined msg='op=PAM:accounting grantors=pam_unix,pam_permit,pam_time acct="oliver" exe="/usr/bin/sudo" hostname=? addr=? terminal=? res=success'
[Thu Sep 24 13:34:09 2026] audit: type=1110 audit(1790249650.189:211): pid=12185 uid=1001 auid=1001 ses=1 subj=unconfined msg='op=PAM:setcred grantors=pam_faillock,pam_permit,pam_env,pam_faillock acct="root" exe="/usr/bin/sudo" hostname=? addr=? terminal=? res=success'
[Thu Sep 24 13:34:09 2026] audit: type=1105 audit(1790249650.190:212): pid=12185 uid=1001 auid=1001 ses=1 subj=unconfined msg='op=PAM:session_open grantors=pam_systemd_home,pam_limits,pam_unix,pam_permit,pam_systemd acct="root" exe="/usr/bin/sudo" hostname=? addr=? terminal=? res=success'
[Thu Sep 24 13:34:09 2026] apple-drm soc:display-subsystem: apple_plane_atomic_check: plane=35 crtc=50 mode=3456x2160 fb=3456x2160 OK
